"id","Gender","Age","Grade","Class","item","session","accuracy","skip","help","self","math_anxiety","buoyancy","avoidance","sc_trait","worry","sc_state","math_ability_T0"
1,"M",9.9,4,1,4,1,0,NA,NA,NA,24,25,28,19,5,6,11
1,"M",9.9,4,1,6,1,1,NA,NA,NA,24,25,28,19,5,6,11
1,"M",9.9,4,1,7,1,1,NA,NA,NA,24,25,28,19,5,6,11
1,"M",9.9,4,1,10,1,1,NA,NA,NA,24,25,28,19,5,6,11
1,"M",9.9,4,1,11,1,1,NA,NA,NA,24,25,28,19,5,6,11
1,"M",9.9,4,1,12,1,0,NA,NA,NA,24,25,28,19,5,6,11
1,"M",9.9,4,1,13,1,0,NA,NA,NA,24,25,28,19,5,6,11
1,"M",9.9,4,1,14,1,1,NA,NA,NA,24,25,28,19,5,6,11
1,"M",9.9,4,1,15,1,0,NA,NA,NA,24,25,28,19,5,6,11
1,"M",9.9,4,1,17,1,0,NA,NA,NA,24,25,28,19,5,6,11
1,"M",9.9,4,1,18,1,0,NA,NA,NA,24,25,28,19,5,6,11
1,"M",9.9,4,1,19,1,0,NA,NA,NA,24,25,28,19,5,6,11
1,"M",9.9,4,1,21,1,0,NA,NA,NA,24,25,28,19,5,6,11
1,"M",9.9,4,1,22,1,0,NA,NA,NA,24,25,28,19,5,6,11
1,"M",9.9,4,1,27,1,1,NA,NA,NA,24,25,28,19,5,6,11
1,"M",9.9,4,1,28,1,0,NA,NA,NA,24,25,28,19,5,6,11
1,"M",9.9,4,1,31,1,0,NA,NA,NA,24,25,28,19,5,6,11
1,"M",9.9,4,1,32,1,1,NA,NA,NA,24,25,28,19,5,6,11
1,"M",9.9,4,1,33,1,0,NA,NA,NA,24,25,28,19,5,6,11
1,"M",9.9,4,1,34,1,0,NA,NA,NA,24,25,28,19,5,6,11
1,"M",9.9,4,1,41,1,0,NA,NA,NA,24,25,28,19,5,6,11
1,"M",9.9,4,1,42,1,1,NA,NA,NA,24,25,28,19,5,6,11
1,"M",9.9,4,1,45,1,0,NA,NA,NA,24,25,28,19,5,6,11
1,"M",9.9,4,1,47,1,1,NA,NA,NA,24,25,28,19,5,6,11
1,"M",9.9,4,1,48,1,0,NA,NA,NA,24,25,28,19,5,6,11
1,"M",9.9,4,1,49,1,1,NA,NA,NA,24,25,28,19,5,6,11
1,"M",9.9,4,1,52,1,0,NA,NA,NA,24,25,28,19,5,6,11
1,"M",9.9,4,1,53,1,1,NA,NA,NA,24,25,28,19,5,6,11
1,"M",9.9,4,1,54,1,0,NA,NA,NA,24,25,28,19,5,6,11
1,"M",9.9,4,1,60,1,0,NA,NA,NA,24,25,28,19,5,6,11
1,"M",9.9,4,1,1,2,0,0,0,1,24,25,28,19,5,6,11
1,"M",9.9,4,1,2,2,1,0,0,1,24,25,28,19,5,6,11
1,"M",9.9,4,1,3,2,0,0,1,0,24,25,28,19,5,6,11
1,"M",9.9,4,1,5,2,1,0,0,1,24,25,28,19,5,6,11
1,"M",9.9,4,1,8,2,0,0,0,1,24,25,28,19,5,6,11
1,"M",9.9,4,1,9,2,1,0,0,1,24,25,28,19,5,6,11
1,"M",9.9,4,1,16,2,0,0,0,1,24,25,28,19,5,6,11
1,"M",9.9,4,1,20,2,0,0,0,1,24,25,28,19,5,6,11
1,"M",9.9,4,1,23,2,1,0,1,0,24,25,28,19,5,6,11
1,"M",9.9,4,1,24,2,0,0,0,1,24,25,28,19,5,6,11
1,"M",9.9,4,1,25,2,0,0,0,1,24,25,28,19,5,6,11
1,"M",9.9,4,1,26,2,1,0,0,1,24,25,28,19,5,6,11
1,"M",9.9,4,1,29,2,1,0,0,1,24,25,28,19,5,6,11
1,"M",9.9,4,1,30,2,0,0,0,1,24,25,28,19,5,6,11
1,"M",9.9,4,1,35,2,0,0,0,1,24,25,28,19,5,6,11
1,"M",9.9,4,1,36,2,1,0,0,1,24,25,28,19,5,6,11
1,"M",9.9,4,1,37,2,1,0,0,1,24,25,28,19,5,6,11
1,"M",9.9,4,1,38,2,1,0,0,1,24,25,28,19,5,6,11
1,"M",9.9,4,1,39,2,0,0,0,1,24,25,28,19,5,6,11
1,"M",9.9,4,1,40,2,1,0,1,0,24,25,28,19,5,6,11
1,"M",9.9,4,1,43,2,1,0,0,1,24,25,28,19,5,6,11
1,"M",9.9,4,1,44,2,0,0,0,1,24,25,28,19,5,6,11
1,"M",9.9,4,1,46,2,1,0,0,1,24,25,28,19,5,6,11
1,"M",9.9,4,1,50,2,1,0,0,1,24,25,28,19,5,6,11
1,"M",9.9,4,1,51,2,0,0,0,1,24,25,28,19,5,6,11
1,"M",9.9,4,1,55,2,0,0,1,0,24,25,28,19,5,6,11
1,"M",9.9,4,1,56,2,1,0,0,1,24,25,28,19,5,6,11
1,"M",9.9,4,1,57,2,1,0,0,1,24,25,28,19,5,6,11
1,"M",9.9,4,1,58,2,1,0,0,1,24,25,28,19,5,6,11
1,"M",9.9,4,1,59,2,0,1,0,0,24,25,28,19,5,6,11
2,"F",9.9,4,1,2,1,1,NA,NA,NA,31,11,35,17,10,7,22
2,"F",9.9,4,1,3,1,1,NA,NA,NA,31,11,35,17,10,7,22
2,"F",9.9,4,1,9,1,1,NA,NA,NA,31,11,35,17,10,7,22
2,"F",9.9,4,1,11,1,1,NA,NA,NA,31,11,35,17,10,7,22
2,"F",9.9,4,1,14,1,1,NA,NA,NA,31,11,35,17,10,7,22
2,"F",9.9,4,1,17,1,0,NA,NA,NA,31,11,35,17,10,7,22
2,"F",9.9,4,1,18,1,1,NA,NA,NA,31,11,35,17,10,7,22
2,"F",9.9,4,1,20,1,1,NA,NA,NA,31,11,35,17,10,7,22
2,"F",9.9,4,1,21,1,0,NA,NA,NA,31,11,35,17,10,7,22
2,"F",9.9,4,1,22,1,1,NA,NA,NA,31,11,35,17,10,7,22
2,"F",9.9,4,1,28,1,1,NA,NA,NA,31,11,35,17,10,7,22
2,"F",9.9,4,1,29,1,1,NA,NA,NA,31,11,35,17,10,7,22
2,"F",9.9,4,1,30,1,1,NA,NA,NA,31,11,35,17,10,7,22
2,"F",9.9,4,1,35,1,0,NA,NA,NA,31,11,35,17,10,7,22
2,"F",9.9,4,1,36,1,1,NA,NA,NA,31,11,35,17,10,7,22
2,"F",9.9,4,1,37,1,1,NA,NA,NA,31,11,35,17,10,7,22
2,"F",9.9,4,1,40,1,1,NA,NA,NA,31,11,35,17,10,7,22
2,"F",9.9,4,1,42,1,0,NA,NA,NA,31,11,35,17,10,7,22
2,"F",9.9,4,1,43,1,1,NA,NA,NA,31,11,35,17,10,7,22
2,"F",9.9,4,1,47,1,1,NA,NA,NA,31,11,35,17,10,7,22
2,"F",9.9,4,1,49,1,1,NA,NA,NA,31,11,35,17,10,7,22
2,"F",9.9,4,1,50,1,1,NA,NA,NA,31,11,35,17,10,7,22
2,"F",9.9,4,1,52,1,0,NA,NA,NA,31,11,35,17,10,7,22
2,"F",9.9,4,1,53,1,1,NA,NA,NA,31,11,35,17,10,7,22
2,"F",9.9,4,1,54,1,0,NA,NA,NA,31,11,35,17,10,7,22
2,"F",9.9,4,1,56,1,1,NA,NA,NA,31,11,35,17,10,7,22
2,"F",9.9,4,1,57,1,0,NA,NA,NA,31,11,35,17,10,7,22
2,"F",9.9,4,1,58,1,1,NA,NA,NA,31,11,35,17,10,7,22
2,"F",9.9,4,1,59,1,1,NA,NA,NA,31,11,35,17,10,7,22
2,"F",9.9,4,1,60,1,0,NA,NA,NA,31,11,35,17,10,7,22
2,"F",9.9,4,1,1,2,0,1,0,0,31,11,35,17,10,7,22
2,"F",9.9,4,1,4,2,0,1,0,0,31,11,35,17,10,7,22
2,"F",9.9,4,1,5,2,0,1,0,0,31,11,35,17,10,7,22
2,"F",9.9,4,1,6,2,0,1,0,0,31,11,35,17,10,7,22
2,"F",9.9,4,1,7,2,0,1,0,0,31,11,35,17,10,7,22
2,"F",9.9,4,1,8,2,0,1,0,0,31,11,35,17,10,7,22
2,"F",9.9,4,1,10,2,0,1,0,0,31,11,35,17,10,7,22
2,"F",9.9,4,1,12,2,0,1,0,0,31,11,35,17,10,7,22
2,"F",9.9,4,1,13,2,0,1,0,0,31,11,35,17,10,7,22
2,"F",9.9,4,1,15,2,0,1,0,0,31,11,35,17,10,7,22
2,"F",9.9,4,1,16,2,0,1,0,0,31,11,35,17,10,7,22
2,"F",9.9,4,1,19,2,0,0,0,1,31,11,35,17,10,7,22
2,"F",9.9,4,1,23,2,0,1,0,0,31,11,35,17,10,7,22
2,"F",9.9,4,1,24,2,0,1,0,0,31,11,35,17,10,7,22
2,"F",9.9,4,1,25,2,1,0,0,1,31,11,35,17,10,7,22
2,"F",9.9,4,1,26,2,0,1,0,0,31,11,35,17,10,7,22
2,"F",9.9,4,1,27,2,0,1,0,0,31,11,35,17,10,7,22
2,"F",9.9,4,1,31,2,0,1,0,0,31,11,35,17,10,7,22
2,"F",9.9,4,1,32,2,1,0,0,1,31,11,35,17,10,7,22
2,"F",9.9,4,1,33,2,0,1,0,0,31,11,35,17,10,7,22
2,"F",9.9,4,1,34,2,0,1,0,0,31,11,35,17,10,7,22
2,"F",9.9,4,1,38,2,0,1,0,0,31,11,35,17,10,7,22
2,"F",9.9,4,1,39,2,1,0,0,1,31,11,35,17,10,7,22
2,"F",9.9,4,1,41,2,0,1,0,0,31,11,35,17,10,7,22
2,"F",9.9,4,1,44,2,0,1,0,0,31,11,35,17,10,7,22
2,"F",9.9,4,1,45,2,0,1,0,0,31,11,35,17,10,7,22
2,"F",9.9,4,1,46,2,0,0,0,1,31,11,35,17,10,7,22
2,"F",9.9,4,1,48,2,0,1,0,0,31,11,35,17,10,7,22
2,"F",9.9,4,1,51,2,0,1,0,0,31,11,35,17,10,7,22
2,"F",9.9,4,1,55,2,1,0,0,1,31,11,35,17,10,7,22
3,"F",9.3,4,1,4,1,1,NA,NA,NA,25,24,30,26,9,8,13
3,"F",9.3,4,1,6,1,0,NA,NA,NA,25,24,30,26,9,8,13
3,"F",9.3,4,1,7,1,1,NA,NA,NA,25,24,30,26,9,8,13
3,"F",9.3,4,1,8,1,0,NA,NA,NA,25,24,30,26,9,8,13
3,"F",9.3,4,1,9,1,1,NA,NA,NA,25,24,30,26,9,8,13
3,"F",9.3,4,1,12,1,0,NA,NA,NA,25,24,30,26,9,8,13
3,"F",9.3,4,1,13,1,0,NA,NA,NA,25,24,30,26,9,8,13
3,"F",9.3,4,1,19,1,1,NA,NA,NA,25,24,30,26,9,8,13
3,"F",9.3,4,1,20,1,0,NA,NA,NA,25,24,30,26,9,8,13
3,"F",9.3,4,1,21,1,1,NA,NA,NA,25,24,30,26,9,8,13
3,"F",9.3,4,1,24,1,1,NA,NA,NA,25,24,30,26,9,8,13
3,"F",9.3,4,1,25,1,1,NA,NA,NA,25,24,30,26,9,8,13
3,"F",9.3,4,1,27,1,0,NA,NA,NA,25,24,30,26,9,8,13
3,"F",9.3,4,1,28,1,0,NA,NA,NA,25,24,30,26,9,8,13
3,"F",9.3,4,1,29,1,1,NA,NA,NA,25,24,30,26,9,8,13
3,"F",9.3,4,1,30,1,0,NA,NA,NA,25,24,30,26,9,8,13
3,"F",9.3,4,1,32,1,0,NA,NA,NA,25,24,30,26,9,8,13
3,"F",9.3,4,1,34,1,0,NA,NA,NA,25,24,30,26,9,8,13
3,"F",9.3,4,1,35,1,0,NA,NA,NA,25,24,30,26,9,8,13
3,"F",9.3,4,1,37,1,1,NA,NA,NA,25,24,30,26,9,8,13
3,"F",9.3,4,1,38,1,0,NA,NA,NA,25,24,30,26,9,8,13
3,"F",9.3,4,1,40,1,0,NA,NA,NA,25,24,30,26,9,8,13
3,"F",9.3,4,1,42,1,1,NA,NA,NA,25,24,30,26,9,8,13
3,"F",9.3,4,1,43,1,1,NA,NA,NA,25,24,30,26,9,8,13
3,"F",9.3,4,1,44,1,0,NA,NA,NA,25,24,30,26,9,8,13
3,"F",9.3,4,1,48,1,0,NA,NA,NA,25,24,30,26,9,8,13
3,"F",9.3,4,1,51,1,0,NA,NA,NA,25,24,30,26,9,8,13
3,"F",9.3,4,1,52,1,1,NA,NA,NA,25,24,30,26,9,8,13
3,"F",9.3,4,1,58,1,1,NA,NA,NA,25,24,30,26,9,8,13
3,"F",9.3,4,1,60,1,0,NA,NA,NA,25,24,30,26,9,8,13
3,"F",9.3,4,1,1,2,0,1,0,0,25,24,30,26,9,8,13
3,"F",9.3,4,1,2,2,0,1,0,0,25,24,30,26,9,8,13
3,"F",9.3,4,1,3,2,0,0,0,1,25,24,30,26,9,8,13
3,"F",9.3,4,1,5,2,1,0,0,1,25,24,30,26,9,8,13
3,"F",9.3,4,1,10,2,1,0,0,1,25,24,30,26,9,8,13
3,"F",9.3,4,1,11,2,0,0,0,1,25,24,30,26,9,8,13
3,"F",9.3,4,1,14,2,0,0,1,0,25,24,30,26,9,8,13
3,"F",9.3,4,1,15,2,0,0,0,1,25,24,30,26,9,8,13
3,"F",9.3,4,1,16,2,0,0,0,1,25,24,30,26,9,8,13
3,"F",9.3,4,1,17,2,1,0,0,1,25,24,30,26,9,8,13
3,"F",9.3,4,1,18,2,1,0,0,1,25,24,30,26,9,8,13
3,"F",9.3,4,1,22,2,0,1,0,0,25,24,30,26,9,8,13
3,"F",9.3,4,1,23,2,1,0,0,1,25,24,30,26,9,8,13
3,"F",9.3,4,1,26,2,0,1,0,0,25,24,30,26,9,8,13
3,"F",9.3,4,1,31,2,0,1,0,0,25,24,30,26,9,8,13
3,"F",9.3,4,1,33,2,0,0,0,1,25,24,30,26,9,8,13
3,"F",9.3,4,1,36,2,1,0,0,1,25,24,30,26,9,8,13
3,"F",9.3,4,1,39,2,0,0,0,1,25,24,30,26,9,8,13
3,"F",9.3,4,1,41,2,0,0,0,1,25,24,30,26,9,8,13
3,"F",9.3,4,1,45,2,1,0,1,0,25,24,30,26,9,8,13
3,"F",9.3,4,1,46,2,0,0,0,1,25,24,30,26,9,8,13
3,"F",9.3,4,1,47,2,1,0,0,1,25,24,30,26,9,8,13
3,"F",9.3,4,1,49,2,0,0,0,1,25,24,30,26,9,8,13
3,"F",9.3,4,1,50,2,0,0,0,1,25,24,30,26,9,8,13
3,"F",9.3,4,1,53,2,1,0,0,1,25,24,30,26,9,8,13
3,"F",9.3,4,1,54,2,0,0,0,1,25,24,30,26,9,8,13
3,"F",9.3,4,1,55,2,0,0,0,1,25,24,30,26,9,8,13
3,"F",9.3,4,1,56,2,1,0,0,1,25,24,30,26,9,8,13
3,"F",9.3,4,1,57,2,1,0,1,0,25,24,30,26,9,8,13
3,"F",9.3,4,1,59,2,1,0,0,1,25,24,30,26,9,8,13
4,"F",9.8,4,1,1,1,1,NA,NA,NA,37,13,29,27,7,7,21
4,"F",9.8,4,1,3,1,0,NA,NA,NA,37,13,29,27,7,7,21
4,"F",9.8,4,1,4,1,0,NA,NA,NA,37,13,29,27,7,7,21
4,"F",9.8,4,1,5,1,1,NA,NA,NA,37,13,29,27,7,7,21
4,"F",9.8,4,1,8,1,0,NA,NA,NA,37,13,29,27,7,7,21
4,"F",9.8,4,1,9,1,1,NA,NA,NA,37,13,29,27,7,7,21
4,"F",9.8,4,1,12,1,1,NA,NA,NA,37,13,29,27,7,7,21
4,"F",9.8,4,1,14,1,1,NA,NA,NA,37,13,29,27,7,7,21
4,"F",9.8,4,1,18,1,0,NA,NA,NA,37,13,29,27,7,7,21
4,"F",9.8,4,1,19,1,1,NA,NA,NA,37,13,29,27,7,7,21
4,"F",9.8,4,1,20,1,1,NA,NA,NA,37,13,29,27,7,7,21
4,"F",9.8,4,1,21,1,0,NA,NA,NA,37,13,29,27,7,7,21
4,"F",9.8,4,1,22,1,1,NA,NA,NA,37,13,29,27,7,7,21
4,"F",9.8,4,1,27,1,1,NA,NA,NA,37,13,29,27,7,7,21
4,"F",9.8,4,1,29,1,1,NA,NA,NA,37,13,29,27,7,7,21
4,"F",9.8,4,1,31,1,1,NA,NA,NA,37,13,29,27,7,7,21
4,"F",9.8,4,1,37,1,1,NA,NA,NA,37,13,29,27,7,7,21
4,"F",9.8,4,1,38,1,1,NA,NA,NA,37,13,29,27,7,7,21
4,"F",9.8,4,1,41,1,0,NA,NA,NA,37,13,29,27,7,7,21
4,"F",9.8,4,1,42,1,1,NA,NA,NA,37,13,29,27,7,7,21
4,"F",9.8,4,1,45,1,0,NA,NA,NA,37,13,29,27,7,7,21
4,"F",9.8,4,1,46,1,1,NA,NA,NA,37,13,29,27,7,7,21
4,"F",9.8,4,1,47,1,1,NA,NA,NA,37,13,29,27,7,7,21
4,"F",9.8,4,1,48,1,0,NA,NA,NA,37,13,29,27,7,7,21
4,"F",9.8,4,1,49,1,1,NA,NA,NA,37,13,29,27,7,7,21
4,"F",9.8,4,1,55,1,1,NA,NA,NA,37,13,29,27,7,7,21
4,"F",9.8,4,1,56,1,1,NA,NA,NA,37,13,29,27,7,7,21
4,"F",9.8,4,1,58,1,1,NA,NA,NA,37,13,29,27,7,7,21
4,"F",9.8,4,1,59,1,1,NA,NA,NA,37,13,29,27,7,7,21
4,"F",9.8,4,1,60,1,0,NA,NA,NA,37,13,29,27,7,7,21
4,"F",9.8,4,1,2,2,0,1,0,0,37,13,29,27,7,7,21
4,"F",9.8,4,1,6,2,0,1,0,0,37,13,29,27,7,7,21
4,"F",9.8,4,1,7,2,0,1,0,0,37,13,29,27,7,7,21
4,"F",9.8,4,1,10,2,1,0,0,1,37,13,29,27,7,7,21
4,"F",9.8,4,1,11,2,0,1,0,0,37,13,29,27,7,7,21
4,"F",9.8,4,1,13,2,0,1,0,0,37,13,29,27,7,7,21
4,"F",9.8,4,1,15,2,0,1,0,0,37,13,29,27,7,7,21
4,"F",9.8,4,1,16,2,0,1,0,0,37,13,29,27,7,7,21
4,"F",9.8,4,1,17,2,0,1,0,0,37,13,29,27,7,7,21
4,"F",9.8,4,1,23,2,0,1,0,0,37,13,29,27,7,7,21
4,"F",9.8,4,1,24,2,0,1,0,0,37,13,29,27,7,7,21
4,"F",9.8,4,1,25,2,0,1,0,0,37,13,29,27,7,7,21
4,"F",9.8,4,1,26,2,0,1,0,0,37,13,29,27,7,7,21
4,"F",9.8,4,1,28,2,0,1,0,0,37,13,29,27,7,7,21
4,"F",9.8,4,1,30,2,1,0,1,0,37,13,29,27,7,7,21
4,"F",9.8,4,1,32,2,1,0,0,1,37,13,29,27,7,7,21
4,"F",9.8,4,1,33,2,0,1,0,0,37,13,29,27,7,7,21
4,"F",9.8,4,1,34,2,0,0,1,0,37,13,29,27,7,7,21
4,"F",9.8,4,1,35,2,0,0,0,1,37,13,29,27,7,7,21
4,"F",9.8,4,1,36,2,0,1,0,0,37,13,29,27,7,7,21
4,"F",9.8,4,1,39,2,0,1,0,0,37,13,29,27,7,7,21
4,"F",9.8,4,1,40,2,1,0,1,0,37,13,29,27,7,7,21
4,"F",9.8,4,1,43,2,0,1,0,0,37,13,29,27,7,7,21
4,"F",9.8,4,1,44,2,0,1,0,0,37,13,29,27,7,7,21
4,"F",9.8,4,1,50,2,0,1,0,0,37,13,29,27,7,7,21
4,"F",9.8,4,1,51,2,0,1,0,0,37,13,29,27,7,7,21
4,"F",9.8,4,1,52,2,0,1,0,0,37,13,29,27,7,7,21
4,"F",9.8,4,1,53,2,0,1,0,0,37,13,29,27,7,7,21
4,"F",9.8,4,1,54,2,0,1,0,0,37,13,29,27,7,7,21
4,"F",9.8,4,1,57,2,0,1,0,0,37,13,29,27,7,7,21
5,"M",9.6,4,1,1,1,1,NA,NA,NA,29,6,34,15,10,5,11
5,"M",9.6,4,1,3,1,1,NA,NA,NA,29,6,34,15,10,5,11
5,"M",9.6,4,1,4,1,0,NA,NA,NA,29,6,34,15,10,5,11
5,"M",9.6,4,1,5,1,1,NA,NA,NA,29,6,34,15,10,5,11
5,"M",9.6,4,1,8,1,0,NA,NA,NA,29,6,34,15,10,5,11
5,"M",9.6,4,1,10,1,1,NA,NA,NA,29,6,34,15,10,5,11
5,"M",9.6,4,1,11,1,1,NA,NA,NA,29,6,34,15,10,5,11
5,"M",9.6,4,1,13,1,0,NA,NA,NA,29,6,34,15,10,5,11
5,"M",9.6,4,1,15,1,0,NA,NA,NA,29,6,34,15,10,5,11
5,"M",9.6,4,1,16,1,1,NA,NA,NA,29,6,34,15,10,5,11
5,"M",9.6,4,1,17,1,1,NA,NA,NA,29,6,34,15,10,5,11
5,"M",9.6,4,1,19,1,0,NA,NA,NA,29,6,34,15,10,5,11
5,"M",9.6,4,1,20,1,0,NA,NA,NA,29,6,34,15,10,5,11
5,"M",9.6,4,1,23,1,0,NA,NA,NA,29,6,34,15,10,5,11
5,"M",9.6,4,1,24,1,0,NA,NA,NA,29,6,34,15,10,5,11
5,"M",9.6,4,1,25,1,0,NA,NA,NA,29,6,34,15,10,5,11
5,"M",9.6,4,1,26,1,0,NA,NA,NA,29,6,34,15,10,5,11
5,"M",9.6,4,1,27,1,1,NA,NA,NA,29,6,34,15,10,5,11
5,"M",9.6,4,1,28,1,0,NA,NA,NA,29,6,34,15,10,5,11
5,"M",9.6,4,1,29,1,1,NA,NA,NA,29,6,34,15,10,5,11
5,"M",9.6,4,1,38,1,0,NA,NA,NA,29,6,34,15,10,5,11
5,"M",9.6,4,1,42,1,0,NA,NA,NA,29,6,34,15,10,5,11
5,"M",9.6,4,1,44,1,0,NA,NA,NA,29,6,34,15,10,5,11
5,"M",9.6,4,1,47,1,1,NA,NA,NA,29,6,34,15,10,5,11
5,"M",9.6,4,1,48,1,0,NA,NA,NA,29,6,34,15,10,5,11
5,"M",9.6,4,1,51,1,1,NA,NA,NA,29,6,34,15,10,5,11
5,"M",9.6,4,1,55,1,0,NA,NA,NA,29,6,34,15,10,5,11
5,"M",9.6,4,1,56,1,0,NA,NA,NA,29,6,34,15,10,5,11
5,"M",9.6,4,1,58,1,0,NA,NA,NA,29,6,34,15,10,5,11
5,"M",9.6,4,1,60,1,0,NA,NA,NA,29,6,34,15,10,5,11
5,"M",9.6,4,1,2,2,0,1,0,0,29,6,34,15,10,5,11
5,"M",9.6,4,1,6,2,0,1,0,0,29,6,34,15,10,5,11
5,"M",9.6,4,1,7,2,0,1,0,0,29,6,34,15,10,5,11
5,"M",9.6,4,1,9,2,0,1,0,0,29,6,34,15,10,5,11
5,"M",9.6,4,1,12,2,0,1,0,0,29,6,34,15,10,5,11
5,"M",9.6,4,1,14,2,0,1,0,0,29,6,34,15,10,5,11
5,"M",9.6,4,1,18,2,0,1,0,0,29,6,34,15,10,5,11
5,"M",9.6,4,1,21,2,0,1,0,0,29,6,34,15,10,5,11
5,"M",9.6,4,1,22,2,0,1,0,0,29,6,34,15,10,5,11
5,"M",9.6,4,1,30,2,0,1,0,0,29,6,34,15,10,5,11
5,"M",9.6,4,1,31,2,0,1,0,0,29,6,34,15,10,5,11
5,"M",9.6,4,1,32,2,0,1,0,0,29,6,34,15,10,5,11
5,"M",9.6,4,1,33,2,0,0,0,1,29,6,34,15,10,5,11
5,"M",9.6,4,1,34,2,0,1,0,0,29,6,34,15,10,5,11
5,"M",9.6,4,1,35,2,0,1,0,0,29,6,34,15,10,5,11
5,"M",9.6,4,1,36,2,0,1,0,0,29,6,34,15,10,5,11
5,"M",9.6,4,1,37,2,0,1,0,0,29,6,34,15,10,5,11
5,"M",9.6,4,1,39,2,0,1,0,0,29,6,34,15,10,5,11
5,"M",9.6,4,1,40,2,0,1,0,0,29,6,34,15,10,5,11
5,"M",9.6,4,1,41,2,0,1,0,0,29,6,34,15,10,5,11
5,"M",9.6,4,1,43,2,0,1,0,0,29,6,34,15,10,5,11
5,"M",9.6,4,1,45,2,0,1,0,0,29,6,34,15,10,5,11
5,"M",9.6,4,1,46,2,0,1,0,0,29,6,34,15,10,5,11
5,"M",9.6,4,1,49,2,0,1,0,0,29,6,34,15,10,5,11
5,"M",9.6,4,1,50,2,0,1,0,0,29,6,34,15,10,5,11
5,"M",9.6,4,1,52,2,1,0,1,0,29,6,34,15,10,5,11
5,"M",9.6,4,1,53,2,0,1,0,0,29,6,34,15,10,5,11
5,"M",9.6,4,1,54,2,0,1,0,0,29,6,34,15,10,5,11
5,"M",9.6,4,1,57,2,0,1,0,0,29,6,34,15,10,5,11
5,"M",9.6,4,1,59,2,0,1,0,0,29,6,34,15,10,5,11
6,"M",9.5,4,1,3,1,0,NA,NA,NA,38,7,16,23,5,5,13
6,"M",9.5,4,1,4,1,0,NA,NA,NA,38,7,16,23,5,5,13
6,"M",9.5,4,1,5,1,1,NA,NA,NA,38,7,16,23,5,5,13
6,"M",9.5,4,1,6,1,0,NA,NA,NA,38,7,16,23,5,5,13
6,"M",9.5,4,1,11,1,1,NA,NA,NA,38,7,16,23,5,5,13
6,"M",9.5,4,1,13,1,1,NA,NA,NA,38,7,16,23,5,5,13
6,"M",9.5,4,1,15,1,1,NA,NA,NA,38,7,16,23,5,5,13
6,"M",9.5,4,1,19,1,0,NA,NA,NA,38,7,16,23,5,5,13
6,"M",9.5,4,1,21,1,1,NA,NA,NA,38,7,16,23,5,5,13
6,"M",9.5,4,1,24,1,0,NA,NA,NA,38,7,16,23,5,5,13
6,"M",9.5,4,1,25,1,1,NA,NA,NA,38,7,16,23,5,5,13
6,"M",9.5,4,1,28,1,0,NA,NA,NA,38,7,16,23,5,5,13
6,"M",9.5,4,1,29,1,0,NA,NA,NA,38,7,16,23,5,5,13
6,"M",9.5,4,1,30,1,0,NA,NA,NA,38,7,16,23,5,5,13
6,"M",9.5,4,1,33,1,0,NA,NA,NA,38,7,16,23,5,5,13
6,"M",9.5,4,1,34,1,0,NA,NA,NA,38,7,16,23,5,5,13
6,"M",9.5,4,1,37,1,0,NA,NA,NA,38,7,16,23,5,5,13
6,"M",9.5,4,1,38,1,0,NA,NA,NA,38,7,16,23,5,5,13
6,"M",9.5,4,1,43,1,1,NA,NA,NA,38,7,16,23,5,5,13
6,"M",9.5,4,1,44,1,0,NA,NA,NA,38,7,16,23,5,5,13
6,"M",9.5,4,1,45,1,1,NA,NA,NA,38,7,16,23,5,5,13
6,"M",9.5,4,1,49,1,0,NA,NA,NA,38,7,16,23,5,5,13
6,"M",9.5,4,1,50,1,1,NA,NA,NA,38,7,16,23,5,5,13
6,"M",9.5,4,1,53,1,1,NA,NA,NA,38,7,16,23,5,5,13
6,"M",9.5,4,1,54,1,1,NA,NA,NA,38,7,16,23,5,5,13
6,"M",9.5,4,1,55,1,0,NA,NA,NA,38,7,16,23,5,5,13
6,"M",9.5,4,1,56,1,1,NA,NA,NA,38,7,16,23,5,5,13
6,"M",9.5,4,1,57,1,0,NA,NA,NA,38,7,16,23,5,5,13
6,"M",9.5,4,1,59,1,1,NA,NA,NA,38,7,16,23,5,5,13
6,"M",9.5,4,1,60,1,0,NA,NA,NA,38,7,16,23,5,5,13
6,"M",9.5,4,1,1,2,0,0,1,0,38,7,16,23,5,5,13
6,"M",9.5,4,1,2,2,0,1,0,0,38,7,16,23,5,5,13
6,"M",9.5,4,1,7,2,0,1,0,0,38,7,16,23,5,5,13
6,"M",9.5,4,1,8,2,0,1,0,0,38,7,16,23,5,5,13
6,"M",9.5,4,1,9,2,1,0,1,0,38,7,16,23,5,5,13
6,"M",9.5,4,1,10,2,1,0,1,0,38,7,16,23,5,5,13
6,"M",9.5,4,1,12,2,0,0,1,0,38,7,16,23,5,5,13
6,"M",9.5,4,1,14,2,0,1,0,0,38,7,16,23,5,5,13
6,"M",9.5,4,1,16,2,0,0,1,0,38,7,16,23,5,5,13
6,"M",9.5,4,1,17,2,1,0,1,0,38,7,16,23,5,5,13
6,"M",9.5,4,1,18,2,1,0,1,0,38,7,16,23,5,5,13
6,"M",9.5,4,1,20,2,1,0,1,0,38,7,16,23,5,5,13
6,"M",9.5,4,1,22,2,0,0,1,0,38,7,16,23,5,5,13
6,"M",9.5,4,1,23,2,1,0,1,0,38,7,16,23,5,5,13
6,"M",9.5,4,1,26,2,0,1,0,0,38,7,16,23,5,5,13
6,"M",9.5,4,1,27,2,0,0,0,1,38,7,16,23,5,5,13
6,"M",9.5,4,1,31,2,1,0,0,1,38,7,16,23,5,5,13
6,"M",9.5,4,1,32,2,0,0,1,0,38,7,16,23,5,5,13
6,"M",9.5,4,1,35,2,1,0,1,0,38,7,16,23,5,5,13
6,"M",9.5,4,1,36,2,1,0,1,0,38,7,16,23,5,5,13
6,"M",9.5,4,1,39,2,0,0,1,0,38,7,16,23,5,5,13
6,"M",9.5,4,1,40,2,1,0,1,0,38,7,16,23,5,5,13
6,"M",9.5,4,1,41,2,0,0,1,0,38,7,16,23,5,5,13
6,"M",9.5,4,1,42,2,1,0,1,0,38,7,16,23,5,5,13
6,"M",9.5,4,1,46,2,0,1,0,0,38,7,16,23,5,5,13
6,"M",9.5,4,1,47,2,1,0,1,0,38,7,16,23,5,5,13
6,"M",9.5,4,1,48,2,0,0,1,0,38,7,16,23,5,5,13
6,"M",9.5,4,1,51,2,0,1,0,0,38,7,16,23,5,5,13
6,"M",9.5,4,1,52,2,0,0,1,0,38,7,16,23,5,5,13
6,"M",9.5,4,1,58,2,0,1,0,0,38,7,16,23,5,5,13
7,"F",9.7,4,1,4,1,0,NA,NA,NA,28,9,34,15,7,7,19
7,"F",9.7,4,1,5,1,1,NA,NA,NA,28,9,34,15,7,7,19
7,"F",9.7,4,1,6,1,0,NA,NA,NA,28,9,34,15,7,7,19
7,"F",9.7,4,1,7,1,1,NA,NA,NA,28,9,34,15,7,7,19
7,"F",9.7,4,1,12,1,0,NA,NA,NA,28,9,34,15,7,7,19
7,"F",9.7,4,1,13,1,0,NA,NA,NA,28,9,34,15,7,7,19
7,"F",9.7,4,1,16,1,1,NA,NA,NA,28,9,34,15,7,7,19
7,"F",9.7,4,1,18,1,0,NA,NA,NA,28,9,34,15,7,7,19
7,"F",9.7,4,1,21,1,1,NA,NA,NA,28,9,34,15,7,7,19
7,"F",9.7,4,1,22,1,0,NA,NA,NA,28,9,34,15,7,7,19
7,"F",9.7,4,1,24,1,0,NA,NA,NA,28,9,34,15,7,7,19
7,"F",9.7,4,1,25,1,1,NA,NA,NA,28,9,34,15,7,7,19
7,"F",9.7,4,1,26,1,1,NA,NA,NA,28,9,34,15,7,7,19
7,"F",9.7,4,1,27,1,1,NA,NA,NA,28,9,34,15,7,7,19
7,"F",9.7,4,1,29,1,1,NA,NA,NA,28,9,34,15,7,7,19
7,"F",9.7,4,1,32,1,1,NA,NA,NA,28,9,34,15,7,7,19
7,"F",9.7,4,1,33,1,0,NA,NA,NA,28,9,34,15,7,7,19
7,"F",9.7,4,1,35,1,0,NA,NA,NA,28,9,34,15,7,7,19
7,"F",9.7,4,1,36,1,1,NA,NA,NA,28,9,34,15,7,7,19
7,"F",9.7,4,1,37,1,0,NA,NA,NA,28,9,34,15,7,7,19
7,"F",9.7,4,1,40,1,1,NA,NA,NA,28,9,34,15,7,7,19
7,"F",9.7,4,1,41,1,1,NA,NA,NA,28,9,34,15,7,7,19
7,"F",9.7,4,1,43,1,1,NA,NA,NA,28,9,34,15,7,7,19
7,"F",9.7,4,1,46,1,1,NA,NA,NA,28,9,34,15,7,7,19
7,"F",9.7,4,1,48,1,1,NA,NA,NA,28,9,34,15,7,7,19
7,"F",9.7,4,1,50,1,1,NA,NA,NA,28,9,34,15,7,7,19
7,"F",9.7,4,1,53,1,1,NA,NA,NA,28,9,34,15,7,7,19
7,"F",9.7,4,1,55,1,0,NA,NA,NA,28,9,34,15,7,7,19
7,"F",9.7,4,1,57,1,1,NA,NA,NA,28,9,34,15,7,7,19
7,"F",9.7,4,1,59,1,1,NA,NA,NA,28,9,34,15,7,7,19
7,"F",9.7,4,1,1,2,0,1,0,0,28,9,34,15,7,7,19
7,"F",9.7,4,1,2,2,0,1,0,0,28,9,34,15,7,7,19
7,"F",9.7,4,1,3,2,0,1,0,0,28,9,34,15,7,7,19
7,"F",9.7,4,1,8,2,0,1,0,0,28,9,34,15,7,7,19
7,"F",9.7,4,1,9,2,0,1,0,0,28,9,34,15,7,7,19
7,"F",9.7,4,1,10,2,0,1,0,0,28,9,34,15,7,7,19
7,"F",9.7,4,1,11,2,0,1,0,0,28,9,34,15,7,7,19
7,"F",9.7,4,1,14,2,0,1,0,0,28,9,34,15,7,7,19
7,"F",9.7,4,1,15,2,0,1,0,0,28,9,34,15,7,7,19
7,"F",9.7,4,1,17,2,0,1,0,0,28,9,34,15,7,7,19
7,"F",9.7,4,1,19,2,0,1,0,0,28,9,34,15,7,7,19
7,"F",9.7,4,1,20,2,1,0,0,1,28,9,34,15,7,7,19
7,"F",9.7,4,1,23,2,0,1,0,0,28,9,34,15,7,7,19
7,"F",9.7,4,1,28,2,0,1,0,0,28,9,34,15,7,7,19
7,"F",9.7,4,1,30,2,0,1,0,0,28,9,34,15,7,7,19
7,"F",9.7,4,1,31,2,0,0,0,1,28,9,34,15,7,7,19
7,"F",9.7,4,1,34,2,0,1,0,0,28,9,34,15,7,7,19
7,"F",9.7,4,1,38,2,0,1,0,0,28,9,34,15,7,7,19
7,"F",9.7,4,1,39,2,0,0,1,0,28,9,34,15,7,7,19
7,"F",9.7,4,1,42,2,0,1,0,0,28,9,34,15,7,7,19
7,"F",9.7,4,1,44,2,0,1,0,0,28,9,34,15,7,7,19
7,"F",9.7,4,1,45,2,0,1,0,0,28,9,34,15,7,7,19
7,"F",9.7,4,1,47,2,1,0,1,0,28,9,34,15,7,7,19
7,"F",9.7,4,1,49,2,0,1,0,0,28,9,34,15,7,7,19
7,"F",9.7,4,1,51,2,0,1,0,0,28,9,34,15,7,7,19
7,"F",9.7,4,1,52,2,0,1,0,0,28,9,34,15,7,7,19
7,"F",9.7,4,1,54,2,0,0,0,1,28,9,34,15,7,7,19
7,"F",9.7,4,1,56,2,0,1,0,0,28,9,34,15,7,7,19
7,"F",9.7,4,1,58,2,0,1,0,0,28,9,34,15,7,7,19
7,"F",9.7,4,1,60,2,1,0,0,1,28,9,34,15,7,7,19
8,"M",9.1,4,1,1,1,1,NA,NA,NA,40,15,24,33,9,9,26
8,"M",9.1,4,1,2,1,1,NA,NA,NA,40,15,24,33,9,9,26
8,"M",9.1,4,1,4,1,1,NA,NA,NA,40,15,24,33,9,9,26
8,"M",9.1,4,1,5,1,1,NA,NA,NA,40,15,24,33,9,9,26
8,"M",9.1,4,1,8,1,1,NA,NA,NA,40,15,24,33,9,9,26
8,"M",9.1,4,1,9,1,1,NA,NA,NA,40,15,24,33,9,9,26
8,"M",9.1,4,1,11,1,1,NA,NA,NA,40,15,24,33,9,9,26
8,"M",9.1,4,1,15,1,0,NA,NA,NA,40,15,24,33,9,9,26
8,"M",9.1,4,1,19,1,1,NA,NA,NA,40,15,24,33,9,9,26
8,"M",9.1,4,1,20,1,1,NA,NA,NA,40,15,24,33,9,9,26
8,"M",9.1,4,1,21,1,1,NA,NA,NA,40,15,24,33,9,9,26
8,"M",9.1,4,1,23,1,0,NA,NA,NA,40,15,24,33,9,9,26
8,"M",9.1,4,1,25,1,1,NA,NA,NA,40,15,24,33,9,9,26
8,"M",9.1,4,1,27,1,1,NA,NA,NA,40,15,24,33,9,9,26
8,"M",9.1,4,1,28,1,1,NA,NA,NA,40,15,24,33,9,9,26
8,"M",9.1,4,1,29,1,1,NA,NA,NA,40,15,24,33,9,9,26
8,"M",9.1,4,1,31,1,1,NA,NA,NA,40,15,24,33,9,9,26
8,"M",9.1,4,1,32,1,0,NA,NA,NA,40,15,24,33,9,9,26
8,"M",9.1,4,1,33,1,1,NA,NA,NA,40,15,24,33,9,9,26
8,"M",9.1,4,1,34,1,1,NA,NA,NA,40,15,24,33,9,9,26
8,"M",9.1,4,1,41,1,1,NA,NA,NA,40,15,24,33,9,9,26
8,"M",9.1,4,1,44,1,1,NA,NA,NA,40,15,24,33,9,9,26
8,"M",9.1,4,1,45,1,1,NA,NA,NA,40,15,24,33,9,9,26
8,"M",9.1,4,1,47,1,1,NA,NA,NA,40,15,24,33,9,9,26
8,"M",9.1,4,1,48,1,1,NA,NA,NA,40,15,24,33,9,9,26
8,"M",9.1,4,1,49,1,1,NA,NA,NA,40,15,24,33,9,9,26
8,"M",9.1,4,1,53,1,1,NA,NA,NA,40,15,24,33,9,9,26
8,"M",9.1,4,1,54,1,1,NA,NA,NA,40,15,24,33,9,9,26
8,"M",9.1,4,1,59,1,0,NA,NA,NA,40,15,24,33,9,9,26
8,"M",9.1,4,1,60,1,1,NA,NA,NA,40,15,24,33,9,9,26
8,"M",9.1,4,1,3,2,0,0,1,0,40,15,24,33,9,9,26
8,"M",9.1,4,1,6,2,0,0,1,0,40,15,24,33,9,9,26
8,"M",9.1,4,1,7,2,1,0,1,0,40,15,24,33,9,9,26
8,"M",9.1,4,1,10,2,1,0,0,1,40,15,24,33,9,9,26
8,"M",9.1,4,1,12,2,1,0,1,0,40,15,24,33,9,9,26
8,"M",9.1,4,1,13,2,0,0,0,1,40,15,24,33,9,9,26
8,"M",9.1,4,1,14,2,0,0,0,1,40,15,24,33,9,9,26
8,"M",9.1,4,1,16,2,0,1,0,0,40,15,24,33,9,9,26
8,"M",9.1,4,1,17,2,0,1,0,0,40,15,24,33,9,9,26
8,"M",9.1,4,1,18,2,0,1,0,0,40,15,24,33,9,9,26
8,"M",9.1,4,1,22,2,0,1,0,0,40,15,24,33,9,9,26
8,"M",9.1,4,1,24,2,1,0,1,0,40,15,24,33,9,9,26
8,"M",9.1,4,1,26,2,1,0,1,0,40,15,24,33,9,9,26
8,"M",9.1,4,1,30,2,0,0,0,1,40,15,24,33,9,9,26
8,"M",9.1,4,1,35,2,0,1,0,0,40,15,24,33,9,9,26
8,"M",9.1,4,1,36,2,0,1,0,0,40,15,24,33,9,9,26
8,"M",9.1,4,1,37,2,1,0,0,1,40,15,24,33,9,9,26
8,"M",9.1,4,1,38,2,1,0,1,0,40,15,24,33,9,9,26
8,"M",9.1,4,1,39,2,1,0,1,0,40,15,24,33,9,9,26
8,"M",9.1,4,1,40,2,1,0,0,1,40,15,24,33,9,9,26
8,"M",9.1,4,1,42,2,1,0,1,0,40,15,24,33,9,9,26
8,"M",9.1,4,1,43,2,0,1,0,0,40,15,24,33,9,9,26
8,"M",9.1,4,1,46,2,1,0,1,0,40,15,24,33,9,9,26
8,"M",9.1,4,1,50,2,0,1,0,0,40,15,24,33,9,9,26
8,"M",9.1,4,1,51,2,0,1,0,0,40,15,24,33,9,9,26
8,"M",9.1,4,1,52,2,1,0,1,0,40,15,24,33,9,9,26
8,"M",9.1,4,1,55,2,1,0,1,0,40,15,24,33,9,9,26
8,"M",9.1,4,1,56,2,0,1,0,0,40,15,24,33,9,9,26
8,"M",9.1,4,1,57,2,0,1,0,0,40,15,24,33,9,9,26
8,"M",9.1,4,1,58,2,0,0,1,0,40,15,24,33,9,9,26
9,"M",9.7,4,1,5,1,0,NA,NA,NA,16,26,16,28,6,11,7
9,"M",9.7,4,1,6,1,0,NA,NA,NA,16,26,16,28,6,11,7
9,"M",9.7,4,1,7,1,0,NA,NA,NA,16,26,16,28,6,11,7
9,"M",9.7,4,1,8,1,0,NA,NA,NA,16,26,16,28,6,11,7
9,"M",9.7,4,1,14,1,1,NA,NA,NA,16,26,16,28,6,11,7
9,"M",9.7,4,1,17,1,0,NA,NA,NA,16,26,16,28,6,11,7
9,"M",9.7,4,1,20,1,1,NA,NA,NA,16,26,16,28,6,11,7
9,"M",9.7,4,1,21,1,0,NA,NA,NA,16,26,16,28,6,11,7
9,"M",9.7,4,1,22,1,0,NA,NA,NA,16,26,16,28,6,11,7
9,"M",9.7,4,1,24,1,0,NA,NA,NA,16,26,16,28,6,11,7
9,"M",9.7,4,1,25,1,0,NA,NA,NA,16,26,16,28,6,11,7
9,"M",9.7,4,1,29,1,0,NA,NA,NA,16,26,16,28,6,11,7
9,"M",9.7,4,1,30,1,0,NA,NA,NA,16,26,16,28,6,11,7
9,"M",9.7,4,1,31,1,0,NA,NA,NA,16,26,16,28,6,11,7
9,"M",9.7,4,1,32,1,0,NA,NA,NA,16,26,16,28,6,11,7
9,"M",9.7,4,1,33,1,0,NA,NA,NA,16,26,16,28,6,11,7
9,"M",9.7,4,1,34,1,0,NA,NA,NA,16,26,16,28,6,11,7
9,"M",9.7,4,1,39,1,1,NA,NA,NA,16,26,16,28,6,11,7
9,"M",9.7,4,1,42,1,0,NA,NA,NA,16,26,16,28,6,11,7
9,"M",9.7,4,1,45,1,0,NA,NA,NA,16,26,16,28,6,11,7
9,"M",9.7,4,1,46,1,1,NA,NA,NA,16,26,16,28,6,11,7
9,"M",9.7,4,1,47,1,1,NA,NA,NA,16,26,16,28,6,11,7
9,"M",9.7,4,1,48,1,1,NA,NA,NA,16,26,16,28,6,11,7
9,"M",9.7,4,1,51,1,0,NA,NA,NA,16,26,16,28,6,11,7
9,"M",9.7,4,1,52,1,0,NA,NA,NA,16,26,16,28,6,11,7
9,"M",9.7,4,1,54,1,0,NA,NA,NA,16,26,16,28,6,11,7
9,"M",9.7,4,1,55,1,0,NA,NA,NA,16,26,16,28,6,11,7
9,"M",9.7,4,1,56,1,1,NA,NA,NA,16,26,16,28,6,11,7
9,"M",9.7,4,1,57,1,0,NA,NA,NA,16,26,16,28,6,11,7
9,"M",9.7,4,1,58,1,0,NA,NA,NA,16,26,16,28,6,11,7
9,"M",9.7,4,1,1,2,0,0,0,1,16,26,16,28,6,11,7
9,"M",9.7,4,1,2,2,0,0,0,1,16,26,16,28,6,11,7
9,"M",9.7,4,1,3,2,0,0,0,1,16,26,16,28,6,11,7
9,"M",9.7,4,1,4,2,1,0,0,1,16,26,16,28,6,11,7
9,"M",9.7,4,1,9,2,0,0,0,1,16,26,16,28,6,11,7
9,"M",9.7,4,1,10,2,0,0,0,1,16,26,16,28,6,11,7
9,"M",9.7,4,1,11,2,1,0,0,1,16,26,16,28,6,11,7
9,"M",9.7,4,1,12,2,1,0,0,1,16,26,16,28,6,11,7
9,"M",9.7,4,1,13,2,0,0,1,0,16,26,16,28,6,11,7
9,"M",9.7,4,1,15,2,0,0,0,1,16,26,16,28,6,11,7
9,"M",9.7,4,1,16,2,0,0,0,1,16,26,16,28,6,11,7
9,"M",9.7,4,1,18,2,0,0,0,1,16,26,16,28,6,11,7
9,"M",9.7,4,1,19,2,0,0,0,1,16,26,16,28,6,11,7
9,"M",9.7,4,1,23,2,1,0,0,1,16,26,16,28,6,11,7
9,"M",9.7,4,1,26,2,0,0,1,0,16,26,16,28,6,11,7
9,"M",9.7,4,1,27,2,0,0,0,1,16,26,16,28,6,11,7
9,"M",9.7,4,1,28,2,0,0,0,1,16,26,16,28,6,11,7
9,"M",9.7,4,1,35,2,0,0,0,1,16,26,16,28,6,11,7
9,"M",9.7,4,1,36,2,0,0,0,1,16,26,16,28,6,11,7
9,"M",9.7,4,1,37,2,1,0,0,1,16,26,16,28,6,11,7
9,"M",9.7,4,1,38,2,0,0,0,1,16,26,16,28,6,11,7
9,"M",9.7,4,1,40,2,0,0,0,1,16,26,16,28,6,11,7
9,"M",9.7,4,1,41,2,0,0,0,1,16,26,16,28,6,11,7
9,"M",9.7,4,1,43,2,0,0,0,1,16,26,16,28,6,11,7
9,"M",9.7,4,1,44,2,0,0,0,1,16,26,16,28,6,11,7
9,"M",9.7,4,1,49,2,0,0,0,1,16,26,16,28,6,11,7
9,"M",9.7,4,1,50,2,0,0,0,1,16,26,16,28,6,11,7
9,"M",9.7,4,1,53,2,1,0,0,1,16,26,16,28,6,11,7
9,"M",9.7,4,1,59,2,0,0,0,1,16,26,16,28,6,11,7
9,"M",9.7,4,1,60,2,0,0,0,1,16,26,16,28,6,11,7
10,"F",9.7,4,1,2,1,0,NA,NA,NA,28,22,24,30,6,6,18
10,"F",9.7,4,1,4,1,0,NA,NA,NA,28,22,24,30,6,6,18
10,"F",9.7,4,1,8,1,0,NA,NA,NA,28,22,24,30,6,6,18
10,"F",9.7,4,1,10,1,1,NA,NA,NA,28,22,24,30,6,6,18
10,"F",9.7,4,1,12,1,0,NA,NA,NA,28,22,24,30,6,6,18
10,"F",9.7,4,1,13,1,0,NA,NA,NA,28,22,24,30,6,6,18
10,"F",9.7,4,1,15,1,0,NA,NA,NA,28,22,24,30,6,6,18
10,"F",9.7,4,1,17,1,1,NA,NA,NA,28,22,24,30,6,6,18
10,"F",9.7,4,1,18,1,0,NA,NA,NA,28,22,24,30,6,6,18
10,"F",9.7,4,1,20,1,1,NA,NA,NA,28,22,24,30,6,6,18
10,"F",9.7,4,1,21,1,0,NA,NA,NA,28,22,24,30,6,6,18
10,"F",9.7,4,1,23,1,1,NA,NA,NA,28,22,24,30,6,6,18
10,"F",9.7,4,1,25,1,0,NA,NA,NA,28,22,24,30,6,6,18
10,"F",9.7,4,1,27,1,1,NA,NA,NA,28,22,24,30,6,6,18
10,"F",9.7,4,1,32,1,1,NA,NA,NA,28,22,24,30,6,6,18
10,"F",9.7,4,1,33,1,1,NA,NA,NA,28,22,24,30,6,6,18
10,"F",9.7,4,1,34,1,1,NA,NA,NA,28,22,24,30,6,6,18
10,"F",9.7,4,1,35,1,1,NA,NA,NA,28,22,24,30,6,6,18
10,"F",9.7,4,1,39,1,1,NA,NA,NA,28,22,24,30,6,6,18
10,"F",9.7,4,1,40,1,1,NA,NA,NA,28,22,24,30,6,6,18
10,"F",9.7,4,1,44,1,1,NA,NA,NA,28,22,24,30,6,6,18
10,"F",9.7,4,1,46,1,1,NA,NA,NA,28,22,24,30,6,6,18
10,"F",9.7,4,1,47,1,1,NA,NA,NA,28,22,24,30,6,6,18
10,"F",9.7,4,1,48,1,0,NA,NA,NA,28,22,24,30,6,6,18
10,"F",9.7,4,1,50,1,0,NA,NA,NA,28,22,24,30,6,6,18
10,"F",9.7,4,1,51,1,0,NA,NA,NA,28,22,24,30,6,6,18
10,"F",9.7,4,1,52,1,1,NA,NA,NA,28,22,24,30,6,6,18
10,"F",9.7,4,1,53,1,1,NA,NA,NA,28,22,24,30,6,6,18
10,"F",9.7,4,1,57,1,1,NA,NA,NA,28,22,24,30,6,6,18
10,"F",9.7,4,1,60,1,1,NA,NA,NA,28,22,24,30,6,6,18
10,"F",9.7,4,1,1,2,0,0,0,1,28,22,24,30,6,6,18
10,"F",9.7,4,1,3,2,0,0,0,1,28,22,24,30,6,6,18
10,"F",9.7,4,1,5,2,1,0,0,1,28,22,24,30,6,6,18
10,"F",9.7,4,1,6,2,0,0,0,1,28,22,24,30,6,6,18
10,"F",9.7,4,1,7,2,1,0,1,0,28,22,24,30,6,6,18
10,"F",9.7,4,1,9,2,1,0,1,0,28,22,24,30,6,6,18
10,"F",9.7,4,1,11,2,0,0,0,1,28,22,24,30,6,6,18
10,"F",9.7,4,1,14,2,0,0,1,0,28,22,24,30,6,6,18
10,"F",9.7,4,1,16,2,0,0,1,0,28,22,24,30,6,6,18
10,"F",9.7,4,1,19,2,0,0,0,1,28,22,24,30,6,6,18
10,"F",9.7,4,1,22,2,0,0,0,1,28,22,24,30,6,6,18
10,"F",9.7,4,1,24,2,0,0,0,1,28,22,24,30,6,6,18
10,"F",9.7,4,1,26,2,1,0,0,1,28,22,24,30,6,6,18
10,"F",9.7,4,1,28,2,1,0,0,1,28,22,24,30,6,6,18
10,"F",9.7,4,1,29,2,0,0,0,1,28,22,24,30,6,6,18
10,"F",9.7,4,1,30,2,1,0,0,1,28,22,24,30,6,6,18
10,"F",9.7,4,1,31,2,1,0,1,0,28,22,24,30,6,6,18
10,"F",9.7,4,1,36,2,0,1,0,0,28,22,24,30,6,6,18
10,"F",9.7,4,1,37,2,0,0,1,0,28,22,24,30,6,6,18
10,"F",9.7,4,1,38,2,0,0,0,1,28,22,24,30,6,6,18
10,"F",9.7,4,1,41,2,0,0,0,1,28,22,24,30,6,6,18
10,"F",9.7,4,1,42,2,1,0,1,0,28,22,24,30,6,6,18
10,"F",9.7,4,1,43,2,0,1,0,0,28,22,24,30,6,6,18
10,"F",9.7,4,1,45,2,0,0,1,0,28,22,24,30,6,6,18
10,"F",9.7,4,1,49,2,0,1,0,0,28,22,24,30,6,6,18
10,"F",9.7,4,1,54,2,0,1,0,0,28,22,24,30,6,6,18
10,"F",9.7,4,1,55,2,0,0,1,0,28,22,24,30,6,6,18
10,"F",9.7,4,1,56,2,0,0,0,1,28,22,24,30,6,6,18
10,"F",9.7,4,1,58,2,1,0,0,1,28,22,24,30,6,6,18
10,"F",9.7,4,1,59,2,0,0,0,1,28,22,24,30,6,6,18
11,"F",9.5,4,1,1,1,0,NA,NA,NA,37,14,31,19,10,9,14
11,"F",9.5,4,1,3,1,0,NA,NA,NA,37,14,31,19,10,9,14
11,"F",9.5,4,1,4,1,1,NA,NA,NA,37,14,31,19,10,9,14
11,"F",9.5,4,1,5,1,1,NA,NA,NA,37,14,31,19,10,9,14
11,"F",9.5,4,1,8,1,0,NA,NA,NA,37,14,31,19,10,9,14
11,"F",9.5,4,1,9,1,1,NA,NA,NA,37,14,31,19,10,9,14
11,"F",9.5,4,1,10,1,1,NA,NA,NA,37,14,31,19,10,9,14
11,"F",9.5,4,1,12,1,1,NA,NA,NA,37,14,31,19,10,9,14
11,"F",9.5,4,1,14,1,0,NA,NA,NA,37,14,31,19,10,9,14
11,"F",9.5,4,1,17,1,1,NA,NA,NA,37,14,31,19,10,9,14
11,"F",9.5,4,1,18,1,1,NA,NA,NA,37,14,31,19,10,9,14
11,"F",9.5,4,1,19,1,0,NA,NA,NA,37,14,31,19,10,9,14
11,"F",9.5,4,1,22,1,0,NA,NA,NA,37,14,31,19,10,9,14
11,"F",9.5,4,1,26,1,0,NA,NA,NA,37,14,31,19,10,9,14
11,"F",9.5,4,1,32,1,0,NA,NA,NA,37,14,31,19,10,9,14
11,"F",9.5,4,1,34,1,0,NA,NA,NA,37,14,31,19,10,9,14
11,"F",9.5,4,1,35,1,0,NA,NA,NA,37,14,31,19,10,9,14
11,"F",9.5,4,1,36,1,1,NA,NA,NA,37,14,31,19,10,9,14
11,"F",9.5,4,1,37,1,0,NA,NA,NA,37,14,31,19,10,9,14
11,"F",9.5,4,1,38,1,1,NA,NA,NA,37,14,31,19,10,9,14
11,"F",9.5,4,1,39,1,0,NA,NA,NA,37,14,31,19,10,9,14
11,"F",9.5,4,1,45,1,1,NA,NA,NA,37,14,31,19,10,9,14
11,"F",9.5,4,1,46,1,1,NA,NA,NA,37,14,31,19,10,9,14
11,"F",9.5,4,1,49,1,1,NA,NA,NA,37,14,31,19,10,9,14
11,"F",9.5,4,1,50,1,0,NA,NA,NA,37,14,31,19,10,9,14
11,"F",9.5,4,1,51,1,1,NA,NA,NA,37,14,31,19,10,9,14
11,"F",9.5,4,1,53,1,1,NA,NA,NA,37,14,31,19,10,9,14
11,"F",9.5,4,1,56,1,0,NA,NA,NA,37,14,31,19,10,9,14
11,"F",9.5,4,1,58,1,0,NA,NA,NA,37,14,31,19,10,9,14
11,"F",9.5,4,1,59,1,0,NA,NA,NA,37,14,31,19,10,9,14
11,"F",9.5,4,1,2,2,1,0,0,1,37,14,31,19,10,9,14
11,"F",9.5,4,1,6,2,0,1,0,0,37,14,31,19,10,9,14
11,"F",9.5,4,1,7,2,0,1,0,0,37,14,31,19,10,9,14
11,"F",9.5,4,1,11,2,1,0,1,0,37,14,31,19,10,9,14
11,"F",9.5,4,1,13,2,0,0,0,1,37,14,31,19,10,9,14
11,"F",9.5,4,1,15,2,0,1,0,0,37,14,31,19,10,9,14
11,"F",9.5,4,1,16,2,0,0,1,0,37,14,31,19,10,9,14
11,"F",9.5,4,1,20,2,0,1,0,0,37,14,31,19,10,9,14
11,"F",9.5,4,1,21,2,1,0,0,1,37,14,31,19,10,9,14
11,"F",9.5,4,1,23,2,1,0,1,0,37,14,31,19,10,9,14
11,"F",9.5,4,1,24,2,0,1,0,0,37,14,31,19,10,9,14
11,"F",9.5,4,1,25,2,0,1,0,0,37,14,31,19,10,9,14
11,"F",9.5,4,1,27,2,0,1,0,0,37,14,31,19,10,9,14
11,"F",9.5,4,1,28,2,0,0,1,0,37,14,31,19,10,9,14
11,"F",9.5,4,1,29,2,0,0,1,0,37,14,31,19,10,9,14
11,"F",9.5,4,1,30,2,0,1,0,0,37,14,31,19,10,9,14
11,"F",9.5,4,1,31,2,0,1,0,0,37,14,31,19,10,9,14
11,"F",9.5,4,1,33,2,0,1,0,0,37,14,31,19,10,9,14
11,"F",9.5,4,1,40,2,0,1,0,0,37,14,31,19,10,9,14
11,"F",9.5,4,1,41,2,0,1,0,0,37,14,31,19,10,9,14
11,"F",9.5,4,1,42,2,0,0,1,0,37,14,31,19,10,9,14
11,"F",9.5,4,1,43,2,0,1,0,0,37,14,31,19,10,9,14
11,"F",9.5,4,1,44,2,0,0,1,0,37,14,31,19,10,9,14
11,"F",9.5,4,1,47,2,1,0,1,0,37,14,31,19,10,9,14
11,"F",9.5,4,1,48,2,0,0,0,1,37,14,31,19,10,9,14
11,"F",9.5,4,1,52,2,0,0,1,0,37,14,31,19,10,9,14
11,"F",9.5,4,1,54,2,0,0,1,0,37,14,31,19,10,9,14
11,"F",9.5,4,1,55,2,0,1,0,0,37,14,31,19,10,9,14
11,"F",9.5,4,1,57,2,0,1,0,0,37,14,31,19,10,9,14
11,"F",9.5,4,1,60,2,0,0,1,0,37,14,31,19,10,9,14
12,"F",9.7,4,1,2,1,0,NA,NA,NA,33,15,32,23,9,10,14
12,"F",9.7,4,1,3,1,0,NA,NA,NA,33,15,32,23,9,10,14
12,"F",9.7,4,1,7,1,0,NA,NA,NA,33,15,32,23,9,10,14
12,"F",9.7,4,1,9,1,1,NA,NA,NA,33,15,32,23,9,10,14
12,"F",9.7,4,1,10,1,1,NA,NA,NA,33,15,32,23,9,10,14
12,"F",9.7,4,1,13,1,0,NA,NA,NA,33,15,32,23,9,10,14
12,"F",9.7,4,1,16,1,1,NA,NA,NA,33,15,32,23,9,10,14
12,"F",9.7,4,1,17,1,0,NA,NA,NA,33,15,32,23,9,10,14
12,"F",9.7,4,1,20,1,0,NA,NA,NA,33,15,32,23,9,10,14
12,"F",9.7,4,1,21,1,0,NA,NA,NA,33,15,32,23,9,10,14
12,"F",9.7,4,1,22,1,0,NA,NA,NA,33,15,32,23,9,10,14
12,"F",9.7,4,1,23,1,1,NA,NA,NA,33,15,32,23,9,10,14
12,"F",9.7,4,1,25,1,1,NA,NA,NA,33,15,32,23,9,10,14
12,"F",9.7,4,1,27,1,1,NA,NA,NA,33,15,32,23,9,10,14
12,"F",9.7,4,1,28,1,0,NA,NA,NA,33,15,32,23,9,10,14
12,"F",9.7,4,1,31,1,1,NA,NA,NA,33,15,32,23,9,10,14
12,"F",9.7,4,1,32,1,0,NA,NA,NA,33,15,32,23,9,10,14
12,"F",9.7,4,1,35,1,0,NA,NA,NA,33,15,32,23,9,10,14
12,"F",9.7,4,1,39,1,0,NA,NA,NA,33,15,32,23,9,10,14
12,"F",9.7,4,1,42,1,0,NA,NA,NA,33,15,32,23,9,10,14
12,"F",9.7,4,1,43,1,1,NA,NA,NA,33,15,32,23,9,10,14
12,"F",9.7,4,1,49,1,1,NA,NA,NA,33,15,32,23,9,10,14
12,"F",9.7,4,1,50,1,0,NA,NA,NA,33,15,32,23,9,10,14
12,"F",9.7,4,1,52,1,0,NA,NA,NA,33,15,32,23,9,10,14
12,"F",9.7,4,1,53,1,1,NA,NA,NA,33,15,32,23,9,10,14
12,"F",9.7,4,1,54,1,1,NA,NA,NA,33,15,32,23,9,10,14
12,"F",9.7,4,1,55,1,1,NA,NA,NA,33,15,32,23,9,10,14
12,"F",9.7,4,1,56,1,1,NA,NA,NA,33,15,32,23,9,10,14
12,"F",9.7,4,1,57,1,0,NA,NA,NA,33,15,32,23,9,10,14
12,"F",9.7,4,1,60,1,1,NA,NA,NA,33,15,32,23,9,10,14
12,"F",9.7,4,1,1,2,0,1,0,0,33,15,32,23,9,10,14
12,"F",9.7,4,1,4,2,0,1,0,0,33,15,32,23,9,10,14
12,"F",9.7,4,1,5,2,0,1,0,0,33,15,32,23,9,10,14
12,"F",9.7,4,1,6,2,0,1,0,0,33,15,32,23,9,10,14
12,"F",9.7,4,1,8,2,0,1,0,0,33,15,32,23,9,10,14
12,"F",9.7,4,1,11,2,0,1,0,0,33,15,32,23,9,10,14
12,"F",9.7,4,1,12,2,0,1,0,0,33,15,32,23,9,10,14
12,"F",9.7,4,1,14,2,0,1,0,0,33,15,32,23,9,10,14
12,"F",9.7,4,1,15,2,0,0,0,1,33,15,32,23,9,10,14
12,"F",9.7,4,1,18,2,0,0,0,1,33,15,32,23,9,10,14
12,"F",9.7,4,1,19,2,0,1,0,0,33,15,32,23,9,10,14
12,"F",9.7,4,1,24,2,0,1,0,0,33,15,32,23,9,10,14
12,"F",9.7,4,1,26,2,0,0,1,0,33,15,32,23,9,10,14
12,"F",9.7,4,1,29,2,0,0,0,1,33,15,32,23,9,10,14
12,"F",9.7,4,1,30,2,1,0,0,1,33,15,32,23,9,10,14
12,"F",9.7,4,1,33,2,0,1,0,0,33,15,32,23,9,10,14
12,"F",9.7,4,1,34,2,0,0,1,0,33,15,32,23,9,10,14
12,"F",9.7,4,1,36,2,0,0,0,1,33,15,32,23,9,10,14
12,"F",9.7,4,1,37,2,0,1,0,0,33,15,32,23,9,10,14
12,"F",9.7,4,1,38,2,0,1,0,0,33,15,32,23,9,10,14
12,"F",9.7,4,1,40,2,0,1,0,0,33,15,32,23,9,10,14
12,"F",9.7,4,1,41,2,0,0,1,0,33,15,32,23,9,10,14
12,"F",9.7,4,1,44,2,0,1,0,0,33,15,32,23,9,10,14
12,"F",9.7,4,1,45,2,1,0,0,1,33,15,32,23,9,10,14
12,"F",9.7,4,1,46,2,0,1,0,0,33,15,32,23,9,10,14
12,"F",9.7,4,1,47,2,0,1,0,0,33,15,32,23,9,10,14
12,"F",9.7,4,1,48,2,0,1,0,0,33,15,32,23,9,10,14
12,"F",9.7,4,1,51,2,0,1,0,0,33,15,32,23,9,10,14
12,"F",9.7,4,1,58,2,0,1,0,0,33,15,32,23,9,10,14
12,"F",9.7,4,1,59,2,0,1,0,0,33,15,32,23,9,10,14
13,"F",9.9,4,1,3,1,0,NA,NA,NA,29,12,23,26,7,8,13
13,"F",9.9,4,1,10,1,1,NA,NA,NA,29,12,23,26,7,8,13
13,"F",9.9,4,1,12,1,0,NA,NA,NA,29,12,23,26,7,8,13
13,"F",9.9,4,1,15,1,0,NA,NA,NA,29,12,23,26,7,8,13
13,"F",9.9,4,1,19,1,0,NA,NA,NA,29,12,23,26,7,8,13
13,"F",9.9,4,1,22,1,0,NA,NA,NA,29,12,23,26,7,8,13
13,"F",9.9,4,1,23,1,1,NA,NA,NA,29,12,23,26,7,8,13
13,"F",9.9,4,1,24,1,1,NA,NA,NA,29,12,23,26,7,8,13
13,"F",9.9,4,1,26,1,1,NA,NA,NA,29,12,23,26,7,8,13
13,"F",9.9,4,1,28,1,1,NA,NA,NA,29,12,23,26,7,8,13
13,"F",9.9,4,1,29,1,0,NA,NA,NA,29,12,23,26,7,8,13
13,"F",9.9,4,1,33,1,0,NA,NA,NA,29,12,23,26,7,8,13
13,"F",9.9,4,1,35,1,0,NA,NA,NA,29,12,23,26,7,8,13
13,"F",9.9,4,1,36,1,0,NA,NA,NA,29,12,23,26,7,8,13
13,"F",9.9,4,1,37,1,1,NA,NA,NA,29,12,23,26,7,8,13
13,"F",9.9,4,1,38,1,0,NA,NA,NA,29,12,23,26,7,8,13
13,"F",9.9,4,1,40,1,1,NA,NA,NA,29,12,23,26,7,8,13
13,"F",9.9,4,1,41,1,0,NA,NA,NA,29,12,23,26,7,8,13
13,"F",9.9,4,1,42,1,1,NA,NA,NA,29,12,23,26,7,8,13
13,"F",9.9,4,1,43,1,1,NA,NA,NA,29,12,23,26,7,8,13
13,"F",9.9,4,1,45,1,1,NA,NA,NA,29,12,23,26,7,8,13
13,"F",9.9,4,1,47,1,1,NA,NA,NA,29,12,23,26,7,8,13
13,"F",9.9,4,1,48,1,0,NA,NA,NA,29,12,23,26,7,8,13
13,"F",9.9,4,1,49,1,0,NA,NA,NA,29,12,23,26,7,8,13
13,"F",9.9,4,1,51,1,0,NA,NA,NA,29,12,23,26,7,8,13
13,"F",9.9,4,1,53,1,1,NA,NA,NA,29,12,23,26,7,8,13
13,"F",9.9,4,1,55,1,0,NA,NA,NA,29,12,23,26,7,8,13
13,"F",9.9,4,1,56,1,1,NA,NA,NA,29,12,23,26,7,8,13
13,"F",9.9,4,1,57,1,0,NA,NA,NA,29,12,23,26,7,8,13
13,"F",9.9,4,1,58,1,0,NA,NA,NA,29,12,23,26,7,8,13
13,"F",9.9,4,1,1,2,0,0,1,0,29,12,23,26,7,8,13
13,"F",9.9,4,1,2,2,0,1,0,0,29,12,23,26,7,8,13
13,"F",9.9,4,1,4,2,0,0,1,0,29,12,23,26,7,8,13
13,"F",9.9,4,1,5,2,0,0,0,1,29,12,23,26,7,8,13
13,"F",9.9,4,1,6,2,0,0,1,0,29,12,23,26,7,8,13
13,"F",9.9,4,1,7,2,0,0,0,1,29,12,23,26,7,8,13
13,"F",9.9,4,1,8,2,0,1,0,0,29,12,23,26,7,8,13
13,"F",9.9,4,1,9,2,0,0,0,1,29,12,23,26,7,8,13
13,"F",9.9,4,1,11,2,0,1,0,0,29,12,23,26,7,8,13
13,"F",9.9,4,1,13,2,0,0,1,0,29,12,23,26,7,8,13
13,"F",9.9,4,1,14,2,0,1,0,0,29,12,23,26,7,8,13
13,"F",9.9,4,1,16,2,0,1,0,0,29,12,23,26,7,8,13
13,"F",9.9,4,1,17,2,0,1,0,0,29,12,23,26,7,8,13
13,"F",9.9,4,1,18,2,0,0,1,0,29,12,23,26,7,8,13
13,"F",9.9,4,1,20,2,0,0,0,1,29,12,23,26,7,8,13
13,"F",9.9,4,1,21,2,0,0,1,0,29,12,23,26,7,8,13
13,"F",9.9,4,1,25,2,1,0,0,1,29,12,23,26,7,8,13
13,"F",9.9,4,1,27,2,0,0,0,1,29,12,23,26,7,8,13
13,"F",9.9,4,1,30,2,0,0,0,1,29,12,23,26,7,8,13
13,"F",9.9,4,1,31,2,0,0,0,1,29,12,23,26,7,8,13
13,"F",9.9,4,1,32,2,0,1,0,0,29,12,23,26,7,8,13
13,"F",9.9,4,1,34,2,0,0,0,1,29,12,23,26,7,8,13
13,"F",9.9,4,1,39,2,0,1,0,0,29,12,23,26,7,8,13
13,"F",9.9,4,1,44,2,0,0,1,0,29,12,23,26,7,8,13
13,"F",9.9,4,1,46,2,1,0,1,0,29,12,23,26,7,8,13
13,"F",9.9,4,1,50,2,0,1,0,0,29,12,23,26,7,8,13
13,"F",9.9,4,1,52,2,1,0,1,0,29,12,23,26,7,8,13
13,"F",9.9,4,1,54,2,0,1,0,0,29,12,23,26,7,8,13
13,"F",9.9,4,1,59,2,1,0,1,0,29,12,23,26,7,8,13
13,"F",9.9,4,1,60,2,0,1,0,0,29,12,23,26,7,8,13
14,"F",9.3,4,1,2,1,0,NA,NA,NA,28,18,16,27,3,8,7
14,"F",9.3,4,1,5,1,1,NA,NA,NA,28,18,16,27,3,8,7
14,"F",9.3,4,1,7,1,1,NA,NA,NA,28,18,16,27,3,8,7
14,"F",9.3,4,1,8,1,0,NA,NA,NA,28,18,16,27,3,8,7
14,"F",9.3,4,1,10,1,0,NA,NA,NA,28,18,16,27,3,8,7
14,"F",9.3,4,1,12,1,0,NA,NA,NA,28,18,16,27,3,8,7
14,"F",9.3,4,1,13,1,0,NA,NA,NA,28,18,16,27,3,8,7
14,"F",9.3,4,1,15,1,0,NA,NA,NA,28,18,16,27,3,8,7
14,"F",9.3,4,1,16,1,0,NA,NA,NA,28,18,16,27,3,8,7
14,"F",9.3,4,1,19,1,0,NA,NA,NA,28,18,16,27,3,8,7
14,"F",9.3,4,1,20,1,1,NA,NA,NA,28,18,16,27,3,8,7
14,"F",9.3,4,1,22,1,0,NA,NA,NA,28,18,16,27,3,8,7
14,"F",9.3,4,1,26,1,0,NA,NA,NA,28,18,16,27,3,8,7
14,"F",9.3,4,1,27,1,1,NA,NA,NA,28,18,16,27,3,8,7
14,"F",9.3,4,1,31,1,0,NA,NA,NA,28,18,16,27,3,8,7
14,"F",9.3,4,1,32,1,0,NA,NA,NA,28,18,16,27,3,8,7
14,"F",9.3,4,1,35,1,0,NA,NA,NA,28,18,16,27,3,8,7
14,"F",9.3,4,1,37,1,1,NA,NA,NA,28,18,16,27,3,8,7
14,"F",9.3,4,1,38,1,0,NA,NA,NA,28,18,16,27,3,8,7
14,"F",9.3,4,1,39,1,0,NA,NA,NA,28,18,16,27,3,8,7
14,"F",9.3,4,1,40,1,1,NA,NA,NA,28,18,16,27,3,8,7
14,"F",9.3,4,1,41,1,0,NA,NA,NA,28,18,16,27,3,8,7
14,"F",9.3,4,1,42,1,0,NA,NA,NA,28,18,16,27,3,8,7
14,"F",9.3,4,1,45,1,1,NA,NA,NA,28,18,16,27,3,8,7
14,"F",9.3,4,1,48,1,0,NA,NA,NA,28,18,16,27,3,8,7
14,"F",9.3,4,1,52,1,0,NA,NA,NA,28,18,16,27,3,8,7
14,"F",9.3,4,1,54,1,0,NA,NA,NA,28,18,16,27,3,8,7
14,"F",9.3,4,1,57,1,0,NA,NA,NA,28,18,16,27,3,8,7
14,"F",9.3,4,1,58,1,0,NA,NA,NA,28,18,16,27,3,8,7
14,"F",9.3,4,1,60,1,0,NA,NA,NA,28,18,16,27,3,8,7
14,"F",9.3,4,1,1,2,0,0,1,0,28,18,16,27,3,8,7
14,"F",9.3,4,1,3,2,0,0,1,0,28,18,16,27,3,8,7
14,"F",9.3,4,1,4,2,0,1,0,0,28,18,16,27,3,8,7
14,"F",9.3,4,1,6,2,0,0,1,0,28,18,16,27,3,8,7
14,"F",9.3,4,1,9,2,0,0,0,1,28,18,16,27,3,8,7
14,"F",9.3,4,1,11,2,1,0,1,0,28,18,16,27,3,8,7
14,"F",9.3,4,1,14,2,1,0,1,0,28,18,16,27,3,8,7
14,"F",9.3,4,1,17,2,1,0,1,0,28,18,16,27,3,8,7
14,"F",9.3,4,1,18,2,0,0,0,1,28,18,16,27,3,8,7
14,"F",9.3,4,1,21,2,0,0,1,0,28,18,16,27,3,8,7
14,"F",9.3,4,1,23,2,0,0,0,1,28,18,16,27,3,8,7
14,"F",9.3,4,1,24,2,0,0,0,1,28,18,16,27,3,8,7
14,"F",9.3,4,1,25,2,0,0,0,1,28,18,16,27,3,8,7
14,"F",9.3,4,1,28,2,0,0,1,0,28,18,16,27,3,8,7
14,"F",9.3,4,1,29,2,1,0,0,1,28,18,16,27,3,8,7
14,"F",9.3,4,1,30,2,0,0,0,1,28,18,16,27,3,8,7
14,"F",9.3,4,1,33,2,1,0,0,1,28,18,16,27,3,8,7
14,"F",9.3,4,1,34,2,0,0,0,1,28,18,16,27,3,8,7
14,"F",9.3,4,1,36,2,1,0,1,0,28,18,16,27,3,8,7
14,"F",9.3,4,1,43,2,1,0,0,1,28,18,16,27,3,8,7
14,"F",9.3,4,1,44,2,0,0,0,1,28,18,16,27,3,8,7
14,"F",9.3,4,1,46,2,0,0,1,0,28,18,16,27,3,8,7
14,"F",9.3,4,1,47,2,1,0,0,1,28,18,16,27,3,8,7
14,"F",9.3,4,1,49,2,1,0,1,0,28,18,16,27,3,8,7
14,"F",9.3,4,1,50,2,1,0,0,1,28,18,16,27,3,8,7
14,"F",9.3,4,1,51,2,1,0,1,0,28,18,16,27,3,8,7
14,"F",9.3,4,1,53,2,1,0,1,0,28,18,16,27,3,8,7
14,"F",9.3,4,1,55,2,1,0,1,0,28,18,16,27,3,8,7
14,"F",9.3,4,1,56,2,1,0,1,0,28,18,16,27,3,8,7
14,"F",9.3,4,1,59,2,0,0,0,1,28,18,16,27,3,8,7
15,"M",9.5,4,1,1,1,1,NA,NA,NA,17,8,24,12,7,6,18
15,"M",9.5,4,1,2,1,1,NA,NA,NA,17,8,24,12,7,6,18
15,"M",9.5,4,1,5,1,1,NA,NA,NA,17,8,24,12,7,6,18
15,"M",9.5,4,1,7,1,1,NA,NA,NA,17,8,24,12,7,6,18
15,"M",9.5,4,1,9,1,0,NA,NA,NA,17,8,24,12,7,6,18
15,"M",9.5,4,1,10,1,1,NA,NA,NA,17,8,24,12,7,6,18
15,"M",9.5,4,1,11,1,1,NA,NA,NA,17,8,24,12,7,6,18
15,"M",9.5,4,1,12,1,0,NA,NA,NA,17,8,24,12,7,6,18
15,"M",9.5,4,1,19,1,0,NA,NA,NA,17,8,24,12,7,6,18
15,"M",9.5,4,1,21,1,0,NA,NA,NA,17,8,24,12,7,6,18
15,"M",9.5,4,1,26,1,0,NA,NA,NA,17,8,24,12,7,6,18
15,"M",9.5,4,1,27,1,1,NA,NA,NA,17,8,24,12,7,6,18
15,"M",9.5,4,1,31,1,0,NA,NA,NA,17,8,24,12,7,6,18
15,"M",9.5,4,1,34,1,1,NA,NA,NA,17,8,24,12,7,6,18
15,"M",9.5,4,1,36,1,1,NA,NA,NA,17,8,24,12,7,6,18
15,"M",9.5,4,1,37,1,1,NA,NA,NA,17,8,24,12,7,6,18
15,"M",9.5,4,1,38,1,0,NA,NA,NA,17,8,24,12,7,6,18
15,"M",9.5,4,1,39,1,1,NA,NA,NA,17,8,24,12,7,6,18
15,"M",9.5,4,1,40,1,0,NA,NA,NA,17,8,24,12,7,6,18
15,"M",9.5,4,1,41,1,0,NA,NA,NA,17,8,24,12,7,6,18
15,"M",9.5,4,1,42,1,1,NA,NA,NA,17,8,24,12,7,6,18
15,"M",9.5,4,1,43,1,1,NA,NA,NA,17,8,24,12,7,6,18
15,"M",9.5,4,1,45,1,1,NA,NA,NA,17,8,24,12,7,6,18
15,"M",9.5,4,1,46,1,1,NA,NA,NA,17,8,24,12,7,6,18
15,"M",9.5,4,1,49,1,1,NA,NA,NA,17,8,24,12,7,6,18
15,"M",9.5,4,1,50,1,0,NA,NA,NA,17,8,24,12,7,6,18
15,"M",9.5,4,1,51,1,0,NA,NA,NA,17,8,24,12,7,6,18
15,"M",9.5,4,1,55,1,0,NA,NA,NA,17,8,24,12,7,6,18
15,"M",9.5,4,1,56,1,1,NA,NA,NA,17,8,24,12,7,6,18
15,"M",9.5,4,1,60,1,1,NA,NA,NA,17,8,24,12,7,6,18
15,"M",9.5,4,1,3,2,0,1,0,0,17,8,24,12,7,6,18
15,"M",9.5,4,1,4,2,1,0,0,1,17,8,24,12,7,6,18
15,"M",9.5,4,1,6,2,1,0,0,1,17,8,24,12,7,6,18
15,"M",9.5,4,1,8,2,0,0,1,0,17,8,24,12,7,6,18
15,"M",9.5,4,1,13,2,0,0,1,0,17,8,24,12,7,6,18
15,"M",9.5,4,1,14,2,0,1,0,0,17,8,24,12,7,6,18
15,"M",9.5,4,1,15,2,1,0,0,1,17,8,24,12,7,6,18
15,"M",9.5,4,1,16,2,0,0,1,0,17,8,24,12,7,6,18
15,"M",9.5,4,1,17,2,1,0,0,1,17,8,24,12,7,6,18
15,"M",9.5,4,1,18,2,1,0,0,1,17,8,24,12,7,6,18
15,"M",9.5,4,1,20,2,0,1,0,0,17,8,24,12,7,6,18
15,"M",9.5,4,1,22,2,1,0,0,1,17,8,24,12,7,6,18
15,"M",9.5,4,1,23,2,1,0,0,1,17,8,24,12,7,6,18
15,"M",9.5,4,1,24,2,1,0,0,1,17,8,24,12,7,6,18
15,"M",9.5,4,1,25,2,0,0,1,0,17,8,24,12,7,6,18
15,"M",9.5,4,1,28,2,0,0,0,1,17,8,24,12,7,6,18
15,"M",9.5,4,1,29,2,0,0,0,1,17,8,24,12,7,6,18
15,"M",9.5,4,1,30,2,1,0,0,1,17,8,24,12,7,6,18
15,"M",9.5,4,1,32,2,0,1,0,0,17,8,24,12,7,6,18
15,"M",9.5,4,1,33,2,1,0,0,1,17,8,24,12,7,6,18
15,"M",9.5,4,1,35,2,0,0,0,1,17,8,24,12,7,6,18
15,"M",9.5,4,1,44,2,0,0,0,1,17,8,24,12,7,6,18
15,"M",9.5,4,1,47,2,1,0,0,1,17,8,24,12,7,6,18
15,"M",9.5,4,1,48,2,1,0,1,0,17,8,24,12,7,6,18
15,"M",9.5,4,1,52,2,0,1,0,0,17,8,24,12,7,6,18
15,"M",9.5,4,1,53,2,1,0,0,1,17,8,24,12,7,6,18
15,"M",9.5,4,1,54,2,0,1,0,0,17,8,24,12,7,6,18
15,"M",9.5,4,1,57,2,0,0,0,1,17,8,24,12,7,6,18
15,"M",9.5,4,1,58,2,0,1,0,0,17,8,24,12,7,6,18
15,"M",9.5,4,1,59,2,0,1,0,0,17,8,24,12,7,6,18
16,"F",9.9,4,1,3,1,1,NA,NA,NA,20,25,26,26,4,10,14
16,"F",9.9,4,1,4,1,1,NA,NA,NA,20,25,26,26,4,10,14
16,"F",9.9,4,1,6,1,0,NA,NA,NA,20,25,26,26,4,10,14
16,"F",9.9,4,1,7,1,1,NA,NA,NA,20,25,26,26,4,10,14
16,"F",9.9,4,1,8,1,0,NA,NA,NA,20,25,26,26,4,10,14
16,"F",9.9,4,1,9,1,1,NA,NA,NA,20,25,26,26,4,10,14
16,"F",9.9,4,1,10,1,0,NA,NA,NA,20,25,26,26,4,10,14
16,"F",9.9,4,1,12,1,0,NA,NA,NA,20,25,26,26,4,10,14
16,"F",9.9,4,1,15,1,0,NA,NA,NA,20,25,26,26,4,10,14
16,"F",9.9,4,1,17,1,1,NA,NA,NA,20,25,26,26,4,10,14
16,"F",9.9,4,1,18,1,0,NA,NA,NA,20,25,26,26,4,10,14
16,"F",9.9,4,1,21,1,1,NA,NA,NA,20,25,26,26,4,10,14
16,"F",9.9,4,1,25,1,1,NA,NA,NA,20,25,26,26,4,10,14
16,"F",9.9,4,1,27,1,1,NA,NA,NA,20,25,26,26,4,10,14
16,"F",9.9,4,1,31,1,0,NA,NA,NA,20,25,26,26,4,10,14
16,"F",9.9,4,1,34,1,1,NA,NA,NA,20,25,26,26,4,10,14
16,"F",9.9,4,1,35,1,1,NA,NA,NA,20,25,26,26,4,10,14
16,"F",9.9,4,1,37,1,0,NA,NA,NA,20,25,26,26,4,10,14
16,"F",9.9,4,1,40,1,0,NA,NA,NA,20,25,26,26,4,10,14
16,"F",9.9,4,1,42,1,1,NA,NA,NA,20,25,26,26,4,10,14
16,"F",9.9,4,1,44,1,0,NA,NA,NA,20,25,26,26,4,10,14
16,"F",9.9,4,1,46,1,0,NA,NA,NA,20,25,26,26,4,10,14
16,"F",9.9,4,1,48,1,0,NA,NA,NA,20,25,26,26,4,10,14
16,"F",9.9,4,1,49,1,1,NA,NA,NA,20,25,26,26,4,10,14
16,"F",9.9,4,1,50,1,1,NA,NA,NA,20,25,26,26,4,10,14
16,"F",9.9,4,1,51,1,0,NA,NA,NA,20,25,26,26,4,10,14
16,"F",9.9,4,1,54,1,0,NA,NA,NA,20,25,26,26,4,10,14
16,"F",9.9,4,1,57,1,0,NA,NA,NA,20,25,26,26,4,10,14
16,"F",9.9,4,1,59,1,1,NA,NA,NA,20,25,26,26,4,10,14
16,"F",9.9,4,1,60,1,0,NA,NA,NA,20,25,26,26,4,10,14
16,"F",9.9,4,1,1,2,1,0,0,1,20,25,26,26,4,10,14
16,"F",9.9,4,1,2,2,0,0,0,1,20,25,26,26,4,10,14
16,"F",9.9,4,1,5,2,0,0,0,1,20,25,26,26,4,10,14
16,"F",9.9,4,1,11,2,1,0,0,1,20,25,26,26,4,10,14
16,"F",9.9,4,1,13,2,0,0,0,1,20,25,26,26,4,10,14
16,"F",9.9,4,1,14,2,0,1,0,0,20,25,26,26,4,10,14
16,"F",9.9,4,1,16,2,0,0,1,0,20,25,26,26,4,10,14
16,"F",9.9,4,1,19,2,0,0,1,0,20,25,26,26,4,10,14
16,"F",9.9,4,1,20,2,0,0,0,1,20,25,26,26,4,10,14
16,"F",9.9,4,1,22,2,0,0,0,1,20,25,26,26,4,10,14
16,"F",9.9,4,1,23,2,1,0,0,1,20,25,26,26,4,10,14
16,"F",9.9,4,1,24,2,1,0,0,1,20,25,26,26,4,10,14
16,"F",9.9,4,1,26,2,1,0,0,1,20,25,26,26,4,10,14
16,"F",9.9,4,1,28,2,0,1,0,0,20,25,26,26,4,10,14
16,"F",9.9,4,1,29,2,1,0,0,1,20,25,26,26,4,10,14
16,"F",9.9,4,1,30,2,1,0,0,1,20,25,26,26,4,10,14
16,"F",9.9,4,1,32,2,0,1,0,0,20,25,26,26,4,10,14
16,"F",9.9,4,1,33,2,0,0,0,1,20,25,26,26,4,10,14
16,"F",9.9,4,1,36,2,0,0,1,0,20,25,26,26,4,10,14
16,"F",9.9,4,1,38,2,0,0,0,1,20,25,26,26,4,10,14
16,"F",9.9,4,1,39,2,1,0,0,1,20,25,26,26,4,10,14
16,"F",9.9,4,1,41,2,1,0,0,1,20,25,26,26,4,10,14
16,"F",9.9,4,1,43,2,1,0,0,1,20,25,26,26,4,10,14
16,"F",9.9,4,1,45,2,0,0,0,1,20,25,26,26,4,10,14
16,"F",9.9,4,1,47,2,1,0,0,1,20,25,26,26,4,10,14
16,"F",9.9,4,1,52,2,0,0,0,1,20,25,26,26,4,10,14
16,"F",9.9,4,1,53,2,1,0,0,1,20,25,26,26,4,10,14
16,"F",9.9,4,1,55,2,0,0,0,1,20,25,26,26,4,10,14
16,"F",9.9,4,1,56,2,0,1,0,0,20,25,26,26,4,10,14
16,"F",9.9,4,1,58,2,1,0,0,1,20,25,26,26,4,10,14
17,"M",10,4,1,1,1,0,NA,NA,NA,20,19,13,22,6,7,13
17,"M",10,4,1,3,1,1,NA,NA,NA,20,19,13,22,6,7,13
17,"M",10,4,1,4,1,0,NA,NA,NA,20,19,13,22,6,7,13
17,"M",10,4,1,10,1,1,NA,NA,NA,20,19,13,22,6,7,13
17,"M",10,4,1,14,1,1,NA,NA,NA,20,19,13,22,6,7,13
17,"M",10,4,1,17,1,1,NA,NA,NA,20,19,13,22,6,7,13
17,"M",10,4,1,19,1,0,NA,NA,NA,20,19,13,22,6,7,13
17,"M",10,4,1,22,1,0,NA,NA,NA,20,19,13,22,6,7,13
17,"M",10,4,1,23,1,1,NA,NA,NA,20,19,13,22,6,7,13
17,"M",10,4,1,24,1,1,NA,NA,NA,20,19,13,22,6,7,13
17,"M",10,4,1,26,1,1,NA,NA,NA,20,19,13,22,6,7,13
17,"M",10,4,1,27,1,0,NA,NA,NA,20,19,13,22,6,7,13
17,"M",10,4,1,28,1,0,NA,NA,NA,20,19,13,22,6,7,13
17,"M",10,4,1,30,1,0,NA,NA,NA,20,19,13,22,6,7,13
17,"M",10,4,1,32,1,0,NA,NA,NA,20,19,13,22,6,7,13
17,"M",10,4,1,34,1,0,NA,NA,NA,20,19,13,22,6,7,13
17,"M",10,4,1,36,1,0,NA,NA,NA,20,19,13,22,6,7,13
17,"M",10,4,1,38,1,1,NA,NA,NA,20,19,13,22,6,7,13
17,"M",10,4,1,39,1,1,NA,NA,NA,20,19,13,22,6,7,13
17,"M",10,4,1,41,1,0,NA,NA,NA,20,19,13,22,6,7,13
17,"M",10,4,1,43,1,1,NA,NA,NA,20,19,13,22,6,7,13
17,"M",10,4,1,45,1,1,NA,NA,NA,20,19,13,22,6,7,13
17,"M",10,4,1,46,1,0,NA,NA,NA,20,19,13,22,6,7,13
17,"M",10,4,1,49,1,0,NA,NA,NA,20,19,13,22,6,7,13
17,"M",10,4,1,50,1,0,NA,NA,NA,20,19,13,22,6,7,13
17,"M",10,4,1,51,1,1,NA,NA,NA,20,19,13,22,6,7,13
17,"M",10,4,1,52,1,0,NA,NA,NA,20,19,13,22,6,7,13
17,"M",10,4,1,53,1,0,NA,NA,NA,20,19,13,22,6,7,13
17,"M",10,4,1,55,1,0,NA,NA,NA,20,19,13,22,6,7,13
17,"M",10,4,1,56,1,1,NA,NA,NA,20,19,13,22,6,7,13
17,"M",10,4,1,2,2,1,0,1,0,20,19,13,22,6,7,13
17,"M",10,4,1,5,2,1,0,1,0,20,19,13,22,6,7,13
17,"M",10,4,1,6,2,0,0,0,1,20,19,13,22,6,7,13
17,"M",10,4,1,7,2,1,0,1,0,20,19,13,22,6,7,13
17,"M",10,4,1,8,2,0,0,1,0,20,19,13,22,6,7,13
17,"M",10,4,1,9,2,1,0,1,0,20,19,13,22,6,7,13
17,"M",10,4,1,11,2,1,0,0,1,20,19,13,22,6,7,13
17,"M",10,4,1,12,2,0,0,0,1,20,19,13,22,6,7,13
17,"M",10,4,1,13,2,0,0,0,1,20,19,13,22,6,7,13
17,"M",10,4,1,15,2,0,0,0,1,20,19,13,22,6,7,13
17,"M",10,4,1,16,2,0,0,0,1,20,19,13,22,6,7,13
17,"M",10,4,1,18,2,0,0,0,1,20,19,13,22,6,7,13
17,"M",10,4,1,20,2,0,0,0,1,20,19,13,22,6,7,13
17,"M",10,4,1,21,2,0,0,0,1,20,19,13,22,6,7,13
17,"M",10,4,1,25,2,1,0,1,0,20,19,13,22,6,7,13
17,"M",10,4,1,29,2,0,0,0,1,20,19,13,22,6,7,13
17,"M",10,4,1,31,2,0,0,1,0,20,19,13,22,6,7,13
17,"M",10,4,1,33,2,0,0,0,1,20,19,13,22,6,7,13
17,"M",10,4,1,35,2,0,0,1,0,20,19,13,22,6,7,13
17,"M",10,4,1,37,2,0,0,1,0,20,19,13,22,6,7,13
17,"M",10,4,1,40,2,1,0,0,1,20,19,13,22,6,7,13
17,"M",10,4,1,42,2,0,0,0,1,20,19,13,22,6,7,13
17,"M",10,4,1,44,2,0,0,0,1,20,19,13,22,6,7,13
17,"M",10,4,1,47,2,1,0,1,0,20,19,13,22,6,7,13
17,"M",10,4,1,48,2,0,0,0,1,20,19,13,22,6,7,13
17,"M",10,4,1,54,2,0,0,0,1,20,19,13,22,6,7,13
17,"M",10,4,1,57,2,1,0,0,1,20,19,13,22,6,7,13
17,"M",10,4,1,58,2,1,0,1,0,20,19,13,22,6,7,13
17,"M",10,4,1,59,2,1,0,0,1,20,19,13,22,6,7,13
17,"M",10,4,1,60,2,0,0,0,1,20,19,13,22,6,7,13
18,"F",9.1,4,1,1,1,0,NA,NA,NA,33,20,35,28,5,5,17
18,"F",9.1,4,1,3,1,1,NA,NA,NA,33,20,35,28,5,5,17
18,"F",9.1,4,1,4,1,0,NA,NA,NA,33,20,35,28,5,5,17
18,"F",9.1,4,1,8,1,1,NA,NA,NA,33,20,35,28,5,5,17
18,"F",9.1,4,1,9,1,1,NA,NA,NA,33,20,35,28,5,5,17
18,"F",9.1,4,1,11,1,1,NA,NA,NA,33,20,35,28,5,5,17
18,"F",9.1,4,1,13,1,0,NA,NA,NA,33,20,35,28,5,5,17
18,"F",9.1,4,1,16,1,0,NA,NA,NA,33,20,35,28,5,5,17
18,"F",9.1,4,1,18,1,0,NA,NA,NA,33,20,35,28,5,5,17
18,"F",9.1,4,1,24,1,1,NA,NA,NA,33,20,35,28,5,5,17
18,"F",9.1,4,1,25,1,1,NA,NA,NA,33,20,35,28,5,5,17
18,"F",9.1,4,1,27,1,1,NA,NA,NA,33,20,35,28,5,5,17
18,"F",9.1,4,1,29,1,1,NA,NA,NA,33,20,35,28,5,5,17
18,"F",9.1,4,1,30,1,0,NA,NA,NA,33,20,35,28,5,5,17
18,"F",9.1,4,1,31,1,0,NA,NA,NA,33,20,35,28,5,5,17
18,"F",9.1,4,1,32,1,1,NA,NA,NA,33,20,35,28,5,5,17
18,"F",9.1,4,1,33,1,1,NA,NA,NA,33,20,35,28,5,5,17
18,"F",9.1,4,1,35,1,0,NA,NA,NA,33,20,35,28,5,5,17
18,"F",9.1,4,1,37,1,1,NA,NA,NA,33,20,35,28,5,5,17
18,"F",9.1,4,1,39,1,1,NA,NA,NA,33,20,35,28,5,5,17
18,"F",9.1,4,1,42,1,1,NA,NA,NA,33,20,35,28,5,5,17
18,"F",9.1,4,1,47,1,1,NA,NA,NA,33,20,35,28,5,5,17
18,"F",9.1,4,1,48,1,0,NA,NA,NA,33,20,35,28,5,5,17
18,"F",9.1,4,1,49,1,0,NA,NA,NA,33,20,35,28,5,5,17
18,"F",9.1,4,1,50,1,0,NA,NA,NA,33,20,35,28,5,5,17
18,"F",9.1,4,1,52,1,0,NA,NA,NA,33,20,35,28,5,5,17
18,"F",9.1,4,1,53,1,1,NA,NA,NA,33,20,35,28,5,5,17
18,"F",9.1,4,1,54,1,1,NA,NA,NA,33,20,35,28,5,5,17
18,"F",9.1,4,1,57,1,0,NA,NA,NA,33,20,35,28,5,5,17
18,"F",9.1,4,1,60,1,1,NA,NA,NA,33,20,35,28,5,5,17
18,"F",9.1,4,1,2,2,1,0,0,1,33,20,35,28,5,5,17
18,"F",9.1,4,1,5,2,0,1,0,0,33,20,35,28,5,5,17
18,"F",9.1,4,1,6,2,0,1,0,0,33,20,35,28,5,5,17
18,"F",9.1,4,1,7,2,0,1,0,0,33,20,35,28,5,5,17
18,"F",9.1,4,1,10,2,0,1,0,0,33,20,35,28,5,5,17
18,"F",9.1,4,1,12,2,0,1,0,0,33,20,35,28,5,5,17
18,"F",9.1,4,1,14,2,0,1,0,0,33,20,35,28,5,5,17
18,"F",9.1,4,1,15,2,0,1,0,0,33,20,35,28,5,5,17
18,"F",9.1,4,1,17,2,1,0,0,1,33,20,35,28,5,5,17
18,"F",9.1,4,1,19,2,0,1,0,0,33,20,35,28,5,5,17
18,"F",9.1,4,1,20,2,0,1,0,0,33,20,35,28,5,5,17
18,"F",9.1,4,1,21,2,1,0,1,0,33,20,35,28,5,5,17
18,"F",9.1,4,1,22,2,0,1,0,0,33,20,35,28,5,5,17
18,"F",9.1,4,1,23,2,0,1,0,0,33,20,35,28,5,5,17
18,"F",9.1,4,1,26,2,0,1,0,0,33,20,35,28,5,5,17
18,"F",9.1,4,1,28,2,0,1,0,0,33,20,35,28,5,5,17
18,"F",9.1,4,1,34,2,0,1,0,0,33,20,35,28,5,5,17
18,"F",9.1,4,1,36,2,0,1,0,0,33,20,35,28,5,5,17
18,"F",9.1,4,1,38,2,0,1,0,0,33,20,35,28,5,5,17
18,"F",9.1,4,1,40,2,0,1,0,0,33,20,35,28,5,5,17
18,"F",9.1,4,1,41,2,0,1,0,0,33,20,35,28,5,5,17
18,"F",9.1,4,1,43,2,0,1,0,0,33,20,35,28,5,5,17
18,"F",9.1,4,1,44,2,0,0,1,0,33,20,35,28,5,5,17
18,"F",9.1,4,1,45,2,0,1,0,0,33,20,35,28,5,5,17
18,"F",9.1,4,1,46,2,0,1,0,0,33,20,35,28,5,5,17
18,"F",9.1,4,1,51,2,0,0,0,1,33,20,35,28,5,5,17
18,"F",9.1,4,1,55,2,0,0,1,0,33,20,35,28,5,5,17
18,"F",9.1,4,1,56,2,0,1,0,0,33,20,35,28,5,5,17
18,"F",9.1,4,1,58,2,0,1,0,0,33,20,35,28,5,5,17
18,"F",9.1,4,1,59,2,0,1,0,0,33,20,35,28,5,5,17
19,"M",9.5,4,1,2,1,0,NA,NA,NA,15,22,21,27,7,10,6
19,"M",9.5,4,1,3,1,0,NA,NA,NA,15,22,21,27,7,10,6
19,"M",9.5,4,1,5,1,1,NA,NA,NA,15,22,21,27,7,10,6
19,"M",9.5,4,1,6,1,0,NA,NA,NA,15,22,21,27,7,10,6
19,"M",9.5,4,1,7,1,1,NA,NA,NA,15,22,21,27,7,10,6
19,"M",9.5,4,1,10,1,0,NA,NA,NA,15,22,21,27,7,10,6
19,"M",9.5,4,1,13,1,0,NA,NA,NA,15,22,21,27,7,10,6
19,"M",9.5,4,1,16,1,0,NA,NA,NA,15,22,21,27,7,10,6
19,"M",9.5,4,1,17,1,0,NA,NA,NA,15,22,21,27,7,10,6
19,"M",9.5,4,1,19,1,0,NA,NA,NA,15,22,21,27,7,10,6
19,"M",9.5,4,1,22,1,0,NA,NA,NA,15,22,21,27,7,10,6
19,"M",9.5,4,1,24,1,0,NA,NA,NA,15,22,21,27,7,10,6
19,"M",9.5,4,1,26,1,0,NA,NA,NA,15,22,21,27,7,10,6
19,"M",9.5,4,1,27,1,0,NA,NA,NA,15,22,21,27,7,10,6
19,"M",9.5,4,1,28,1,0,NA,NA,NA,15,22,21,27,7,10,6
19,"M",9.5,4,1,30,1,0,NA,NA,NA,15,22,21,27,7,10,6
19,"M",9.5,4,1,31,1,0,NA,NA,NA,15,22,21,27,7,10,6
19,"M",9.5,4,1,32,1,0,NA,NA,NA,15,22,21,27,7,10,6
19,"M",9.5,4,1,33,1,0,NA,NA,NA,15,22,21,27,7,10,6
19,"M",9.5,4,1,37,1,1,NA,NA,NA,15,22,21,27,7,10,6
19,"M",9.5,4,1,39,1,1,NA,NA,NA,15,22,21,27,7,10,6
19,"M",9.5,4,1,42,1,0,NA,NA,NA,15,22,21,27,7,10,6
19,"M",9.5,4,1,45,1,0,NA,NA,NA,15,22,21,27,7,10,6
19,"M",9.5,4,1,46,1,0,NA,NA,NA,15,22,21,27,7,10,6
19,"M",9.5,4,1,51,1,0,NA,NA,NA,15,22,21,27,7,10,6
19,"M",9.5,4,1,53,1,1,NA,NA,NA,15,22,21,27,7,10,6
19,"M",9.5,4,1,55,1,0,NA,NA,NA,15,22,21,27,7,10,6
19,"M",9.5,4,1,57,1,0,NA,NA,NA,15,22,21,27,7,10,6
19,"M",9.5,4,1,58,1,1,NA,NA,NA,15,22,21,27,7,10,6
19,"M",9.5,4,1,60,1,0,NA,NA,NA,15,22,21,27,7,10,6
19,"M",9.5,4,1,1,2,0,1,0,0,15,22,21,27,7,10,6
19,"M",9.5,4,1,4,2,0,0,0,1,15,22,21,27,7,10,6
19,"M",9.5,4,1,8,2,0,0,0,1,15,22,21,27,7,10,6
19,"M",9.5,4,1,9,2,0,0,0,1,15,22,21,27,7,10,6
19,"M",9.5,4,1,11,2,0,0,1,0,15,22,21,27,7,10,6
19,"M",9.5,4,1,12,2,0,0,1,0,15,22,21,27,7,10,6
19,"M",9.5,4,1,14,2,0,0,0,1,15,22,21,27,7,10,6
19,"M",9.5,4,1,15,2,0,0,0,1,15,22,21,27,7,10,6
19,"M",9.5,4,1,18,2,0,0,0,1,15,22,21,27,7,10,6
19,"M",9.5,4,1,20,2,0,1,0,0,15,22,21,27,7,10,6
19,"M",9.5,4,1,21,2,0,0,0,1,15,22,21,27,7,10,6
19,"M",9.5,4,1,23,2,0,0,0,1,15,22,21,27,7,10,6
19,"M",9.5,4,1,25,2,1,0,0,1,15,22,21,27,7,10,6
19,"M",9.5,4,1,29,2,0,0,0,1,15,22,21,27,7,10,6
19,"M",9.5,4,1,34,2,0,0,0,1,15,22,21,27,7,10,6
19,"M",9.5,4,1,35,2,0,0,0,1,15,22,21,27,7,10,6
19,"M",9.5,4,1,36,2,0,0,0,1,15,22,21,27,7,10,6
19,"M",9.5,4,1,38,2,0,0,0,1,15,22,21,27,7,10,6
19,"M",9.5,4,1,40,2,0,0,0,1,15,22,21,27,7,10,6
19,"M",9.5,4,1,41,2,0,0,0,1,15,22,21,27,7,10,6
19,"M",9.5,4,1,43,2,1,0,0,1,15,22,21,27,7,10,6
19,"M",9.5,4,1,44,2,0,0,0,1,15,22,21,27,7,10,6
19,"M",9.5,4,1,47,2,1,0,0,1,15,22,21,27,7,10,6
19,"M",9.5,4,1,48,2,0,0,0,1,15,22,21,27,7,10,6
19,"M",9.5,4,1,49,2,1,0,0,1,15,22,21,27,7,10,6
19,"M",9.5,4,1,50,2,0,0,0,1,15,22,21,27,7,10,6
19,"M",9.5,4,1,52,2,0,0,0,1,15,22,21,27,7,10,6
19,"M",9.5,4,1,54,2,0,0,0,1,15,22,21,27,7,10,6
19,"M",9.5,4,1,56,2,1,0,0,1,15,22,21,27,7,10,6
19,"M",9.5,4,1,59,2,1,0,0,1,15,22,21,27,7,10,6
20,"M",9.6,4,1,2,1,1,NA,NA,NA,42,21,33,30,11,11,19
20,"M",9.6,4,1,3,1,1,NA,NA,NA,42,21,33,30,11,11,19
20,"M",9.6,4,1,4,1,1,NA,NA,NA,42,21,33,30,11,11,19
20,"M",9.6,4,1,7,1,1,NA,NA,NA,42,21,33,30,11,11,19
20,"M",9.6,4,1,9,1,1,NA,NA,NA,42,21,33,30,11,11,19
20,"M",9.6,4,1,10,1,1,NA,NA,NA,42,21,33,30,11,11,19
20,"M",9.6,4,1,12,1,1,NA,NA,NA,42,21,33,30,11,11,19
20,"M",9.6,4,1,13,1,0,NA,NA,NA,42,21,33,30,11,11,19
20,"M",9.6,4,1,14,1,1,NA,NA,NA,42,21,33,30,11,11,19
20,"M",9.6,4,1,15,1,1,NA,NA,NA,42,21,33,30,11,11,19
20,"M",9.6,4,1,16,1,0,NA,NA,NA,42,21,33,30,11,11,19
20,"M",9.6,4,1,17,1,1,NA,NA,NA,42,21,33,30,11,11,19
20,"M",9.6,4,1,18,1,0,NA,NA,NA,42,21,33,30,11,11,19
20,"M",9.6,4,1,20,1,0,NA,NA,NA,42,21,33,30,11,11,19
20,"M",9.6,4,1,21,1,1,NA,NA,NA,42,21,33,30,11,11,19
20,"M",9.6,4,1,23,1,1,NA,NA,NA,42,21,33,30,11,11,19
20,"M",9.6,4,1,25,1,1,NA,NA,NA,42,21,33,30,11,11,19
20,"M",9.6,4,1,27,1,0,NA,NA,NA,42,21,33,30,11,11,19
20,"M",9.6,4,1,31,1,0,NA,NA,NA,42,21,33,30,11,11,19
20,"M",9.6,4,1,35,1,0,NA,NA,NA,42,21,33,30,11,11,19
20,"M",9.6,4,1,37,1,0,NA,NA,NA,42,21,33,30,11,11,19
20,"M",9.6,4,1,38,1,0,NA,NA,NA,42,21,33,30,11,11,19
20,"M",9.6,4,1,40,1,1,NA,NA,NA,42,21,33,30,11,11,19
20,"M",9.6,4,1,41,1,0,NA,NA,NA,42,21,33,30,11,11,19
20,"M",9.6,4,1,43,1,1,NA,NA,NA,42,21,33,30,11,11,19
20,"M",9.6,4,1,44,1,1,NA,NA,NA,42,21,33,30,11,11,19
20,"M",9.6,4,1,51,1,1,NA,NA,NA,42,21,33,30,11,11,19
20,"M",9.6,4,1,53,1,1,NA,NA,NA,42,21,33,30,11,11,19
20,"M",9.6,4,1,56,1,1,NA,NA,NA,42,21,33,30,11,11,19
20,"M",9.6,4,1,60,1,0,NA,NA,NA,42,21,33,30,11,11,19
20,"M",9.6,4,1,1,2,0,1,0,0,42,21,33,30,11,11,19
20,"M",9.6,4,1,5,2,1,0,1,0,42,21,33,30,11,11,19
20,"M",9.6,4,1,6,2,0,0,0,1,42,21,33,30,11,11,19
20,"M",9.6,4,1,8,2,0,1,0,0,42,21,33,30,11,11,19
20,"M",9.6,4,1,11,2,1,0,1,0,42,21,33,30,11,11,19
20,"M",9.6,4,1,19,2,0,1,0,0,42,21,33,30,11,11,19
20,"M",9.6,4,1,22,2,0,1,0,0,42,21,33,30,11,11,19
20,"M",9.6,4,1,24,2,1,0,0,1,42,21,33,30,11,11,19
20,"M",9.6,4,1,26,2,0,1,0,0,42,21,33,30,11,11,19
20,"M",9.6,4,1,28,2,1,0,0,1,42,21,33,30,11,11,19
20,"M",9.6,4,1,29,2,1,0,1,0,42,21,33,30,11,11,19
20,"M",9.6,4,1,30,2,1,0,1,0,42,21,33,30,11,11,19
20,"M",9.6,4,1,32,2,0,1,0,0,42,21,33,30,11,11,19
20,"M",9.6,4,1,33,2,1,0,1,0,42,21,33,30,11,11,19
20,"M",9.6,4,1,34,2,0,0,1,0,42,21,33,30,11,11,19
20,"M",9.6,4,1,36,2,0,1,0,0,42,21,33,30,11,11,19
20,"M",9.6,4,1,39,2,0,1,0,0,42,21,33,30,11,11,19
20,"M",9.6,4,1,42,2,0,1,0,0,42,21,33,30,11,11,19
20,"M",9.6,4,1,45,2,0,1,0,0,42,21,33,30,11,11,19
20,"M",9.6,4,1,46,2,1,0,1,0,42,21,33,30,11,11,19
20,"M",9.6,4,1,47,2,1,0,1,0,42,21,33,30,11,11,19
20,"M",9.6,4,1,48,2,0,1,0,0,42,21,33,30,11,11,19
20,"M",9.6,4,1,49,2,0,1,0,0,42,21,33,30,11,11,19
20,"M",9.6,4,1,50,2,0,1,0,0,42,21,33,30,11,11,19
20,"M",9.6,4,1,52,2,0,1,0,0,42,21,33,30,11,11,19
20,"M",9.6,4,1,54,2,1,0,1,0,42,21,33,30,11,11,19
20,"M",9.6,4,1,55,2,0,1,0,0,42,21,33,30,11,11,19
20,"M",9.6,4,1,57,2,0,1,0,0,42,21,33,30,11,11,19
20,"M",9.6,4,1,58,2,1,0,1,0,42,21,33,30,11,11,19
20,"M",9.6,4,1,59,2,0,1,0,0,42,21,33,30,11,11,19
21,"M",9.9,4,2,4,1,0,NA,NA,NA,14,12,30,21,7,6,13
21,"M",9.9,4,2,5,1,0,NA,NA,NA,14,12,30,21,7,6,13
21,"M",9.9,4,2,7,1,1,NA,NA,NA,14,12,30,21,7,6,13
21,"M",9.9,4,2,9,1,0,NA,NA,NA,14,12,30,21,7,6,13
21,"M",9.9,4,2,10,1,1,NA,NA,NA,14,12,30,21,7,6,13
21,"M",9.9,4,2,11,1,1,NA,NA,NA,14,12,30,21,7,6,13
21,"M",9.9,4,2,13,1,0,NA,NA,NA,14,12,30,21,7,6,13
21,"M",9.9,4,2,16,1,0,NA,NA,NA,14,12,30,21,7,6,13
21,"M",9.9,4,2,17,1,1,NA,NA,NA,14,12,30,21,7,6,13
21,"M",9.9,4,2,19,1,1,NA,NA,NA,14,12,30,21,7,6,13
21,"M",9.9,4,2,25,1,1,NA,NA,NA,14,12,30,21,7,6,13
21,"M",9.9,4,2,26,1,0,NA,NA,NA,14,12,30,21,7,6,13
21,"M",9.9,4,2,27,1,0,NA,NA,NA,14,12,30,21,7,6,13
21,"M",9.9,4,2,30,1,0,NA,NA,NA,14,12,30,21,7,6,13
21,"M",9.9,4,2,32,1,0,NA,NA,NA,14,12,30,21,7,6,13
21,"M",9.9,4,2,33,1,1,NA,NA,NA,14,12,30,21,7,6,13
21,"M",9.9,4,2,34,1,0,NA,NA,NA,14,12,30,21,7,6,13
21,"M",9.9,4,2,37,1,0,NA,NA,NA,14,12,30,21,7,6,13
21,"M",9.9,4,2,39,1,1,NA,NA,NA,14,12,30,21,7,6,13
21,"M",9.9,4,2,41,1,0,NA,NA,NA,14,12,30,21,7,6,13
21,"M",9.9,4,2,42,1,1,NA,NA,NA,14,12,30,21,7,6,13
21,"M",9.9,4,2,44,1,1,NA,NA,NA,14,12,30,21,7,6,13
21,"M",9.9,4,2,47,1,1,NA,NA,NA,14,12,30,21,7,6,13
21,"M",9.9,4,2,49,1,0,NA,NA,NA,14,12,30,21,7,6,13
21,"M",9.9,4,2,52,1,0,NA,NA,NA,14,12,30,21,7,6,13
21,"M",9.9,4,2,53,1,0,NA,NA,NA,14,12,30,21,7,6,13
21,"M",9.9,4,2,56,1,1,NA,NA,NA,14,12,30,21,7,6,13
21,"M",9.9,4,2,57,1,1,NA,NA,NA,14,12,30,21,7,6,13
21,"M",9.9,4,2,58,1,0,NA,NA,NA,14,12,30,21,7,6,13
21,"M",9.9,4,2,59,1,0,NA,NA,NA,14,12,30,21,7,6,13
21,"M",9.9,4,2,1,2,0,1,0,0,14,12,30,21,7,6,13
21,"M",9.9,4,2,2,2,0,0,0,1,14,12,30,21,7,6,13
21,"M",9.9,4,2,3,2,1,0,0,1,14,12,30,21,7,6,13
21,"M",9.9,4,2,6,2,0,0,0,1,14,12,30,21,7,6,13
21,"M",9.9,4,2,8,2,0,1,0,0,14,12,30,21,7,6,13
21,"M",9.9,4,2,12,2,0,0,0,1,14,12,30,21,7,6,13
21,"M",9.9,4,2,14,2,0,0,0,1,14,12,30,21,7,6,13
21,"M",9.9,4,2,15,2,1,0,0,1,14,12,30,21,7,6,13
21,"M",9.9,4,2,18,2,0,1,0,0,14,12,30,21,7,6,13
21,"M",9.9,4,2,20,2,0,0,0,1,14,12,30,21,7,6,13
21,"M",9.9,4,2,21,2,0,0,0,1,14,12,30,21,7,6,13
21,"M",9.9,4,2,22,2,0,1,0,0,14,12,30,21,7,6,13
21,"M",9.9,4,2,23,2,0,0,0,1,14,12,30,21,7,6,13
21,"M",9.9,4,2,24,2,0,1,0,0,14,12,30,21,7,6,13
21,"M",9.9,4,2,28,2,0,0,0,1,14,12,30,21,7,6,13
21,"M",9.9,4,2,29,2,1,0,0,1,14,12,30,21,7,6,13
21,"M",9.9,4,2,31,2,0,0,0,1,14,12,30,21,7,6,13
21,"M",9.9,4,2,35,2,0,1,0,0,14,12,30,21,7,6,13
21,"M",9.9,4,2,36,2,0,1,0,0,14,12,30,21,7,6,13
21,"M",9.9,4,2,38,2,0,0,0,1,14,12,30,21,7,6,13
21,"M",9.9,4,2,40,2,0,1,0,0,14,12,30,21,7,6,13
21,"M",9.9,4,2,43,2,1,0,0,1,14,12,30,21,7,6,13
21,"M",9.9,4,2,45,2,1,0,0,1,14,12,30,21,7,6,13
21,"M",9.9,4,2,46,2,0,1,0,0,14,12,30,21,7,6,13
21,"M",9.9,4,2,48,2,1,0,0,1,14,12,30,21,7,6,13
21,"M",9.9,4,2,50,2,0,1,0,0,14,12,30,21,7,6,13
21,"M",9.9,4,2,51,2,0,0,0,1,14,12,30,21,7,6,13
21,"M",9.9,4,2,54,2,0,0,0,1,14,12,30,21,7,6,13
21,"M",9.9,4,2,55,2,0,1,0,0,14,12,30,21,7,6,13
21,"M",9.9,4,2,60,2,0,0,0,1,14,12,30,21,7,6,13
22,"M",9.1,4,2,2,1,1,NA,NA,NA,14,21,14,25,7,10,16
22,"M",9.1,4,2,5,1,1,NA,NA,NA,14,21,14,25,7,10,16
22,"M",9.1,4,2,6,1,0,NA,NA,NA,14,21,14,25,7,10,16
22,"M",9.1,4,2,9,1,0,NA,NA,NA,14,21,14,25,7,10,16
22,"M",9.1,4,2,10,1,1,NA,NA,NA,14,21,14,25,7,10,16
22,"M",9.1,4,2,12,1,0,NA,NA,NA,14,21,14,25,7,10,16
22,"M",9.1,4,2,13,1,0,NA,NA,NA,14,21,14,25,7,10,16
22,"M",9.1,4,2,15,1,0,NA,NA,NA,14,21,14,25,7,10,16
22,"M",9.1,4,2,22,1,1,NA,NA,NA,14,21,14,25,7,10,16
22,"M",9.1,4,2,23,1,1,NA,NA,NA,14,21,14,25,7,10,16
22,"M",9.1,4,2,24,1,0,NA,NA,NA,14,21,14,25,7,10,16
22,"M",9.1,4,2,26,1,0,NA,NA,NA,14,21,14,25,7,10,16
22,"M",9.1,4,2,27,1,1,NA,NA,NA,14,21,14,25,7,10,16
22,"M",9.1,4,2,30,1,0,NA,NA,NA,14,21,14,25,7,10,16
22,"M",9.1,4,2,34,1,0,NA,NA,NA,14,21,14,25,7,10,16
22,"M",9.1,4,2,37,1,0,NA,NA,NA,14,21,14,25,7,10,16
22,"M",9.1,4,2,38,1,0,NA,NA,NA,14,21,14,25,7,10,16
22,"M",9.1,4,2,39,1,1,NA,NA,NA,14,21,14,25,7,10,16
22,"M",9.1,4,2,42,1,1,NA,NA,NA,14,21,14,25,7,10,16
22,"M",9.1,4,2,44,1,0,NA,NA,NA,14,21,14,25,7,10,16
22,"M",9.1,4,2,45,1,1,NA,NA,NA,14,21,14,25,7,10,16
22,"M",9.1,4,2,46,1,1,NA,NA,NA,14,21,14,25,7,10,16
22,"M",9.1,4,2,50,1,1,NA,NA,NA,14,21,14,25,7,10,16
22,"M",9.1,4,2,51,1,0,NA,NA,NA,14,21,14,25,7,10,16
22,"M",9.1,4,2,53,1,0,NA,NA,NA,14,21,14,25,7,10,16
22,"M",9.1,4,2,54,1,1,NA,NA,NA,14,21,14,25,7,10,16
22,"M",9.1,4,2,55,1,1,NA,NA,NA,14,21,14,25,7,10,16
22,"M",9.1,4,2,56,1,1,NA,NA,NA,14,21,14,25,7,10,16
22,"M",9.1,4,2,57,1,1,NA,NA,NA,14,21,14,25,7,10,16
22,"M",9.1,4,2,59,1,1,NA,NA,NA,14,21,14,25,7,10,16
22,"M",9.1,4,2,1,2,1,0,1,0,14,21,14,25,7,10,16
22,"M",9.1,4,2,3,2,0,0,1,0,14,21,14,25,7,10,16
22,"M",9.1,4,2,4,2,0,0,0,1,14,21,14,25,7,10,16
22,"M",9.1,4,2,7,2,1,0,1,0,14,21,14,25,7,10,16
22,"M",9.1,4,2,8,2,1,0,0,1,14,21,14,25,7,10,16
22,"M",9.1,4,2,11,2,1,0,0,1,14,21,14,25,7,10,16
22,"M",9.1,4,2,14,2,0,0,0,1,14,21,14,25,7,10,16
22,"M",9.1,4,2,16,2,0,0,0,1,14,21,14,25,7,10,16
22,"M",9.1,4,2,17,2,1,0,1,0,14,21,14,25,7,10,16
22,"M",9.1,4,2,18,2,0,0,1,0,14,21,14,25,7,10,16
22,"M",9.1,4,2,19,2,1,0,0,1,14,21,14,25,7,10,16
22,"M",9.1,4,2,20,2,1,0,0,1,14,21,14,25,7,10,16
22,"M",9.1,4,2,21,2,1,0,1,0,14,21,14,25,7,10,16
22,"M",9.1,4,2,25,2,1,0,0,1,14,21,14,25,7,10,16
22,"M",9.1,4,2,28,2,1,0,0,1,14,21,14,25,7,10,16
22,"M",9.1,4,2,29,2,1,0,0,1,14,21,14,25,7,10,16
22,"M",9.1,4,2,31,2,0,0,0,1,14,21,14,25,7,10,16
22,"M",9.1,4,2,32,2,1,0,1,0,14,21,14,25,7,10,16
22,"M",9.1,4,2,33,2,1,0,1,0,14,21,14,25,7,10,16
22,"M",9.1,4,2,35,2,1,0,1,0,14,21,14,25,7,10,16
22,"M",9.1,4,2,36,2,1,0,1,0,14,21,14,25,7,10,16
22,"M",9.1,4,2,40,2,0,0,1,0,14,21,14,25,7,10,16
22,"M",9.1,4,2,41,2,0,0,0,1,14,21,14,25,7,10,16
22,"M",9.1,4,2,43,2,1,0,0,1,14,21,14,25,7,10,16
22,"M",9.1,4,2,47,2,1,0,0,1,14,21,14,25,7,10,16
22,"M",9.1,4,2,48,2,0,0,0,1,14,21,14,25,7,10,16
22,"M",9.1,4,2,49,2,1,0,0,1,14,21,14,25,7,10,16
22,"M",9.1,4,2,52,2,1,0,0,1,14,21,14,25,7,10,16
22,"M",9.1,4,2,58,2,0,0,0,1,14,21,14,25,7,10,16
22,"M",9.1,4,2,60,2,0,0,0,1,14,21,14,25,7,10,16
23,"M",10,4,2,1,1,1,NA,NA,NA,38,12,36,17,7,6,15
23,"M",10,4,2,2,1,0,NA,NA,NA,38,12,36,17,7,6,15
23,"M",10,4,2,3,1,1,NA,NA,NA,38,12,36,17,7,6,15
23,"M",10,4,2,5,1,0,NA,NA,NA,38,12,36,17,7,6,15
23,"M",10,4,2,6,1,1,NA,NA,NA,38,12,36,17,7,6,15
23,"M",10,4,2,7,1,1,NA,NA,NA,38,12,36,17,7,6,15
23,"M",10,4,2,10,1,1,NA,NA,NA,38,12,36,17,7,6,15
23,"M",10,4,2,12,1,1,NA,NA,NA,38,12,36,17,7,6,15
23,"M",10,4,2,14,1,0,NA,NA,NA,38,12,36,17,7,6,15
23,"M",10,4,2,19,1,0,NA,NA,NA,38,12,36,17,7,6,15
23,"M",10,4,2,23,1,1,NA,NA,NA,38,12,36,17,7,6,15
23,"M",10,4,2,24,1,0,NA,NA,NA,38,12,36,17,7,6,15
23,"M",10,4,2,27,1,0,NA,NA,NA,38,12,36,17,7,6,15
23,"M",10,4,2,28,1,1,NA,NA,NA,38,12,36,17,7,6,15
23,"M",10,4,2,29,1,0,NA,NA,NA,38,12,36,17,7,6,15
23,"M",10,4,2,30,1,0,NA,NA,NA,38,12,36,17,7,6,15
23,"M",10,4,2,31,1,0,NA,NA,NA,38,12,36,17,7,6,15
23,"M",10,4,2,33,1,0,NA,NA,NA,38,12,36,17,7,6,15
23,"M",10,4,2,35,1,0,NA,NA,NA,38,12,36,17,7,6,15
23,"M",10,4,2,36,1,1,NA,NA,NA,38,12,36,17,7,6,15
23,"M",10,4,2,39,1,1,NA,NA,NA,38,12,36,17,7,6,15
23,"M",10,4,2,42,1,1,NA,NA,NA,38,12,36,17,7,6,15
23,"M",10,4,2,43,1,1,NA,NA,NA,38,12,36,17,7,6,15
23,"M",10,4,2,45,1,1,NA,NA,NA,38,12,36,17,7,6,15
23,"M",10,4,2,49,1,1,NA,NA,NA,38,12,36,17,7,6,15
23,"M",10,4,2,51,1,0,NA,NA,NA,38,12,36,17,7,6,15
23,"M",10,4,2,52,1,1,NA,NA,NA,38,12,36,17,7,6,15
23,"M",10,4,2,55,1,0,NA,NA,NA,38,12,36,17,7,6,15
23,"M",10,4,2,57,1,0,NA,NA,NA,38,12,36,17,7,6,15
23,"M",10,4,2,60,1,0,NA,NA,NA,38,12,36,17,7,6,15
23,"M",10,4,2,4,2,0,1,0,0,38,12,36,17,7,6,15
23,"M",10,4,2,8,2,0,1,0,0,38,12,36,17,7,6,15
23,"M",10,4,2,9,2,1,0,1,0,38,12,36,17,7,6,15
23,"M",10,4,2,11,2,1,0,1,0,38,12,36,17,7,6,15
23,"M",10,4,2,13,2,0,0,1,0,38,12,36,17,7,6,15
23,"M",10,4,2,15,2,1,0,1,0,38,12,36,17,7,6,15
23,"M",10,4,2,16,2,0,0,1,0,38,12,36,17,7,6,15
23,"M",10,4,2,17,2,0,1,0,0,38,12,36,17,7,6,15
23,"M",10,4,2,18,2,0,1,0,0,38,12,36,17,7,6,15
23,"M",10,4,2,20,2,0,1,0,0,38,12,36,17,7,6,15
23,"M",10,4,2,21,2,0,1,0,0,38,12,36,17,7,6,15
23,"M",10,4,2,22,2,0,1,0,0,38,12,36,17,7,6,15
23,"M",10,4,2,25,2,0,1,0,0,38,12,36,17,7,6,15
23,"M",10,4,2,26,2,0,1,0,0,38,12,36,17,7,6,15
23,"M",10,4,2,32,2,0,1,0,0,38,12,36,17,7,6,15
23,"M",10,4,2,34,2,0,0,1,0,38,12,36,17,7,6,15
23,"M",10,4,2,37,2,1,0,1,0,38,12,36,17,7,6,15
23,"M",10,4,2,38,2,0,0,0,1,38,12,36,17,7,6,15
23,"M",10,4,2,40,2,0,1,0,0,38,12,36,17,7,6,15
23,"M",10,4,2,41,2,0,1,0,0,38,12,36,17,7,6,15
23,"M",10,4,2,44,2,0,1,0,0,38,12,36,17,7,6,15
23,"M",10,4,2,46,2,0,1,0,0,38,12,36,17,7,6,15
23,"M",10,4,2,47,2,1,0,0,1,38,12,36,17,7,6,15
23,"M",10,4,2,48,2,0,1,0,0,38,12,36,17,7,6,15
23,"M",10,4,2,50,2,0,1,0,0,38,12,36,17,7,6,15
23,"M",10,4,2,53,2,0,1,0,0,38,12,36,17,7,6,15
23,"M",10,4,2,54,2,0,1,0,0,38,12,36,17,7,6,15
23,"M",10,4,2,56,2,0,1,0,0,38,12,36,17,7,6,15
23,"M",10,4,2,58,2,0,1,0,0,38,12,36,17,7,6,15
23,"M",10,4,2,59,2,0,1,0,0,38,12,36,17,7,6,15
24,"F",9.9,4,2,1,1,1,NA,NA,NA,36,17,17,28,8,9,12
24,"F",9.9,4,2,5,1,1,NA,NA,NA,36,17,17,28,8,9,12
24,"F",9.9,4,2,7,1,1,NA,NA,NA,36,17,17,28,8,9,12
24,"F",9.9,4,2,9,1,0,NA,NA,NA,36,17,17,28,8,9,12
24,"F",9.9,4,2,10,1,0,NA,NA,NA,36,17,17,28,8,9,12
24,"F",9.9,4,2,12,1,0,NA,NA,NA,36,17,17,28,8,9,12
24,"F",9.9,4,2,14,1,1,NA,NA,NA,36,17,17,28,8,9,12
24,"F",9.9,4,2,16,1,0,NA,NA,NA,36,17,17,28,8,9,12
24,"F",9.9,4,2,17,1,0,NA,NA,NA,36,17,17,28,8,9,12
24,"F",9.9,4,2,19,1,1,NA,NA,NA,36,17,17,28,8,9,12
24,"F",9.9,4,2,23,1,1,NA,NA,NA,36,17,17,28,8,9,12
24,"F",9.9,4,2,25,1,0,NA,NA,NA,36,17,17,28,8,9,12
24,"F",9.9,4,2,29,1,0,NA,NA,NA,36,17,17,28,8,9,12
24,"F",9.9,4,2,30,1,1,NA,NA,NA,36,17,17,28,8,9,12
24,"F",9.9,4,2,32,1,0,NA,NA,NA,36,17,17,28,8,9,12
24,"F",9.9,4,2,33,1,0,NA,NA,NA,36,17,17,28,8,9,12
24,"F",9.9,4,2,34,1,1,NA,NA,NA,36,17,17,28,8,9,12
24,"F",9.9,4,2,39,1,0,NA,NA,NA,36,17,17,28,8,9,12
24,"F",9.9,4,2,40,1,0,NA,NA,NA,36,17,17,28,8,9,12
24,"F",9.9,4,2,41,1,1,NA,NA,NA,36,17,17,28,8,9,12
24,"F",9.9,4,2,43,1,1,NA,NA,NA,36,17,17,28,8,9,12
24,"F",9.9,4,2,44,1,0,NA,NA,NA,36,17,17,28,8,9,12
24,"F",9.9,4,2,45,1,0,NA,NA,NA,36,17,17,28,8,9,12
24,"F",9.9,4,2,46,1,0,NA,NA,NA,36,17,17,28,8,9,12
24,"F",9.9,4,2,48,1,0,NA,NA,NA,36,17,17,28,8,9,12
24,"F",9.9,4,2,49,1,0,NA,NA,NA,36,17,17,28,8,9,12
24,"F",9.9,4,2,51,1,1,NA,NA,NA,36,17,17,28,8,9,12
24,"F",9.9,4,2,52,1,0,NA,NA,NA,36,17,17,28,8,9,12
24,"F",9.9,4,2,57,1,1,NA,NA,NA,36,17,17,28,8,9,12
24,"F",9.9,4,2,60,1,0,NA,NA,NA,36,17,17,28,8,9,12
24,"F",9.9,4,2,2,2,0,0,1,0,36,17,17,28,8,9,12
24,"F",9.9,4,2,3,2,0,0,1,0,36,17,17,28,8,9,12
24,"F",9.9,4,2,4,2,0,0,1,0,36,17,17,28,8,9,12
24,"F",9.9,4,2,6,2,0,0,1,0,36,17,17,28,8,9,12
24,"F",9.9,4,2,8,2,0,0,1,0,36,17,17,28,8,9,12
24,"F",9.9,4,2,11,2,1,0,1,0,36,17,17,28,8,9,12
24,"F",9.9,4,2,13,2,0,0,1,0,36,17,17,28,8,9,12
24,"F",9.9,4,2,15,2,0,0,0,1,36,17,17,28,8,9,12
24,"F",9.9,4,2,18,2,0,0,1,0,36,17,17,28,8,9,12
24,"F",9.9,4,2,20,2,0,0,1,0,36,17,17,28,8,9,12
24,"F",9.9,4,2,21,2,0,1,0,0,36,17,17,28,8,9,12
24,"F",9.9,4,2,22,2,0,0,1,0,36,17,17,28,8,9,12
24,"F",9.9,4,2,24,2,0,0,1,0,36,17,17,28,8,9,12
24,"F",9.9,4,2,26,2,1,0,1,0,36,17,17,28,8,9,12
24,"F",9.9,4,2,27,2,0,0,0,1,36,17,17,28,8,9,12
24,"F",9.9,4,2,28,2,0,0,1,0,36,17,17,28,8,9,12
24,"F",9.9,4,2,31,2,1,0,1,0,36,17,17,28,8,9,12
24,"F",9.9,4,2,35,2,0,0,0,1,36,17,17,28,8,9,12
24,"F",9.9,4,2,36,2,1,0,1,0,36,17,17,28,8,9,12
24,"F",9.9,4,2,37,2,0,0,1,0,36,17,17,28,8,9,12
24,"F",9.9,4,2,38,2,0,0,1,0,36,17,17,28,8,9,12
24,"F",9.9,4,2,42,2,0,0,1,0,36,17,17,28,8,9,12
24,"F",9.9,4,2,47,2,1,0,1,0,36,17,17,28,8,9,12
24,"F",9.9,4,2,50,2,0,1,0,0,36,17,17,28,8,9,12
24,"F",9.9,4,2,53,2,0,1,0,0,36,17,17,28,8,9,12
24,"F",9.9,4,2,54,2,0,0,0,1,36,17,17,28,8,9,12
24,"F",9.9,4,2,55,2,0,0,1,0,36,17,17,28,8,9,12
24,"F",9.9,4,2,56,2,1,0,1,0,36,17,17,28,8,9,12
24,"F",9.9,4,2,58,2,1,0,1,0,36,17,17,28,8,9,12
24,"F",9.9,4,2,59,2,1,0,0,1,36,17,17,28,8,9,12
25,"M",9.1,4,2,2,1,1,NA,NA,NA,30,7,25,21,11,6,22
25,"M",9.1,4,2,3,1,1,NA,NA,NA,30,7,25,21,11,6,22
25,"M",9.1,4,2,4,1,1,NA,NA,NA,30,7,25,21,11,6,22
25,"M",9.1,4,2,5,1,1,NA,NA,NA,30,7,25,21,11,6,22
25,"M",9.1,4,2,6,1,1,NA,NA,NA,30,7,25,21,11,6,22
25,"M",9.1,4,2,8,1,1,NA,NA,NA,30,7,25,21,11,6,22
25,"M",9.1,4,2,9,1,1,NA,NA,NA,30,7,25,21,11,6,22
25,"M",9.1,4,2,14,1,0,NA,NA,NA,30,7,25,21,11,6,22
25,"M",9.1,4,2,18,1,0,NA,NA,NA,30,7,25,21,11,6,22
25,"M",9.1,4,2,20,1,1,NA,NA,NA,30,7,25,21,11,6,22
25,"M",9.1,4,2,21,1,1,NA,NA,NA,30,7,25,21,11,6,22
25,"M",9.1,4,2,24,1,0,NA,NA,NA,30,7,25,21,11,6,22
25,"M",9.1,4,2,25,1,1,NA,NA,NA,30,7,25,21,11,6,22
25,"M",9.1,4,2,26,1,1,NA,NA,NA,30,7,25,21,11,6,22
25,"M",9.1,4,2,27,1,1,NA,NA,NA,30,7,25,21,11,6,22
25,"M",9.1,4,2,28,1,1,NA,NA,NA,30,7,25,21,11,6,22
25,"M",9.1,4,2,30,1,1,NA,NA,NA,30,7,25,21,11,6,22
25,"M",9.1,4,2,35,1,0,NA,NA,NA,30,7,25,21,11,6,22
25,"M",9.1,4,2,40,1,1,NA,NA,NA,30,7,25,21,11,6,22
25,"M",9.1,4,2,42,1,1,NA,NA,NA,30,7,25,21,11,6,22
25,"M",9.1,4,2,44,1,0,NA,NA,NA,30,7,25,21,11,6,22
25,"M",9.1,4,2,46,1,1,NA,NA,NA,30,7,25,21,11,6,22
25,"M",9.1,4,2,49,1,0,NA,NA,NA,30,7,25,21,11,6,22
25,"M",9.1,4,2,50,1,1,NA,NA,NA,30,7,25,21,11,6,22
25,"M",9.1,4,2,51,1,0,NA,NA,NA,30,7,25,21,11,6,22
25,"M",9.1,4,2,53,1,1,NA,NA,NA,30,7,25,21,11,6,22
25,"M",9.1,4,2,54,1,1,NA,NA,NA,30,7,25,21,11,6,22
25,"M",9.1,4,2,58,1,0,NA,NA,NA,30,7,25,21,11,6,22
25,"M",9.1,4,2,59,1,1,NA,NA,NA,30,7,25,21,11,6,22
25,"M",9.1,4,2,60,1,1,NA,NA,NA,30,7,25,21,11,6,22
25,"M",9.1,4,2,1,2,0,1,0,0,30,7,25,21,11,6,22
25,"M",9.1,4,2,7,2,1,0,0,1,30,7,25,21,11,6,22
25,"M",9.1,4,2,10,2,1,0,0,1,30,7,25,21,11,6,22
25,"M",9.1,4,2,11,2,1,0,1,0,30,7,25,21,11,6,22
25,"M",9.1,4,2,12,2,1,0,0,1,30,7,25,21,11,6,22
25,"M",9.1,4,2,13,2,0,1,0,0,30,7,25,21,11,6,22
25,"M",9.1,4,2,15,2,0,1,0,0,30,7,25,21,11,6,22
25,"M",9.1,4,2,16,2,0,1,0,0,30,7,25,21,11,6,22
25,"M",9.1,4,2,17,2,1,0,1,0,30,7,25,21,11,6,22
25,"M",9.1,4,2,19,2,0,1,0,0,30,7,25,21,11,6,22
25,"M",9.1,4,2,22,2,0,1,0,0,30,7,25,21,11,6,22
25,"M",9.1,4,2,23,2,1,0,1,0,30,7,25,21,11,6,22
25,"M",9.1,4,2,29,2,1,0,1,0,30,7,25,21,11,6,22
25,"M",9.1,4,2,31,2,0,1,0,0,30,7,25,21,11,6,22
25,"M",9.1,4,2,32,2,1,0,1,0,30,7,25,21,11,6,22
25,"M",9.1,4,2,33,2,0,1,0,0,30,7,25,21,11,6,22
25,"M",9.1,4,2,34,2,0,1,0,0,30,7,25,21,11,6,22
25,"M",9.1,4,2,36,2,1,0,0,1,30,7,25,21,11,6,22
25,"M",9.1,4,2,37,2,0,1,0,0,30,7,25,21,11,6,22
25,"M",9.1,4,2,38,2,1,0,1,0,30,7,25,21,11,6,22
25,"M",9.1,4,2,39,2,0,1,0,0,30,7,25,21,11,6,22
25,"M",9.1,4,2,41,2,0,1,0,0,30,7,25,21,11,6,22
25,"M",9.1,4,2,43,2,1,0,1,0,30,7,25,21,11,6,22
25,"M",9.1,4,2,45,2,1,0,0,1,30,7,25,21,11,6,22
25,"M",9.1,4,2,47,2,0,1,0,0,30,7,25,21,11,6,22
25,"M",9.1,4,2,48,2,0,0,0,1,30,7,25,21,11,6,22
25,"M",9.1,4,2,52,2,0,1,0,0,30,7,25,21,11,6,22
25,"M",9.1,4,2,55,2,0,1,0,0,30,7,25,21,11,6,22
25,"M",9.1,4,2,56,2,1,0,0,1,30,7,25,21,11,6,22
25,"M",9.1,4,2,57,2,0,1,0,0,30,7,25,21,11,6,22
26,"F",9.5,4,2,1,1,1,NA,NA,NA,16,17,35,17,5,9,7
26,"F",9.5,4,2,4,1,0,NA,NA,NA,16,17,35,17,5,9,7
26,"F",9.5,4,2,6,1,0,NA,NA,NA,16,17,35,17,5,9,7
26,"F",9.5,4,2,7,1,0,NA,NA,NA,16,17,35,17,5,9,7
26,"F",9.5,4,2,8,1,0,NA,NA,NA,16,17,35,17,5,9,7
26,"F",9.5,4,2,9,1,0,NA,NA,NA,16,17,35,17,5,9,7
26,"F",9.5,4,2,10,1,1,NA,NA,NA,16,17,35,17,5,9,7
26,"F",9.5,4,2,12,1,1,NA,NA,NA,16,17,35,17,5,9,7
26,"F",9.5,4,2,13,1,0,NA,NA,NA,16,17,35,17,5,9,7
26,"F",9.5,4,2,16,1,0,NA,NA,NA,16,17,35,17,5,9,7
26,"F",9.5,4,2,18,1,0,NA,NA,NA,16,17,35,17,5,9,7
26,"F",9.5,4,2,20,1,0,NA,NA,NA,16,17,35,17,5,9,7
26,"F",9.5,4,2,23,1,0,NA,NA,NA,16,17,35,17,5,9,7
26,"F",9.5,4,2,25,1,0,NA,NA,NA,16,17,35,17,5,9,7
26,"F",9.5,4,2,27,1,0,NA,NA,NA,16,17,35,17,5,9,7
26,"F",9.5,4,2,28,1,0,NA,NA,NA,16,17,35,17,5,9,7
26,"F",9.5,4,2,34,1,0,NA,NA,NA,16,17,35,17,5,9,7
26,"F",9.5,4,2,37,1,0,NA,NA,NA,16,17,35,17,5,9,7
26,"F",9.5,4,2,40,1,1,NA,NA,NA,16,17,35,17,5,9,7
26,"F",9.5,4,2,41,1,0,NA,NA,NA,16,17,35,17,5,9,7
26,"F",9.5,4,2,42,1,0,NA,NA,NA,16,17,35,17,5,9,7
26,"F",9.5,4,2,44,1,1,NA,NA,NA,16,17,35,17,5,9,7
26,"F",9.5,4,2,46,1,0,NA,NA,NA,16,17,35,17,5,9,7
26,"F",9.5,4,2,47,1,1,NA,NA,NA,16,17,35,17,5,9,7
26,"F",9.5,4,2,48,1,0,NA,NA,NA,16,17,35,17,5,9,7
26,"F",9.5,4,2,52,1,0,NA,NA,NA,16,17,35,17,5,9,7
26,"F",9.5,4,2,54,1,0,NA,NA,NA,16,17,35,17,5,9,7
26,"F",9.5,4,2,55,1,0,NA,NA,NA,16,17,35,17,5,9,7
26,"F",9.5,4,2,56,1,1,NA,NA,NA,16,17,35,17,5,9,7
26,"F",9.5,4,2,59,1,0,NA,NA,NA,16,17,35,17,5,9,7
26,"F",9.5,4,2,2,2,0,0,0,1,16,17,35,17,5,9,7
26,"F",9.5,4,2,3,2,0,1,0,0,16,17,35,17,5,9,7
26,"F",9.5,4,2,5,2,1,0,0,1,16,17,35,17,5,9,7
26,"F",9.5,4,2,11,2,1,0,0,1,16,17,35,17,5,9,7
26,"F",9.5,4,2,14,2,0,0,0,1,16,17,35,17,5,9,7
26,"F",9.5,4,2,15,2,0,1,0,0,16,17,35,17,5,9,7
26,"F",9.5,4,2,17,2,0,1,0,0,16,17,35,17,5,9,7
26,"F",9.5,4,2,19,2,0,1,0,0,16,17,35,17,5,9,7
26,"F",9.5,4,2,21,2,0,1,0,0,16,17,35,17,5,9,7
26,"F",9.5,4,2,22,2,0,1,0,0,16,17,35,17,5,9,7
26,"F",9.5,4,2,24,2,0,1,0,0,16,17,35,17,5,9,7
26,"F",9.5,4,2,26,2,0,0,1,0,16,17,35,17,5,9,7
26,"F",9.5,4,2,29,2,0,1,0,0,16,17,35,17,5,9,7
26,"F",9.5,4,2,30,2,0,1,0,0,16,17,35,17,5,9,7
26,"F",9.5,4,2,31,2,0,0,0,1,16,17,35,17,5,9,7
26,"F",9.5,4,2,32,2,0,0,0,1,16,17,35,17,5,9,7
26,"F",9.5,4,2,33,2,0,0,0,1,16,17,35,17,5,9,7
26,"F",9.5,4,2,35,2,0,0,0,1,16,17,35,17,5,9,7
26,"F",9.5,4,2,36,2,0,0,0,1,16,17,35,17,5,9,7
26,"F",9.5,4,2,38,2,0,0,0,1,16,17,35,17,5,9,7
26,"F",9.5,4,2,39,2,0,0,0,1,16,17,35,17,5,9,7
26,"F",9.5,4,2,43,2,0,1,0,0,16,17,35,17,5,9,7
26,"F",9.5,4,2,45,2,0,1,0,0,16,17,35,17,5,9,7
26,"F",9.5,4,2,49,2,0,0,0,1,16,17,35,17,5,9,7
26,"F",9.5,4,2,50,2,1,0,0,1,16,17,35,17,5,9,7
26,"F",9.5,4,2,51,2,0,0,1,0,16,17,35,17,5,9,7
26,"F",9.5,4,2,53,2,0,1,0,0,16,17,35,17,5,9,7
26,"F",9.5,4,2,57,2,0,0,0,1,16,17,35,17,5,9,7
26,"F",9.5,4,2,58,2,1,0,0,1,16,17,35,17,5,9,7
26,"F",9.5,4,2,60,2,0,1,0,0,16,17,35,17,5,9,7
27,"M",9.4,4,2,1,1,0,NA,NA,NA,21,22,26,27,8,4,19
27,"M",9.4,4,2,3,1,0,NA,NA,NA,21,22,26,27,8,4,19
27,"M",9.4,4,2,4,1,0,NA,NA,NA,21,22,26,27,8,4,19
27,"M",9.4,4,2,6,1,1,NA,NA,NA,21,22,26,27,8,4,19
27,"M",9.4,4,2,7,1,1,NA,NA,NA,21,22,26,27,8,4,19
27,"M",9.4,4,2,8,1,1,NA,NA,NA,21,22,26,27,8,4,19
27,"M",9.4,4,2,11,1,1,NA,NA,NA,21,22,26,27,8,4,19
27,"M",9.4,4,2,12,1,1,NA,NA,NA,21,22,26,27,8,4,19
27,"M",9.4,4,2,13,1,0,NA,NA,NA,21,22,26,27,8,4,19
27,"M",9.4,4,2,14,1,0,NA,NA,NA,21,22,26,27,8,4,19
27,"M",9.4,4,2,17,1,0,NA,NA,NA,21,22,26,27,8,4,19
27,"M",9.4,4,2,20,1,0,NA,NA,NA,21,22,26,27,8,4,19
27,"M",9.4,4,2,24,1,1,NA,NA,NA,21,22,26,27,8,4,19
27,"M",9.4,4,2,25,1,1,NA,NA,NA,21,22,26,27,8,4,19
27,"M",9.4,4,2,26,1,1,NA,NA,NA,21,22,26,27,8,4,19
27,"M",9.4,4,2,27,1,1,NA,NA,NA,21,22,26,27,8,4,19
27,"M",9.4,4,2,29,1,1,NA,NA,NA,21,22,26,27,8,4,19
27,"M",9.4,4,2,35,1,0,NA,NA,NA,21,22,26,27,8,4,19
27,"M",9.4,4,2,36,1,1,NA,NA,NA,21,22,26,27,8,4,19
27,"M",9.4,4,2,39,1,1,NA,NA,NA,21,22,26,27,8,4,19
27,"M",9.4,4,2,42,1,1,NA,NA,NA,21,22,26,27,8,4,19
27,"M",9.4,4,2,43,1,1,NA,NA,NA,21,22,26,27,8,4,19
27,"M",9.4,4,2,45,1,0,NA,NA,NA,21,22,26,27,8,4,19
27,"M",9.4,4,2,47,1,1,NA,NA,NA,21,22,26,27,8,4,19
27,"M",9.4,4,2,48,1,1,NA,NA,NA,21,22,26,27,8,4,19
27,"M",9.4,4,2,49,1,0,NA,NA,NA,21,22,26,27,8,4,19
27,"M",9.4,4,2,52,1,1,NA,NA,NA,21,22,26,27,8,4,19
27,"M",9.4,4,2,55,1,0,NA,NA,NA,21,22,26,27,8,4,19
27,"M",9.4,4,2,56,1,1,NA,NA,NA,21,22,26,27,8,4,19
27,"M",9.4,4,2,57,1,1,NA,NA,NA,21,22,26,27,8,4,19
27,"M",9.4,4,2,2,2,0,0,1,0,21,22,26,27,8,4,19
27,"M",9.4,4,2,5,2,1,0,0,1,21,22,26,27,8,4,19
27,"M",9.4,4,2,9,2,1,0,1,0,21,22,26,27,8,4,19
27,"M",9.4,4,2,10,2,1,0,1,0,21,22,26,27,8,4,19
27,"M",9.4,4,2,15,2,0,0,0,1,21,22,26,27,8,4,19
27,"M",9.4,4,2,16,2,1,0,1,0,21,22,26,27,8,4,19
27,"M",9.4,4,2,18,2,1,0,0,1,21,22,26,27,8,4,19
27,"M",9.4,4,2,19,2,1,0,1,0,21,22,26,27,8,4,19
27,"M",9.4,4,2,21,2,1,0,0,1,21,22,26,27,8,4,19
27,"M",9.4,4,2,22,2,1,0,1,0,21,22,26,27,8,4,19
27,"M",9.4,4,2,23,2,1,0,0,1,21,22,26,27,8,4,19
27,"M",9.4,4,2,28,2,0,0,0,1,21,22,26,27,8,4,19
27,"M",9.4,4,2,30,2,1,0,0,1,21,22,26,27,8,4,19
27,"M",9.4,4,2,31,2,0,1,0,0,21,22,26,27,8,4,19
27,"M",9.4,4,2,32,2,1,0,0,1,21,22,26,27,8,4,19
27,"M",9.4,4,2,33,2,1,0,0,1,21,22,26,27,8,4,19
27,"M",9.4,4,2,34,2,0,0,0,1,21,22,26,27,8,4,19
27,"M",9.4,4,2,37,2,1,0,0,1,21,22,26,27,8,4,19
27,"M",9.4,4,2,38,2,1,0,0,1,21,22,26,27,8,4,19
27,"M",9.4,4,2,40,2,1,0,0,1,21,22,26,27,8,4,19
27,"M",9.4,4,2,41,2,0,0,0,1,21,22,26,27,8,4,19
27,"M",9.4,4,2,44,2,1,0,0,1,21,22,26,27,8,4,19
27,"M",9.4,4,2,46,2,1,0,1,0,21,22,26,27,8,4,19
27,"M",9.4,4,2,50,2,0,0,0,1,21,22,26,27,8,4,19
27,"M",9.4,4,2,51,2,0,0,0,1,21,22,26,27,8,4,19
27,"M",9.4,4,2,53,2,1,0,0,1,21,22,26,27,8,4,19
27,"M",9.4,4,2,54,2,1,0,0,1,21,22,26,27,8,4,19
27,"M",9.4,4,2,58,2,0,1,0,0,21,22,26,27,8,4,19
27,"M",9.4,4,2,59,2,0,1,0,0,21,22,26,27,8,4,19
27,"M",9.4,4,2,60,2,1,0,0,1,21,22,26,27,8,4,19
28,"F",9.9,4,2,1,1,0,NA,NA,NA,12,12,18,15,5,6,12
28,"F",9.9,4,2,2,1,0,NA,NA,NA,12,12,18,15,5,6,12
28,"F",9.9,4,2,3,1,1,NA,NA,NA,12,12,18,15,5,6,12
28,"F",9.9,4,2,5,1,1,NA,NA,NA,12,12,18,15,5,6,12
28,"F",9.9,4,2,7,1,0,NA,NA,NA,12,12,18,15,5,6,12
28,"F",9.9,4,2,9,1,1,NA,NA,NA,12,12,18,15,5,6,12
28,"F",9.9,4,2,11,1,0,NA,NA,NA,12,12,18,15,5,6,12
28,"F",9.9,4,2,13,1,0,NA,NA,NA,12,12,18,15,5,6,12
28,"F",9.9,4,2,14,1,1,NA,NA,NA,12,12,18,15,5,6,12
28,"F",9.9,4,2,16,1,0,NA,NA,NA,12,12,18,15,5,6,12
28,"F",9.9,4,2,17,1,1,NA,NA,NA,12,12,18,15,5,6,12
28,"F",9.9,4,2,18,1,0,NA,NA,NA,12,12,18,15,5,6,12
28,"F",9.9,4,2,21,1,0,NA,NA,NA,12,12,18,15,5,6,12
28,"F",9.9,4,2,22,1,1,NA,NA,NA,12,12,18,15,5,6,12
28,"F",9.9,4,2,23,1,1,NA,NA,NA,12,12,18,15,5,6,12
28,"F",9.9,4,2,24,1,0,NA,NA,NA,12,12,18,15,5,6,12
28,"F",9.9,4,2,25,1,0,NA,NA,NA,12,12,18,15,5,6,12
28,"F",9.9,4,2,27,1,0,NA,NA,NA,12,12,18,15,5,6,12
28,"F",9.9,4,2,28,1,1,NA,NA,NA,12,12,18,15,5,6,12
28,"F",9.9,4,2,33,1,0,NA,NA,NA,12,12,18,15,5,6,12
28,"F",9.9,4,2,35,1,0,NA,NA,NA,12,12,18,15,5,6,12
28,"F",9.9,4,2,39,1,1,NA,NA,NA,12,12,18,15,5,6,12
28,"F",9.9,4,2,40,1,0,NA,NA,NA,12,12,18,15,5,6,12
28,"F",9.9,4,2,44,1,0,NA,NA,NA,12,12,18,15,5,6,12
28,"F",9.9,4,2,45,1,1,NA,NA,NA,12,12,18,15,5,6,12
28,"F",9.9,4,2,51,1,1,NA,NA,NA,12,12,18,15,5,6,12
28,"F",9.9,4,2,52,1,1,NA,NA,NA,12,12,18,15,5,6,12
28,"F",9.9,4,2,54,1,0,NA,NA,NA,12,12,18,15,5,6,12
28,"F",9.9,4,2,55,1,0,NA,NA,NA,12,12,18,15,5,6,12
28,"F",9.9,4,2,57,1,0,NA,NA,NA,12,12,18,15,5,6,12
28,"F",9.9,4,2,4,2,0,0,0,1,12,12,18,15,5,6,12
28,"F",9.9,4,2,6,2,0,0,0,1,12,12,18,15,5,6,12
28,"F",9.9,4,2,8,2,0,0,0,1,12,12,18,15,5,6,12
28,"F",9.9,4,2,10,2,1,0,0,1,12,12,18,15,5,6,12
28,"F",9.9,4,2,12,2,0,0,0,1,12,12,18,15,5,6,12
28,"F",9.9,4,2,15,2,0,0,1,0,12,12,18,15,5,6,12
28,"F",9.9,4,2,19,2,1,0,0,1,12,12,18,15,5,6,12
28,"F",9.9,4,2,20,2,0,0,0,1,12,12,18,15,5,6,12
28,"F",9.9,4,2,26,2,0,0,0,1,12,12,18,15,5,6,12
28,"F",9.9,4,2,29,2,0,0,0,1,12,12,18,15,5,6,12
28,"F",9.9,4,2,30,2,0,0,0,1,12,12,18,15,5,6,12
28,"F",9.9,4,2,31,2,0,0,0,1,12,12,18,15,5,6,12
28,"F",9.9,4,2,32,2,0,0,1,0,12,12,18,15,5,6,12
28,"F",9.9,4,2,34,2,0,0,0,1,12,12,18,15,5,6,12
28,"F",9.9,4,2,36,2,0,1,0,0,12,12,18,15,5,6,12
28,"F",9.9,4,2,37,2,1,0,0,1,12,12,18,15,5,6,12
28,"F",9.9,4,2,38,2,1,0,0,1,12,12,18,15,5,6,12
28,"F",9.9,4,2,41,2,0,0,0,1,12,12,18,15,5,6,12
28,"F",9.9,4,2,42,2,1,0,1,0,12,12,18,15,5,6,12
28,"F",9.9,4,2,43,2,1,0,0,1,12,12,18,15,5,6,12
28,"F",9.9,4,2,46,2,1,0,0,1,12,12,18,15,5,6,12
28,"F",9.9,4,2,47,2,1,0,0,1,12,12,18,15,5,6,12
28,"F",9.9,4,2,48,2,0,0,0,1,12,12,18,15,5,6,12
28,"F",9.9,4,2,49,2,0,0,0,1,12,12,18,15,5,6,12
28,"F",9.9,4,2,50,2,0,0,0,1,12,12,18,15,5,6,12
28,"F",9.9,4,2,53,2,1,0,1,0,12,12,18,15,5,6,12
28,"F",9.9,4,2,56,2,1,0,0,1,12,12,18,15,5,6,12
28,"F",9.9,4,2,58,2,0,1,0,0,12,12,18,15,5,6,12
28,"F",9.9,4,2,59,2,1,0,1,0,12,12,18,15,5,6,12
28,"F",9.9,4,2,60,2,0,0,0,1,12,12,18,15,5,6,12
29,"F",9.4,4,2,1,1,0,NA,NA,NA,24,17,34,33,8,8,11
29,"F",9.4,4,2,5,1,0,NA,NA,NA,24,17,34,33,8,8,11
29,"F",9.4,4,2,7,1,1,NA,NA,NA,24,17,34,33,8,8,11
29,"F",9.4,4,2,8,1,0,NA,NA,NA,24,17,34,33,8,8,11
29,"F",9.4,4,2,10,1,1,NA,NA,NA,24,17,34,33,8,8,11
29,"F",9.4,4,2,11,1,1,NA,NA,NA,24,17,34,33,8,8,11
29,"F",9.4,4,2,12,1,1,NA,NA,NA,24,17,34,33,8,8,11
29,"F",9.4,4,2,14,1,0,NA,NA,NA,24,17,34,33,8,8,11
29,"F",9.4,4,2,17,1,1,NA,NA,NA,24,17,34,33,8,8,11
29,"F",9.4,4,2,19,1,1,NA,NA,NA,24,17,34,33,8,8,11
29,"F",9.4,4,2,21,1,0,NA,NA,NA,24,17,34,33,8,8,11
29,"F",9.4,4,2,23,1,1,NA,NA,NA,24,17,34,33,8,8,11
29,"F",9.4,4,2,24,1,0,NA,NA,NA,24,17,34,33,8,8,11
29,"F",9.4,4,2,25,1,1,NA,NA,NA,24,17,34,33,8,8,11
29,"F",9.4,4,2,28,1,0,NA,NA,NA,24,17,34,33,8,8,11
29,"F",9.4,4,2,29,1,0,NA,NA,NA,24,17,34,33,8,8,11
29,"F",9.4,4,2,30,1,0,NA,NA,NA,24,17,34,33,8,8,11
29,"F",9.4,4,2,32,1,0,NA,NA,NA,24,17,34,33,8,8,11
29,"F",9.4,4,2,34,1,0,NA,NA,NA,24,17,34,33,8,8,11
29,"F",9.4,4,2,37,1,1,NA,NA,NA,24,17,34,33,8,8,11
29,"F",9.4,4,2,38,1,0,NA,NA,NA,24,17,34,33,8,8,11
29,"F",9.4,4,2,43,1,1,NA,NA,NA,24,17,34,33,8,8,11
29,"F",9.4,4,2,44,1,0,NA,NA,NA,24,17,34,33,8,8,11
29,"F",9.4,4,2,45,1,1,NA,NA,NA,24,17,34,33,8,8,11
29,"F",9.4,4,2,46,1,0,NA,NA,NA,24,17,34,33,8,8,11
29,"F",9.4,4,2,48,1,0,NA,NA,NA,24,17,34,33,8,8,11
29,"F",9.4,4,2,55,1,0,NA,NA,NA,24,17,34,33,8,8,11
29,"F",9.4,4,2,56,1,0,NA,NA,NA,24,17,34,33,8,8,11
29,"F",9.4,4,2,58,1,0,NA,NA,NA,24,17,34,33,8,8,11
29,"F",9.4,4,2,60,1,0,NA,NA,NA,24,17,34,33,8,8,11
29,"F",9.4,4,2,2,2,0,1,0,0,24,17,34,33,8,8,11
29,"F",9.4,4,2,3,2,0,0,0,1,24,17,34,33,8,8,11
29,"F",9.4,4,2,4,2,0,0,0,1,24,17,34,33,8,8,11
29,"F",9.4,4,2,6,2,0,1,0,0,24,17,34,33,8,8,11
29,"F",9.4,4,2,9,2,1,0,0,1,24,17,34,33,8,8,11
29,"F",9.4,4,2,13,2,0,1,0,0,24,17,34,33,8,8,11
29,"F",9.4,4,2,15,2,0,1,0,0,24,17,34,33,8,8,11
29,"F",9.4,4,2,16,2,0,0,0,1,24,17,34,33,8,8,11
29,"F",9.4,4,2,18,2,0,0,0,1,24,17,34,33,8,8,11
29,"F",9.4,4,2,20,2,0,1,0,0,24,17,34,33,8,8,11
29,"F",9.4,4,2,22,2,0,1,0,0,24,17,34,33,8,8,11
29,"F",9.4,4,2,26,2,0,0,0,1,24,17,34,33,8,8,11
29,"F",9.4,4,2,27,2,1,0,0,1,24,17,34,33,8,8,11
29,"F",9.4,4,2,31,2,0,1,0,0,24,17,34,33,8,8,11
29,"F",9.4,4,2,33,2,0,0,0,1,24,17,34,33,8,8,11
29,"F",9.4,4,2,35,2,0,1,0,0,24,17,34,33,8,8,11
29,"F",9.4,4,2,36,2,0,1,0,0,24,17,34,33,8,8,11
29,"F",9.4,4,2,39,2,0,1,0,0,24,17,34,33,8,8,11
29,"F",9.4,4,2,40,2,0,1,0,0,24,17,34,33,8,8,11
29,"F",9.4,4,2,41,2,1,0,0,1,24,17,34,33,8,8,11
29,"F",9.4,4,2,42,2,0,1,0,0,24,17,34,33,8,8,11
29,"F",9.4,4,2,47,2,1,0,0,1,24,17,34,33,8,8,11
29,"F",9.4,4,2,49,2,0,0,0,1,24,17,34,33,8,8,11
29,"F",9.4,4,2,50,2,0,1,0,0,24,17,34,33,8,8,11
29,"F",9.4,4,2,51,2,1,0,0,1,24,17,34,33,8,8,11
29,"F",9.4,4,2,52,2,0,1,0,0,24,17,34,33,8,8,11
29,"F",9.4,4,2,53,2,0,1,0,0,24,17,34,33,8,8,11
29,"F",9.4,4,2,54,2,0,1,0,0,24,17,34,33,8,8,11
29,"F",9.4,4,2,57,2,0,1,0,0,24,17,34,33,8,8,11
29,"F",9.4,4,2,59,2,0,1,0,0,24,17,34,33,8,8,11
30,"M",9.8,4,2,1,1,1,NA,NA,NA,30,21,15,26,6,7,13
30,"M",9.8,4,2,3,1,1,NA,NA,NA,30,21,15,26,6,7,13
30,"M",9.8,4,2,4,1,0,NA,NA,NA,30,21,15,26,6,7,13
30,"M",9.8,4,2,5,1,0,NA,NA,NA,30,21,15,26,6,7,13
30,"M",9.8,4,2,6,1,0,NA,NA,NA,30,21,15,26,6,7,13
30,"M",9.8,4,2,7,1,0,NA,NA,NA,30,21,15,26,6,7,13
30,"M",9.8,4,2,8,1,0,NA,NA,NA,30,21,15,26,6,7,13
30,"M",9.8,4,2,9,1,1,NA,NA,NA,30,21,15,26,6,7,13
30,"M",9.8,4,2,10,1,1,NA,NA,NA,30,21,15,26,6,7,13
30,"M",9.8,4,2,11,1,1,NA,NA,NA,30,21,15,26,6,7,13
30,"M",9.8,4,2,13,1,0,NA,NA,NA,30,21,15,26,6,7,13
30,"M",9.8,4,2,14,1,1,NA,NA,NA,30,21,15,26,6,7,13
30,"M",9.8,4,2,17,1,1,NA,NA,NA,30,21,15,26,6,7,13
30,"M",9.8,4,2,19,1,0,NA,NA,NA,30,21,15,26,6,7,13
30,"M",9.8,4,2,22,1,0,NA,NA,NA,30,21,15,26,6,7,13
30,"M",9.8,4,2,24,1,0,NA,NA,NA,30,21,15,26,6,7,13
30,"M",9.8,4,2,31,1,1,NA,NA,NA,30,21,15,26,6,7,13
30,"M",9.8,4,2,32,1,0,NA,NA,NA,30,21,15,26,6,7,13
30,"M",9.8,4,2,33,1,0,NA,NA,NA,30,21,15,26,6,7,13
30,"M",9.8,4,2,41,1,0,NA,NA,NA,30,21,15,26,6,7,13
30,"M",9.8,4,2,42,1,0,NA,NA,NA,30,21,15,26,6,7,13
30,"M",9.8,4,2,44,1,1,NA,NA,NA,30,21,15,26,6,7,13
30,"M",9.8,4,2,46,1,0,NA,NA,NA,30,21,15,26,6,7,13
30,"M",9.8,4,2,47,1,1,NA,NA,NA,30,21,15,26,6,7,13
30,"M",9.8,4,2,51,1,0,NA,NA,NA,30,21,15,26,6,7,13
30,"M",9.8,4,2,52,1,0,NA,NA,NA,30,21,15,26,6,7,13
30,"M",9.8,4,2,54,1,1,NA,NA,NA,30,21,15,26,6,7,13
30,"M",9.8,4,2,58,1,1,NA,NA,NA,30,21,15,26,6,7,13
30,"M",9.8,4,2,59,1,1,NA,NA,NA,30,21,15,26,6,7,13
30,"M",9.8,4,2,60,1,0,NA,NA,NA,30,21,15,26,6,7,13
30,"M",9.8,4,2,2,2,0,0,0,1,30,21,15,26,6,7,13
30,"M",9.8,4,2,12,2,0,0,1,0,30,21,15,26,6,7,13
30,"M",9.8,4,2,15,2,0,0,0,1,30,21,15,26,6,7,13
30,"M",9.8,4,2,16,2,1,0,0,1,30,21,15,26,6,7,13
30,"M",9.8,4,2,18,2,0,0,1,0,30,21,15,26,6,7,13
30,"M",9.8,4,2,20,2,1,0,0,1,30,21,15,26,6,7,13
30,"M",9.8,4,2,21,2,0,0,1,0,30,21,15,26,6,7,13
30,"M",9.8,4,2,23,2,0,0,1,0,30,21,15,26,6,7,13
30,"M",9.8,4,2,25,2,0,0,0,1,30,21,15,26,6,7,13
30,"M",9.8,4,2,26,2,0,0,1,0,30,21,15,26,6,7,13
30,"M",9.8,4,2,27,2,1,0,1,0,30,21,15,26,6,7,13
30,"M",9.8,4,2,28,2,0,0,0,1,30,21,15,26,6,7,13
30,"M",9.8,4,2,29,2,1,0,0,1,30,21,15,26,6,7,13
30,"M",9.8,4,2,30,2,0,0,1,0,30,21,15,26,6,7,13
30,"M",9.8,4,2,34,2,0,0,1,0,30,21,15,26,6,7,13
30,"M",9.8,4,2,35,2,0,0,0,1,30,21,15,26,6,7,13
30,"M",9.8,4,2,36,2,1,0,0,1,30,21,15,26,6,7,13
30,"M",9.8,4,2,37,2,1,0,0,1,30,21,15,26,6,7,13
30,"M",9.8,4,2,38,2,1,0,1,0,30,21,15,26,6,7,13
30,"M",9.8,4,2,39,2,1,0,0,1,30,21,15,26,6,7,13
30,"M",9.8,4,2,40,2,0,0,1,0,30,21,15,26,6,7,13
30,"M",9.8,4,2,43,2,0,1,0,0,30,21,15,26,6,7,13
30,"M",9.8,4,2,45,2,1,0,0,1,30,21,15,26,6,7,13
30,"M",9.8,4,2,48,2,0,1,0,0,30,21,15,26,6,7,13
30,"M",9.8,4,2,49,2,0,0,1,0,30,21,15,26,6,7,13
30,"M",9.8,4,2,50,2,0,0,0,1,30,21,15,26,6,7,13
30,"M",9.8,4,2,53,2,1,0,1,0,30,21,15,26,6,7,13
30,"M",9.8,4,2,55,2,0,0,1,0,30,21,15,26,6,7,13
30,"M",9.8,4,2,56,2,0,0,0,1,30,21,15,26,6,7,13
30,"M",9.8,4,2,57,2,1,0,0,1,30,21,15,26,6,7,13
31,"M",9.7,4,2,1,1,1,NA,NA,NA,16,23,24,33,4,7,19
31,"M",9.7,4,2,2,1,0,NA,NA,NA,16,23,24,33,4,7,19
31,"M",9.7,4,2,4,1,1,NA,NA,NA,16,23,24,33,4,7,19
31,"M",9.7,4,2,6,1,1,NA,NA,NA,16,23,24,33,4,7,19
31,"M",9.7,4,2,7,1,1,NA,NA,NA,16,23,24,33,4,7,19
31,"M",9.7,4,2,10,1,1,NA,NA,NA,16,23,24,33,4,7,19
31,"M",9.7,4,2,11,1,1,NA,NA,NA,16,23,24,33,4,7,19
31,"M",9.7,4,2,13,1,1,NA,NA,NA,16,23,24,33,4,7,19
31,"M",9.7,4,2,15,1,0,NA,NA,NA,16,23,24,33,4,7,19
31,"M",9.7,4,2,16,1,0,NA,NA,NA,16,23,24,33,4,7,19
31,"M",9.7,4,2,17,1,1,NA,NA,NA,16,23,24,33,4,7,19
31,"M",9.7,4,2,18,1,0,NA,NA,NA,16,23,24,33,4,7,19
31,"M",9.7,4,2,19,1,0,NA,NA,NA,16,23,24,33,4,7,19
31,"M",9.7,4,2,21,1,1,NA,NA,NA,16,23,24,33,4,7,19
31,"M",9.7,4,2,23,1,1,NA,NA,NA,16,23,24,33,4,7,19
31,"M",9.7,4,2,26,1,1,NA,NA,NA,16,23,24,33,4,7,19
31,"M",9.7,4,2,27,1,1,NA,NA,NA,16,23,24,33,4,7,19
31,"M",9.7,4,2,28,1,1,NA,NA,NA,16,23,24,33,4,7,19
31,"M",9.7,4,2,29,1,1,NA,NA,NA,16,23,24,33,4,7,19
31,"M",9.7,4,2,30,1,0,NA,NA,NA,16,23,24,33,4,7,19
31,"M",9.7,4,2,32,1,0,NA,NA,NA,16,23,24,33,4,7,19
31,"M",9.7,4,2,36,1,1,NA,NA,NA,16,23,24,33,4,7,19
31,"M",9.7,4,2,39,1,0,NA,NA,NA,16,23,24,33,4,7,19
31,"M",9.7,4,2,40,1,1,NA,NA,NA,16,23,24,33,4,7,19
31,"M",9.7,4,2,41,1,0,NA,NA,NA,16,23,24,33,4,7,19
31,"M",9.7,4,2,42,1,0,NA,NA,NA,16,23,24,33,4,7,19
31,"M",9.7,4,2,47,1,1,NA,NA,NA,16,23,24,33,4,7,19
31,"M",9.7,4,2,50,1,1,NA,NA,NA,16,23,24,33,4,7,19
31,"M",9.7,4,2,56,1,1,NA,NA,NA,16,23,24,33,4,7,19
31,"M",9.7,4,2,60,1,0,NA,NA,NA,16,23,24,33,4,7,19
31,"M",9.7,4,2,3,2,1,0,0,1,16,23,24,33,4,7,19
31,"M",9.7,4,2,5,2,1,0,0,1,16,23,24,33,4,7,19
31,"M",9.7,4,2,8,2,1,0,0,1,16,23,24,33,4,7,19
31,"M",9.7,4,2,9,2,0,0,0,1,16,23,24,33,4,7,19
31,"M",9.7,4,2,12,2,1,0,0,1,16,23,24,33,4,7,19
31,"M",9.7,4,2,14,2,1,0,0,1,16,23,24,33,4,7,19
31,"M",9.7,4,2,20,2,1,0,0,1,16,23,24,33,4,7,19
31,"M",9.7,4,2,22,2,0,0,0,1,16,23,24,33,4,7,19
31,"M",9.7,4,2,24,2,1,0,1,0,16,23,24,33,4,7,19
31,"M",9.7,4,2,25,2,1,0,0,1,16,23,24,33,4,7,19
31,"M",9.7,4,2,31,2,0,0,0,1,16,23,24,33,4,7,19
31,"M",9.7,4,2,33,2,1,0,0,1,16,23,24,33,4,7,19
31,"M",9.7,4,2,34,2,1,0,0,1,16,23,24,33,4,7,19
31,"M",9.7,4,2,35,2,0,0,1,0,16,23,24,33,4,7,19
31,"M",9.7,4,2,37,2,1,0,0,1,16,23,24,33,4,7,19
31,"M",9.7,4,2,38,2,0,0,1,0,16,23,24,33,4,7,19
31,"M",9.7,4,2,43,2,1,0,0,1,16,23,24,33,4,7,19
31,"M",9.7,4,2,44,2,1,0,0,1,16,23,24,33,4,7,19
31,"M",9.7,4,2,45,2,1,0,0,1,16,23,24,33,4,7,19
31,"M",9.7,4,2,46,2,1,0,0,1,16,23,24,33,4,7,19
31,"M",9.7,4,2,48,2,1,0,0,1,16,23,24,33,4,7,19
31,"M",9.7,4,2,49,2,1,0,0,1,16,23,24,33,4,7,19
31,"M",9.7,4,2,51,2,1,0,0,1,16,23,24,33,4,7,19
31,"M",9.7,4,2,52,2,0,0,0,1,16,23,24,33,4,7,19
31,"M",9.7,4,2,53,2,1,0,0,1,16,23,24,33,4,7,19
31,"M",9.7,4,2,54,2,1,0,0,1,16,23,24,33,4,7,19
31,"M",9.7,4,2,55,2,0,0,0,1,16,23,24,33,4,7,19
31,"M",9.7,4,2,57,2,1,0,0,1,16,23,24,33,4,7,19
31,"M",9.7,4,2,58,2,1,0,0,1,16,23,24,33,4,7,19
31,"M",9.7,4,2,59,2,1,0,0,1,16,23,24,33,4,7,19
32,"F",9.8,4,2,1,1,0,NA,NA,NA,24,18,16,34,5,11,10
32,"F",9.8,4,2,2,1,0,NA,NA,NA,24,18,16,34,5,11,10
32,"F",9.8,4,2,3,1,0,NA,NA,NA,24,18,16,34,5,11,10
32,"F",9.8,4,2,9,1,0,NA,NA,NA,24,18,16,34,5,11,10
32,"F",9.8,4,2,13,1,0,NA,NA,NA,24,18,16,34,5,11,10
32,"F",9.8,4,2,14,1,0,NA,NA,NA,24,18,16,34,5,11,10
32,"F",9.8,4,2,15,1,1,NA,NA,NA,24,18,16,34,5,11,10
32,"F",9.8,4,2,17,1,0,NA,NA,NA,24,18,16,34,5,11,10
32,"F",9.8,4,2,19,1,1,NA,NA,NA,24,18,16,34,5,11,10
32,"F",9.8,4,2,20,1,0,NA,NA,NA,24,18,16,34,5,11,10
32,"F",9.8,4,2,22,1,0,NA,NA,NA,24,18,16,34,5,11,10
32,"F",9.8,4,2,23,1,0,NA,NA,NA,24,18,16,34,5,11,10
32,"F",9.8,4,2,24,1,0,NA,NA,NA,24,18,16,34,5,11,10
32,"F",9.8,4,2,25,1,1,NA,NA,NA,24,18,16,34,5,11,10
32,"F",9.8,4,2,29,1,0,NA,NA,NA,24,18,16,34,5,11,10
32,"F",9.8,4,2,30,1,1,NA,NA,NA,24,18,16,34,5,11,10
32,"F",9.8,4,2,33,1,1,NA,NA,NA,24,18,16,34,5,11,10
32,"F",9.8,4,2,34,1,0,NA,NA,NA,24,18,16,34,5,11,10
32,"F",9.8,4,2,35,1,0,NA,NA,NA,24,18,16,34,5,11,10
32,"F",9.8,4,2,38,1,0,NA,NA,NA,24,18,16,34,5,11,10
32,"F",9.8,4,2,41,1,0,NA,NA,NA,24,18,16,34,5,11,10
32,"F",9.8,4,2,45,1,1,NA,NA,NA,24,18,16,34,5,11,10
32,"F",9.8,4,2,46,1,1,NA,NA,NA,24,18,16,34,5,11,10
32,"F",9.8,4,2,48,1,0,NA,NA,NA,24,18,16,34,5,11,10
32,"F",9.8,4,2,51,1,0,NA,NA,NA,24,18,16,34,5,11,10
32,"F",9.8,4,2,53,1,0,NA,NA,NA,24,18,16,34,5,11,10
32,"F",9.8,4,2,54,1,1,NA,NA,NA,24,18,16,34,5,11,10
32,"F",9.8,4,2,55,1,0,NA,NA,NA,24,18,16,34,5,11,10
32,"F",9.8,4,2,56,1,1,NA,NA,NA,24,18,16,34,5,11,10
32,"F",9.8,4,2,58,1,1,NA,NA,NA,24,18,16,34,5,11,10
32,"F",9.8,4,2,4,2,1,0,1,0,24,18,16,34,5,11,10
32,"F",9.8,4,2,5,2,0,0,1,0,24,18,16,34,5,11,10
32,"F",9.8,4,2,6,2,0,0,0,1,24,18,16,34,5,11,10
32,"F",9.8,4,2,7,2,0,1,0,0,24,18,16,34,5,11,10
32,"F",9.8,4,2,8,2,0,0,1,0,24,18,16,34,5,11,10
32,"F",9.8,4,2,10,2,1,0,1,0,24,18,16,34,5,11,10
32,"F",9.8,4,2,11,2,1,0,1,0,24,18,16,34,5,11,10
32,"F",9.8,4,2,12,2,0,0,1,0,24,18,16,34,5,11,10
32,"F",9.8,4,2,16,2,0,0,0,1,24,18,16,34,5,11,10
32,"F",9.8,4,2,18,2,0,0,1,0,24,18,16,34,5,11,10
32,"F",9.8,4,2,21,2,0,0,1,0,24,18,16,34,5,11,10
32,"F",9.8,4,2,26,2,1,0,1,0,24,18,16,34,5,11,10
32,"F",9.8,4,2,27,2,1,0,0,1,24,18,16,34,5,11,10
32,"F",9.8,4,2,28,2,0,0,0,1,24,18,16,34,5,11,10
32,"F",9.8,4,2,31,2,1,0,1,0,24,18,16,34,5,11,10
32,"F",9.8,4,2,32,2,0,0,1,0,24,18,16,34,5,11,10
32,"F",9.8,4,2,36,2,0,0,0,1,24,18,16,34,5,11,10
32,"F",9.8,4,2,37,2,1,0,0,1,24,18,16,34,5,11,10
32,"F",9.8,4,2,39,2,0,0,1,0,24,18,16,34,5,11,10
32,"F",9.8,4,2,40,2,0,0,1,0,24,18,16,34,5,11,10
32,"F",9.8,4,2,42,2,0,0,0,1,24,18,16,34,5,11,10
32,"F",9.8,4,2,43,2,1,0,1,0,24,18,16,34,5,11,10
32,"F",9.8,4,2,44,2,0,1,0,0,24,18,16,34,5,11,10
32,"F",9.8,4,2,47,2,1,0,1,0,24,18,16,34,5,11,10
32,"F",9.8,4,2,49,2,1,0,0,1,24,18,16,34,5,11,10
32,"F",9.8,4,2,50,2,0,0,1,0,24,18,16,34,5,11,10
32,"F",9.8,4,2,52,2,0,0,1,0,24,18,16,34,5,11,10
32,"F",9.8,4,2,57,2,1,0,0,1,24,18,16,34,5,11,10
32,"F",9.8,4,2,59,2,1,0,1,0,24,18,16,34,5,11,10
32,"F",9.8,4,2,60,2,1,0,0,1,24,18,16,34,5,11,10
33,"F",9.4,4,2,1,1,1,NA,NA,NA,24,11,33,20,10,8,8
33,"F",9.4,4,2,3,1,0,NA,NA,NA,24,11,33,20,10,8,8
33,"F",9.4,4,2,5,1,1,NA,NA,NA,24,11,33,20,10,8,8
33,"F",9.4,4,2,9,1,0,NA,NA,NA,24,11,33,20,10,8,8
33,"F",9.4,4,2,12,1,1,NA,NA,NA,24,11,33,20,10,8,8
33,"F",9.4,4,2,13,1,0,NA,NA,NA,24,11,33,20,10,8,8
33,"F",9.4,4,2,14,1,0,NA,NA,NA,24,11,33,20,10,8,8
33,"F",9.4,4,2,16,1,0,NA,NA,NA,24,11,33,20,10,8,8
33,"F",9.4,4,2,19,1,0,NA,NA,NA,24,11,33,20,10,8,8
33,"F",9.4,4,2,20,1,0,NA,NA,NA,24,11,33,20,10,8,8
33,"F",9.4,4,2,23,1,0,NA,NA,NA,24,11,33,20,10,8,8
33,"F",9.4,4,2,24,1,0,NA,NA,NA,24,11,33,20,10,8,8
33,"F",9.4,4,2,28,1,0,NA,NA,NA,24,11,33,20,10,8,8
33,"F",9.4,4,2,29,1,1,NA,NA,NA,24,11,33,20,10,8,8
33,"F",9.4,4,2,30,1,0,NA,NA,NA,24,11,33,20,10,8,8
33,"F",9.4,4,2,32,1,0,NA,NA,NA,24,11,33,20,10,8,8
33,"F",9.4,4,2,33,1,1,NA,NA,NA,24,11,33,20,10,8,8
33,"F",9.4,4,2,34,1,0,NA,NA,NA,24,11,33,20,10,8,8
33,"F",9.4,4,2,35,1,0,NA,NA,NA,24,11,33,20,10,8,8
33,"F",9.4,4,2,42,1,0,NA,NA,NA,24,11,33,20,10,8,8
33,"F",9.4,4,2,44,1,0,NA,NA,NA,24,11,33,20,10,8,8
33,"F",9.4,4,2,45,1,1,NA,NA,NA,24,11,33,20,10,8,8
33,"F",9.4,4,2,46,1,1,NA,NA,NA,24,11,33,20,10,8,8
33,"F",9.4,4,2,48,1,0,NA,NA,NA,24,11,33,20,10,8,8
33,"F",9.4,4,2,50,1,0,NA,NA,NA,24,11,33,20,10,8,8
33,"F",9.4,4,2,55,1,0,NA,NA,NA,24,11,33,20,10,8,8
33,"F",9.4,4,2,56,1,1,NA,NA,NA,24,11,33,20,10,8,8
33,"F",9.4,4,2,57,1,0,NA,NA,NA,24,11,33,20,10,8,8
33,"F",9.4,4,2,59,1,0,NA,NA,NA,24,11,33,20,10,8,8
33,"F",9.4,4,2,60,1,0,NA,NA,NA,24,11,33,20,10,8,8
33,"F",9.4,4,2,2,2,0,1,0,0,24,11,33,20,10,8,8
33,"F",9.4,4,2,4,2,0,0,0,1,24,11,33,20,10,8,8
33,"F",9.4,4,2,6,2,0,1,0,0,24,11,33,20,10,8,8
33,"F",9.4,4,2,7,2,1,0,0,1,24,11,33,20,10,8,8
33,"F",9.4,4,2,8,2,0,1,0,0,24,11,33,20,10,8,8
33,"F",9.4,4,2,10,2,0,1,0,0,24,11,33,20,10,8,8
33,"F",9.4,4,2,11,2,1,0,0,1,24,11,33,20,10,8,8
33,"F",9.4,4,2,15,2,0,1,0,0,24,11,33,20,10,8,8
33,"F",9.4,4,2,17,2,1,0,0,1,24,11,33,20,10,8,8
33,"F",9.4,4,2,18,2,0,1,0,0,24,11,33,20,10,8,8
33,"F",9.4,4,2,21,2,0,0,1,0,24,11,33,20,10,8,8
33,"F",9.4,4,2,22,2,0,1,0,0,24,11,33,20,10,8,8
33,"F",9.4,4,2,25,2,0,1,0,0,24,11,33,20,10,8,8
33,"F",9.4,4,2,26,2,0,1,0,0,24,11,33,20,10,8,8
33,"F",9.4,4,2,27,2,0,1,0,0,24,11,33,20,10,8,8
33,"F",9.4,4,2,31,2,0,1,0,0,24,11,33,20,10,8,8
33,"F",9.4,4,2,36,2,0,1,0,0,24,11,33,20,10,8,8
33,"F",9.4,4,2,37,2,0,1,0,0,24,11,33,20,10,8,8
33,"F",9.4,4,2,38,2,0,1,0,0,24,11,33,20,10,8,8
33,"F",9.4,4,2,39,2,0,1,0,0,24,11,33,20,10,8,8
33,"F",9.4,4,2,40,2,0,1,0,0,24,11,33,20,10,8,8
33,"F",9.4,4,2,41,2,0,0,0,1,24,11,33,20,10,8,8
33,"F",9.4,4,2,43,2,1,0,0,1,24,11,33,20,10,8,8
33,"F",9.4,4,2,47,2,0,1,0,0,24,11,33,20,10,8,8
33,"F",9.4,4,2,49,2,0,1,0,0,24,11,33,20,10,8,8
33,"F",9.4,4,2,51,2,0,0,1,0,24,11,33,20,10,8,8
33,"F",9.4,4,2,52,2,0,1,0,0,24,11,33,20,10,8,8
33,"F",9.4,4,2,53,2,0,1,0,0,24,11,33,20,10,8,8
33,"F",9.4,4,2,54,2,0,1,0,0,24,11,33,20,10,8,8
33,"F",9.4,4,2,58,2,0,1,0,0,24,11,33,20,10,8,8
34,"M",9.7,4,2,2,1,0,NA,NA,NA,18,16,24,28,4,8,13
34,"M",9.7,4,2,3,1,0,NA,NA,NA,18,16,24,28,4,8,13
34,"M",9.7,4,2,5,1,0,NA,NA,NA,18,16,24,28,4,8,13
34,"M",9.7,4,2,8,1,1,NA,NA,NA,18,16,24,28,4,8,13
34,"M",9.7,4,2,9,1,0,NA,NA,NA,18,16,24,28,4,8,13
34,"M",9.7,4,2,10,1,1,NA,NA,NA,18,16,24,28,4,8,13
34,"M",9.7,4,2,15,1,0,NA,NA,NA,18,16,24,28,4,8,13
34,"M",9.7,4,2,16,1,0,NA,NA,NA,18,16,24,28,4,8,13
34,"M",9.7,4,2,17,1,0,NA,NA,NA,18,16,24,28,4,8,13
34,"M",9.7,4,2,19,1,0,NA,NA,NA,18,16,24,28,4,8,13
34,"M",9.7,4,2,20,1,0,NA,NA,NA,18,16,24,28,4,8,13
34,"M",9.7,4,2,24,1,1,NA,NA,NA,18,16,24,28,4,8,13
34,"M",9.7,4,2,26,1,1,NA,NA,NA,18,16,24,28,4,8,13
34,"M",9.7,4,2,27,1,1,NA,NA,NA,18,16,24,28,4,8,13
34,"M",9.7,4,2,28,1,0,NA,NA,NA,18,16,24,28,4,8,13
34,"M",9.7,4,2,29,1,0,NA,NA,NA,18,16,24,28,4,8,13
34,"M",9.7,4,2,30,1,1,NA,NA,NA,18,16,24,28,4,8,13
34,"M",9.7,4,2,33,1,0,NA,NA,NA,18,16,24,28,4,8,13
34,"M",9.7,4,2,34,1,1,NA,NA,NA,18,16,24,28,4,8,13
34,"M",9.7,4,2,35,1,1,NA,NA,NA,18,16,24,28,4,8,13
34,"M",9.7,4,2,39,1,1,NA,NA,NA,18,16,24,28,4,8,13
34,"M",9.7,4,2,41,1,1,NA,NA,NA,18,16,24,28,4,8,13
34,"M",9.7,4,2,45,1,0,NA,NA,NA,18,16,24,28,4,8,13
34,"M",9.7,4,2,51,1,0,NA,NA,NA,18,16,24,28,4,8,13
34,"M",9.7,4,2,52,1,1,NA,NA,NA,18,16,24,28,4,8,13
34,"M",9.7,4,2,53,1,1,NA,NA,NA,18,16,24,28,4,8,13
34,"M",9.7,4,2,54,1,0,NA,NA,NA,18,16,24,28,4,8,13
34,"M",9.7,4,2,57,1,1,NA,NA,NA,18,16,24,28,4,8,13
34,"M",9.7,4,2,58,1,0,NA,NA,NA,18,16,24,28,4,8,13
34,"M",9.7,4,2,60,1,0,NA,NA,NA,18,16,24,28,4,8,13
34,"M",9.7,4,2,1,2,0,1,0,0,18,16,24,28,4,8,13
34,"M",9.7,4,2,4,2,0,0,0,1,18,16,24,28,4,8,13
34,"M",9.7,4,2,6,2,0,0,0,1,18,16,24,28,4,8,13
34,"M",9.7,4,2,7,2,1,0,0,1,18,16,24,28,4,8,13
34,"M",9.7,4,2,11,2,1,0,0,1,18,16,24,28,4,8,13
34,"M",9.7,4,2,12,2,1,0,0,1,18,16,24,28,4,8,13
34,"M",9.7,4,2,13,2,0,0,0,1,18,16,24,28,4,8,13
34,"M",9.7,4,2,14,2,1,0,0,1,18,16,24,28,4,8,13
34,"M",9.7,4,2,18,2,0,0,0,1,18,16,24,28,4,8,13
34,"M",9.7,4,2,21,2,0,0,0,1,18,16,24,28,4,8,13
34,"M",9.7,4,2,22,2,0,0,0,1,18,16,24,28,4,8,13
34,"M",9.7,4,2,23,2,1,0,0,1,18,16,24,28,4,8,13
34,"M",9.7,4,2,25,2,1,0,1,0,18,16,24,28,4,8,13
34,"M",9.7,4,2,31,2,0,0,0,1,18,16,24,28,4,8,13
34,"M",9.7,4,2,32,2,0,0,0,1,18,16,24,28,4,8,13
34,"M",9.7,4,2,36,2,1,0,0,1,18,16,24,28,4,8,13
34,"M",9.7,4,2,37,2,1,0,0,1,18,16,24,28,4,8,13
34,"M",9.7,4,2,38,2,0,0,1,0,18,16,24,28,4,8,13
34,"M",9.7,4,2,40,2,0,0,0,1,18,16,24,28,4,8,13
34,"M",9.7,4,2,42,2,1,0,0,1,18,16,24,28,4,8,13
34,"M",9.7,4,2,43,2,0,0,0,1,18,16,24,28,4,8,13
34,"M",9.7,4,2,44,2,1,0,1,0,18,16,24,28,4,8,13
34,"M",9.7,4,2,46,2,0,1,0,0,18,16,24,28,4,8,13
34,"M",9.7,4,2,47,2,1,0,0,1,18,16,24,28,4,8,13
34,"M",9.7,4,2,48,2,0,1,0,0,18,16,24,28,4,8,13
34,"M",9.7,4,2,49,2,1,0,0,1,18,16,24,28,4,8,13
34,"M",9.7,4,2,50,2,1,0,1,0,18,16,24,28,4,8,13
34,"M",9.7,4,2,55,2,0,0,0,1,18,16,24,28,4,8,13
34,"M",9.7,4,2,56,2,0,0,0,1,18,16,24,28,4,8,13
34,"M",9.7,4,2,59,2,1,0,0,1,18,16,24,28,4,8,13
35,"F",9,4,2,1,1,0,NA,NA,NA,16,18,16,30,6,8,20
35,"F",9,4,2,5,1,1,NA,NA,NA,16,18,16,30,6,8,20
35,"F",9,4,2,8,1,0,NA,NA,NA,16,18,16,30,6,8,20
35,"F",9,4,2,9,1,0,NA,NA,NA,16,18,16,30,6,8,20
35,"F",9,4,2,11,1,1,NA,NA,NA,16,18,16,30,6,8,20
35,"F",9,4,2,15,1,0,NA,NA,NA,16,18,16,30,6,8,20
35,"F",9,4,2,17,1,1,NA,NA,NA,16,18,16,30,6,8,20
35,"F",9,4,2,19,1,0,NA,NA,NA,16,18,16,30,6,8,20
35,"F",9,4,2,20,1,1,NA,NA,NA,16,18,16,30,6,8,20
35,"F",9,4,2,21,1,0,NA,NA,NA,16,18,16,30,6,8,20
35,"F",9,4,2,24,1,1,NA,NA,NA,16,18,16,30,6,8,20
35,"F",9,4,2,25,1,1,NA,NA,NA,16,18,16,30,6,8,20
35,"F",9,4,2,30,1,1,NA,NA,NA,16,18,16,30,6,8,20
35,"F",9,4,2,31,1,0,NA,NA,NA,16,18,16,30,6,8,20
35,"F",9,4,2,32,1,1,NA,NA,NA,16,18,16,30,6,8,20
35,"F",9,4,2,33,1,1,NA,NA,NA,16,18,16,30,6,8,20
35,"F",9,4,2,36,1,1,NA,NA,NA,16,18,16,30,6,8,20
35,"F",9,4,2,37,1,1,NA,NA,NA,16,18,16,30,6,8,20
35,"F",9,4,2,40,1,1,NA,NA,NA,16,18,16,30,6,8,20
35,"F",9,4,2,42,1,1,NA,NA,NA,16,18,16,30,6,8,20
35,"F",9,4,2,43,1,1,NA,NA,NA,16,18,16,30,6,8,20
35,"F",9,4,2,48,1,1,NA,NA,NA,16,18,16,30,6,8,20
35,"F",9,4,2,49,1,0,NA,NA,NA,16,18,16,30,6,8,20
35,"F",9,4,2,50,1,1,NA,NA,NA,16,18,16,30,6,8,20
35,"F",9,4,2,51,1,1,NA,NA,NA,16,18,16,30,6,8,20
35,"F",9,4,2,52,1,1,NA,NA,NA,16,18,16,30,6,8,20
35,"F",9,4,2,53,1,1,NA,NA,NA,16,18,16,30,6,8,20
35,"F",9,4,2,54,1,0,NA,NA,NA,16,18,16,30,6,8,20
35,"F",9,4,2,59,1,1,NA,NA,NA,16,18,16,30,6,8,20
35,"F",9,4,2,60,1,0,NA,NA,NA,16,18,16,30,6,8,20
35,"F",9,4,2,2,2,1,0,0,1,16,18,16,30,6,8,20
35,"F",9,4,2,3,2,0,0,0,1,16,18,16,30,6,8,20
35,"F",9,4,2,4,2,1,0,1,0,16,18,16,30,6,8,20
35,"F",9,4,2,6,2,0,0,0,1,16,18,16,30,6,8,20
35,"F",9,4,2,7,2,1,0,1,0,16,18,16,30,6,8,20
35,"F",9,4,2,10,2,1,0,0,1,16,18,16,30,6,8,20
35,"F",9,4,2,12,2,0,0,0,1,16,18,16,30,6,8,20
35,"F",9,4,2,13,2,0,0,1,0,16,18,16,30,6,8,20
35,"F",9,4,2,14,2,0,1,0,0,16,18,16,30,6,8,20
35,"F",9,4,2,16,2,0,0,0,1,16,18,16,30,6,8,20
35,"F",9,4,2,18,2,0,0,0,1,16,18,16,30,6,8,20
35,"F",9,4,2,22,2,1,0,0,1,16,18,16,30,6,8,20
35,"F",9,4,2,23,2,1,0,0,1,16,18,16,30,6,8,20
35,"F",9,4,2,26,2,1,0,1,0,16,18,16,30,6,8,20
35,"F",9,4,2,27,2,1,0,1,0,16,18,16,30,6,8,20
35,"F",9,4,2,28,2,0,0,0,1,16,18,16,30,6,8,20
35,"F",9,4,2,29,2,1,0,1,0,16,18,16,30,6,8,20
35,"F",9,4,2,34,2,1,0,1,0,16,18,16,30,6,8,20
35,"F",9,4,2,35,2,0,0,1,0,16,18,16,30,6,8,20
35,"F",9,4,2,38,2,1,0,1,0,16,18,16,30,6,8,20
35,"F",9,4,2,39,2,1,0,0,1,16,18,16,30,6,8,20
35,"F",9,4,2,41,2,0,0,0,1,16,18,16,30,6,8,20
35,"F",9,4,2,44,2,0,0,1,0,16,18,16,30,6,8,20
35,"F",9,4,2,45,2,1,0,1,0,16,18,16,30,6,8,20
35,"F",9,4,2,46,2,1,0,0,1,16,18,16,30,6,8,20
35,"F",9,4,2,47,2,1,0,1,0,16,18,16,30,6,8,20
35,"F",9,4,2,55,2,0,0,1,0,16,18,16,30,6,8,20
35,"F",9,4,2,56,2,1,0,0,1,16,18,16,30,6,8,20
35,"F",9,4,2,57,2,1,0,0,1,16,18,16,30,6,8,20
35,"F",9,4,2,58,2,1,0,0,1,16,18,16,30,6,8,20
36,"F",9.8,4,2,2,1,1,NA,NA,NA,19,20,20,32,7,6,16
36,"F",9.8,4,2,5,1,1,NA,NA,NA,19,20,20,32,7,6,16
36,"F",9.8,4,2,6,1,0,NA,NA,NA,19,20,20,32,7,6,16
36,"F",9.8,4,2,9,1,0,NA,NA,NA,19,20,20,32,7,6,16
36,"F",9.8,4,2,12,1,1,NA,NA,NA,19,20,20,32,7,6,16
36,"F",9.8,4,2,13,1,0,NA,NA,NA,19,20,20,32,7,6,16
36,"F",9.8,4,2,14,1,0,NA,NA,NA,19,20,20,32,7,6,16
36,"F",9.8,4,2,17,1,1,NA,NA,NA,19,20,20,32,7,6,16
36,"F",9.8,4,2,21,1,0,NA,NA,NA,19,20,20,32,7,6,16
36,"F",9.8,4,2,23,1,1,NA,NA,NA,19,20,20,32,7,6,16
36,"F",9.8,4,2,24,1,0,NA,NA,NA,19,20,20,32,7,6,16
36,"F",9.8,4,2,29,1,0,NA,NA,NA,19,20,20,32,7,6,16
36,"F",9.8,4,2,31,1,0,NA,NA,NA,19,20,20,32,7,6,16
36,"F",9.8,4,2,32,1,1,NA,NA,NA,19,20,20,32,7,6,16
36,"F",9.8,4,2,33,1,0,NA,NA,NA,19,20,20,32,7,6,16
36,"F",9.8,4,2,35,1,0,NA,NA,NA,19,20,20,32,7,6,16
36,"F",9.8,4,2,36,1,1,NA,NA,NA,19,20,20,32,7,6,16
36,"F",9.8,4,2,37,1,1,NA,NA,NA,19,20,20,32,7,6,16
36,"F",9.8,4,2,39,1,1,NA,NA,NA,19,20,20,32,7,6,16
36,"F",9.8,4,2,41,1,0,NA,NA,NA,19,20,20,32,7,6,16
36,"F",9.8,4,2,42,1,1,NA,NA,NA,19,20,20,32,7,6,16
36,"F",9.8,4,2,44,1,0,NA,NA,NA,19,20,20,32,7,6,16
36,"F",9.8,4,2,45,1,0,NA,NA,NA,19,20,20,32,7,6,16
36,"F",9.8,4,2,46,1,1,NA,NA,NA,19,20,20,32,7,6,16
36,"F",9.8,4,2,47,1,1,NA,NA,NA,19,20,20,32,7,6,16
36,"F",9.8,4,2,51,1,1,NA,NA,NA,19,20,20,32,7,6,16
36,"F",9.8,4,2,52,1,1,NA,NA,NA,19,20,20,32,7,6,16
36,"F",9.8,4,2,53,1,1,NA,NA,NA,19,20,20,32,7,6,16
36,"F",9.8,4,2,54,1,0,NA,NA,NA,19,20,20,32,7,6,16
36,"F",9.8,4,2,57,1,1,NA,NA,NA,19,20,20,32,7,6,16
36,"F",9.8,4,2,1,2,1,0,0,1,19,20,20,32,7,6,16
36,"F",9.8,4,2,3,2,1,0,0,1,19,20,20,32,7,6,16
36,"F",9.8,4,2,4,2,0,0,1,0,19,20,20,32,7,6,16
36,"F",9.8,4,2,7,2,1,0,0,1,19,20,20,32,7,6,16
36,"F",9.8,4,2,8,2,1,0,0,1,19,20,20,32,7,6,16
36,"F",9.8,4,2,10,2,1,0,0,1,19,20,20,32,7,6,16
36,"F",9.8,4,2,11,2,1,0,0,1,19,20,20,32,7,6,16
36,"F",9.8,4,2,15,2,1,0,0,1,19,20,20,32,7,6,16
36,"F",9.8,4,2,16,2,0,0,0,1,19,20,20,32,7,6,16
36,"F",9.8,4,2,18,2,0,0,0,1,19,20,20,32,7,6,16
36,"F",9.8,4,2,19,2,1,0,0,1,19,20,20,32,7,6,16
36,"F",9.8,4,2,20,2,1,0,0,1,19,20,20,32,7,6,16
36,"F",9.8,4,2,22,2,0,0,0,1,19,20,20,32,7,6,16
36,"F",9.8,4,2,25,2,1,0,0,1,19,20,20,32,7,6,16
36,"F",9.8,4,2,26,2,0,0,0,1,19,20,20,32,7,6,16
36,"F",9.8,4,2,27,2,1,0,0,1,19,20,20,32,7,6,16
36,"F",9.8,4,2,28,2,1,0,0,1,19,20,20,32,7,6,16
36,"F",9.8,4,2,30,2,1,0,0,1,19,20,20,32,7,6,16
36,"F",9.8,4,2,34,2,0,0,1,0,19,20,20,32,7,6,16
36,"F",9.8,4,2,38,2,1,0,0,1,19,20,20,32,7,6,16
36,"F",9.8,4,2,40,2,1,0,0,1,19,20,20,32,7,6,16
36,"F",9.8,4,2,43,2,1,0,0,1,19,20,20,32,7,6,16
36,"F",9.8,4,2,48,2,0,0,0,1,19,20,20,32,7,6,16
36,"F",9.8,4,2,49,2,0,0,0,1,19,20,20,32,7,6,16
36,"F",9.8,4,2,50,2,0,0,1,0,19,20,20,32,7,6,16
36,"F",9.8,4,2,55,2,0,0,1,0,19,20,20,32,7,6,16
36,"F",9.8,4,2,56,2,0,0,0,1,19,20,20,32,7,6,16
36,"F",9.8,4,2,58,2,1,0,1,0,19,20,20,32,7,6,16
36,"F",9.8,4,2,59,2,1,0,0,1,19,20,20,32,7,6,16
36,"F",9.8,4,2,60,2,0,0,1,0,19,20,20,32,7,6,16
37,"F",9,4,2,4,1,0,NA,NA,NA,17,15,20,35,8,10,8
37,"F",9,4,2,5,1,0,NA,NA,NA,17,15,20,35,8,10,8
37,"F",9,4,2,6,1,1,NA,NA,NA,17,15,20,35,8,10,8
37,"F",9,4,2,10,1,1,NA,NA,NA,17,15,20,35,8,10,8
37,"F",9,4,2,11,1,1,NA,NA,NA,17,15,20,35,8,10,8
37,"F",9,4,2,13,1,0,NA,NA,NA,17,15,20,35,8,10,8
37,"F",9,4,2,17,1,0,NA,NA,NA,17,15,20,35,8,10,8
37,"F",9,4,2,18,1,0,NA,NA,NA,17,15,20,35,8,10,8
37,"F",9,4,2,19,1,0,NA,NA,NA,17,15,20,35,8,10,8
37,"F",9,4,2,20,1,0,NA,NA,NA,17,15,20,35,8,10,8
37,"F",9,4,2,22,1,0,NA,NA,NA,17,15,20,35,8,10,8
37,"F",9,4,2,24,1,0,NA,NA,NA,17,15,20,35,8,10,8
37,"F",9,4,2,28,1,1,NA,NA,NA,17,15,20,35,8,10,8
37,"F",9,4,2,29,1,0,NA,NA,NA,17,15,20,35,8,10,8
37,"F",9,4,2,31,1,0,NA,NA,NA,17,15,20,35,8,10,8
37,"F",9,4,2,32,1,0,NA,NA,NA,17,15,20,35,8,10,8
37,"F",9,4,2,34,1,0,NA,NA,NA,17,15,20,35,8,10,8
37,"F",9,4,2,35,1,0,NA,NA,NA,17,15,20,35,8,10,8
37,"F",9,4,2,36,1,0,NA,NA,NA,17,15,20,35,8,10,8
37,"F",9,4,2,42,1,1,NA,NA,NA,17,15,20,35,8,10,8
37,"F",9,4,2,43,1,1,NA,NA,NA,17,15,20,35,8,10,8
37,"F",9,4,2,45,1,1,NA,NA,NA,17,15,20,35,8,10,8
37,"F",9,4,2,48,1,0,NA,NA,NA,17,15,20,35,8,10,8
37,"F",9,4,2,49,1,0,NA,NA,NA,17,15,20,35,8,10,8
37,"F",9,4,2,51,1,0,NA,NA,NA,17,15,20,35,8,10,8
37,"F",9,4,2,54,1,1,NA,NA,NA,17,15,20,35,8,10,8
37,"F",9,4,2,55,1,0,NA,NA,NA,17,15,20,35,8,10,8
37,"F",9,4,2,57,1,0,NA,NA,NA,17,15,20,35,8,10,8
37,"F",9,4,2,58,1,0,NA,NA,NA,17,15,20,35,8,10,8
37,"F",9,4,2,59,1,0,NA,NA,NA,17,15,20,35,8,10,8
37,"F",9,4,2,1,2,1,0,0,1,17,15,20,35,8,10,8
37,"F",9,4,2,2,2,0,0,0,1,17,15,20,35,8,10,8
37,"F",9,4,2,3,2,0,0,0,1,17,15,20,35,8,10,8
37,"F",9,4,2,7,2,1,0,0,1,17,15,20,35,8,10,8
37,"F",9,4,2,8,2,0,0,0,1,17,15,20,35,8,10,8
37,"F",9,4,2,9,2,0,0,1,0,17,15,20,35,8,10,8
37,"F",9,4,2,12,2,0,0,0,1,17,15,20,35,8,10,8
37,"F",9,4,2,14,2,0,0,0,1,17,15,20,35,8,10,8
37,"F",9,4,2,15,2,1,0,0,1,17,15,20,35,8,10,8
37,"F",9,4,2,16,2,1,0,1,0,17,15,20,35,8,10,8
37,"F",9,4,2,21,2,0,0,0,1,17,15,20,35,8,10,8
37,"F",9,4,2,23,2,0,0,1,0,17,15,20,35,8,10,8
37,"F",9,4,2,25,2,0,0,0,1,17,15,20,35,8,10,8
37,"F",9,4,2,26,2,0,0,0,1,17,15,20,35,8,10,8
37,"F",9,4,2,27,2,0,0,0,1,17,15,20,35,8,10,8
37,"F",9,4,2,30,2,0,0,1,0,17,15,20,35,8,10,8
37,"F",9,4,2,33,2,1,0,0,1,17,15,20,35,8,10,8
37,"F",9,4,2,37,2,0,0,0,1,17,15,20,35,8,10,8
37,"F",9,4,2,38,2,0,0,0,1,17,15,20,35,8,10,8
37,"F",9,4,2,39,2,1,0,0,1,17,15,20,35,8,10,8
37,"F",9,4,2,40,2,0,0,0,1,17,15,20,35,8,10,8
37,"F",9,4,2,41,2,0,0,0,1,17,15,20,35,8,10,8
37,"F",9,4,2,44,2,0,1,0,0,17,15,20,35,8,10,8
37,"F",9,4,2,46,2,0,0,0,1,17,15,20,35,8,10,8
37,"F",9,4,2,47,2,1,0,1,0,17,15,20,35,8,10,8
37,"F",9,4,2,50,2,0,0,0,1,17,15,20,35,8,10,8
37,"F",9,4,2,52,2,0,0,1,0,17,15,20,35,8,10,8
37,"F",9,4,2,53,2,1,0,0,1,17,15,20,35,8,10,8
37,"F",9,4,2,56,2,1,0,0,1,17,15,20,35,8,10,8
37,"F",9,4,2,60,2,0,0,0,1,17,15,20,35,8,10,8
38,"F",9.2,4,2,1,1,1,NA,NA,NA,11,25,17,36,5,8,9
38,"F",9.2,4,2,4,1,0,NA,NA,NA,11,25,17,36,5,8,9
38,"F",9.2,4,2,6,1,0,NA,NA,NA,11,25,17,36,5,8,9
38,"F",9.2,4,2,7,1,0,NA,NA,NA,11,25,17,36,5,8,9
38,"F",9.2,4,2,8,1,0,NA,NA,NA,11,25,17,36,5,8,9
38,"F",9.2,4,2,9,1,0,NA,NA,NA,11,25,17,36,5,8,9
38,"F",9.2,4,2,10,1,1,NA,NA,NA,11,25,17,36,5,8,9
38,"F",9.2,4,2,11,1,1,NA,NA,NA,11,25,17,36,5,8,9
38,"F",9.2,4,2,12,1,0,NA,NA,NA,11,25,17,36,5,8,9
38,"F",9.2,4,2,16,1,0,NA,NA,NA,11,25,17,36,5,8,9
38,"F",9.2,4,2,18,1,0,NA,NA,NA,11,25,17,36,5,8,9
38,"F",9.2,4,2,20,1,0,NA,NA,NA,11,25,17,36,5,8,9
38,"F",9.2,4,2,22,1,0,NA,NA,NA,11,25,17,36,5,8,9
38,"F",9.2,4,2,24,1,0,NA,NA,NA,11,25,17,36,5,8,9
38,"F",9.2,4,2,26,1,0,NA,NA,NA,11,25,17,36,5,8,9
38,"F",9.2,4,2,28,1,0,NA,NA,NA,11,25,17,36,5,8,9
38,"F",9.2,4,2,29,1,0,NA,NA,NA,11,25,17,36,5,8,9
38,"F",9.2,4,2,30,1,0,NA,NA,NA,11,25,17,36,5,8,9
38,"F",9.2,4,2,34,1,0,NA,NA,NA,11,25,17,36,5,8,9
38,"F",9.2,4,2,36,1,1,NA,NA,NA,11,25,17,36,5,8,9
38,"F",9.2,4,2,37,1,1,NA,NA,NA,11,25,17,36,5,8,9
38,"F",9.2,4,2,39,1,0,NA,NA,NA,11,25,17,36,5,8,9
38,"F",9.2,4,2,40,1,0,NA,NA,NA,11,25,17,36,5,8,9
38,"F",9.2,4,2,42,1,0,NA,NA,NA,11,25,17,36,5,8,9
38,"F",9.2,4,2,45,1,1,NA,NA,NA,11,25,17,36,5,8,9
38,"F",9.2,4,2,47,1,1,NA,NA,NA,11,25,17,36,5,8,9
38,"F",9.2,4,2,48,1,0,NA,NA,NA,11,25,17,36,5,8,9
38,"F",9.2,4,2,56,1,1,NA,NA,NA,11,25,17,36,5,8,9
38,"F",9.2,4,2,57,1,1,NA,NA,NA,11,25,17,36,5,8,9
38,"F",9.2,4,2,58,1,0,NA,NA,NA,11,25,17,36,5,8,9
38,"F",9.2,4,2,2,2,1,0,0,1,11,25,17,36,5,8,9
38,"F",9.2,4,2,3,2,0,0,0,1,11,25,17,36,5,8,9
38,"F",9.2,4,2,5,2,1,0,0,1,11,25,17,36,5,8,9
38,"F",9.2,4,2,13,2,0,0,0,1,11,25,17,36,5,8,9
38,"F",9.2,4,2,14,2,0,0,0,1,11,25,17,36,5,8,9
38,"F",9.2,4,2,15,2,0,0,0,1,11,25,17,36,5,8,9
38,"F",9.2,4,2,17,2,0,0,0,1,11,25,17,36,5,8,9
38,"F",9.2,4,2,19,2,0,0,0,1,11,25,17,36,5,8,9
38,"F",9.2,4,2,21,2,0,0,0,1,11,25,17,36,5,8,9
38,"F",9.2,4,2,23,2,1,0,0,1,11,25,17,36,5,8,9
38,"F",9.2,4,2,25,2,1,0,0,1,11,25,17,36,5,8,9
38,"F",9.2,4,2,27,2,0,0,0,1,11,25,17,36,5,8,9
38,"F",9.2,4,2,31,2,0,0,0,1,11,25,17,36,5,8,9
38,"F",9.2,4,2,32,2,0,0,0,1,11,25,17,36,5,8,9
38,"F",9.2,4,2,33,2,0,0,0,1,11,25,17,36,5,8,9
38,"F",9.2,4,2,35,2,0,0,0,1,11,25,17,36,5,8,9
38,"F",9.2,4,2,38,2,0,0,0,1,11,25,17,36,5,8,9
38,"F",9.2,4,2,41,2,0,0,0,1,11,25,17,36,5,8,9
38,"F",9.2,4,2,43,2,1,0,0,1,11,25,17,36,5,8,9
38,"F",9.2,4,2,44,2,0,0,0,1,11,25,17,36,5,8,9
38,"F",9.2,4,2,46,2,1,0,0,1,11,25,17,36,5,8,9
38,"F",9.2,4,2,49,2,0,0,0,1,11,25,17,36,5,8,9
38,"F",9.2,4,2,50,2,0,0,0,1,11,25,17,36,5,8,9
38,"F",9.2,4,2,51,2,0,0,0,1,11,25,17,36,5,8,9
38,"F",9.2,4,2,52,2,0,0,0,1,11,25,17,36,5,8,9
38,"F",9.2,4,2,53,2,1,0,0,1,11,25,17,36,5,8,9
38,"F",9.2,4,2,54,2,0,0,0,1,11,25,17,36,5,8,9
38,"F",9.2,4,2,55,2,0,0,0,1,11,25,17,36,5,8,9
38,"F",9.2,4,2,59,2,1,0,0,1,11,25,17,36,5,8,9
38,"F",9.2,4,2,60,2,0,0,0,1,11,25,17,36,5,8,9
39,"F",9.9,4,2,2,1,0,NA,NA,NA,38,15,20,34,4,9,8
39,"F",9.9,4,2,4,1,0,NA,NA,NA,38,15,20,34,4,9,8
39,"F",9.9,4,2,6,1,0,NA,NA,NA,38,15,20,34,4,9,8
39,"F",9.9,4,2,9,1,0,NA,NA,NA,38,15,20,34,4,9,8
39,"F",9.9,4,2,10,1,1,NA,NA,NA,38,15,20,34,4,9,8
39,"F",9.9,4,2,11,1,1,NA,NA,NA,38,15,20,34,4,9,8
39,"F",9.9,4,2,13,1,0,NA,NA,NA,38,15,20,34,4,9,8
39,"F",9.9,4,2,18,1,0,NA,NA,NA,38,15,20,34,4,9,8
39,"F",9.9,4,2,21,1,0,NA,NA,NA,38,15,20,34,4,9,8
39,"F",9.9,4,2,24,1,0,NA,NA,NA,38,15,20,34,4,9,8
39,"F",9.9,4,2,26,1,0,NA,NA,NA,38,15,20,34,4,9,8
39,"F",9.9,4,2,27,1,1,NA,NA,NA,38,15,20,34,4,9,8
39,"F",9.9,4,2,30,1,0,NA,NA,NA,38,15,20,34,4,9,8
39,"F",9.9,4,2,31,1,0,NA,NA,NA,38,15,20,34,4,9,8
39,"F",9.9,4,2,32,1,0,NA,NA,NA,38,15,20,34,4,9,8
39,"F",9.9,4,2,33,1,0,NA,NA,NA,38,15,20,34,4,9,8
39,"F",9.9,4,2,35,1,0,NA,NA,NA,38,15,20,34,4,9,8
39,"F",9.9,4,2,38,1,0,NA,NA,NA,38,15,20,34,4,9,8
39,"F",9.9,4,2,39,1,1,NA,NA,NA,38,15,20,34,4,9,8
39,"F",9.9,4,2,40,1,0,NA,NA,NA,38,15,20,34,4,9,8
39,"F",9.9,4,2,42,1,1,NA,NA,NA,38,15,20,34,4,9,8
39,"F",9.9,4,2,46,1,1,NA,NA,NA,38,15,20,34,4,9,8
39,"F",9.9,4,2,48,1,0,NA,NA,NA,38,15,20,34,4,9,8
39,"F",9.9,4,2,49,1,0,NA,NA,NA,38,15,20,34,4,9,8
39,"F",9.9,4,2,50,1,1,NA,NA,NA,38,15,20,34,4,9,8
39,"F",9.9,4,2,51,1,0,NA,NA,NA,38,15,20,34,4,9,8
39,"F",9.9,4,2,52,1,0,NA,NA,NA,38,15,20,34,4,9,8
39,"F",9.9,4,2,53,1,1,NA,NA,NA,38,15,20,34,4,9,8
39,"F",9.9,4,2,54,1,0,NA,NA,NA,38,15,20,34,4,9,8
39,"F",9.9,4,2,60,1,0,NA,NA,NA,38,15,20,34,4,9,8
39,"F",9.9,4,2,1,2,0,0,1,0,38,15,20,34,4,9,8
39,"F",9.9,4,2,3,2,0,0,1,0,38,15,20,34,4,9,8
39,"F",9.9,4,2,5,2,1,0,1,0,38,15,20,34,4,9,8
39,"F",9.9,4,2,7,2,1,0,1,0,38,15,20,34,4,9,8
39,"F",9.9,4,2,8,2,1,0,1,0,38,15,20,34,4,9,8
39,"F",9.9,4,2,12,2,0,0,1,0,38,15,20,34,4,9,8
39,"F",9.9,4,2,14,2,0,0,1,0,38,15,20,34,4,9,8
39,"F",9.9,4,2,15,2,1,0,1,0,38,15,20,34,4,9,8
39,"F",9.9,4,2,16,2,0,0,1,0,38,15,20,34,4,9,8
39,"F",9.9,4,2,17,2,0,1,0,0,38,15,20,34,4,9,8
39,"F",9.9,4,2,19,2,1,0,1,0,38,15,20,34,4,9,8
39,"F",9.9,4,2,20,2,0,0,1,0,38,15,20,34,4,9,8
39,"F",9.9,4,2,22,2,0,0,0,1,38,15,20,34,4,9,8
39,"F",9.9,4,2,23,2,0,0,0,1,38,15,20,34,4,9,8
39,"F",9.9,4,2,25,2,1,0,1,0,38,15,20,34,4,9,8
39,"F",9.9,4,2,28,2,1,0,1,0,38,15,20,34,4,9,8
39,"F",9.9,4,2,29,2,0,1,0,0,38,15,20,34,4,9,8
39,"F",9.9,4,2,34,2,0,0,1,0,38,15,20,34,4,9,8
39,"F",9.9,4,2,36,2,1,0,1,0,38,15,20,34,4,9,8
39,"F",9.9,4,2,37,2,1,0,1,0,38,15,20,34,4,9,8
39,"F",9.9,4,2,41,2,0,1,0,0,38,15,20,34,4,9,8
39,"F",9.9,4,2,43,2,1,0,0,1,38,15,20,34,4,9,8
39,"F",9.9,4,2,44,2,0,0,1,0,38,15,20,34,4,9,8
39,"F",9.9,4,2,45,2,1,0,1,0,38,15,20,34,4,9,8
39,"F",9.9,4,2,47,2,1,0,1,0,38,15,20,34,4,9,8
39,"F",9.9,4,2,55,2,0,1,0,0,38,15,20,34,4,9,8
39,"F",9.9,4,2,56,2,1,0,1,0,38,15,20,34,4,9,8
39,"F",9.9,4,2,57,2,1,0,1,0,38,15,20,34,4,9,8
39,"F",9.9,4,2,58,2,1,0,0,1,38,15,20,34,4,9,8
39,"F",9.9,4,2,59,2,1,0,0,1,38,15,20,34,4,9,8
40,"M",9.6,4,2,1,1,0,NA,NA,NA,25,19,28,25,11,8,15
40,"M",9.6,4,2,2,1,0,NA,NA,NA,25,19,28,25,11,8,15
40,"M",9.6,4,2,4,1,0,NA,NA,NA,25,19,28,25,11,8,15
40,"M",9.6,4,2,6,1,0,NA,NA,NA,25,19,28,25,11,8,15
40,"M",9.6,4,2,7,1,1,NA,NA,NA,25,19,28,25,11,8,15
40,"M",9.6,4,2,10,1,1,NA,NA,NA,25,19,28,25,11,8,15
40,"M",9.6,4,2,11,1,1,NA,NA,NA,25,19,28,25,11,8,15
40,"M",9.6,4,2,12,1,0,NA,NA,NA,25,19,28,25,11,8,15
40,"M",9.6,4,2,14,1,0,NA,NA,NA,25,19,28,25,11,8,15
40,"M",9.6,4,2,17,1,1,NA,NA,NA,25,19,28,25,11,8,15
40,"M",9.6,4,2,21,1,0,NA,NA,NA,25,19,28,25,11,8,15
40,"M",9.6,4,2,23,1,1,NA,NA,NA,25,19,28,25,11,8,15
40,"M",9.6,4,2,25,1,1,NA,NA,NA,25,19,28,25,11,8,15
40,"M",9.6,4,2,26,1,0,NA,NA,NA,25,19,28,25,11,8,15
40,"M",9.6,4,2,28,1,0,NA,NA,NA,25,19,28,25,11,8,15
40,"M",9.6,4,2,29,1,0,NA,NA,NA,25,19,28,25,11,8,15
40,"M",9.6,4,2,34,1,0,NA,NA,NA,25,19,28,25,11,8,15
40,"M",9.6,4,2,35,1,0,NA,NA,NA,25,19,28,25,11,8,15
40,"M",9.6,4,2,38,1,0,NA,NA,NA,25,19,28,25,11,8,15
40,"M",9.6,4,2,39,1,1,NA,NA,NA,25,19,28,25,11,8,15
40,"M",9.6,4,2,40,1,1,NA,NA,NA,25,19,28,25,11,8,15
40,"M",9.6,4,2,42,1,0,NA,NA,NA,25,19,28,25,11,8,15
40,"M",9.6,4,2,44,1,0,NA,NA,NA,25,19,28,25,11,8,15
40,"M",9.6,4,2,45,1,1,NA,NA,NA,25,19,28,25,11,8,15
40,"M",9.6,4,2,46,1,1,NA,NA,NA,25,19,28,25,11,8,15
40,"M",9.6,4,2,47,1,1,NA,NA,NA,25,19,28,25,11,8,15
40,"M",9.6,4,2,49,1,1,NA,NA,NA,25,19,28,25,11,8,15
40,"M",9.6,4,2,50,1,1,NA,NA,NA,25,19,28,25,11,8,15
40,"M",9.6,4,2,56,1,1,NA,NA,NA,25,19,28,25,11,8,15
40,"M",9.6,4,2,59,1,1,NA,NA,NA,25,19,28,25,11,8,15
40,"M",9.6,4,2,3,2,0,0,0,1,25,19,28,25,11,8,15
40,"M",9.6,4,2,5,2,0,0,0,1,25,19,28,25,11,8,15
40,"M",9.6,4,2,8,2,0,1,0,0,25,19,28,25,11,8,15
40,"M",9.6,4,2,9,2,1,0,1,0,25,19,28,25,11,8,15
40,"M",9.6,4,2,13,2,0,1,0,0,25,19,28,25,11,8,15
40,"M",9.6,4,2,15,2,0,1,0,0,25,19,28,25,11,8,15
40,"M",9.6,4,2,16,2,0,0,0,1,25,19,28,25,11,8,15
40,"M",9.6,4,2,18,2,0,0,0,1,25,19,28,25,11,8,15
40,"M",9.6,4,2,19,2,1,0,1,0,25,19,28,25,11,8,15
40,"M",9.6,4,2,20,2,0,0,0,1,25,19,28,25,11,8,15
40,"M",9.6,4,2,22,2,1,0,0,1,25,19,28,25,11,8,15
40,"M",9.6,4,2,24,2,0,1,0,0,25,19,28,25,11,8,15
40,"M",9.6,4,2,27,2,0,0,1,0,25,19,28,25,11,8,15
40,"M",9.6,4,2,30,2,1,0,0,1,25,19,28,25,11,8,15
40,"M",9.6,4,2,31,2,0,0,0,1,25,19,28,25,11,8,15
40,"M",9.6,4,2,32,2,0,1,0,0,25,19,28,25,11,8,15
40,"M",9.6,4,2,33,2,0,0,0,1,25,19,28,25,11,8,15
40,"M",9.6,4,2,36,2,0,1,0,0,25,19,28,25,11,8,15
40,"M",9.6,4,2,37,2,1,0,0,1,25,19,28,25,11,8,15
40,"M",9.6,4,2,41,2,0,1,0,0,25,19,28,25,11,8,15
40,"M",9.6,4,2,43,2,1,0,0,1,25,19,28,25,11,8,15
40,"M",9.6,4,2,48,2,0,0,0,1,25,19,28,25,11,8,15
40,"M",9.6,4,2,51,2,0,0,0,1,25,19,28,25,11,8,15
40,"M",9.6,4,2,52,2,0,0,0,1,25,19,28,25,11,8,15
40,"M",9.6,4,2,53,2,0,0,0,1,25,19,28,25,11,8,15
40,"M",9.6,4,2,54,2,0,0,0,1,25,19,28,25,11,8,15
40,"M",9.6,4,2,55,2,0,0,1,0,25,19,28,25,11,8,15
40,"M",9.6,4,2,57,2,1,0,0,1,25,19,28,25,11,8,15
40,"M",9.6,4,2,58,2,0,0,0,1,25,19,28,25,11,8,15
40,"M",9.6,4,2,60,2,0,0,1,0,25,19,28,25,11,8,15
41,"M",9.4,4,3,5,1,1,NA,NA,NA,23,10,28,15,5,6,17
41,"M",9.4,4,3,6,1,1,NA,NA,NA,23,10,28,15,5,6,17
41,"M",9.4,4,3,7,1,1,NA,NA,NA,23,10,28,15,5,6,17
41,"M",9.4,4,3,10,1,1,NA,NA,NA,23,10,28,15,5,6,17
41,"M",9.4,4,3,11,1,1,NA,NA,NA,23,10,28,15,5,6,17
41,"M",9.4,4,3,13,1,0,NA,NA,NA,23,10,28,15,5,6,17
41,"M",9.4,4,3,17,1,1,NA,NA,NA,23,10,28,15,5,6,17
41,"M",9.4,4,3,18,1,0,NA,NA,NA,23,10,28,15,5,6,17
41,"M",9.4,4,3,22,1,0,NA,NA,NA,23,10,28,15,5,6,17
41,"M",9.4,4,3,24,1,0,NA,NA,NA,23,10,28,15,5,6,17
41,"M",9.4,4,3,25,1,1,NA,NA,NA,23,10,28,15,5,6,17
41,"M",9.4,4,3,28,1,1,NA,NA,NA,23,10,28,15,5,6,17
41,"M",9.4,4,3,30,1,1,NA,NA,NA,23,10,28,15,5,6,17
41,"M",9.4,4,3,31,1,1,NA,NA,NA,23,10,28,15,5,6,17
41,"M",9.4,4,3,33,1,0,NA,NA,NA,23,10,28,15,5,6,17
41,"M",9.4,4,3,34,1,1,NA,NA,NA,23,10,28,15,5,6,17
41,"M",9.4,4,3,35,1,0,NA,NA,NA,23,10,28,15,5,6,17
41,"M",9.4,4,3,38,1,0,NA,NA,NA,23,10,28,15,5,6,17
41,"M",9.4,4,3,39,1,0,NA,NA,NA,23,10,28,15,5,6,17
41,"M",9.4,4,3,42,1,0,NA,NA,NA,23,10,28,15,5,6,17
41,"M",9.4,4,3,46,1,1,NA,NA,NA,23,10,28,15,5,6,17
41,"M",9.4,4,3,47,1,1,NA,NA,NA,23,10,28,15,5,6,17
41,"M",9.4,4,3,48,1,0,NA,NA,NA,23,10,28,15,5,6,17
41,"M",9.4,4,3,51,1,0,NA,NA,NA,23,10,28,15,5,6,17
41,"M",9.4,4,3,53,1,0,NA,NA,NA,23,10,28,15,5,6,17
41,"M",9.4,4,3,54,1,0,NA,NA,NA,23,10,28,15,5,6,17
41,"M",9.4,4,3,56,1,1,NA,NA,NA,23,10,28,15,5,6,17
41,"M",9.4,4,3,57,1,1,NA,NA,NA,23,10,28,15,5,6,17
41,"M",9.4,4,3,58,1,1,NA,NA,NA,23,10,28,15,5,6,17
41,"M",9.4,4,3,60,1,1,NA,NA,NA,23,10,28,15,5,6,17
41,"M",9.4,4,3,1,2,0,0,1,0,23,10,28,15,5,6,17
41,"M",9.4,4,3,2,2,0,0,0,1,23,10,28,15,5,6,17
41,"M",9.4,4,3,3,2,1,0,0,1,23,10,28,15,5,6,17
41,"M",9.4,4,3,4,2,0,1,0,0,23,10,28,15,5,6,17
41,"M",9.4,4,3,8,2,1,0,0,1,23,10,28,15,5,6,17
41,"M",9.4,4,3,9,2,1,0,0,1,23,10,28,15,5,6,17
41,"M",9.4,4,3,12,2,1,0,1,0,23,10,28,15,5,6,17
41,"M",9.4,4,3,14,2,1,0,0,1,23,10,28,15,5,6,17
41,"M",9.4,4,3,15,2,1,0,1,0,23,10,28,15,5,6,17
41,"M",9.4,4,3,16,2,1,0,0,1,23,10,28,15,5,6,17
41,"M",9.4,4,3,19,2,0,1,0,0,23,10,28,15,5,6,17
41,"M",9.4,4,3,20,2,1,0,1,0,23,10,28,15,5,6,17
41,"M",9.4,4,3,21,2,0,0,0,1,23,10,28,15,5,6,17
41,"M",9.4,4,3,23,2,0,1,0,0,23,10,28,15,5,6,17
41,"M",9.4,4,3,26,2,0,0,0,1,23,10,28,15,5,6,17
41,"M",9.4,4,3,27,2,0,1,0,0,23,10,28,15,5,6,17
41,"M",9.4,4,3,29,2,0,1,0,0,23,10,28,15,5,6,17
41,"M",9.4,4,3,32,2,0,1,0,0,23,10,28,15,5,6,17
41,"M",9.4,4,3,36,2,0,1,0,0,23,10,28,15,5,6,17
41,"M",9.4,4,3,37,2,0,1,0,0,23,10,28,15,5,6,17
41,"M",9.4,4,3,40,2,0,1,0,0,23,10,28,15,5,6,17
41,"M",9.4,4,3,41,2,0,1,0,0,23,10,28,15,5,6,17
41,"M",9.4,4,3,43,2,1,0,1,0,23,10,28,15,5,6,17
41,"M",9.4,4,3,44,2,0,1,0,0,23,10,28,15,5,6,17
41,"M",9.4,4,3,45,2,0,1,0,0,23,10,28,15,5,6,17
41,"M",9.4,4,3,49,2,0,0,1,0,23,10,28,15,5,6,17
41,"M",9.4,4,3,50,2,0,1,0,0,23,10,28,15,5,6,17
41,"M",9.4,4,3,52,2,1,0,1,0,23,10,28,15,5,6,17
41,"M",9.4,4,3,55,2,0,1,0,0,23,10,28,15,5,6,17
41,"M",9.4,4,3,59,2,0,1,0,0,23,10,28,15,5,6,17
42,"M",9.4,4,3,2,1,0,NA,NA,NA,35,16,19,14,5,7,21
42,"M",9.4,4,3,5,1,1,NA,NA,NA,35,16,19,14,5,7,21
42,"M",9.4,4,3,6,1,0,NA,NA,NA,35,16,19,14,5,7,21
42,"M",9.4,4,3,7,1,1,NA,NA,NA,35,16,19,14,5,7,21
42,"M",9.4,4,3,11,1,1,NA,NA,NA,35,16,19,14,5,7,21
42,"M",9.4,4,3,12,1,0,NA,NA,NA,35,16,19,14,5,7,21
42,"M",9.4,4,3,14,1,0,NA,NA,NA,35,16,19,14,5,7,21
42,"M",9.4,4,3,16,1,1,NA,NA,NA,35,16,19,14,5,7,21
42,"M",9.4,4,3,17,1,1,NA,NA,NA,35,16,19,14,5,7,21
42,"M",9.4,4,3,18,1,1,NA,NA,NA,35,16,19,14,5,7,21
42,"M",9.4,4,3,21,1,1,NA,NA,NA,35,16,19,14,5,7,21
42,"M",9.4,4,3,25,1,1,NA,NA,NA,35,16,19,14,5,7,21
42,"M",9.4,4,3,27,1,1,NA,NA,NA,35,16,19,14,5,7,21
42,"M",9.4,4,3,32,1,0,NA,NA,NA,35,16,19,14,5,7,21
42,"M",9.4,4,3,33,1,1,NA,NA,NA,35,16,19,14,5,7,21
42,"M",9.4,4,3,35,1,1,NA,NA,NA,35,16,19,14,5,7,21
42,"M",9.4,4,3,39,1,1,NA,NA,NA,35,16,19,14,5,7,21
42,"M",9.4,4,3,40,1,1,NA,NA,NA,35,16,19,14,5,7,21
42,"M",9.4,4,3,41,1,1,NA,NA,NA,35,16,19,14,5,7,21
42,"M",9.4,4,3,44,1,1,NA,NA,NA,35,16,19,14,5,7,21
42,"M",9.4,4,3,49,1,0,NA,NA,NA,35,16,19,14,5,7,21
42,"M",9.4,4,3,50,1,0,NA,NA,NA,35,16,19,14,5,7,21
42,"M",9.4,4,3,51,1,1,NA,NA,NA,35,16,19,14,5,7,21
42,"M",9.4,4,3,52,1,0,NA,NA,NA,35,16,19,14,5,7,21
42,"M",9.4,4,3,53,1,1,NA,NA,NA,35,16,19,14,5,7,21
42,"M",9.4,4,3,54,1,0,NA,NA,NA,35,16,19,14,5,7,21
42,"M",9.4,4,3,57,1,1,NA,NA,NA,35,16,19,14,5,7,21
42,"M",9.4,4,3,58,1,1,NA,NA,NA,35,16,19,14,5,7,21
42,"M",9.4,4,3,59,1,1,NA,NA,NA,35,16,19,14,5,7,21
42,"M",9.4,4,3,60,1,1,NA,NA,NA,35,16,19,14,5,7,21
42,"M",9.4,4,3,1,2,1,0,1,0,35,16,19,14,5,7,21
42,"M",9.4,4,3,3,2,1,0,1,0,35,16,19,14,5,7,21
42,"M",9.4,4,3,4,2,0,1,0,0,35,16,19,14,5,7,21
42,"M",9.4,4,3,8,2,0,0,1,0,35,16,19,14,5,7,21
42,"M",9.4,4,3,9,2,1,0,0,1,35,16,19,14,5,7,21
42,"M",9.4,4,3,10,2,1,0,1,0,35,16,19,14,5,7,21
42,"M",9.4,4,3,13,2,0,0,0,1,35,16,19,14,5,7,21
42,"M",9.4,4,3,15,2,1,0,0,1,35,16,19,14,5,7,21
42,"M",9.4,4,3,19,2,0,0,1,0,35,16,19,14,5,7,21
42,"M",9.4,4,3,20,2,1,0,0,1,35,16,19,14,5,7,21
42,"M",9.4,4,3,22,2,0,0,0,1,35,16,19,14,5,7,21
42,"M",9.4,4,3,23,2,1,0,0,1,35,16,19,14,5,7,21
42,"M",9.4,4,3,24,2,1,0,0,1,35,16,19,14,5,7,21
42,"M",9.4,4,3,26,2,1,0,1,0,35,16,19,14,5,7,21
42,"M",9.4,4,3,28,2,0,0,1,0,35,16,19,14,5,7,21
42,"M",9.4,4,3,29,2,1,0,1,0,35,16,19,14,5,7,21
42,"M",9.4,4,3,30,2,1,0,0,1,35,16,19,14,5,7,21
42,"M",9.4,4,3,31,2,0,1,0,0,35,16,19,14,5,7,21
42,"M",9.4,4,3,34,2,0,1,0,0,35,16,19,14,5,7,21
42,"M",9.4,4,3,36,2,1,0,1,0,35,16,19,14,5,7,21
42,"M",9.4,4,3,37,2,1,0,1,0,35,16,19,14,5,7,21
42,"M",9.4,4,3,38,2,1,0,1,0,35,16,19,14,5,7,21
42,"M",9.4,4,3,42,2,1,0,1,0,35,16,19,14,5,7,21
42,"M",9.4,4,3,43,2,1,0,1,0,35,16,19,14,5,7,21
42,"M",9.4,4,3,45,2,1,0,1,0,35,16,19,14,5,7,21
42,"M",9.4,4,3,46,2,1,0,1,0,35,16,19,14,5,7,21
42,"M",9.4,4,3,47,2,0,0,1,0,35,16,19,14,5,7,21
42,"M",9.4,4,3,48,2,0,0,0,1,35,16,19,14,5,7,21
42,"M",9.4,4,3,55,2,0,0,1,0,35,16,19,14,5,7,21
42,"M",9.4,4,3,56,2,1,0,0,1,35,16,19,14,5,7,21
43,"M",9,4,3,1,1,1,NA,NA,NA,20,21,28,24,4,8,14
43,"M",9,4,3,4,1,0,NA,NA,NA,20,21,28,24,4,8,14
43,"M",9,4,3,8,1,1,NA,NA,NA,20,21,28,24,4,8,14
43,"M",9,4,3,9,1,1,NA,NA,NA,20,21,28,24,4,8,14
43,"M",9,4,3,11,1,0,NA,NA,NA,20,21,28,24,4,8,14
43,"M",9,4,3,12,1,0,NA,NA,NA,20,21,28,24,4,8,14
43,"M",9,4,3,13,1,0,NA,NA,NA,20,21,28,24,4,8,14
43,"M",9,4,3,14,1,0,NA,NA,NA,20,21,28,24,4,8,14
43,"M",9,4,3,15,1,0,NA,NA,NA,20,21,28,24,4,8,14
43,"M",9,4,3,17,1,0,NA,NA,NA,20,21,28,24,4,8,14
43,"M",9,4,3,18,1,0,NA,NA,NA,20,21,28,24,4,8,14
43,"M",9,4,3,19,1,0,NA,NA,NA,20,21,28,24,4,8,14
43,"M",9,4,3,21,1,0,NA,NA,NA,20,21,28,24,4,8,14
43,"M",9,4,3,25,1,1,NA,NA,NA,20,21,28,24,4,8,14
43,"M",9,4,3,26,1,1,NA,NA,NA,20,21,28,24,4,8,14
43,"M",9,4,3,28,1,0,NA,NA,NA,20,21,28,24,4,8,14
43,"M",9,4,3,31,1,0,NA,NA,NA,20,21,28,24,4,8,14
43,"M",9,4,3,36,1,1,NA,NA,NA,20,21,28,24,4,8,14
43,"M",9,4,3,38,1,1,NA,NA,NA,20,21,28,24,4,8,14
43,"M",9,4,3,39,1,1,NA,NA,NA,20,21,28,24,4,8,14
43,"M",9,4,3,40,1,1,NA,NA,NA,20,21,28,24,4,8,14
43,"M",9,4,3,41,1,1,NA,NA,NA,20,21,28,24,4,8,14
43,"M",9,4,3,45,1,1,NA,NA,NA,20,21,28,24,4,8,14
43,"M",9,4,3,51,1,0,NA,NA,NA,20,21,28,24,4,8,14
43,"M",9,4,3,53,1,1,NA,NA,NA,20,21,28,24,4,8,14
43,"M",9,4,3,55,1,0,NA,NA,NA,20,21,28,24,4,8,14
43,"M",9,4,3,57,1,1,NA,NA,NA,20,21,28,24,4,8,14
43,"M",9,4,3,58,1,1,NA,NA,NA,20,21,28,24,4,8,14
43,"M",9,4,3,59,1,0,NA,NA,NA,20,21,28,24,4,8,14
43,"M",9,4,3,60,1,0,NA,NA,NA,20,21,28,24,4,8,14
43,"M",9,4,3,2,2,0,0,0,1,20,21,28,24,4,8,14
43,"M",9,4,3,3,2,1,0,0,1,20,21,28,24,4,8,14
43,"M",9,4,3,5,2,0,0,0,1,20,21,28,24,4,8,14
43,"M",9,4,3,6,2,0,0,0,1,20,21,28,24,4,8,14
43,"M",9,4,3,7,2,0,0,0,1,20,21,28,24,4,8,14
43,"M",9,4,3,10,2,1,0,1,0,20,21,28,24,4,8,14
43,"M",9,4,3,16,2,0,0,0,1,20,21,28,24,4,8,14
43,"M",9,4,3,20,2,1,0,0,1,20,21,28,24,4,8,14
43,"M",9,4,3,22,2,0,1,0,0,20,21,28,24,4,8,14
43,"M",9,4,3,23,2,1,0,0,1,20,21,28,24,4,8,14
43,"M",9,4,3,24,2,0,0,0,1,20,21,28,24,4,8,14
43,"M",9,4,3,27,2,0,0,0,1,20,21,28,24,4,8,14
43,"M",9,4,3,29,2,0,0,0,1,20,21,28,24,4,8,14
43,"M",9,4,3,30,2,1,0,0,1,20,21,28,24,4,8,14
43,"M",9,4,3,32,2,0,0,0,1,20,21,28,24,4,8,14
43,"M",9,4,3,33,2,1,0,0,1,20,21,28,24,4,8,14
43,"M",9,4,3,34,2,1,0,0,1,20,21,28,24,4,8,14
43,"M",9,4,3,35,2,0,0,0,1,20,21,28,24,4,8,14
43,"M",9,4,3,37,2,0,0,0,1,20,21,28,24,4,8,14
43,"M",9,4,3,42,2,0,0,0,1,20,21,28,24,4,8,14
43,"M",9,4,3,43,2,1,0,0,1,20,21,28,24,4,8,14
43,"M",9,4,3,44,2,0,0,0,1,20,21,28,24,4,8,14
43,"M",9,4,3,46,2,0,1,0,0,20,21,28,24,4,8,14
43,"M",9,4,3,47,2,1,0,0,1,20,21,28,24,4,8,14
43,"M",9,4,3,48,2,0,0,0,1,20,21,28,24,4,8,14
43,"M",9,4,3,49,2,1,0,0,1,20,21,28,24,4,8,14
43,"M",9,4,3,50,2,0,1,0,0,20,21,28,24,4,8,14
43,"M",9,4,3,52,2,0,1,0,0,20,21,28,24,4,8,14
43,"M",9,4,3,54,2,0,1,0,0,20,21,28,24,4,8,14
43,"M",9,4,3,56,2,1,0,1,0,20,21,28,24,4,8,14
44,"M",10,4,3,5,1,0,NA,NA,NA,23,24,34,23,6,9,6
44,"M",10,4,3,8,1,0,NA,NA,NA,23,24,34,23,6,9,6
44,"M",10,4,3,9,1,0,NA,NA,NA,23,24,34,23,6,9,6
44,"M",10,4,3,10,1,0,NA,NA,NA,23,24,34,23,6,9,6
44,"M",10,4,3,11,1,1,NA,NA,NA,23,24,34,23,6,9,6
44,"M",10,4,3,13,1,0,NA,NA,NA,23,24,34,23,6,9,6
44,"M",10,4,3,15,1,0,NA,NA,NA,23,24,34,23,6,9,6
44,"M",10,4,3,16,1,0,NA,NA,NA,23,24,34,23,6,9,6
44,"M",10,4,3,17,1,1,NA,NA,NA,23,24,34,23,6,9,6
44,"M",10,4,3,21,1,0,NA,NA,NA,23,24,34,23,6,9,6
44,"M",10,4,3,22,1,1,NA,NA,NA,23,24,34,23,6,9,6
44,"M",10,4,3,24,1,0,NA,NA,NA,23,24,34,23,6,9,6
44,"M",10,4,3,25,1,0,NA,NA,NA,23,24,34,23,6,9,6
44,"M",10,4,3,29,1,0,NA,NA,NA,23,24,34,23,6,9,6
44,"M",10,4,3,30,1,0,NA,NA,NA,23,24,34,23,6,9,6
44,"M",10,4,3,33,1,0,NA,NA,NA,23,24,34,23,6,9,6
44,"M",10,4,3,34,1,0,NA,NA,NA,23,24,34,23,6,9,6
44,"M",10,4,3,35,1,0,NA,NA,NA,23,24,34,23,6,9,6
44,"M",10,4,3,36,1,0,NA,NA,NA,23,24,34,23,6,9,6
44,"M",10,4,3,38,1,0,NA,NA,NA,23,24,34,23,6,9,6
44,"M",10,4,3,39,1,1,NA,NA,NA,23,24,34,23,6,9,6
44,"M",10,4,3,40,1,0,NA,NA,NA,23,24,34,23,6,9,6
44,"M",10,4,3,43,1,1,NA,NA,NA,23,24,34,23,6,9,6
44,"M",10,4,3,45,1,0,NA,NA,NA,23,24,34,23,6,9,6
44,"M",10,4,3,48,1,0,NA,NA,NA,23,24,34,23,6,9,6
44,"M",10,4,3,49,1,0,NA,NA,NA,23,24,34,23,6,9,6
44,"M",10,4,3,52,1,0,NA,NA,NA,23,24,34,23,6,9,6
44,"M",10,4,3,53,1,1,NA,NA,NA,23,24,34,23,6,9,6
44,"M",10,4,3,57,1,0,NA,NA,NA,23,24,34,23,6,9,6
44,"M",10,4,3,60,1,0,NA,NA,NA,23,24,34,23,6,9,6
44,"M",10,4,3,1,2,0,0,0,1,23,24,34,23,6,9,6
44,"M",10,4,3,2,2,0,1,0,0,23,24,34,23,6,9,6
44,"M",10,4,3,3,2,0,0,0,1,23,24,34,23,6,9,6
44,"M",10,4,3,4,2,0,1,0,0,23,24,34,23,6,9,6
44,"M",10,4,3,6,2,0,0,0,1,23,24,34,23,6,9,6
44,"M",10,4,3,7,2,0,1,0,0,23,24,34,23,6,9,6
44,"M",10,4,3,12,2,0,0,1,0,23,24,34,23,6,9,6
44,"M",10,4,3,14,2,0,0,0,1,23,24,34,23,6,9,6
44,"M",10,4,3,18,2,0,0,0,1,23,24,34,23,6,9,6
44,"M",10,4,3,19,2,0,0,0,1,23,24,34,23,6,9,6
44,"M",10,4,3,20,2,0,0,0,1,23,24,34,23,6,9,6
44,"M",10,4,3,23,2,0,1,0,0,23,24,34,23,6,9,6
44,"M",10,4,3,26,2,0,0,1,0,23,24,34,23,6,9,6
44,"M",10,4,3,27,2,0,0,1,0,23,24,34,23,6,9,6
44,"M",10,4,3,28,2,0,0,0,1,23,24,34,23,6,9,6
44,"M",10,4,3,31,2,0,1,0,0,23,24,34,23,6,9,6
44,"M",10,4,3,32,2,0,0,0,1,23,24,34,23,6,9,6
44,"M",10,4,3,37,2,0,1,0,0,23,24,34,23,6,9,6
44,"M",10,4,3,41,2,0,0,1,0,23,24,34,23,6,9,6
44,"M",10,4,3,42,2,0,1,0,0,23,24,34,23,6,9,6
44,"M",10,4,3,44,2,0,0,0,1,23,24,34,23,6,9,6
44,"M",10,4,3,46,2,1,0,0,1,23,24,34,23,6,9,6
44,"M",10,4,3,47,2,0,0,0,1,23,24,34,23,6,9,6
44,"M",10,4,3,50,2,0,0,0,1,23,24,34,23,6,9,6
44,"M",10,4,3,51,2,0,0,0,1,23,24,34,23,6,9,6
44,"M",10,4,3,54,2,0,0,0,1,23,24,34,23,6,9,6
44,"M",10,4,3,55,2,0,1,0,0,23,24,34,23,6,9,6
44,"M",10,4,3,56,2,0,0,0,1,23,24,34,23,6,9,6
44,"M",10,4,3,58,2,0,1,0,0,23,24,34,23,6,9,6
44,"M",10,4,3,59,2,1,0,1,0,23,24,34,23,6,9,6
45,"F",9.4,4,3,1,1,1,NA,NA,NA,31,13,18,35,6,6,21
45,"F",9.4,4,3,5,1,1,NA,NA,NA,31,13,18,35,6,6,21
45,"F",9.4,4,3,6,1,0,NA,NA,NA,31,13,18,35,6,6,21
45,"F",9.4,4,3,7,1,1,NA,NA,NA,31,13,18,35,6,6,21
45,"F",9.4,4,3,10,1,0,NA,NA,NA,31,13,18,35,6,6,21
45,"F",9.4,4,3,11,1,1,NA,NA,NA,31,13,18,35,6,6,21
45,"F",9.4,4,3,16,1,1,NA,NA,NA,31,13,18,35,6,6,21
45,"F",9.4,4,3,17,1,1,NA,NA,NA,31,13,18,35,6,6,21
45,"F",9.4,4,3,21,1,1,NA,NA,NA,31,13,18,35,6,6,21
45,"F",9.4,4,3,24,1,0,NA,NA,NA,31,13,18,35,6,6,21
45,"F",9.4,4,3,25,1,1,NA,NA,NA,31,13,18,35,6,6,21
45,"F",9.4,4,3,26,1,0,NA,NA,NA,31,13,18,35,6,6,21
45,"F",9.4,4,3,28,1,1,NA,NA,NA,31,13,18,35,6,6,21
45,"F",9.4,4,3,34,1,1,NA,NA,NA,31,13,18,35,6,6,21
45,"F",9.4,4,3,37,1,1,NA,NA,NA,31,13,18,35,6,6,21
45,"F",9.4,4,3,38,1,0,NA,NA,NA,31,13,18,35,6,6,21
45,"F",9.4,4,3,39,1,1,NA,NA,NA,31,13,18,35,6,6,21
45,"F",9.4,4,3,42,1,1,NA,NA,NA,31,13,18,35,6,6,21
45,"F",9.4,4,3,44,1,0,NA,NA,NA,31,13,18,35,6,6,21
45,"F",9.4,4,3,45,1,1,NA,NA,NA,31,13,18,35,6,6,21
45,"F",9.4,4,3,46,1,1,NA,NA,NA,31,13,18,35,6,6,21
45,"F",9.4,4,3,47,1,1,NA,NA,NA,31,13,18,35,6,6,21
45,"F",9.4,4,3,48,1,0,NA,NA,NA,31,13,18,35,6,6,21
45,"F",9.4,4,3,51,1,1,NA,NA,NA,31,13,18,35,6,6,21
45,"F",9.4,4,3,52,1,1,NA,NA,NA,31,13,18,35,6,6,21
45,"F",9.4,4,3,53,1,1,NA,NA,NA,31,13,18,35,6,6,21
45,"F",9.4,4,3,54,1,0,NA,NA,NA,31,13,18,35,6,6,21
45,"F",9.4,4,3,55,1,1,NA,NA,NA,31,13,18,35,6,6,21
45,"F",9.4,4,3,57,1,1,NA,NA,NA,31,13,18,35,6,6,21
45,"F",9.4,4,3,60,1,0,NA,NA,NA,31,13,18,35,6,6,21
45,"F",9.4,4,3,2,2,0,0,1,0,31,13,18,35,6,6,21
45,"F",9.4,4,3,3,2,0,0,1,0,31,13,18,35,6,6,21
45,"F",9.4,4,3,4,2,0,0,0,1,31,13,18,35,6,6,21
45,"F",9.4,4,3,8,2,1,0,1,0,31,13,18,35,6,6,21
45,"F",9.4,4,3,9,2,0,0,1,0,31,13,18,35,6,6,21
45,"F",9.4,4,3,12,2,1,0,1,0,31,13,18,35,6,6,21
45,"F",9.4,4,3,13,2,0,0,1,0,31,13,18,35,6,6,21
45,"F",9.4,4,3,14,2,0,1,0,0,31,13,18,35,6,6,21
45,"F",9.4,4,3,15,2,0,0,1,0,31,13,18,35,6,6,21
45,"F",9.4,4,3,18,2,0,0,1,0,31,13,18,35,6,6,21
45,"F",9.4,4,3,19,2,0,1,0,0,31,13,18,35,6,6,21
45,"F",9.4,4,3,20,2,0,0,0,1,31,13,18,35,6,6,21
45,"F",9.4,4,3,22,2,0,0,1,0,31,13,18,35,6,6,21
45,"F",9.4,4,3,23,2,0,0,1,0,31,13,18,35,6,6,21
45,"F",9.4,4,3,27,2,1,0,0,1,31,13,18,35,6,6,21
45,"F",9.4,4,3,29,2,0,1,0,0,31,13,18,35,6,6,21
45,"F",9.4,4,3,30,2,0,1,0,0,31,13,18,35,6,6,21
45,"F",9.4,4,3,31,2,0,1,0,0,31,13,18,35,6,6,21
45,"F",9.4,4,3,32,2,1,0,0,1,31,13,18,35,6,6,21
45,"F",9.4,4,3,33,2,0,1,0,0,31,13,18,35,6,6,21
45,"F",9.4,4,3,35,2,1,0,0,1,31,13,18,35,6,6,21
45,"F",9.4,4,3,36,2,1,0,1,0,31,13,18,35,6,6,21
45,"F",9.4,4,3,40,2,0,1,0,0,31,13,18,35,6,6,21
45,"F",9.4,4,3,41,2,0,1,0,0,31,13,18,35,6,6,21
45,"F",9.4,4,3,43,2,1,0,1,0,31,13,18,35,6,6,21
45,"F",9.4,4,3,49,2,1,0,1,0,31,13,18,35,6,6,21
45,"F",9.4,4,3,50,2,0,0,1,0,31,13,18,35,6,6,21
45,"F",9.4,4,3,56,2,1,0,1,0,31,13,18,35,6,6,21
45,"F",9.4,4,3,58,2,1,0,1,0,31,13,18,35,6,6,21
45,"F",9.4,4,3,59,2,1,0,1,0,31,13,18,35,6,6,21
46,"M",10,4,3,2,1,1,NA,NA,NA,30,22,25,34,4,9,17
46,"M",10,4,3,4,1,1,NA,NA,NA,30,22,25,34,4,9,17
46,"M",10,4,3,9,1,0,NA,NA,NA,30,22,25,34,4,9,17
46,"M",10,4,3,11,1,1,NA,NA,NA,30,22,25,34,4,9,17
46,"M",10,4,3,13,1,0,NA,NA,NA,30,22,25,34,4,9,17
46,"M",10,4,3,14,1,1,NA,NA,NA,30,22,25,34,4,9,17
46,"M",10,4,3,15,1,0,NA,NA,NA,30,22,25,34,4,9,17
46,"M",10,4,3,16,1,0,NA,NA,NA,30,22,25,34,4,9,17
46,"M",10,4,3,17,1,0,NA,NA,NA,30,22,25,34,4,9,17
46,"M",10,4,3,19,1,0,NA,NA,NA,30,22,25,34,4,9,17
46,"M",10,4,3,20,1,1,NA,NA,NA,30,22,25,34,4,9,17
46,"M",10,4,3,22,1,1,NA,NA,NA,30,22,25,34,4,9,17
46,"M",10,4,3,24,1,1,NA,NA,NA,30,22,25,34,4,9,17
46,"M",10,4,3,25,1,1,NA,NA,NA,30,22,25,34,4,9,17
46,"M",10,4,3,27,1,1,NA,NA,NA,30,22,25,34,4,9,17
46,"M",10,4,3,28,1,0,NA,NA,NA,30,22,25,34,4,9,17
46,"M",10,4,3,31,1,0,NA,NA,NA,30,22,25,34,4,9,17
46,"M",10,4,3,34,1,0,NA,NA,NA,30,22,25,34,4,9,17
46,"M",10,4,3,35,1,1,NA,NA,NA,30,22,25,34,4,9,17
46,"M",10,4,3,36,1,1,NA,NA,NA,30,22,25,34,4,9,17
46,"M",10,4,3,38,1,0,NA,NA,NA,30,22,25,34,4,9,17
46,"M",10,4,3,41,1,1,NA,NA,NA,30,22,25,34,4,9,17
46,"M",10,4,3,42,1,1,NA,NA,NA,30,22,25,34,4,9,17
46,"M",10,4,3,43,1,1,NA,NA,NA,30,22,25,34,4,9,17
46,"M",10,4,3,46,1,1,NA,NA,NA,30,22,25,34,4,9,17
46,"M",10,4,3,48,1,0,NA,NA,NA,30,22,25,34,4,9,17
46,"M",10,4,3,51,1,0,NA,NA,NA,30,22,25,34,4,9,17
46,"M",10,4,3,52,1,0,NA,NA,NA,30,22,25,34,4,9,17
46,"M",10,4,3,56,1,1,NA,NA,NA,30,22,25,34,4,9,17
46,"M",10,4,3,57,1,1,NA,NA,NA,30,22,25,34,4,9,17
46,"M",10,4,3,1,2,1,0,1,0,30,22,25,34,4,9,17
46,"M",10,4,3,3,2,0,0,1,0,30,22,25,34,4,9,17
46,"M",10,4,3,5,2,1,0,1,0,30,22,25,34,4,9,17
46,"M",10,4,3,6,2,0,0,0,1,30,22,25,34,4,9,17
46,"M",10,4,3,7,2,1,0,0,1,30,22,25,34,4,9,17
46,"M",10,4,3,8,2,0,0,0,1,30,22,25,34,4,9,17
46,"M",10,4,3,10,2,1,0,0,1,30,22,25,34,4,9,17
46,"M",10,4,3,12,2,1,0,0,1,30,22,25,34,4,9,17
46,"M",10,4,3,18,2,1,0,0,1,30,22,25,34,4,9,17
46,"M",10,4,3,21,2,1,0,1,0,30,22,25,34,4,9,17
46,"M",10,4,3,23,2,1,0,0,1,30,22,25,34,4,9,17
46,"M",10,4,3,26,2,0,0,0,1,30,22,25,34,4,9,17
46,"M",10,4,3,29,2,1,0,1,0,30,22,25,34,4,9,17
46,"M",10,4,3,30,2,1,0,0,1,30,22,25,34,4,9,17
46,"M",10,4,3,32,2,0,0,0,1,30,22,25,34,4,9,17
46,"M",10,4,3,33,2,0,1,0,0,30,22,25,34,4,9,17
46,"M",10,4,3,37,2,1,0,0,1,30,22,25,34,4,9,17
46,"M",10,4,3,39,2,0,1,0,0,30,22,25,34,4,9,17
46,"M",10,4,3,40,2,1,0,0,1,30,22,25,34,4,9,17
46,"M",10,4,3,44,2,0,0,0,1,30,22,25,34,4,9,17
46,"M",10,4,3,45,2,1,0,0,1,30,22,25,34,4,9,17
46,"M",10,4,3,47,2,0,1,0,0,30,22,25,34,4,9,17
46,"M",10,4,3,49,2,0,0,1,0,30,22,25,34,4,9,17
46,"M",10,4,3,50,2,1,0,0,1,30,22,25,34,4,9,17
46,"M",10,4,3,53,2,1,0,0,1,30,22,25,34,4,9,17
46,"M",10,4,3,54,2,1,0,1,0,30,22,25,34,4,9,17
46,"M",10,4,3,55,2,0,0,0,1,30,22,25,34,4,9,17
46,"M",10,4,3,58,2,1,0,1,0,30,22,25,34,4,9,17
46,"M",10,4,3,59,2,0,0,0,1,30,22,25,34,4,9,17
46,"M",10,4,3,60,2,0,0,0,1,30,22,25,34,4,9,17
47,"F",9.9,4,3,2,1,1,NA,NA,NA,25,26,17,33,6,8,19
47,"F",9.9,4,3,4,1,1,NA,NA,NA,25,26,17,33,6,8,19
47,"F",9.9,4,3,7,1,0,NA,NA,NA,25,26,17,33,6,8,19
47,"F",9.9,4,3,10,1,1,NA,NA,NA,25,26,17,33,6,8,19
47,"F",9.9,4,3,15,1,0,NA,NA,NA,25,26,17,33,6,8,19
47,"F",9.9,4,3,16,1,0,NA,NA,NA,25,26,17,33,6,8,19
47,"F",9.9,4,3,18,1,0,NA,NA,NA,25,26,17,33,6,8,19
47,"F",9.9,4,3,19,1,0,NA,NA,NA,25,26,17,33,6,8,19
47,"F",9.9,4,3,22,1,1,NA,NA,NA,25,26,17,33,6,8,19
47,"F",9.9,4,3,23,1,0,NA,NA,NA,25,26,17,33,6,8,19
47,"F",9.9,4,3,25,1,1,NA,NA,NA,25,26,17,33,6,8,19
47,"F",9.9,4,3,26,1,1,NA,NA,NA,25,26,17,33,6,8,19
47,"F",9.9,4,3,27,1,1,NA,NA,NA,25,26,17,33,6,8,19
47,"F",9.9,4,3,28,1,0,NA,NA,NA,25,26,17,33,6,8,19
47,"F",9.9,4,3,29,1,1,NA,NA,NA,25,26,17,33,6,8,19
47,"F",9.9,4,3,30,1,1,NA,NA,NA,25,26,17,33,6,8,19
47,"F",9.9,4,3,31,1,0,NA,NA,NA,25,26,17,33,6,8,19
47,"F",9.9,4,3,32,1,0,NA,NA,NA,25,26,17,33,6,8,19
47,"F",9.9,4,3,34,1,0,NA,NA,NA,25,26,17,33,6,8,19
47,"F",9.9,4,3,35,1,1,NA,NA,NA,25,26,17,33,6,8,19
47,"F",9.9,4,3,36,1,1,NA,NA,NA,25,26,17,33,6,8,19
47,"F",9.9,4,3,37,1,1,NA,NA,NA,25,26,17,33,6,8,19
47,"F",9.9,4,3,39,1,1,NA,NA,NA,25,26,17,33,6,8,19
47,"F",9.9,4,3,43,1,0,NA,NA,NA,25,26,17,33,6,8,19
47,"F",9.9,4,3,47,1,1,NA,NA,NA,25,26,17,33,6,8,19
47,"F",9.9,4,3,49,1,1,NA,NA,NA,25,26,17,33,6,8,19
47,"F",9.9,4,3,51,1,1,NA,NA,NA,25,26,17,33,6,8,19
47,"F",9.9,4,3,52,1,1,NA,NA,NA,25,26,17,33,6,8,19
47,"F",9.9,4,3,54,1,1,NA,NA,NA,25,26,17,33,6,8,19
47,"F",9.9,4,3,56,1,1,NA,NA,NA,25,26,17,33,6,8,19
47,"F",9.9,4,3,1,2,1,0,0,1,25,26,17,33,6,8,19
47,"F",9.9,4,3,3,2,1,0,1,0,25,26,17,33,6,8,19
47,"F",9.9,4,3,5,2,1,0,0,1,25,26,17,33,6,8,19
47,"F",9.9,4,3,6,2,1,0,0,1,25,26,17,33,6,8,19
47,"F",9.9,4,3,8,2,1,0,0,1,25,26,17,33,6,8,19
47,"F",9.9,4,3,9,2,1,0,1,0,25,26,17,33,6,8,19
47,"F",9.9,4,3,11,2,1,0,1,0,25,26,17,33,6,8,19
47,"F",9.9,4,3,12,2,0,0,0,1,25,26,17,33,6,8,19
47,"F",9.9,4,3,13,2,0,0,0,1,25,26,17,33,6,8,19
47,"F",9.9,4,3,14,2,1,0,1,0,25,26,17,33,6,8,19
47,"F",9.9,4,3,17,2,1,0,0,1,25,26,17,33,6,8,19
47,"F",9.9,4,3,20,2,1,0,0,1,25,26,17,33,6,8,19
47,"F",9.9,4,3,21,2,1,0,0,1,25,26,17,33,6,8,19
47,"F",9.9,4,3,24,2,1,0,0,1,25,26,17,33,6,8,19
47,"F",9.9,4,3,33,2,1,0,0,1,25,26,17,33,6,8,19
47,"F",9.9,4,3,38,2,1,0,0,1,25,26,17,33,6,8,19
47,"F",9.9,4,3,40,2,1,0,1,0,25,26,17,33,6,8,19
47,"F",9.9,4,3,41,2,1,0,0,1,25,26,17,33,6,8,19
47,"F",9.9,4,3,42,2,1,0,1,0,25,26,17,33,6,8,19
47,"F",9.9,4,3,44,2,0,1,0,0,25,26,17,33,6,8,19
47,"F",9.9,4,3,45,2,1,0,0,1,25,26,17,33,6,8,19
47,"F",9.9,4,3,46,2,1,0,0,1,25,26,17,33,6,8,19
47,"F",9.9,4,3,48,2,1,0,0,1,25,26,17,33,6,8,19
47,"F",9.9,4,3,50,2,0,0,0,1,25,26,17,33,6,8,19
47,"F",9.9,4,3,53,2,1,0,0,1,25,26,17,33,6,8,19
47,"F",9.9,4,3,55,2,1,0,1,0,25,26,17,33,6,8,19
47,"F",9.9,4,3,57,2,1,0,1,0,25,26,17,33,6,8,19
47,"F",9.9,4,3,58,2,1,0,1,0,25,26,17,33,6,8,19
47,"F",9.9,4,3,59,2,1,0,1,0,25,26,17,33,6,8,19
47,"F",9.9,4,3,60,2,1,0,1,0,25,26,17,33,6,8,19
48,"F",9.6,4,3,3,1,0,NA,NA,NA,34,22,16,32,10,10,7
48,"F",9.6,4,3,5,1,0,NA,NA,NA,34,22,16,32,10,10,7
48,"F",9.6,4,3,6,1,0,NA,NA,NA,34,22,16,32,10,10,7
48,"F",9.6,4,3,7,1,1,NA,NA,NA,34,22,16,32,10,10,7
48,"F",9.6,4,3,10,1,0,NA,NA,NA,34,22,16,32,10,10,7
48,"F",9.6,4,3,14,1,0,NA,NA,NA,34,22,16,32,10,10,7
48,"F",9.6,4,3,16,1,0,NA,NA,NA,34,22,16,32,10,10,7
48,"F",9.6,4,3,20,1,0,NA,NA,NA,34,22,16,32,10,10,7
48,"F",9.6,4,3,21,1,1,NA,NA,NA,34,22,16,32,10,10,7
48,"F",9.6,4,3,22,1,0,NA,NA,NA,34,22,16,32,10,10,7
48,"F",9.6,4,3,23,1,1,NA,NA,NA,34,22,16,32,10,10,7
48,"F",9.6,4,3,24,1,0,NA,NA,NA,34,22,16,32,10,10,7
48,"F",9.6,4,3,25,1,1,NA,NA,NA,34,22,16,32,10,10,7
48,"F",9.6,4,3,26,1,0,NA,NA,NA,34,22,16,32,10,10,7
48,"F",9.6,4,3,27,1,0,NA,NA,NA,34,22,16,32,10,10,7
48,"F",9.6,4,3,28,1,0,NA,NA,NA,34,22,16,32,10,10,7
48,"F",9.6,4,3,33,1,1,NA,NA,NA,34,22,16,32,10,10,7
48,"F",9.6,4,3,35,1,0,NA,NA,NA,34,22,16,32,10,10,7
48,"F",9.6,4,3,36,1,0,NA,NA,NA,34,22,16,32,10,10,7
48,"F",9.6,4,3,37,1,0,NA,NA,NA,34,22,16,32,10,10,7
48,"F",9.6,4,3,38,1,0,NA,NA,NA,34,22,16,32,10,10,7
48,"F",9.6,4,3,41,1,0,NA,NA,NA,34,22,16,32,10,10,7
48,"F",9.6,4,3,43,1,0,NA,NA,NA,34,22,16,32,10,10,7
48,"F",9.6,4,3,45,1,0,NA,NA,NA,34,22,16,32,10,10,7
48,"F",9.6,4,3,48,1,0,NA,NA,NA,34,22,16,32,10,10,7
48,"F",9.6,4,3,49,1,1,NA,NA,NA,34,22,16,32,10,10,7
48,"F",9.6,4,3,51,1,0,NA,NA,NA,34,22,16,32,10,10,7
48,"F",9.6,4,3,52,1,1,NA,NA,NA,34,22,16,32,10,10,7
48,"F",9.6,4,3,53,1,0,NA,NA,NA,34,22,16,32,10,10,7
48,"F",9.6,4,3,55,1,0,NA,NA,NA,34,22,16,32,10,10,7
48,"F",9.6,4,3,1,2,0,0,0,1,34,22,16,32,10,10,7
48,"F",9.6,4,3,2,2,0,0,1,0,34,22,16,32,10,10,7
48,"F",9.6,4,3,4,2,0,0,1,0,34,22,16,32,10,10,7
48,"F",9.6,4,3,8,2,1,0,1,0,34,22,16,32,10,10,7
48,"F",9.6,4,3,9,2,0,0,1,0,34,22,16,32,10,10,7
48,"F",9.6,4,3,11,2,0,1,0,0,34,22,16,32,10,10,7
48,"F",9.6,4,3,12,2,0,0,0,1,34,22,16,32,10,10,7
48,"F",9.6,4,3,13,2,0,0,1,0,34,22,16,32,10,10,7
48,"F",9.6,4,3,15,2,0,0,1,0,34,22,16,32,10,10,7
48,"F",9.6,4,3,17,2,1,0,1,0,34,22,16,32,10,10,7
48,"F",9.6,4,3,18,2,1,0,1,0,34,22,16,32,10,10,7
48,"F",9.6,4,3,19,2,0,0,0,1,34,22,16,32,10,10,7
48,"F",9.6,4,3,29,2,0,0,0,1,34,22,16,32,10,10,7
48,"F",9.6,4,3,30,2,1,0,1,0,34,22,16,32,10,10,7
48,"F",9.6,4,3,31,2,0,0,0,1,34,22,16,32,10,10,7
48,"F",9.6,4,3,32,2,0,0,0,1,34,22,16,32,10,10,7
48,"F",9.6,4,3,34,2,0,0,0,1,34,22,16,32,10,10,7
48,"F",9.6,4,3,39,2,1,0,0,1,34,22,16,32,10,10,7
48,"F",9.6,4,3,40,2,0,0,1,0,34,22,16,32,10,10,7
48,"F",9.6,4,3,42,2,1,0,0,1,34,22,16,32,10,10,7
48,"F",9.6,4,3,44,2,0,0,0,1,34,22,16,32,10,10,7
48,"F",9.6,4,3,46,2,1,0,1,0,34,22,16,32,10,10,7
48,"F",9.6,4,3,47,2,0,1,0,0,34,22,16,32,10,10,7
48,"F",9.6,4,3,50,2,0,0,1,0,34,22,16,32,10,10,7
48,"F",9.6,4,3,54,2,0,0,1,0,34,22,16,32,10,10,7
48,"F",9.6,4,3,56,2,0,0,0,1,34,22,16,32,10,10,7
48,"F",9.6,4,3,57,2,0,0,1,0,34,22,16,32,10,10,7
48,"F",9.6,4,3,58,2,0,0,0,1,34,22,16,32,10,10,7
48,"F",9.6,4,3,59,2,0,0,0,1,34,22,16,32,10,10,7
48,"F",9.6,4,3,60,2,0,0,1,0,34,22,16,32,10,10,7
49,"F",10,4,3,3,1,0,NA,NA,NA,41,14,24,28,8,8,15
49,"F",10,4,3,4,1,0,NA,NA,NA,41,14,24,28,8,8,15
49,"F",10,4,3,9,1,0,NA,NA,NA,41,14,24,28,8,8,15
49,"F",10,4,3,10,1,1,NA,NA,NA,41,14,24,28,8,8,15
49,"F",10,4,3,12,1,1,NA,NA,NA,41,14,24,28,8,8,15
49,"F",10,4,3,13,1,0,NA,NA,NA,41,14,24,28,8,8,15
49,"F",10,4,3,17,1,1,NA,NA,NA,41,14,24,28,8,8,15
49,"F",10,4,3,19,1,0,NA,NA,NA,41,14,24,28,8,8,15
49,"F",10,4,3,23,1,1,NA,NA,NA,41,14,24,28,8,8,15
49,"F",10,4,3,24,1,1,NA,NA,NA,41,14,24,28,8,8,15
49,"F",10,4,3,27,1,0,NA,NA,NA,41,14,24,28,8,8,15
49,"F",10,4,3,28,1,0,NA,NA,NA,41,14,24,28,8,8,15
49,"F",10,4,3,31,1,0,NA,NA,NA,41,14,24,28,8,8,15
49,"F",10,4,3,32,1,0,NA,NA,NA,41,14,24,28,8,8,15
49,"F",10,4,3,33,1,1,NA,NA,NA,41,14,24,28,8,8,15
49,"F",10,4,3,37,1,0,NA,NA,NA,41,14,24,28,8,8,15
49,"F",10,4,3,39,1,0,NA,NA,NA,41,14,24,28,8,8,15
49,"F",10,4,3,40,1,1,NA,NA,NA,41,14,24,28,8,8,15
49,"F",10,4,3,44,1,0,NA,NA,NA,41,14,24,28,8,8,15
49,"F",10,4,3,45,1,1,NA,NA,NA,41,14,24,28,8,8,15
49,"F",10,4,3,47,1,1,NA,NA,NA,41,14,24,28,8,8,15
49,"F",10,4,3,48,1,0,NA,NA,NA,41,14,24,28,8,8,15
49,"F",10,4,3,49,1,1,NA,NA,NA,41,14,24,28,8,8,15
49,"F",10,4,3,50,1,0,NA,NA,NA,41,14,24,28,8,8,15
49,"F",10,4,3,53,1,1,NA,NA,NA,41,14,24,28,8,8,15
49,"F",10,4,3,54,1,1,NA,NA,NA,41,14,24,28,8,8,15
49,"F",10,4,3,56,1,1,NA,NA,NA,41,14,24,28,8,8,15
49,"F",10,4,3,57,1,1,NA,NA,NA,41,14,24,28,8,8,15
49,"F",10,4,3,58,1,1,NA,NA,NA,41,14,24,28,8,8,15
49,"F",10,4,3,60,1,0,NA,NA,NA,41,14,24,28,8,8,15
49,"F",10,4,3,1,2,0,1,0,0,41,14,24,28,8,8,15
49,"F",10,4,3,2,2,1,0,0,1,41,14,24,28,8,8,15
49,"F",10,4,3,5,2,1,0,1,0,41,14,24,28,8,8,15
49,"F",10,4,3,6,2,0,0,1,0,41,14,24,28,8,8,15
49,"F",10,4,3,7,2,0,1,0,0,41,14,24,28,8,8,15
49,"F",10,4,3,8,2,0,0,1,0,41,14,24,28,8,8,15
49,"F",10,4,3,11,2,1,0,1,0,41,14,24,28,8,8,15
49,"F",10,4,3,14,2,1,0,0,1,41,14,24,28,8,8,15
49,"F",10,4,3,15,2,0,1,0,0,41,14,24,28,8,8,15
49,"F",10,4,3,16,2,1,0,1,0,41,14,24,28,8,8,15
49,"F",10,4,3,18,2,0,0,0,1,41,14,24,28,8,8,15
49,"F",10,4,3,20,2,0,0,1,0,41,14,24,28,8,8,15
49,"F",10,4,3,21,2,0,0,1,0,41,14,24,28,8,8,15
49,"F",10,4,3,22,2,0,1,0,0,41,14,24,28,8,8,15
49,"F",10,4,3,25,2,1,0,1,0,41,14,24,28,8,8,15
49,"F",10,4,3,26,2,1,0,1,0,41,14,24,28,8,8,15
49,"F",10,4,3,29,2,1,0,1,0,41,14,24,28,8,8,15
49,"F",10,4,3,30,2,0,1,0,0,41,14,24,28,8,8,15
49,"F",10,4,3,34,2,0,0,1,0,41,14,24,28,8,8,15
49,"F",10,4,3,35,2,0,1,0,0,41,14,24,28,8,8,15
49,"F",10,4,3,36,2,0,0,1,0,41,14,24,28,8,8,15
49,"F",10,4,3,38,2,0,1,0,0,41,14,24,28,8,8,15
49,"F",10,4,3,41,2,0,1,0,0,41,14,24,28,8,8,15
49,"F",10,4,3,42,2,1,0,1,0,41,14,24,28,8,8,15
49,"F",10,4,3,43,2,0,1,0,0,41,14,24,28,8,8,15
49,"F",10,4,3,46,2,0,0,1,0,41,14,24,28,8,8,15
49,"F",10,4,3,51,2,0,0,1,0,41,14,24,28,8,8,15
49,"F",10,4,3,52,2,0,1,0,0,41,14,24,28,8,8,15
49,"F",10,4,3,55,2,0,0,1,0,41,14,24,28,8,8,15
49,"F",10,4,3,59,2,1,0,1,0,41,14,24,28,8,8,15
50,"F",9.6,4,3,2,1,0,NA,NA,NA,34,11,25,18,5,8,22
50,"F",9.6,4,3,3,1,1,NA,NA,NA,34,11,25,18,5,8,22
50,"F",9.6,4,3,4,1,0,NA,NA,NA,34,11,25,18,5,8,22
50,"F",9.6,4,3,5,1,1,NA,NA,NA,34,11,25,18,5,8,22
50,"F",9.6,4,3,7,1,1,NA,NA,NA,34,11,25,18,5,8,22
50,"F",9.6,4,3,8,1,1,NA,NA,NA,34,11,25,18,5,8,22
50,"F",9.6,4,3,9,1,0,NA,NA,NA,34,11,25,18,5,8,22
50,"F",9.6,4,3,14,1,1,NA,NA,NA,34,11,25,18,5,8,22
50,"F",9.6,4,3,17,1,1,NA,NA,NA,34,11,25,18,5,8,22
50,"F",9.6,4,3,18,1,0,NA,NA,NA,34,11,25,18,5,8,22
50,"F",9.6,4,3,19,1,1,NA,NA,NA,34,11,25,18,5,8,22
50,"F",9.6,4,3,21,1,1,NA,NA,NA,34,11,25,18,5,8,22
50,"F",9.6,4,3,24,1,1,NA,NA,NA,34,11,25,18,5,8,22
50,"F",9.6,4,3,26,1,1,NA,NA,NA,34,11,25,18,5,8,22
50,"F",9.6,4,3,29,1,1,NA,NA,NA,34,11,25,18,5,8,22
50,"F",9.6,4,3,32,1,0,NA,NA,NA,34,11,25,18,5,8,22
50,"F",9.6,4,3,33,1,1,NA,NA,NA,34,11,25,18,5,8,22
50,"F",9.6,4,3,34,1,0,NA,NA,NA,34,11,25,18,5,8,22
50,"F",9.6,4,3,36,1,1,NA,NA,NA,34,11,25,18,5,8,22
50,"F",9.6,4,3,38,1,1,NA,NA,NA,34,11,25,18,5,8,22
50,"F",9.6,4,3,42,1,1,NA,NA,NA,34,11,25,18,5,8,22
50,"F",9.6,4,3,43,1,1,NA,NA,NA,34,11,25,18,5,8,22
50,"F",9.6,4,3,44,1,1,NA,NA,NA,34,11,25,18,5,8,22
50,"F",9.6,4,3,45,1,1,NA,NA,NA,34,11,25,18,5,8,22
50,"F",9.6,4,3,46,1,1,NA,NA,NA,34,11,25,18,5,8,22
50,"F",9.6,4,3,47,1,1,NA,NA,NA,34,11,25,18,5,8,22
50,"F",9.6,4,3,49,1,1,NA,NA,NA,34,11,25,18,5,8,22
50,"F",9.6,4,3,51,1,0,NA,NA,NA,34,11,25,18,5,8,22
50,"F",9.6,4,3,58,1,0,NA,NA,NA,34,11,25,18,5,8,22
50,"F",9.6,4,3,59,1,1,NA,NA,NA,34,11,25,18,5,8,22
50,"F",9.6,4,3,1,2,0,1,0,0,34,11,25,18,5,8,22
50,"F",9.6,4,3,6,2,1,0,1,0,34,11,25,18,5,8,22
50,"F",9.6,4,3,10,2,0,1,0,0,34,11,25,18,5,8,22
50,"F",9.6,4,3,11,2,1,0,1,0,34,11,25,18,5,8,22
50,"F",9.6,4,3,12,2,1,0,1,0,34,11,25,18,5,8,22
50,"F",9.6,4,3,13,2,0,0,1,0,34,11,25,18,5,8,22
50,"F",9.6,4,3,15,2,1,0,1,0,34,11,25,18,5,8,22
50,"F",9.6,4,3,16,2,1,0,1,0,34,11,25,18,5,8,22
50,"F",9.6,4,3,20,2,0,0,0,1,34,11,25,18,5,8,22
50,"F",9.6,4,3,22,2,0,0,0,1,34,11,25,18,5,8,22
50,"F",9.6,4,3,23,2,1,0,1,0,34,11,25,18,5,8,22
50,"F",9.6,4,3,25,2,1,0,1,0,34,11,25,18,5,8,22
50,"F",9.6,4,3,27,2,0,1,0,0,34,11,25,18,5,8,22
50,"F",9.6,4,3,28,2,0,1,0,0,34,11,25,18,5,8,22
50,"F",9.6,4,3,30,2,0,1,0,0,34,11,25,18,5,8,22
50,"F",9.6,4,3,31,2,0,1,0,0,34,11,25,18,5,8,22
50,"F",9.6,4,3,35,2,1,0,1,0,34,11,25,18,5,8,22
50,"F",9.6,4,3,37,2,0,1,0,0,34,11,25,18,5,8,22
50,"F",9.6,4,3,39,2,1,0,1,0,34,11,25,18,5,8,22
50,"F",9.6,4,3,40,2,0,1,0,0,34,11,25,18,5,8,22
50,"F",9.6,4,3,41,2,1,0,0,1,34,11,25,18,5,8,22
50,"F",9.6,4,3,48,2,1,0,1,0,34,11,25,18,5,8,22
50,"F",9.6,4,3,50,2,0,0,1,0,34,11,25,18,5,8,22
50,"F",9.6,4,3,52,2,0,0,0,1,34,11,25,18,5,8,22
50,"F",9.6,4,3,53,2,1,0,0,1,34,11,25,18,5,8,22
50,"F",9.6,4,3,54,2,0,1,0,0,34,11,25,18,5,8,22
50,"F",9.6,4,3,55,2,1,0,1,0,34,11,25,18,5,8,22
50,"F",9.6,4,3,56,2,0,1,0,0,34,11,25,18,5,8,22
50,"F",9.6,4,3,57,2,0,0,1,0,34,11,25,18,5,8,22
50,"F",9.6,4,3,60,2,1,0,1,0,34,11,25,18,5,8,22
51,"M",9.3,4,3,2,1,1,NA,NA,NA,16,26,29,33,9,6,14
51,"M",9.3,4,3,3,1,0,NA,NA,NA,16,26,29,33,9,6,14
51,"M",9.3,4,3,5,1,1,NA,NA,NA,16,26,29,33,9,6,14
51,"M",9.3,4,3,6,1,1,NA,NA,NA,16,26,29,33,9,6,14
51,"M",9.3,4,3,10,1,1,NA,NA,NA,16,26,29,33,9,6,14
51,"M",9.3,4,3,14,1,0,NA,NA,NA,16,26,29,33,9,6,14
51,"M",9.3,4,3,15,1,0,NA,NA,NA,16,26,29,33,9,6,14
51,"M",9.3,4,3,17,1,0,NA,NA,NA,16,26,29,33,9,6,14
51,"M",9.3,4,3,19,1,1,NA,NA,NA,16,26,29,33,9,6,14
51,"M",9.3,4,3,21,1,0,NA,NA,NA,16,26,29,33,9,6,14
51,"M",9.3,4,3,22,1,1,NA,NA,NA,16,26,29,33,9,6,14
51,"M",9.3,4,3,24,1,1,NA,NA,NA,16,26,29,33,9,6,14
51,"M",9.3,4,3,27,1,1,NA,NA,NA,16,26,29,33,9,6,14
51,"M",9.3,4,3,28,1,0,NA,NA,NA,16,26,29,33,9,6,14
51,"M",9.3,4,3,29,1,0,NA,NA,NA,16,26,29,33,9,6,14
51,"M",9.3,4,3,30,1,1,NA,NA,NA,16,26,29,33,9,6,14
51,"M",9.3,4,3,32,1,0,NA,NA,NA,16,26,29,33,9,6,14
51,"M",9.3,4,3,33,1,1,NA,NA,NA,16,26,29,33,9,6,14
51,"M",9.3,4,3,35,1,0,NA,NA,NA,16,26,29,33,9,6,14
51,"M",9.3,4,3,36,1,0,NA,NA,NA,16,26,29,33,9,6,14
51,"M",9.3,4,3,40,1,0,NA,NA,NA,16,26,29,33,9,6,14
51,"M",9.3,4,3,41,1,1,NA,NA,NA,16,26,29,33,9,6,14
51,"M",9.3,4,3,44,1,1,NA,NA,NA,16,26,29,33,9,6,14
51,"M",9.3,4,3,46,1,1,NA,NA,NA,16,26,29,33,9,6,14
51,"M",9.3,4,3,48,1,0,NA,NA,NA,16,26,29,33,9,6,14
51,"M",9.3,4,3,49,1,0,NA,NA,NA,16,26,29,33,9,6,14
51,"M",9.3,4,3,50,1,0,NA,NA,NA,16,26,29,33,9,6,14
51,"M",9.3,4,3,53,1,0,NA,NA,NA,16,26,29,33,9,6,14
51,"M",9.3,4,3,56,1,1,NA,NA,NA,16,26,29,33,9,6,14
51,"M",9.3,4,3,57,1,0,NA,NA,NA,16,26,29,33,9,6,14
51,"M",9.3,4,3,1,2,0,0,1,0,16,26,29,33,9,6,14
51,"M",9.3,4,3,4,2,1,0,1,0,16,26,29,33,9,6,14
51,"M",9.3,4,3,7,2,1,0,0,1,16,26,29,33,9,6,14
51,"M",9.3,4,3,8,2,0,0,0,1,16,26,29,33,9,6,14
51,"M",9.3,4,3,9,2,1,0,1,0,16,26,29,33,9,6,14
51,"M",9.3,4,3,11,2,1,0,0,1,16,26,29,33,9,6,14
51,"M",9.3,4,3,12,2,1,0,0,1,16,26,29,33,9,6,14
51,"M",9.3,4,3,13,2,0,0,0,1,16,26,29,33,9,6,14
51,"M",9.3,4,3,16,2,1,0,0,1,16,26,29,33,9,6,14
51,"M",9.3,4,3,18,2,1,0,0,1,16,26,29,33,9,6,14
51,"M",9.3,4,3,20,2,0,0,0,1,16,26,29,33,9,6,14
51,"M",9.3,4,3,23,2,1,0,0,1,16,26,29,33,9,6,14
51,"M",9.3,4,3,25,2,1,0,0,1,16,26,29,33,9,6,14
51,"M",9.3,4,3,26,2,1,0,1,0,16,26,29,33,9,6,14
51,"M",9.3,4,3,31,2,1,0,0,1,16,26,29,33,9,6,14
51,"M",9.3,4,3,34,2,0,0,1,0,16,26,29,33,9,6,14
51,"M",9.3,4,3,37,2,1,0,0,1,16,26,29,33,9,6,14
51,"M",9.3,4,3,38,2,0,0,0,1,16,26,29,33,9,6,14
51,"M",9.3,4,3,39,2,0,0,1,0,16,26,29,33,9,6,14
51,"M",9.3,4,3,42,2,1,0,0,1,16,26,29,33,9,6,14
51,"M",9.3,4,3,43,2,1,0,0,1,16,26,29,33,9,6,14
51,"M",9.3,4,3,45,2,0,0,0,1,16,26,29,33,9,6,14
51,"M",9.3,4,3,47,2,1,0,0,1,16,26,29,33,9,6,14
51,"M",9.3,4,3,51,2,0,1,0,0,16,26,29,33,9,6,14
51,"M",9.3,4,3,52,2,0,0,0,1,16,26,29,33,9,6,14
51,"M",9.3,4,3,54,2,0,0,0,1,16,26,29,33,9,6,14
51,"M",9.3,4,3,55,2,1,0,0,1,16,26,29,33,9,6,14
51,"M",9.3,4,3,58,2,1,0,1,0,16,26,29,33,9,6,14
51,"M",9.3,4,3,59,2,0,0,0,1,16,26,29,33,9,6,14
51,"M",9.3,4,3,60,2,1,0,0,1,16,26,29,33,9,6,14
52,"M",9.3,4,3,1,1,1,NA,NA,NA,39,9,34,23,8,4,13
52,"M",9.3,4,3,2,1,0,NA,NA,NA,39,9,34,23,8,4,13
52,"M",9.3,4,3,3,1,1,NA,NA,NA,39,9,34,23,8,4,13
52,"M",9.3,4,3,4,1,0,NA,NA,NA,39,9,34,23,8,4,13
52,"M",9.3,4,3,8,1,0,NA,NA,NA,39,9,34,23,8,4,13
52,"M",9.3,4,3,9,1,0,NA,NA,NA,39,9,34,23,8,4,13
52,"M",9.3,4,3,10,1,1,NA,NA,NA,39,9,34,23,8,4,13
52,"M",9.3,4,3,11,1,1,NA,NA,NA,39,9,34,23,8,4,13
52,"M",9.3,4,3,13,1,0,NA,NA,NA,39,9,34,23,8,4,13
52,"M",9.3,4,3,17,1,1,NA,NA,NA,39,9,34,23,8,4,13
52,"M",9.3,4,3,19,1,0,NA,NA,NA,39,9,34,23,8,4,13
52,"M",9.3,4,3,22,1,1,NA,NA,NA,39,9,34,23,8,4,13
52,"M",9.3,4,3,23,1,0,NA,NA,NA,39,9,34,23,8,4,13
52,"M",9.3,4,3,26,1,0,NA,NA,NA,39,9,34,23,8,4,13
52,"M",9.3,4,3,29,1,1,NA,NA,NA,39,9,34,23,8,4,13
52,"M",9.3,4,3,31,1,0,NA,NA,NA,39,9,34,23,8,4,13
52,"M",9.3,4,3,32,1,0,NA,NA,NA,39,9,34,23,8,4,13
52,"M",9.3,4,3,35,1,0,NA,NA,NA,39,9,34,23,8,4,13
52,"M",9.3,4,3,36,1,0,NA,NA,NA,39,9,34,23,8,4,13
52,"M",9.3,4,3,41,1,0,NA,NA,NA,39,9,34,23,8,4,13
52,"M",9.3,4,3,42,1,1,NA,NA,NA,39,9,34,23,8,4,13
52,"M",9.3,4,3,43,1,1,NA,NA,NA,39,9,34,23,8,4,13
52,"M",9.3,4,3,44,1,0,NA,NA,NA,39,9,34,23,8,4,13
52,"M",9.3,4,3,47,1,1,NA,NA,NA,39,9,34,23,8,4,13
52,"M",9.3,4,3,50,1,1,NA,NA,NA,39,9,34,23,8,4,13
52,"M",9.3,4,3,51,1,0,NA,NA,NA,39,9,34,23,8,4,13
52,"M",9.3,4,3,53,1,1,NA,NA,NA,39,9,34,23,8,4,13
52,"M",9.3,4,3,54,1,0,NA,NA,NA,39,9,34,23,8,4,13
52,"M",9.3,4,3,55,1,0,NA,NA,NA,39,9,34,23,8,4,13
52,"M",9.3,4,3,56,1,1,NA,NA,NA,39,9,34,23,8,4,13
52,"M",9.3,4,3,5,2,0,1,0,0,39,9,34,23,8,4,13
52,"M",9.3,4,3,6,2,0,0,0,1,39,9,34,23,8,4,13
52,"M",9.3,4,3,7,2,0,1,0,0,39,9,34,23,8,4,13
52,"M",9.3,4,3,12,2,0,1,0,0,39,9,34,23,8,4,13
52,"M",9.3,4,3,14,2,0,1,0,0,39,9,34,23,8,4,13
52,"M",9.3,4,3,15,2,0,0,0,1,39,9,34,23,8,4,13
52,"M",9.3,4,3,16,2,0,1,0,0,39,9,34,23,8,4,13
52,"M",9.3,4,3,18,2,0,1,0,0,39,9,34,23,8,4,13
52,"M",9.3,4,3,20,2,0,1,0,0,39,9,34,23,8,4,13
52,"M",9.3,4,3,21,2,0,1,0,0,39,9,34,23,8,4,13
52,"M",9.3,4,3,24,2,0,1,0,0,39,9,34,23,8,4,13
52,"M",9.3,4,3,25,2,1,0,1,0,39,9,34,23,8,4,13
52,"M",9.3,4,3,27,2,0,1,0,0,39,9,34,23,8,4,13
52,"M",9.3,4,3,28,2,0,1,0,0,39,9,34,23,8,4,13
52,"M",9.3,4,3,30,2,0,1,0,0,39,9,34,23,8,4,13
52,"M",9.3,4,3,33,2,0,1,0,0,39,9,34,23,8,4,13
52,"M",9.3,4,3,34,2,1,0,0,1,39,9,34,23,8,4,13
52,"M",9.3,4,3,37,2,0,0,0,1,39,9,34,23,8,4,13
52,"M",9.3,4,3,38,2,0,1,0,0,39,9,34,23,8,4,13
52,"M",9.3,4,3,39,2,0,1,0,0,39,9,34,23,8,4,13
52,"M",9.3,4,3,40,2,0,1,0,0,39,9,34,23,8,4,13
52,"M",9.3,4,3,45,2,1,0,0,1,39,9,34,23,8,4,13
52,"M",9.3,4,3,46,2,0,1,0,0,39,9,34,23,8,4,13
52,"M",9.3,4,3,48,2,0,1,0,0,39,9,34,23,8,4,13
52,"M",9.3,4,3,49,2,1,0,0,1,39,9,34,23,8,4,13
52,"M",9.3,4,3,52,2,0,1,0,0,39,9,34,23,8,4,13
52,"M",9.3,4,3,57,2,0,1,0,0,39,9,34,23,8,4,13
52,"M",9.3,4,3,58,2,0,1,0,0,39,9,34,23,8,4,13
52,"M",9.3,4,3,59,2,0,1,0,0,39,9,34,23,8,4,13
52,"M",9.3,4,3,60,2,0,1,0,0,39,9,34,23,8,4,13
53,"F",9.4,4,3,2,1,0,NA,NA,NA,24,21,28,18,8,7,22
53,"F",9.4,4,3,3,1,1,NA,NA,NA,24,21,28,18,8,7,22
53,"F",9.4,4,3,4,1,1,NA,NA,NA,24,21,28,18,8,7,22
53,"F",9.4,4,3,7,1,1,NA,NA,NA,24,21,28,18,8,7,22
53,"F",9.4,4,3,8,1,1,NA,NA,NA,24,21,28,18,8,7,22
53,"F",9.4,4,3,9,1,1,NA,NA,NA,24,21,28,18,8,7,22
53,"F",9.4,4,3,10,1,1,NA,NA,NA,24,21,28,18,8,7,22
53,"F",9.4,4,3,12,1,1,NA,NA,NA,24,21,28,18,8,7,22
53,"F",9.4,4,3,14,1,1,NA,NA,NA,24,21,28,18,8,7,22
53,"F",9.4,4,3,18,1,1,NA,NA,NA,24,21,28,18,8,7,22
53,"F",9.4,4,3,27,1,1,NA,NA,NA,24,21,28,18,8,7,22
53,"F",9.4,4,3,29,1,0,NA,NA,NA,24,21,28,18,8,7,22
53,"F",9.4,4,3,30,1,1,NA,NA,NA,24,21,28,18,8,7,22
53,"F",9.4,4,3,32,1,0,NA,NA,NA,24,21,28,18,8,7,22
53,"F",9.4,4,3,33,1,1,NA,NA,NA,24,21,28,18,8,7,22
53,"F",9.4,4,3,36,1,0,NA,NA,NA,24,21,28,18,8,7,22
53,"F",9.4,4,3,38,1,0,NA,NA,NA,24,21,28,18,8,7,22
53,"F",9.4,4,3,41,1,1,NA,NA,NA,24,21,28,18,8,7,22
53,"F",9.4,4,3,42,1,0,NA,NA,NA,24,21,28,18,8,7,22
53,"F",9.4,4,3,43,1,1,NA,NA,NA,24,21,28,18,8,7,22
53,"F",9.4,4,3,45,1,1,NA,NA,NA,24,21,28,18,8,7,22
53,"F",9.4,4,3,46,1,1,NA,NA,NA,24,21,28,18,8,7,22
53,"F",9.4,4,3,47,1,1,NA,NA,NA,24,21,28,18,8,7,22
53,"F",9.4,4,3,48,1,0,NA,NA,NA,24,21,28,18,8,7,22
53,"F",9.4,4,3,49,1,1,NA,NA,NA,24,21,28,18,8,7,22
53,"F",9.4,4,3,52,1,1,NA,NA,NA,24,21,28,18,8,7,22
53,"F",9.4,4,3,53,1,1,NA,NA,NA,24,21,28,18,8,7,22
53,"F",9.4,4,3,57,1,0,NA,NA,NA,24,21,28,18,8,7,22
53,"F",9.4,4,3,58,1,1,NA,NA,NA,24,21,28,18,8,7,22
53,"F",9.4,4,3,60,1,1,NA,NA,NA,24,21,28,18,8,7,22
53,"F",9.4,4,3,1,2,1,0,0,1,24,21,28,18,8,7,22
53,"F",9.4,4,3,5,2,1,0,0,1,24,21,28,18,8,7,22
53,"F",9.4,4,3,6,2,1,0,1,0,24,21,28,18,8,7,22
53,"F",9.4,4,3,11,2,1,0,0,1,24,21,28,18,8,7,22
53,"F",9.4,4,3,13,2,0,0,1,0,24,21,28,18,8,7,22
53,"F",9.4,4,3,15,2,0,1,0,0,24,21,28,18,8,7,22
53,"F",9.4,4,3,16,2,0,0,0,1,24,21,28,18,8,7,22
53,"F",9.4,4,3,17,2,1,0,0,1,24,21,28,18,8,7,22
53,"F",9.4,4,3,19,2,1,0,0,1,24,21,28,18,8,7,22
53,"F",9.4,4,3,20,2,0,1,0,0,24,21,28,18,8,7,22
53,"F",9.4,4,3,21,2,0,0,1,0,24,21,28,18,8,7,22
53,"F",9.4,4,3,22,2,1,0,1,0,24,21,28,18,8,7,22
53,"F",9.4,4,3,23,2,0,1,0,0,24,21,28,18,8,7,22
53,"F",9.4,4,3,24,2,0,0,1,0,24,21,28,18,8,7,22
53,"F",9.4,4,3,25,2,1,0,0,1,24,21,28,18,8,7,22
53,"F",9.4,4,3,26,2,0,0,0,1,24,21,28,18,8,7,22
53,"F",9.4,4,3,28,2,0,0,1,0,24,21,28,18,8,7,22
53,"F",9.4,4,3,31,2,1,0,0,1,24,21,28,18,8,7,22
53,"F",9.4,4,3,34,2,1,0,0,1,24,21,28,18,8,7,22
53,"F",9.4,4,3,35,2,0,0,1,0,24,21,28,18,8,7,22
53,"F",9.4,4,3,37,2,1,0,0,1,24,21,28,18,8,7,22
53,"F",9.4,4,3,39,2,1,0,0,1,24,21,28,18,8,7,22
53,"F",9.4,4,3,40,2,1,0,0,1,24,21,28,18,8,7,22
53,"F",9.4,4,3,44,2,0,1,0,0,24,21,28,18,8,7,22
53,"F",9.4,4,3,50,2,0,0,0,1,24,21,28,18,8,7,22
53,"F",9.4,4,3,51,2,0,0,0,1,24,21,28,18,8,7,22
53,"F",9.4,4,3,54,2,1,0,0,1,24,21,28,18,8,7,22
53,"F",9.4,4,3,55,2,0,1,0,0,24,21,28,18,8,7,22
53,"F",9.4,4,3,56,2,1,0,0,1,24,21,28,18,8,7,22
53,"F",9.4,4,3,59,2,1,0,0,1,24,21,28,18,8,7,22
54,"F",9.8,4,3,2,1,0,NA,NA,NA,27,15,15,24,6,10,6
54,"F",9.8,4,3,5,1,0,NA,NA,NA,27,15,15,24,6,10,6
54,"F",9.8,4,3,6,1,0,NA,NA,NA,27,15,15,24,6,10,6
54,"F",9.8,4,3,7,1,0,NA,NA,NA,27,15,15,24,6,10,6
54,"F",9.8,4,3,9,1,0,NA,NA,NA,27,15,15,24,6,10,6
54,"F",9.8,4,3,10,1,0,NA,NA,NA,27,15,15,24,6,10,6
54,"F",9.8,4,3,11,1,1,NA,NA,NA,27,15,15,24,6,10,6
54,"F",9.8,4,3,13,1,0,NA,NA,NA,27,15,15,24,6,10,6
54,"F",9.8,4,3,14,1,0,NA,NA,NA,27,15,15,24,6,10,6
54,"F",9.8,4,3,16,1,0,NA,NA,NA,27,15,15,24,6,10,6
54,"F",9.8,4,3,18,1,0,NA,NA,NA,27,15,15,24,6,10,6
54,"F",9.8,4,3,20,1,0,NA,NA,NA,27,15,15,24,6,10,6
54,"F",9.8,4,3,21,1,0,NA,NA,NA,27,15,15,24,6,10,6
54,"F",9.8,4,3,23,1,0,NA,NA,NA,27,15,15,24,6,10,6
54,"F",9.8,4,3,24,1,0,NA,NA,NA,27,15,15,24,6,10,6
54,"F",9.8,4,3,25,1,0,NA,NA,NA,27,15,15,24,6,10,6
54,"F",9.8,4,3,27,1,0,NA,NA,NA,27,15,15,24,6,10,6
54,"F",9.8,4,3,30,1,1,NA,NA,NA,27,15,15,24,6,10,6
54,"F",9.8,4,3,34,1,0,NA,NA,NA,27,15,15,24,6,10,6
54,"F",9.8,4,3,36,1,0,NA,NA,NA,27,15,15,24,6,10,6
54,"F",9.8,4,3,38,1,1,NA,NA,NA,27,15,15,24,6,10,6
54,"F",9.8,4,3,39,1,0,NA,NA,NA,27,15,15,24,6,10,6
54,"F",9.8,4,3,42,1,1,NA,NA,NA,27,15,15,24,6,10,6
54,"F",9.8,4,3,43,1,1,NA,NA,NA,27,15,15,24,6,10,6
54,"F",9.8,4,3,44,1,0,NA,NA,NA,27,15,15,24,6,10,6
54,"F",9.8,4,3,45,1,1,NA,NA,NA,27,15,15,24,6,10,6
54,"F",9.8,4,3,48,1,0,NA,NA,NA,27,15,15,24,6,10,6
54,"F",9.8,4,3,49,1,0,NA,NA,NA,27,15,15,24,6,10,6
54,"F",9.8,4,3,51,1,0,NA,NA,NA,27,15,15,24,6,10,6
54,"F",9.8,4,3,60,1,0,NA,NA,NA,27,15,15,24,6,10,6
54,"F",9.8,4,3,1,2,0,0,1,0,27,15,15,24,6,10,6
54,"F",9.8,4,3,3,2,0,1,0,0,27,15,15,24,6,10,6
54,"F",9.8,4,3,4,2,0,0,0,1,27,15,15,24,6,10,6
54,"F",9.8,4,3,8,2,0,0,1,0,27,15,15,24,6,10,6
54,"F",9.8,4,3,12,2,1,0,1,0,27,15,15,24,6,10,6
54,"F",9.8,4,3,15,2,0,1,0,0,27,15,15,24,6,10,6
54,"F",9.8,4,3,17,2,1,0,1,0,27,15,15,24,6,10,6
54,"F",9.8,4,3,19,2,1,0,1,0,27,15,15,24,6,10,6
54,"F",9.8,4,3,22,2,0,1,0,0,27,15,15,24,6,10,6
54,"F",9.8,4,3,26,2,0,1,0,0,27,15,15,24,6,10,6
54,"F",9.8,4,3,28,2,0,0,1,0,27,15,15,24,6,10,6
54,"F",9.8,4,3,29,2,1,0,1,0,27,15,15,24,6,10,6
54,"F",9.8,4,3,31,2,1,0,1,0,27,15,15,24,6,10,6
54,"F",9.8,4,3,32,2,0,0,1,0,27,15,15,24,6,10,6
54,"F",9.8,4,3,33,2,0,0,1,0,27,15,15,24,6,10,6
54,"F",9.8,4,3,35,2,0,0,0,1,27,15,15,24,6,10,6
54,"F",9.8,4,3,37,2,0,0,0,1,27,15,15,24,6,10,6
54,"F",9.8,4,3,40,2,1,0,1,0,27,15,15,24,6,10,6
54,"F",9.8,4,3,41,2,0,0,0,1,27,15,15,24,6,10,6
54,"F",9.8,4,3,46,2,1,0,0,1,27,15,15,24,6,10,6
54,"F",9.8,4,3,47,2,1,0,1,0,27,15,15,24,6,10,6
54,"F",9.8,4,3,50,2,0,0,0,1,27,15,15,24,6,10,6
54,"F",9.8,4,3,52,2,0,0,0,1,27,15,15,24,6,10,6
54,"F",9.8,4,3,53,2,0,0,0,1,27,15,15,24,6,10,6
54,"F",9.8,4,3,54,2,1,0,1,0,27,15,15,24,6,10,6
54,"F",9.8,4,3,55,2,1,0,1,0,27,15,15,24,6,10,6
54,"F",9.8,4,3,56,2,0,0,1,0,27,15,15,24,6,10,6
54,"F",9.8,4,3,57,2,0,0,1,0,27,15,15,24,6,10,6
54,"F",9.8,4,3,58,2,0,0,0,1,27,15,15,24,6,10,6
54,"F",9.8,4,3,59,2,0,0,1,0,27,15,15,24,6,10,6
55,"F",9,4,3,4,1,0,NA,NA,NA,30,13,27,18,8,5,10
55,"F",9,4,3,5,1,1,NA,NA,NA,30,13,27,18,8,5,10
55,"F",9,4,3,6,1,0,NA,NA,NA,30,13,27,18,8,5,10
55,"F",9,4,3,7,1,1,NA,NA,NA,30,13,27,18,8,5,10
55,"F",9,4,3,8,1,0,NA,NA,NA,30,13,27,18,8,5,10
55,"F",9,4,3,9,1,0,NA,NA,NA,30,13,27,18,8,5,10
55,"F",9,4,3,10,1,1,NA,NA,NA,30,13,27,18,8,5,10
55,"F",9,4,3,13,1,0,NA,NA,NA,30,13,27,18,8,5,10
55,"F",9,4,3,14,1,1,NA,NA,NA,30,13,27,18,8,5,10
55,"F",9,4,3,15,1,0,NA,NA,NA,30,13,27,18,8,5,10
55,"F",9,4,3,16,1,0,NA,NA,NA,30,13,27,18,8,5,10
55,"F",9,4,3,17,1,1,NA,NA,NA,30,13,27,18,8,5,10
55,"F",9,4,3,18,1,0,NA,NA,NA,30,13,27,18,8,5,10
55,"F",9,4,3,19,1,0,NA,NA,NA,30,13,27,18,8,5,10
55,"F",9,4,3,20,1,0,NA,NA,NA,30,13,27,18,8,5,10
55,"F",9,4,3,21,1,1,NA,NA,NA,30,13,27,18,8,5,10
55,"F",9,4,3,22,1,0,NA,NA,NA,30,13,27,18,8,5,10
55,"F",9,4,3,24,1,0,NA,NA,NA,30,13,27,18,8,5,10
55,"F",9,4,3,28,1,0,NA,NA,NA,30,13,27,18,8,5,10
55,"F",9,4,3,29,1,0,NA,NA,NA,30,13,27,18,8,5,10
55,"F",9,4,3,32,1,0,NA,NA,NA,30,13,27,18,8,5,10
55,"F",9,4,3,36,1,1,NA,NA,NA,30,13,27,18,8,5,10
55,"F",9,4,3,38,1,1,NA,NA,NA,30,13,27,18,8,5,10
55,"F",9,4,3,41,1,1,NA,NA,NA,30,13,27,18,8,5,10
55,"F",9,4,3,44,1,0,NA,NA,NA,30,13,27,18,8,5,10
55,"F",9,4,3,45,1,0,NA,NA,NA,30,13,27,18,8,5,10
55,"F",9,4,3,49,1,0,NA,NA,NA,30,13,27,18,8,5,10
55,"F",9,4,3,51,1,0,NA,NA,NA,30,13,27,18,8,5,10
55,"F",9,4,3,56,1,1,NA,NA,NA,30,13,27,18,8,5,10
55,"F",9,4,3,57,1,0,NA,NA,NA,30,13,27,18,8,5,10
55,"F",9,4,3,1,2,0,1,0,0,30,13,27,18,8,5,10
55,"F",9,4,3,2,2,0,0,0,1,30,13,27,18,8,5,10
55,"F",9,4,3,3,2,0,1,0,0,30,13,27,18,8,5,10
55,"F",9,4,3,11,2,1,0,0,1,30,13,27,18,8,5,10
55,"F",9,4,3,12,2,0,0,1,0,30,13,27,18,8,5,10
55,"F",9,4,3,23,2,0,1,0,0,30,13,27,18,8,5,10
55,"F",9,4,3,25,2,1,0,1,0,30,13,27,18,8,5,10
55,"F",9,4,3,26,2,0,0,1,0,30,13,27,18,8,5,10
55,"F",9,4,3,27,2,1,0,1,0,30,13,27,18,8,5,10
55,"F",9,4,3,30,2,0,0,0,1,30,13,27,18,8,5,10
55,"F",9,4,3,31,2,1,0,0,1,30,13,27,18,8,5,10
55,"F",9,4,3,33,2,0,0,0,1,30,13,27,18,8,5,10
55,"F",9,4,3,34,2,1,0,0,1,30,13,27,18,8,5,10
55,"F",9,4,3,35,2,1,0,0,1,30,13,27,18,8,5,10
55,"F",9,4,3,37,2,0,1,0,0,30,13,27,18,8,5,10
55,"F",9,4,3,39,2,0,0,1,0,30,13,27,18,8,5,10
55,"F",9,4,3,40,2,1,0,0,1,30,13,27,18,8,5,10
55,"F",9,4,3,42,2,1,0,0,1,30,13,27,18,8,5,10
55,"F",9,4,3,43,2,0,1,0,0,30,13,27,18,8,5,10
55,"F",9,4,3,46,2,1,0,0,1,30,13,27,18,8,5,10
55,"F",9,4,3,47,2,0,1,0,0,30,13,27,18,8,5,10
55,"F",9,4,3,48,2,0,1,0,0,30,13,27,18,8,5,10
55,"F",9,4,3,50,2,0,0,1,0,30,13,27,18,8,5,10
55,"F",9,4,3,52,2,0,0,1,0,30,13,27,18,8,5,10
55,"F",9,4,3,53,2,1,0,0,1,30,13,27,18,8,5,10
55,"F",9,4,3,54,2,0,0,1,0,30,13,27,18,8,5,10
55,"F",9,4,3,55,2,0,1,0,0,30,13,27,18,8,5,10
55,"F",9,4,3,58,2,0,1,0,0,30,13,27,18,8,5,10
55,"F",9,4,3,59,2,0,1,0,0,30,13,27,18,8,5,10
55,"F",9,4,3,60,2,0,0,1,0,30,13,27,18,8,5,10
56,"M",9.7,4,3,1,1,1,NA,NA,NA,31,13,18,36,10,9,28
56,"M",9.7,4,3,2,1,1,NA,NA,NA,31,13,18,36,10,9,28
56,"M",9.7,4,3,3,1,1,NA,NA,NA,31,13,18,36,10,9,28
56,"M",9.7,4,3,5,1,0,NA,NA,NA,31,13,18,36,10,9,28
56,"M",9.7,4,3,6,1,1,NA,NA,NA,31,13,18,36,10,9,28
56,"M",9.7,4,3,7,1,1,NA,NA,NA,31,13,18,36,10,9,28
56,"M",9.7,4,3,10,1,1,NA,NA,NA,31,13,18,36,10,9,28
56,"M",9.7,4,3,11,1,1,NA,NA,NA,31,13,18,36,10,9,28
56,"M",9.7,4,3,15,1,0,NA,NA,NA,31,13,18,36,10,9,28
56,"M",9.7,4,3,17,1,1,NA,NA,NA,31,13,18,36,10,9,28
56,"M",9.7,4,3,18,1,1,NA,NA,NA,31,13,18,36,10,9,28
56,"M",9.7,4,3,23,1,1,NA,NA,NA,31,13,18,36,10,9,28
56,"M",9.7,4,3,27,1,1,NA,NA,NA,31,13,18,36,10,9,28
56,"M",9.7,4,3,28,1,1,NA,NA,NA,31,13,18,36,10,9,28
56,"M",9.7,4,3,30,1,1,NA,NA,NA,31,13,18,36,10,9,28
56,"M",9.7,4,3,31,1,1,NA,NA,NA,31,13,18,36,10,9,28
56,"M",9.7,4,3,32,1,1,NA,NA,NA,31,13,18,36,10,9,28
56,"M",9.7,4,3,36,1,1,NA,NA,NA,31,13,18,36,10,9,28
56,"M",9.7,4,3,37,1,1,NA,NA,NA,31,13,18,36,10,9,28
56,"M",9.7,4,3,38,1,1,NA,NA,NA,31,13,18,36,10,9,28
56,"M",9.7,4,3,39,1,1,NA,NA,NA,31,13,18,36,10,9,28
56,"M",9.7,4,3,40,1,1,NA,NA,NA,31,13,18,36,10,9,28
56,"M",9.7,4,3,42,1,1,NA,NA,NA,31,13,18,36,10,9,28
56,"M",9.7,4,3,46,1,1,NA,NA,NA,31,13,18,36,10,9,28
56,"M",9.7,4,3,47,1,1,NA,NA,NA,31,13,18,36,10,9,28
56,"M",9.7,4,3,51,1,1,NA,NA,NA,31,13,18,36,10,9,28
56,"M",9.7,4,3,54,1,1,NA,NA,NA,31,13,18,36,10,9,28
56,"M",9.7,4,3,55,1,1,NA,NA,NA,31,13,18,36,10,9,28
56,"M",9.7,4,3,56,1,1,NA,NA,NA,31,13,18,36,10,9,28
56,"M",9.7,4,3,58,1,1,NA,NA,NA,31,13,18,36,10,9,28
56,"M",9.7,4,3,4,2,1,0,1,0,31,13,18,36,10,9,28
56,"M",9.7,4,3,8,2,0,0,1,0,31,13,18,36,10,9,28
56,"M",9.7,4,3,9,2,0,1,0,0,31,13,18,36,10,9,28
56,"M",9.7,4,3,12,2,1,0,1,0,31,13,18,36,10,9,28
56,"M",9.7,4,3,13,2,1,0,1,0,31,13,18,36,10,9,28
56,"M",9.7,4,3,14,2,0,1,0,0,31,13,18,36,10,9,28
56,"M",9.7,4,3,16,2,1,0,1,0,31,13,18,36,10,9,28
56,"M",9.7,4,3,19,2,1,0,1,0,31,13,18,36,10,9,28
56,"M",9.7,4,3,20,2,0,0,1,0,31,13,18,36,10,9,28
56,"M",9.7,4,3,21,2,0,1,0,0,31,13,18,36,10,9,28
56,"M",9.7,4,3,22,2,0,0,1,0,31,13,18,36,10,9,28
56,"M",9.7,4,3,24,2,0,0,1,0,31,13,18,36,10,9,28
56,"M",9.7,4,3,25,2,0,1,0,0,31,13,18,36,10,9,28
56,"M",9.7,4,3,26,2,1,0,1,0,31,13,18,36,10,9,28
56,"M",9.7,4,3,29,2,1,0,1,0,31,13,18,36,10,9,28
56,"M",9.7,4,3,33,2,1,0,1,0,31,13,18,36,10,9,28
56,"M",9.7,4,3,34,2,0,0,1,0,31,13,18,36,10,9,28
56,"M",9.7,4,3,35,2,0,0,0,1,31,13,18,36,10,9,28
56,"M",9.7,4,3,41,2,0,0,0,1,31,13,18,36,10,9,28
56,"M",9.7,4,3,43,2,1,0,0,1,31,13,18,36,10,9,28
56,"M",9.7,4,3,44,2,0,0,1,0,31,13,18,36,10,9,28
56,"M",9.7,4,3,45,2,1,0,1,0,31,13,18,36,10,9,28
56,"M",9.7,4,3,48,2,1,0,1,0,31,13,18,36,10,9,28
56,"M",9.7,4,3,49,2,1,0,0,1,31,13,18,36,10,9,28
56,"M",9.7,4,3,50,2,0,0,1,0,31,13,18,36,10,9,28
56,"M",9.7,4,3,52,2,1,0,0,1,31,13,18,36,10,9,28
56,"M",9.7,4,3,53,2,1,0,0,1,31,13,18,36,10,9,28
56,"M",9.7,4,3,57,2,0,1,0,0,31,13,18,36,10,9,28
56,"M",9.7,4,3,59,2,1,0,1,0,31,13,18,36,10,9,28
56,"M",9.7,4,3,60,2,0,0,1,0,31,13,18,36,10,9,28
57,"M",9.7,4,3,1,1,0,NA,NA,NA,39,6,23,17,10,5,8
57,"M",9.7,4,3,2,1,0,NA,NA,NA,39,6,23,17,10,5,8
57,"M",9.7,4,3,3,1,0,NA,NA,NA,39,6,23,17,10,5,8
57,"M",9.7,4,3,4,1,1,NA,NA,NA,39,6,23,17,10,5,8
57,"M",9.7,4,3,6,1,0,NA,NA,NA,39,6,23,17,10,5,8
57,"M",9.7,4,3,7,1,1,NA,NA,NA,39,6,23,17,10,5,8
57,"M",9.7,4,3,9,1,0,NA,NA,NA,39,6,23,17,10,5,8
57,"M",9.7,4,3,10,1,1,NA,NA,NA,39,6,23,17,10,5,8
57,"M",9.7,4,3,11,1,0,NA,NA,NA,39,6,23,17,10,5,8
57,"M",9.7,4,3,16,1,0,NA,NA,NA,39,6,23,17,10,5,8
57,"M",9.7,4,3,22,1,0,NA,NA,NA,39,6,23,17,10,5,8
57,"M",9.7,4,3,23,1,1,NA,NA,NA,39,6,23,17,10,5,8
57,"M",9.7,4,3,27,1,0,NA,NA,NA,39,6,23,17,10,5,8
57,"M",9.7,4,3,28,1,0,NA,NA,NA,39,6,23,17,10,5,8
57,"M",9.7,4,3,29,1,0,NA,NA,NA,39,6,23,17,10,5,8
57,"M",9.7,4,3,32,1,0,NA,NA,NA,39,6,23,17,10,5,8
57,"M",9.7,4,3,34,1,0,NA,NA,NA,39,6,23,17,10,5,8
57,"M",9.7,4,3,38,1,0,NA,NA,NA,39,6,23,17,10,5,8
57,"M",9.7,4,3,39,1,1,NA,NA,NA,39,6,23,17,10,5,8
57,"M",9.7,4,3,40,1,0,NA,NA,NA,39,6,23,17,10,5,8
57,"M",9.7,4,3,41,1,0,NA,NA,NA,39,6,23,17,10,5,8
57,"M",9.7,4,3,43,1,0,NA,NA,NA,39,6,23,17,10,5,8
57,"M",9.7,4,3,44,1,0,NA,NA,NA,39,6,23,17,10,5,8
57,"M",9.7,4,3,46,1,1,NA,NA,NA,39,6,23,17,10,5,8
57,"M",9.7,4,3,48,1,0,NA,NA,NA,39,6,23,17,10,5,8
57,"M",9.7,4,3,55,1,0,NA,NA,NA,39,6,23,17,10,5,8
57,"M",9.7,4,3,56,1,1,NA,NA,NA,39,6,23,17,10,5,8
57,"M",9.7,4,3,57,1,0,NA,NA,NA,39,6,23,17,10,5,8
57,"M",9.7,4,3,58,1,0,NA,NA,NA,39,6,23,17,10,5,8
57,"M",9.7,4,3,60,1,1,NA,NA,NA,39,6,23,17,10,5,8
57,"M",9.7,4,3,5,2,0,1,0,0,39,6,23,17,10,5,8
57,"M",9.7,4,3,8,2,0,1,0,0,39,6,23,17,10,5,8
57,"M",9.7,4,3,12,2,0,1,0,0,39,6,23,17,10,5,8
57,"M",9.7,4,3,13,2,0,0,1,0,39,6,23,17,10,5,8
57,"M",9.7,4,3,14,2,0,1,0,0,39,6,23,17,10,5,8
57,"M",9.7,4,3,15,2,0,1,0,0,39,6,23,17,10,5,8
57,"M",9.7,4,3,17,2,1,0,1,0,39,6,23,17,10,5,8
57,"M",9.7,4,3,18,2,0,0,1,0,39,6,23,17,10,5,8
57,"M",9.7,4,3,19,2,1,0,0,1,39,6,23,17,10,5,8
57,"M",9.7,4,3,20,2,1,0,1,0,39,6,23,17,10,5,8
57,"M",9.7,4,3,21,2,0,0,1,0,39,6,23,17,10,5,8
57,"M",9.7,4,3,24,2,0,1,0,0,39,6,23,17,10,5,8
57,"M",9.7,4,3,25,2,1,0,1,0,39,6,23,17,10,5,8
57,"M",9.7,4,3,26,2,0,1,0,0,39,6,23,17,10,5,8
57,"M",9.7,4,3,30,2,0,0,0,1,39,6,23,17,10,5,8
57,"M",9.7,4,3,31,2,0,1,0,0,39,6,23,17,10,5,8
57,"M",9.7,4,3,33,2,1,0,1,0,39,6,23,17,10,5,8
57,"M",9.7,4,3,35,2,0,1,0,0,39,6,23,17,10,5,8
57,"M",9.7,4,3,36,2,1,0,1,0,39,6,23,17,10,5,8
57,"M",9.7,4,3,37,2,1,0,1,0,39,6,23,17,10,5,8
57,"M",9.7,4,3,42,2,1,0,1,0,39,6,23,17,10,5,8
57,"M",9.7,4,3,45,2,1,0,1,0,39,6,23,17,10,5,8
57,"M",9.7,4,3,47,2,1,0,1,0,39,6,23,17,10,5,8
57,"M",9.7,4,3,49,2,0,0,0,1,39,6,23,17,10,5,8
57,"M",9.7,4,3,50,2,0,0,1,0,39,6,23,17,10,5,8
57,"M",9.7,4,3,51,2,0,1,0,0,39,6,23,17,10,5,8
57,"M",9.7,4,3,52,2,0,1,0,0,39,6,23,17,10,5,8
57,"M",9.7,4,3,53,2,0,1,0,0,39,6,23,17,10,5,8
57,"M",9.7,4,3,54,2,0,1,0,0,39,6,23,17,10,5,8
57,"M",9.7,4,3,59,2,0,1,0,0,39,6,23,17,10,5,8
58,"M",9.2,4,3,2,1,1,NA,NA,NA,25,16,21,36,10,9,21
58,"M",9.2,4,3,13,1,1,NA,NA,NA,25,16,21,36,10,9,21
58,"M",9.2,4,3,15,1,1,NA,NA,NA,25,16,21,36,10,9,21
58,"M",9.2,4,3,18,1,1,NA,NA,NA,25,16,21,36,10,9,21
58,"M",9.2,4,3,19,1,1,NA,NA,NA,25,16,21,36,10,9,21
58,"M",9.2,4,3,20,1,0,NA,NA,NA,25,16,21,36,10,9,21
58,"M",9.2,4,3,21,1,1,NA,NA,NA,25,16,21,36,10,9,21
58,"M",9.2,4,3,22,1,1,NA,NA,NA,25,16,21,36,10,9,21
58,"M",9.2,4,3,24,1,0,NA,NA,NA,25,16,21,36,10,9,21
58,"M",9.2,4,3,25,1,1,NA,NA,NA,25,16,21,36,10,9,21
58,"M",9.2,4,3,26,1,0,NA,NA,NA,25,16,21,36,10,9,21
58,"M",9.2,4,3,27,1,1,NA,NA,NA,25,16,21,36,10,9,21
58,"M",9.2,4,3,29,1,1,NA,NA,NA,25,16,21,36,10,9,21
58,"M",9.2,4,3,30,1,1,NA,NA,NA,25,16,21,36,10,9,21
58,"M",9.2,4,3,32,1,1,NA,NA,NA,25,16,21,36,10,9,21
58,"M",9.2,4,3,33,1,0,NA,NA,NA,25,16,21,36,10,9,21
58,"M",9.2,4,3,34,1,1,NA,NA,NA,25,16,21,36,10,9,21
58,"M",9.2,4,3,36,1,1,NA,NA,NA,25,16,21,36,10,9,21
58,"M",9.2,4,3,37,1,1,NA,NA,NA,25,16,21,36,10,9,21
58,"M",9.2,4,3,40,1,0,NA,NA,NA,25,16,21,36,10,9,21
58,"M",9.2,4,3,41,1,0,NA,NA,NA,25,16,21,36,10,9,21
58,"M",9.2,4,3,42,1,0,NA,NA,NA,25,16,21,36,10,9,21
58,"M",9.2,4,3,45,1,1,NA,NA,NA,25,16,21,36,10,9,21
58,"M",9.2,4,3,46,1,1,NA,NA,NA,25,16,21,36,10,9,21
58,"M",9.2,4,3,48,1,0,NA,NA,NA,25,16,21,36,10,9,21
58,"M",9.2,4,3,51,1,1,NA,NA,NA,25,16,21,36,10,9,21
58,"M",9.2,4,3,53,1,1,NA,NA,NA,25,16,21,36,10,9,21
58,"M",9.2,4,3,55,1,0,NA,NA,NA,25,16,21,36,10,9,21
58,"M",9.2,4,3,59,1,1,NA,NA,NA,25,16,21,36,10,9,21
58,"M",9.2,4,3,60,1,1,NA,NA,NA,25,16,21,36,10,9,21
58,"M",9.2,4,3,1,2,0,0,1,0,25,16,21,36,10,9,21
58,"M",9.2,4,3,3,2,1,0,0,1,25,16,21,36,10,9,21
58,"M",9.2,4,3,4,2,0,1,0,0,25,16,21,36,10,9,21
58,"M",9.2,4,3,5,2,0,0,1,0,25,16,21,36,10,9,21
58,"M",9.2,4,3,6,2,0,0,0,1,25,16,21,36,10,9,21
58,"M",9.2,4,3,7,2,1,0,0,1,25,16,21,36,10,9,21
58,"M",9.2,4,3,8,2,0,0,0,1,25,16,21,36,10,9,21
58,"M",9.2,4,3,9,2,1,0,1,0,25,16,21,36,10,9,21
58,"M",9.2,4,3,10,2,1,0,1,0,25,16,21,36,10,9,21
58,"M",9.2,4,3,11,2,0,1,0,0,25,16,21,36,10,9,21
58,"M",9.2,4,3,12,2,1,0,0,1,25,16,21,36,10,9,21
58,"M",9.2,4,3,14,2,0,0,0,1,25,16,21,36,10,9,21
58,"M",9.2,4,3,16,2,1,0,0,1,25,16,21,36,10,9,21
58,"M",9.2,4,3,17,2,0,1,0,0,25,16,21,36,10,9,21
58,"M",9.2,4,3,23,2,1,0,0,1,25,16,21,36,10,9,21
58,"M",9.2,4,3,28,2,0,0,1,0,25,16,21,36,10,9,21
58,"M",9.2,4,3,31,2,0,0,1,0,25,16,21,36,10,9,21
58,"M",9.2,4,3,35,2,0,0,0,1,25,16,21,36,10,9,21
58,"M",9.2,4,3,38,2,1,0,1,0,25,16,21,36,10,9,21
58,"M",9.2,4,3,39,2,1,0,1,0,25,16,21,36,10,9,21
58,"M",9.2,4,3,43,2,1,0,0,1,25,16,21,36,10,9,21
58,"M",9.2,4,3,44,2,0,0,1,0,25,16,21,36,10,9,21
58,"M",9.2,4,3,47,2,1,0,0,1,25,16,21,36,10,9,21
58,"M",9.2,4,3,49,2,0,0,0,1,25,16,21,36,10,9,21
58,"M",9.2,4,3,50,2,1,0,0,1,25,16,21,36,10,9,21
58,"M",9.2,4,3,52,2,0,0,0,1,25,16,21,36,10,9,21
58,"M",9.2,4,3,54,2,0,0,0,1,25,16,21,36,10,9,21
58,"M",9.2,4,3,56,2,1,0,0,1,25,16,21,36,10,9,21
58,"M",9.2,4,3,57,2,1,0,0,1,25,16,21,36,10,9,21
58,"M",9.2,4,3,58,2,0,0,1,0,25,16,21,36,10,9,21
59,"F",9.3,4,3,5,1,0,NA,NA,NA,17,22,28,35,6,10,14
59,"F",9.3,4,3,7,1,0,NA,NA,NA,17,22,28,35,6,10,14
59,"F",9.3,4,3,9,1,1,NA,NA,NA,17,22,28,35,6,10,14
59,"F",9.3,4,3,10,1,0,NA,NA,NA,17,22,28,35,6,10,14
59,"F",9.3,4,3,11,1,0,NA,NA,NA,17,22,28,35,6,10,14
59,"F",9.3,4,3,12,1,0,NA,NA,NA,17,22,28,35,6,10,14
59,"F",9.3,4,3,15,1,0,NA,NA,NA,17,22,28,35,6,10,14
59,"F",9.3,4,3,17,1,1,NA,NA,NA,17,22,28,35,6,10,14
59,"F",9.3,4,3,18,1,0,NA,NA,NA,17,22,28,35,6,10,14
59,"F",9.3,4,3,19,1,1,NA,NA,NA,17,22,28,35,6,10,14
59,"F",9.3,4,3,20,1,0,NA,NA,NA,17,22,28,35,6,10,14
59,"F",9.3,4,3,21,1,0,NA,NA,NA,17,22,28,35,6,10,14
59,"F",9.3,4,3,24,1,0,NA,NA,NA,17,22,28,35,6,10,14
59,"F",9.3,4,3,27,1,1,NA,NA,NA,17,22,28,35,6,10,14
59,"F",9.3,4,3,32,1,1,NA,NA,NA,17,22,28,35,6,10,14
59,"F",9.3,4,3,36,1,1,NA,NA,NA,17,22,28,35,6,10,14
59,"F",9.3,4,3,38,1,0,NA,NA,NA,17,22,28,35,6,10,14
59,"F",9.3,4,3,40,1,0,NA,NA,NA,17,22,28,35,6,10,14
59,"F",9.3,4,3,42,1,0,NA,NA,NA,17,22,28,35,6,10,14
59,"F",9.3,4,3,43,1,1,NA,NA,NA,17,22,28,35,6,10,14
59,"F",9.3,4,3,44,1,0,NA,NA,NA,17,22,28,35,6,10,14
59,"F",9.3,4,3,45,1,1,NA,NA,NA,17,22,28,35,6,10,14
59,"F",9.3,4,3,46,1,1,NA,NA,NA,17,22,28,35,6,10,14
59,"F",9.3,4,3,47,1,1,NA,NA,NA,17,22,28,35,6,10,14
59,"F",9.3,4,3,51,1,0,NA,NA,NA,17,22,28,35,6,10,14
59,"F",9.3,4,3,55,1,1,NA,NA,NA,17,22,28,35,6,10,14
59,"F",9.3,4,3,56,1,1,NA,NA,NA,17,22,28,35,6,10,14
59,"F",9.3,4,3,57,1,0,NA,NA,NA,17,22,28,35,6,10,14
59,"F",9.3,4,3,59,1,1,NA,NA,NA,17,22,28,35,6,10,14
59,"F",9.3,4,3,60,1,1,NA,NA,NA,17,22,28,35,6,10,14
59,"F",9.3,4,3,1,2,1,0,0,1,17,22,28,35,6,10,14
59,"F",9.3,4,3,2,2,0,0,0,1,17,22,28,35,6,10,14
59,"F",9.3,4,3,3,2,0,0,0,1,17,22,28,35,6,10,14
59,"F",9.3,4,3,4,2,0,0,0,1,17,22,28,35,6,10,14
59,"F",9.3,4,3,6,2,0,0,0,1,17,22,28,35,6,10,14
59,"F",9.3,4,3,8,2,0,0,0,1,17,22,28,35,6,10,14
59,"F",9.3,4,3,13,2,1,0,0,1,17,22,28,35,6,10,14
59,"F",9.3,4,3,14,2,0,0,1,0,17,22,28,35,6,10,14
59,"F",9.3,4,3,16,2,0,0,1,0,17,22,28,35,6,10,14
59,"F",9.3,4,3,22,2,0,0,0,1,17,22,28,35,6,10,14
59,"F",9.3,4,3,23,2,1,0,0,1,17,22,28,35,6,10,14
59,"F",9.3,4,3,25,2,0,0,0,1,17,22,28,35,6,10,14
59,"F",9.3,4,3,26,2,1,0,1,0,17,22,28,35,6,10,14
59,"F",9.3,4,3,28,2,1,0,0,1,17,22,28,35,6,10,14
59,"F",9.3,4,3,29,2,1,0,0,1,17,22,28,35,6,10,14
59,"F",9.3,4,3,30,2,0,1,0,0,17,22,28,35,6,10,14
59,"F",9.3,4,3,31,2,1,0,0,1,17,22,28,35,6,10,14
59,"F",9.3,4,3,33,2,1,0,0,1,17,22,28,35,6,10,14
59,"F",9.3,4,3,34,2,1,0,0,1,17,22,28,35,6,10,14
59,"F",9.3,4,3,35,2,0,0,0,1,17,22,28,35,6,10,14
59,"F",9.3,4,3,37,2,1,0,0,1,17,22,28,35,6,10,14
59,"F",9.3,4,3,39,2,0,0,1,0,17,22,28,35,6,10,14
59,"F",9.3,4,3,41,2,0,0,1,0,17,22,28,35,6,10,14
59,"F",9.3,4,3,48,2,0,0,0,1,17,22,28,35,6,10,14
59,"F",9.3,4,3,49,2,1,0,1,0,17,22,28,35,6,10,14
59,"F",9.3,4,3,50,2,1,0,1,0,17,22,28,35,6,10,14
59,"F",9.3,4,3,52,2,0,1,0,0,17,22,28,35,6,10,14
59,"F",9.3,4,3,53,2,0,1,0,0,17,22,28,35,6,10,14
59,"F",9.3,4,3,54,2,0,1,0,0,17,22,28,35,6,10,14
59,"F",9.3,4,3,58,2,0,1,0,0,17,22,28,35,6,10,14
60,"M",9.5,4,3,1,1,0,NA,NA,NA,28,21,24,26,4,10,7
60,"M",9.5,4,3,3,1,0,NA,NA,NA,28,21,24,26,4,10,7
60,"M",9.5,4,3,7,1,0,NA,NA,NA,28,21,24,26,4,10,7
60,"M",9.5,4,3,13,1,0,NA,NA,NA,28,21,24,26,4,10,7
60,"M",9.5,4,3,14,1,0,NA,NA,NA,28,21,24,26,4,10,7
60,"M",9.5,4,3,18,1,0,NA,NA,NA,28,21,24,26,4,10,7
60,"M",9.5,4,3,22,1,1,NA,NA,NA,28,21,24,26,4,10,7
60,"M",9.5,4,3,23,1,0,NA,NA,NA,28,21,24,26,4,10,7
60,"M",9.5,4,3,25,1,0,NA,NA,NA,28,21,24,26,4,10,7
60,"M",9.5,4,3,27,1,0,NA,NA,NA,28,21,24,26,4,10,7
60,"M",9.5,4,3,30,1,1,NA,NA,NA,28,21,24,26,4,10,7
60,"M",9.5,4,3,31,1,1,NA,NA,NA,28,21,24,26,4,10,7
60,"M",9.5,4,3,33,1,0,NA,NA,NA,28,21,24,26,4,10,7
60,"M",9.5,4,3,34,1,0,NA,NA,NA,28,21,24,26,4,10,7
60,"M",9.5,4,3,36,1,1,NA,NA,NA,28,21,24,26,4,10,7
60,"M",9.5,4,3,39,1,0,NA,NA,NA,28,21,24,26,4,10,7
60,"M",9.5,4,3,40,1,1,NA,NA,NA,28,21,24,26,4,10,7
60,"M",9.5,4,3,41,1,0,NA,NA,NA,28,21,24,26,4,10,7
60,"M",9.5,4,3,42,1,0,NA,NA,NA,28,21,24,26,4,10,7
60,"M",9.5,4,3,43,1,0,NA,NA,NA,28,21,24,26,4,10,7
60,"M",9.5,4,3,44,1,0,NA,NA,NA,28,21,24,26,4,10,7
60,"M",9.5,4,3,45,1,0,NA,NA,NA,28,21,24,26,4,10,7
60,"M",9.5,4,3,46,1,1,NA,NA,NA,28,21,24,26,4,10,7
60,"M",9.5,4,3,50,1,0,NA,NA,NA,28,21,24,26,4,10,7
60,"M",9.5,4,3,53,1,0,NA,NA,NA,28,21,24,26,4,10,7
60,"M",9.5,4,3,54,1,0,NA,NA,NA,28,21,24,26,4,10,7
60,"M",9.5,4,3,55,1,0,NA,NA,NA,28,21,24,26,4,10,7
60,"M",9.5,4,3,58,1,1,NA,NA,NA,28,21,24,26,4,10,7
60,"M",9.5,4,3,59,1,0,NA,NA,NA,28,21,24,26,4,10,7
60,"M",9.5,4,3,60,1,0,NA,NA,NA,28,21,24,26,4,10,7
60,"M",9.5,4,3,2,2,0,0,0,1,28,21,24,26,4,10,7
60,"M",9.5,4,3,4,2,0,0,0,1,28,21,24,26,4,10,7
60,"M",9.5,4,3,5,2,0,1,0,0,28,21,24,26,4,10,7
60,"M",9.5,4,3,6,2,0,0,0,1,28,21,24,26,4,10,7
60,"M",9.5,4,3,8,2,0,0,1,0,28,21,24,26,4,10,7
60,"M",9.5,4,3,9,2,0,1,0,0,28,21,24,26,4,10,7
60,"M",9.5,4,3,10,2,1,0,0,1,28,21,24,26,4,10,7
60,"M",9.5,4,3,11,2,1,0,0,1,28,21,24,26,4,10,7
60,"M",9.5,4,3,12,2,1,0,1,0,28,21,24,26,4,10,7
60,"M",9.5,4,3,15,2,0,0,1,0,28,21,24,26,4,10,7
60,"M",9.5,4,3,16,2,0,0,1,0,28,21,24,26,4,10,7
60,"M",9.5,4,3,17,2,0,0,0,1,28,21,24,26,4,10,7
60,"M",9.5,4,3,19,2,0,0,0,1,28,21,24,26,4,10,7
60,"M",9.5,4,3,20,2,0,1,0,0,28,21,24,26,4,10,7
60,"M",9.5,4,3,21,2,0,0,0,1,28,21,24,26,4,10,7
60,"M",9.5,4,3,24,2,1,0,0,1,28,21,24,26,4,10,7
60,"M",9.5,4,3,26,2,0,0,1,0,28,21,24,26,4,10,7
60,"M",9.5,4,3,28,2,0,1,0,0,28,21,24,26,4,10,7
60,"M",9.5,4,3,29,2,0,0,1,0,28,21,24,26,4,10,7
60,"M",9.5,4,3,32,2,0,0,0,1,28,21,24,26,4,10,7
60,"M",9.5,4,3,35,2,0,0,0,1,28,21,24,26,4,10,7
60,"M",9.5,4,3,37,2,1,0,0,1,28,21,24,26,4,10,7
60,"M",9.5,4,3,38,2,0,0,0,1,28,21,24,26,4,10,7
60,"M",9.5,4,3,47,2,0,0,0,1,28,21,24,26,4,10,7
60,"M",9.5,4,3,48,2,0,0,0,1,28,21,24,26,4,10,7
60,"M",9.5,4,3,49,2,0,1,0,0,28,21,24,26,4,10,7
60,"M",9.5,4,3,51,2,0,0,0,1,28,21,24,26,4,10,7
60,"M",9.5,4,3,52,2,0,1,0,0,28,21,24,26,4,10,7
60,"M",9.5,4,3,56,2,0,1,0,0,28,21,24,26,4,10,7
60,"M",9.5,4,3,57,2,0,0,1,0,28,21,24,26,4,10,7
61,"M",9.7,4,4,2,1,1,NA,NA,NA,36,19,18,17,7,4,9
61,"M",9.7,4,4,5,1,0,NA,NA,NA,36,19,18,17,7,4,9
61,"M",9.7,4,4,6,1,0,NA,NA,NA,36,19,18,17,7,4,9
61,"M",9.7,4,4,7,1,0,NA,NA,NA,36,19,18,17,7,4,9
61,"M",9.7,4,4,8,1,0,NA,NA,NA,36,19,18,17,7,4,9
61,"M",9.7,4,4,9,1,0,NA,NA,NA,36,19,18,17,7,4,9
61,"M",9.7,4,4,10,1,0,NA,NA,NA,36,19,18,17,7,4,9
61,"M",9.7,4,4,15,1,0,NA,NA,NA,36,19,18,17,7,4,9
61,"M",9.7,4,4,17,1,0,NA,NA,NA,36,19,18,17,7,4,9
61,"M",9.7,4,4,19,1,0,NA,NA,NA,36,19,18,17,7,4,9
61,"M",9.7,4,4,23,1,0,NA,NA,NA,36,19,18,17,7,4,9
61,"M",9.7,4,4,25,1,1,NA,NA,NA,36,19,18,17,7,4,9
61,"M",9.7,4,4,26,1,0,NA,NA,NA,36,19,18,17,7,4,9
61,"M",9.7,4,4,27,1,1,NA,NA,NA,36,19,18,17,7,4,9
61,"M",9.7,4,4,29,1,1,NA,NA,NA,36,19,18,17,7,4,9
61,"M",9.7,4,4,30,1,0,NA,NA,NA,36,19,18,17,7,4,9
61,"M",9.7,4,4,33,1,0,NA,NA,NA,36,19,18,17,7,4,9
61,"M",9.7,4,4,34,1,0,NA,NA,NA,36,19,18,17,7,4,9
61,"M",9.7,4,4,37,1,1,NA,NA,NA,36,19,18,17,7,4,9
61,"M",9.7,4,4,38,1,0,NA,NA,NA,36,19,18,17,7,4,9
61,"M",9.7,4,4,39,1,1,NA,NA,NA,36,19,18,17,7,4,9
61,"M",9.7,4,4,40,1,0,NA,NA,NA,36,19,18,17,7,4,9
61,"M",9.7,4,4,41,1,0,NA,NA,NA,36,19,18,17,7,4,9
61,"M",9.7,4,4,42,1,0,NA,NA,NA,36,19,18,17,7,4,9
61,"M",9.7,4,4,46,1,1,NA,NA,NA,36,19,18,17,7,4,9
61,"M",9.7,4,4,47,1,0,NA,NA,NA,36,19,18,17,7,4,9
61,"M",9.7,4,4,49,1,0,NA,NA,NA,36,19,18,17,7,4,9
61,"M",9.7,4,4,54,1,1,NA,NA,NA,36,19,18,17,7,4,9
61,"M",9.7,4,4,56,1,1,NA,NA,NA,36,19,18,17,7,4,9
61,"M",9.7,4,4,58,1,0,NA,NA,NA,36,19,18,17,7,4,9
61,"M",9.7,4,4,1,2,0,1,0,0,36,19,18,17,7,4,9
61,"M",9.7,4,4,3,2,0,0,1,0,36,19,18,17,7,4,9
61,"M",9.7,4,4,4,2,0,0,1,0,36,19,18,17,7,4,9
61,"M",9.7,4,4,11,2,1,0,1,0,36,19,18,17,7,4,9
61,"M",9.7,4,4,12,2,0,0,0,1,36,19,18,17,7,4,9
61,"M",9.7,4,4,13,2,0,0,1,0,36,19,18,17,7,4,9
61,"M",9.7,4,4,14,2,0,0,1,0,36,19,18,17,7,4,9
61,"M",9.7,4,4,16,2,0,0,1,0,36,19,18,17,7,4,9
61,"M",9.7,4,4,18,2,0,0,0,1,36,19,18,17,7,4,9
61,"M",9.7,4,4,20,2,1,0,1,0,36,19,18,17,7,4,9
61,"M",9.7,4,4,21,2,0,0,1,0,36,19,18,17,7,4,9
61,"M",9.7,4,4,22,2,1,0,1,0,36,19,18,17,7,4,9
61,"M",9.7,4,4,24,2,1,0,0,1,36,19,18,17,7,4,9
61,"M",9.7,4,4,28,2,0,0,1,0,36,19,18,17,7,4,9
61,"M",9.7,4,4,31,2,0,0,1,0,36,19,18,17,7,4,9
61,"M",9.7,4,4,32,2,0,1,0,0,36,19,18,17,7,4,9
61,"M",9.7,4,4,35,2,0,0,1,0,36,19,18,17,7,4,9
61,"M",9.7,4,4,36,2,1,0,1,0,36,19,18,17,7,4,9
61,"M",9.7,4,4,43,2,1,0,0,1,36,19,18,17,7,4,9
61,"M",9.7,4,4,44,2,0,0,1,0,36,19,18,17,7,4,9
61,"M",9.7,4,4,45,2,0,0,1,0,36,19,18,17,7,4,9
61,"M",9.7,4,4,48,2,0,0,1,0,36,19,18,17,7,4,9
61,"M",9.7,4,4,50,2,1,0,1,0,36,19,18,17,7,4,9
61,"M",9.7,4,4,51,2,0,0,1,0,36,19,18,17,7,4,9
61,"M",9.7,4,4,52,2,0,1,0,0,36,19,18,17,7,4,9
61,"M",9.7,4,4,53,2,1,0,0,1,36,19,18,17,7,4,9
61,"M",9.7,4,4,55,2,0,0,1,0,36,19,18,17,7,4,9
61,"M",9.7,4,4,57,2,0,0,1,0,36,19,18,17,7,4,9
61,"M",9.7,4,4,59,2,0,1,0,0,36,19,18,17,7,4,9
61,"M",9.7,4,4,60,2,0,0,1,0,36,19,18,17,7,4,9
62,"M",10,4,4,1,1,0,NA,NA,NA,36,14,35,20,9,4,10
62,"M",10,4,4,2,1,1,NA,NA,NA,36,14,35,20,9,4,10
62,"M",10,4,4,4,1,0,NA,NA,NA,36,14,35,20,9,4,10
62,"M",10,4,4,5,1,1,NA,NA,NA,36,14,35,20,9,4,10
62,"M",10,4,4,8,1,0,NA,NA,NA,36,14,35,20,9,4,10
62,"M",10,4,4,9,1,1,NA,NA,NA,36,14,35,20,9,4,10
62,"M",10,4,4,12,1,0,NA,NA,NA,36,14,35,20,9,4,10
62,"M",10,4,4,13,1,1,NA,NA,NA,36,14,35,20,9,4,10
62,"M",10,4,4,16,1,0,NA,NA,NA,36,14,35,20,9,4,10
62,"M",10,4,4,17,1,0,NA,NA,NA,36,14,35,20,9,4,10
62,"M",10,4,4,18,1,0,NA,NA,NA,36,14,35,20,9,4,10
62,"M",10,4,4,19,1,0,NA,NA,NA,36,14,35,20,9,4,10
62,"M",10,4,4,22,1,0,NA,NA,NA,36,14,35,20,9,4,10
62,"M",10,4,4,24,1,0,NA,NA,NA,36,14,35,20,9,4,10
62,"M",10,4,4,25,1,0,NA,NA,NA,36,14,35,20,9,4,10
62,"M",10,4,4,30,1,0,NA,NA,NA,36,14,35,20,9,4,10
62,"M",10,4,4,31,1,0,NA,NA,NA,36,14,35,20,9,4,10
62,"M",10,4,4,32,1,0,NA,NA,NA,36,14,35,20,9,4,10
62,"M",10,4,4,34,1,0,NA,NA,NA,36,14,35,20,9,4,10
62,"M",10,4,4,36,1,1,NA,NA,NA,36,14,35,20,9,4,10
62,"M",10,4,4,37,1,1,NA,NA,NA,36,14,35,20,9,4,10
62,"M",10,4,4,40,1,1,NA,NA,NA,36,14,35,20,9,4,10
62,"M",10,4,4,41,1,0,NA,NA,NA,36,14,35,20,9,4,10
62,"M",10,4,4,42,1,0,NA,NA,NA,36,14,35,20,9,4,10
62,"M",10,4,4,43,1,1,NA,NA,NA,36,14,35,20,9,4,10
62,"M",10,4,4,46,1,1,NA,NA,NA,36,14,35,20,9,4,10
62,"M",10,4,4,49,1,0,NA,NA,NA,36,14,35,20,9,4,10
62,"M",10,4,4,56,1,0,NA,NA,NA,36,14,35,20,9,4,10
62,"M",10,4,4,58,1,1,NA,NA,NA,36,14,35,20,9,4,10
62,"M",10,4,4,60,1,0,NA,NA,NA,36,14,35,20,9,4,10
62,"M",10,4,4,3,2,0,1,0,0,36,14,35,20,9,4,10
62,"M",10,4,4,6,2,0,1,0,0,36,14,35,20,9,4,10
62,"M",10,4,4,7,2,0,1,0,0,36,14,35,20,9,4,10
62,"M",10,4,4,10,2,0,1,0,0,36,14,35,20,9,4,10
62,"M",10,4,4,11,2,0,1,0,0,36,14,35,20,9,4,10
62,"M",10,4,4,14,2,0,1,0,0,36,14,35,20,9,4,10
62,"M",10,4,4,15,2,0,1,0,0,36,14,35,20,9,4,10
62,"M",10,4,4,20,2,0,1,0,0,36,14,35,20,9,4,10
62,"M",10,4,4,21,2,0,1,0,0,36,14,35,20,9,4,10
62,"M",10,4,4,23,2,0,0,0,1,36,14,35,20,9,4,10
62,"M",10,4,4,26,2,0,1,0,0,36,14,35,20,9,4,10
62,"M",10,4,4,27,2,0,1,0,0,36,14,35,20,9,4,10
62,"M",10,4,4,28,2,0,1,0,0,36,14,35,20,9,4,10
62,"M",10,4,4,29,2,0,1,0,0,36,14,35,20,9,4,10
62,"M",10,4,4,33,2,0,1,0,0,36,14,35,20,9,4,10
62,"M",10,4,4,35,2,0,1,0,0,36,14,35,20,9,4,10
62,"M",10,4,4,38,2,0,1,0,0,36,14,35,20,9,4,10
62,"M",10,4,4,39,2,0,1,0,0,36,14,35,20,9,4,10
62,"M",10,4,4,44,2,0,1,0,0,36,14,35,20,9,4,10
62,"M",10,4,4,45,2,0,1,0,0,36,14,35,20,9,4,10
62,"M",10,4,4,47,2,0,1,0,0,36,14,35,20,9,4,10
62,"M",10,4,4,48,2,0,1,0,0,36,14,35,20,9,4,10
62,"M",10,4,4,50,2,1,0,1,0,36,14,35,20,9,4,10
62,"M",10,4,4,51,2,1,0,1,0,36,14,35,20,9,4,10
62,"M",10,4,4,52,2,1,0,0,1,36,14,35,20,9,4,10
62,"M",10,4,4,53,2,0,1,0,0,36,14,35,20,9,4,10
62,"M",10,4,4,54,2,0,1,0,0,36,14,35,20,9,4,10
62,"M",10,4,4,55,2,0,1,0,0,36,14,35,20,9,4,10
62,"M",10,4,4,57,2,0,1,0,0,36,14,35,20,9,4,10
62,"M",10,4,4,59,2,0,1,0,0,36,14,35,20,9,4,10
63,"M",9.8,4,4,1,1,1,NA,NA,NA,24,16,13,17,10,4,12
63,"M",9.8,4,4,2,1,0,NA,NA,NA,24,16,13,17,10,4,12
63,"M",9.8,4,4,3,1,0,NA,NA,NA,24,16,13,17,10,4,12
63,"M",9.8,4,4,7,1,1,NA,NA,NA,24,16,13,17,10,4,12
63,"M",9.8,4,4,8,1,0,NA,NA,NA,24,16,13,17,10,4,12
63,"M",9.8,4,4,10,1,0,NA,NA,NA,24,16,13,17,10,4,12
63,"M",9.8,4,4,13,1,0,NA,NA,NA,24,16,13,17,10,4,12
63,"M",9.8,4,4,14,1,0,NA,NA,NA,24,16,13,17,10,4,12
63,"M",9.8,4,4,15,1,0,NA,NA,NA,24,16,13,17,10,4,12
63,"M",9.8,4,4,16,1,0,NA,NA,NA,24,16,13,17,10,4,12
63,"M",9.8,4,4,18,1,0,NA,NA,NA,24,16,13,17,10,4,12
63,"M",9.8,4,4,19,1,0,NA,NA,NA,24,16,13,17,10,4,12
63,"M",9.8,4,4,20,1,1,NA,NA,NA,24,16,13,17,10,4,12
63,"M",9.8,4,4,23,1,1,NA,NA,NA,24,16,13,17,10,4,12
63,"M",9.8,4,4,25,1,1,NA,NA,NA,24,16,13,17,10,4,12
63,"M",9.8,4,4,27,1,1,NA,NA,NA,24,16,13,17,10,4,12
63,"M",9.8,4,4,28,1,0,NA,NA,NA,24,16,13,17,10,4,12
63,"M",9.8,4,4,30,1,1,NA,NA,NA,24,16,13,17,10,4,12
63,"M",9.8,4,4,32,1,0,NA,NA,NA,24,16,13,17,10,4,12
63,"M",9.8,4,4,35,1,0,NA,NA,NA,24,16,13,17,10,4,12
63,"M",9.8,4,4,38,1,0,NA,NA,NA,24,16,13,17,10,4,12
63,"M",9.8,4,4,40,1,1,NA,NA,NA,24,16,13,17,10,4,12
63,"M",9.8,4,4,43,1,1,NA,NA,NA,24,16,13,17,10,4,12
63,"M",9.8,4,4,44,1,0,NA,NA,NA,24,16,13,17,10,4,12
63,"M",9.8,4,4,47,1,1,NA,NA,NA,24,16,13,17,10,4,12
63,"M",9.8,4,4,49,1,1,NA,NA,NA,24,16,13,17,10,4,12
63,"M",9.8,4,4,51,1,0,NA,NA,NA,24,16,13,17,10,4,12
63,"M",9.8,4,4,52,1,0,NA,NA,NA,24,16,13,17,10,4,12
63,"M",9.8,4,4,57,1,0,NA,NA,NA,24,16,13,17,10,4,12
63,"M",9.8,4,4,59,1,1,NA,NA,NA,24,16,13,17,10,4,12
63,"M",9.8,4,4,4,2,0,1,0,0,24,16,13,17,10,4,12
63,"M",9.8,4,4,5,2,1,0,1,0,24,16,13,17,10,4,12
63,"M",9.8,4,4,6,2,1,0,1,0,24,16,13,17,10,4,12
63,"M",9.8,4,4,9,2,1,0,0,1,24,16,13,17,10,4,12
63,"M",9.8,4,4,11,2,1,0,1,0,24,16,13,17,10,4,12
63,"M",9.8,4,4,12,2,0,0,1,0,24,16,13,17,10,4,12
63,"M",9.8,4,4,17,2,1,0,0,1,24,16,13,17,10,4,12
63,"M",9.8,4,4,21,2,0,0,1,0,24,16,13,17,10,4,12
63,"M",9.8,4,4,22,2,1,0,0,1,24,16,13,17,10,4,12
63,"M",9.8,4,4,24,2,0,0,1,0,24,16,13,17,10,4,12
63,"M",9.8,4,4,26,2,1,0,0,1,24,16,13,17,10,4,12
63,"M",9.8,4,4,29,2,0,0,1,0,24,16,13,17,10,4,12
63,"M",9.8,4,4,31,2,0,1,0,0,24,16,13,17,10,4,12
63,"M",9.8,4,4,33,2,1,0,0,1,24,16,13,17,10,4,12
63,"M",9.8,4,4,34,2,0,0,1,0,24,16,13,17,10,4,12
63,"M",9.8,4,4,36,2,1,0,1,0,24,16,13,17,10,4,12
63,"M",9.8,4,4,37,2,1,0,1,0,24,16,13,17,10,4,12
63,"M",9.8,4,4,39,2,1,0,0,1,24,16,13,17,10,4,12
63,"M",9.8,4,4,41,2,1,0,0,1,24,16,13,17,10,4,12
63,"M",9.8,4,4,42,2,0,0,1,0,24,16,13,17,10,4,12
63,"M",9.8,4,4,45,2,1,0,0,1,24,16,13,17,10,4,12
63,"M",9.8,4,4,46,2,0,0,1,0,24,16,13,17,10,4,12
63,"M",9.8,4,4,48,2,0,0,0,1,24,16,13,17,10,4,12
63,"M",9.8,4,4,50,2,0,0,0,1,24,16,13,17,10,4,12
63,"M",9.8,4,4,53,2,1,0,1,0,24,16,13,17,10,4,12
63,"M",9.8,4,4,54,2,0,0,1,0,24,16,13,17,10,4,12
63,"M",9.8,4,4,55,2,0,1,0,0,24,16,13,17,10,4,12
63,"M",9.8,4,4,56,2,0,0,0,1,24,16,13,17,10,4,12
63,"M",9.8,4,4,58,2,1,0,0,1,24,16,13,17,10,4,12
63,"M",9.8,4,4,60,2,0,0,1,0,24,16,13,17,10,4,12
64,"F",9.6,4,4,1,1,0,NA,NA,NA,26,16,21,16,6,4,7
64,"F",9.6,4,4,2,1,0,NA,NA,NA,26,16,21,16,6,4,7
64,"F",9.6,4,4,3,1,0,NA,NA,NA,26,16,21,16,6,4,7
64,"F",9.6,4,4,4,1,0,NA,NA,NA,26,16,21,16,6,4,7
64,"F",9.6,4,4,7,1,1,NA,NA,NA,26,16,21,16,6,4,7
64,"F",9.6,4,4,11,1,1,NA,NA,NA,26,16,21,16,6,4,7
64,"F",9.6,4,4,12,1,0,NA,NA,NA,26,16,21,16,6,4,7
64,"F",9.6,4,4,13,1,0,NA,NA,NA,26,16,21,16,6,4,7
64,"F",9.6,4,4,15,1,0,NA,NA,NA,26,16,21,16,6,4,7
64,"F",9.6,4,4,17,1,1,NA,NA,NA,26,16,21,16,6,4,7
64,"F",9.6,4,4,18,1,0,NA,NA,NA,26,16,21,16,6,4,7
64,"F",9.6,4,4,23,1,0,NA,NA,NA,26,16,21,16,6,4,7
64,"F",9.6,4,4,24,1,0,NA,NA,NA,26,16,21,16,6,4,7
64,"F",9.6,4,4,26,1,0,NA,NA,NA,26,16,21,16,6,4,7
64,"F",9.6,4,4,27,1,1,NA,NA,NA,26,16,21,16,6,4,7
64,"F",9.6,4,4,28,1,0,NA,NA,NA,26,16,21,16,6,4,7
64,"F",9.6,4,4,29,1,0,NA,NA,NA,26,16,21,16,6,4,7
64,"F",9.6,4,4,32,1,0,NA,NA,NA,26,16,21,16,6,4,7
64,"F",9.6,4,4,34,1,0,NA,NA,NA,26,16,21,16,6,4,7
64,"F",9.6,4,4,36,1,0,NA,NA,NA,26,16,21,16,6,4,7
64,"F",9.6,4,4,37,1,0,NA,NA,NA,26,16,21,16,6,4,7
64,"F",9.6,4,4,42,1,0,NA,NA,NA,26,16,21,16,6,4,7
64,"F",9.6,4,4,44,1,0,NA,NA,NA,26,16,21,16,6,4,7
64,"F",9.6,4,4,50,1,1,NA,NA,NA,26,16,21,16,6,4,7
64,"F",9.6,4,4,51,1,0,NA,NA,NA,26,16,21,16,6,4,7
64,"F",9.6,4,4,54,1,0,NA,NA,NA,26,16,21,16,6,4,7
64,"F",9.6,4,4,55,1,0,NA,NA,NA,26,16,21,16,6,4,7
64,"F",9.6,4,4,57,1,1,NA,NA,NA,26,16,21,16,6,4,7
64,"F",9.6,4,4,59,1,1,NA,NA,NA,26,16,21,16,6,4,7
64,"F",9.6,4,4,60,1,0,NA,NA,NA,26,16,21,16,6,4,7
64,"F",9.6,4,4,5,2,0,0,1,0,26,16,21,16,6,4,7
64,"F",9.6,4,4,6,2,0,0,0,1,26,16,21,16,6,4,7
64,"F",9.6,4,4,8,2,0,0,0,1,26,16,21,16,6,4,7
64,"F",9.6,4,4,9,2,1,0,1,0,26,16,21,16,6,4,7
64,"F",9.6,4,4,10,2,1,0,0,1,26,16,21,16,6,4,7
64,"F",9.6,4,4,14,2,0,0,1,0,26,16,21,16,6,4,7
64,"F",9.6,4,4,16,2,0,0,1,0,26,16,21,16,6,4,7
64,"F",9.6,4,4,19,2,1,0,0,1,26,16,21,16,6,4,7
64,"F",9.6,4,4,20,2,1,0,0,1,26,16,21,16,6,4,7
64,"F",9.6,4,4,21,2,0,0,1,0,26,16,21,16,6,4,7
64,"F",9.6,4,4,22,2,0,0,1,0,26,16,21,16,6,4,7
64,"F",9.6,4,4,25,2,1,0,0,1,26,16,21,16,6,4,7
64,"F",9.6,4,4,30,2,0,0,1,0,26,16,21,16,6,4,7
64,"F",9.6,4,4,31,2,1,0,0,1,26,16,21,16,6,4,7
64,"F",9.6,4,4,33,2,0,0,0,1,26,16,21,16,6,4,7
64,"F",9.6,4,4,35,2,0,1,0,0,26,16,21,16,6,4,7
64,"F",9.6,4,4,38,2,0,1,0,0,26,16,21,16,6,4,7
64,"F",9.6,4,4,39,2,0,1,0,0,26,16,21,16,6,4,7
64,"F",9.6,4,4,40,2,0,0,1,0,26,16,21,16,6,4,7
64,"F",9.6,4,4,41,2,1,0,1,0,26,16,21,16,6,4,7
64,"F",9.6,4,4,43,2,1,0,0,1,26,16,21,16,6,4,7
64,"F",9.6,4,4,45,2,1,0,1,0,26,16,21,16,6,4,7
64,"F",9.6,4,4,46,2,0,0,1,0,26,16,21,16,6,4,7
64,"F",9.6,4,4,47,2,1,0,0,1,26,16,21,16,6,4,7
64,"F",9.6,4,4,48,2,1,0,1,0,26,16,21,16,6,4,7
64,"F",9.6,4,4,49,2,0,0,0,1,26,16,21,16,6,4,7
64,"F",9.6,4,4,52,2,0,0,1,0,26,16,21,16,6,4,7
64,"F",9.6,4,4,53,2,1,0,0,1,26,16,21,16,6,4,7
64,"F",9.6,4,4,56,2,1,0,0,1,26,16,21,16,6,4,7
64,"F",9.6,4,4,58,2,0,0,0,1,26,16,21,16,6,4,7
65,"M",9.8,4,4,2,1,1,NA,NA,NA,33,10,27,24,7,8,14
65,"M",9.8,4,4,5,1,1,NA,NA,NA,33,10,27,24,7,8,14
65,"M",9.8,4,4,6,1,0,NA,NA,NA,33,10,27,24,7,8,14
65,"M",9.8,4,4,8,1,0,NA,NA,NA,33,10,27,24,7,8,14
65,"M",9.8,4,4,10,1,1,NA,NA,NA,33,10,27,24,7,8,14
65,"M",9.8,4,4,12,1,1,NA,NA,NA,33,10,27,24,7,8,14
65,"M",9.8,4,4,13,1,0,NA,NA,NA,33,10,27,24,7,8,14
65,"M",9.8,4,4,18,1,0,NA,NA,NA,33,10,27,24,7,8,14
65,"M",9.8,4,4,19,1,0,NA,NA,NA,33,10,27,24,7,8,14
65,"M",9.8,4,4,20,1,1,NA,NA,NA,33,10,27,24,7,8,14
65,"M",9.8,4,4,21,1,0,NA,NA,NA,33,10,27,24,7,8,14
65,"M",9.8,4,4,29,1,0,NA,NA,NA,33,10,27,24,7,8,14
65,"M",9.8,4,4,31,1,0,NA,NA,NA,33,10,27,24,7,8,14
65,"M",9.8,4,4,33,1,1,NA,NA,NA,33,10,27,24,7,8,14
65,"M",9.8,4,4,35,1,0,NA,NA,NA,33,10,27,24,7,8,14
65,"M",9.8,4,4,36,1,1,NA,NA,NA,33,10,27,24,7,8,14
65,"M",9.8,4,4,37,1,1,NA,NA,NA,33,10,27,24,7,8,14
65,"M",9.8,4,4,38,1,0,NA,NA,NA,33,10,27,24,7,8,14
65,"M",9.8,4,4,40,1,1,NA,NA,NA,33,10,27,24,7,8,14
65,"M",9.8,4,4,42,1,1,NA,NA,NA,33,10,27,24,7,8,14
65,"M",9.8,4,4,43,1,1,NA,NA,NA,33,10,27,24,7,8,14
65,"M",9.8,4,4,44,1,0,NA,NA,NA,33,10,27,24,7,8,14
65,"M",9.8,4,4,47,1,1,NA,NA,NA,33,10,27,24,7,8,14
65,"M",9.8,4,4,49,1,1,NA,NA,NA,33,10,27,24,7,8,14
65,"M",9.8,4,4,50,1,0,NA,NA,NA,33,10,27,24,7,8,14
65,"M",9.8,4,4,51,1,0,NA,NA,NA,33,10,27,24,7,8,14
65,"M",9.8,4,4,52,1,0,NA,NA,NA,33,10,27,24,7,8,14
65,"M",9.8,4,4,56,1,1,NA,NA,NA,33,10,27,24,7,8,14
65,"M",9.8,4,4,59,1,0,NA,NA,NA,33,10,27,24,7,8,14
65,"M",9.8,4,4,60,1,0,NA,NA,NA,33,10,27,24,7,8,14
65,"M",9.8,4,4,1,2,1,0,0,1,33,10,27,24,7,8,14
65,"M",9.8,4,4,3,2,0,1,0,0,33,10,27,24,7,8,14
65,"M",9.8,4,4,4,2,0,1,0,0,33,10,27,24,7,8,14
65,"M",9.8,4,4,7,2,1,0,1,0,33,10,27,24,7,8,14
65,"M",9.8,4,4,9,2,0,1,0,0,33,10,27,24,7,8,14
65,"M",9.8,4,4,11,2,0,1,0,0,33,10,27,24,7,8,14
65,"M",9.8,4,4,14,2,0,1,0,0,33,10,27,24,7,8,14
65,"M",9.8,4,4,15,2,0,1,0,0,33,10,27,24,7,8,14
65,"M",9.8,4,4,16,2,1,0,0,1,33,10,27,24,7,8,14
65,"M",9.8,4,4,17,2,1,0,1,0,33,10,27,24,7,8,14
65,"M",9.8,4,4,22,2,0,0,0,1,33,10,27,24,7,8,14
65,"M",9.8,4,4,23,2,1,0,1,0,33,10,27,24,7,8,14
65,"M",9.8,4,4,24,2,0,1,0,0,33,10,27,24,7,8,14
65,"M",9.8,4,4,25,2,0,0,1,0,33,10,27,24,7,8,14
65,"M",9.8,4,4,26,2,0,1,0,0,33,10,27,24,7,8,14
65,"M",9.8,4,4,27,2,0,1,0,0,33,10,27,24,7,8,14
65,"M",9.8,4,4,28,2,0,0,0,1,33,10,27,24,7,8,14
65,"M",9.8,4,4,30,2,0,0,1,0,33,10,27,24,7,8,14
65,"M",9.8,4,4,32,2,0,1,0,0,33,10,27,24,7,8,14
65,"M",9.8,4,4,34,2,1,0,1,0,33,10,27,24,7,8,14
65,"M",9.8,4,4,39,2,0,0,1,0,33,10,27,24,7,8,14
65,"M",9.8,4,4,41,2,0,1,0,0,33,10,27,24,7,8,14
65,"M",9.8,4,4,45,2,0,1,0,0,33,10,27,24,7,8,14
65,"M",9.8,4,4,46,2,0,1,0,0,33,10,27,24,7,8,14
65,"M",9.8,4,4,48,2,0,0,0,1,33,10,27,24,7,8,14
65,"M",9.8,4,4,53,2,0,1,0,0,33,10,27,24,7,8,14
65,"M",9.8,4,4,54,2,0,1,0,0,33,10,27,24,7,8,14
65,"M",9.8,4,4,55,2,0,1,0,0,33,10,27,24,7,8,14
65,"M",9.8,4,4,57,2,0,0,1,0,33,10,27,24,7,8,14
65,"M",9.8,4,4,58,2,0,1,0,0,33,10,27,24,7,8,14
66,"F",9.2,4,4,1,1,0,NA,NA,NA,37,16,22,14,11,6,14
66,"F",9.2,4,4,2,1,0,NA,NA,NA,37,16,22,14,11,6,14
66,"F",9.2,4,4,3,1,0,NA,NA,NA,37,16,22,14,11,6,14
66,"F",9.2,4,4,4,1,0,NA,NA,NA,37,16,22,14,11,6,14
66,"F",9.2,4,4,5,1,1,NA,NA,NA,37,16,22,14,11,6,14
66,"F",9.2,4,4,9,1,1,NA,NA,NA,37,16,22,14,11,6,14
66,"F",9.2,4,4,10,1,1,NA,NA,NA,37,16,22,14,11,6,14
66,"F",9.2,4,4,12,1,1,NA,NA,NA,37,16,22,14,11,6,14
66,"F",9.2,4,4,14,1,1,NA,NA,NA,37,16,22,14,11,6,14
66,"F",9.2,4,4,16,1,0,NA,NA,NA,37,16,22,14,11,6,14
66,"F",9.2,4,4,19,1,0,NA,NA,NA,37,16,22,14,11,6,14
66,"F",9.2,4,4,23,1,0,NA,NA,NA,37,16,22,14,11,6,14
66,"F",9.2,4,4,27,1,0,NA,NA,NA,37,16,22,14,11,6,14
66,"F",9.2,4,4,28,1,1,NA,NA,NA,37,16,22,14,11,6,14
66,"F",9.2,4,4,29,1,0,NA,NA,NA,37,16,22,14,11,6,14
66,"F",9.2,4,4,31,1,1,NA,NA,NA,37,16,22,14,11,6,14
66,"F",9.2,4,4,32,1,0,NA,NA,NA,37,16,22,14,11,6,14
66,"F",9.2,4,4,34,1,1,NA,NA,NA,37,16,22,14,11,6,14
66,"F",9.2,4,4,35,1,0,NA,NA,NA,37,16,22,14,11,6,14
66,"F",9.2,4,4,37,1,1,NA,NA,NA,37,16,22,14,11,6,14
66,"F",9.2,4,4,39,1,1,NA,NA,NA,37,16,22,14,11,6,14
66,"F",9.2,4,4,41,1,1,NA,NA,NA,37,16,22,14,11,6,14
66,"F",9.2,4,4,43,1,0,NA,NA,NA,37,16,22,14,11,6,14
66,"F",9.2,4,4,44,1,0,NA,NA,NA,37,16,22,14,11,6,14
66,"F",9.2,4,4,45,1,1,NA,NA,NA,37,16,22,14,11,6,14
66,"F",9.2,4,4,47,1,1,NA,NA,NA,37,16,22,14,11,6,14
66,"F",9.2,4,4,50,1,1,NA,NA,NA,37,16,22,14,11,6,14
66,"F",9.2,4,4,52,1,0,NA,NA,NA,37,16,22,14,11,6,14
66,"F",9.2,4,4,57,1,0,NA,NA,NA,37,16,22,14,11,6,14
66,"F",9.2,4,4,59,1,0,NA,NA,NA,37,16,22,14,11,6,14
66,"F",9.2,4,4,6,2,0,0,1,0,37,16,22,14,11,6,14
66,"F",9.2,4,4,7,2,1,0,1,0,37,16,22,14,11,6,14
66,"F",9.2,4,4,8,2,1,0,1,0,37,16,22,14,11,6,14
66,"F",9.2,4,4,11,2,0,0,1,0,37,16,22,14,11,6,14
66,"F",9.2,4,4,13,2,0,0,1,0,37,16,22,14,11,6,14
66,"F",9.2,4,4,15,2,0,1,0,0,37,16,22,14,11,6,14
66,"F",9.2,4,4,17,2,0,0,1,0,37,16,22,14,11,6,14
66,"F",9.2,4,4,18,2,0,0,1,0,37,16,22,14,11,6,14
66,"F",9.2,4,4,20,2,0,0,0,1,37,16,22,14,11,6,14
66,"F",9.2,4,4,21,2,0,0,1,0,37,16,22,14,11,6,14
66,"F",9.2,4,4,22,2,0,0,1,0,37,16,22,14,11,6,14
66,"F",9.2,4,4,24,2,1,0,1,0,37,16,22,14,11,6,14
66,"F",9.2,4,4,25,2,1,0,1,0,37,16,22,14,11,6,14
66,"F",9.2,4,4,26,2,1,0,1,0,37,16,22,14,11,6,14
66,"F",9.2,4,4,30,2,0,0,1,0,37,16,22,14,11,6,14
66,"F",9.2,4,4,33,2,0,1,0,0,37,16,22,14,11,6,14
66,"F",9.2,4,4,36,2,0,1,0,0,37,16,22,14,11,6,14
66,"F",9.2,4,4,38,2,0,1,0,0,37,16,22,14,11,6,14
66,"F",9.2,4,4,40,2,1,0,1,0,37,16,22,14,11,6,14
66,"F",9.2,4,4,42,2,1,0,0,1,37,16,22,14,11,6,14
66,"F",9.2,4,4,46,2,0,1,0,0,37,16,22,14,11,6,14
66,"F",9.2,4,4,48,2,0,0,1,0,37,16,22,14,11,6,14
66,"F",9.2,4,4,49,2,1,0,1,0,37,16,22,14,11,6,14
66,"F",9.2,4,4,51,2,0,0,1,0,37,16,22,14,11,6,14
66,"F",9.2,4,4,53,2,0,1,0,0,37,16,22,14,11,6,14
66,"F",9.2,4,4,54,2,0,0,0,1,37,16,22,14,11,6,14
66,"F",9.2,4,4,55,2,0,1,0,0,37,16,22,14,11,6,14
66,"F",9.2,4,4,56,2,1,0,1,0,37,16,22,14,11,6,14
66,"F",9.2,4,4,58,2,0,1,0,0,37,16,22,14,11,6,14
66,"F",9.2,4,4,60,2,1,0,0,1,37,16,22,14,11,6,14
67,"F",9.3,4,4,3,1,1,NA,NA,NA,40,8,21,25,9,7,24
67,"F",9.3,4,4,6,1,0,NA,NA,NA,40,8,21,25,9,7,24
67,"F",9.3,4,4,8,1,1,NA,NA,NA,40,8,21,25,9,7,24
67,"F",9.3,4,4,11,1,1,NA,NA,NA,40,8,21,25,9,7,24
67,"F",9.3,4,4,13,1,1,NA,NA,NA,40,8,21,25,9,7,24
67,"F",9.3,4,4,15,1,1,NA,NA,NA,40,8,21,25,9,7,24
67,"F",9.3,4,4,18,1,1,NA,NA,NA,40,8,21,25,9,7,24
67,"F",9.3,4,4,19,1,1,NA,NA,NA,40,8,21,25,9,7,24
67,"F",9.3,4,4,20,1,0,NA,NA,NA,40,8,21,25,9,7,24
67,"F",9.3,4,4,21,1,0,NA,NA,NA,40,8,21,25,9,7,24
67,"F",9.3,4,4,22,1,1,NA,NA,NA,40,8,21,25,9,7,24
67,"F",9.3,4,4,23,1,1,NA,NA,NA,40,8,21,25,9,7,24
67,"F",9.3,4,4,24,1,1,NA,NA,NA,40,8,21,25,9,7,24
67,"F",9.3,4,4,25,1,1,NA,NA,NA,40,8,21,25,9,7,24
67,"F",9.3,4,4,27,1,1,NA,NA,NA,40,8,21,25,9,7,24
67,"F",9.3,4,4,29,1,1,NA,NA,NA,40,8,21,25,9,7,24
67,"F",9.3,4,4,31,1,1,NA,NA,NA,40,8,21,25,9,7,24
67,"F",9.3,4,4,32,1,1,NA,NA,NA,40,8,21,25,9,7,24
67,"F",9.3,4,4,33,1,1,NA,NA,NA,40,8,21,25,9,7,24
67,"F",9.3,4,4,36,1,1,NA,NA,NA,40,8,21,25,9,7,24
67,"F",9.3,4,4,38,1,1,NA,NA,NA,40,8,21,25,9,7,24
67,"F",9.3,4,4,40,1,1,NA,NA,NA,40,8,21,25,9,7,24
67,"F",9.3,4,4,42,1,1,NA,NA,NA,40,8,21,25,9,7,24
67,"F",9.3,4,4,49,1,1,NA,NA,NA,40,8,21,25,9,7,24
67,"F",9.3,4,4,52,1,0,NA,NA,NA,40,8,21,25,9,7,24
67,"F",9.3,4,4,53,1,1,NA,NA,NA,40,8,21,25,9,7,24
67,"F",9.3,4,4,54,1,1,NA,NA,NA,40,8,21,25,9,7,24
67,"F",9.3,4,4,55,1,0,NA,NA,NA,40,8,21,25,9,7,24
67,"F",9.3,4,4,57,1,1,NA,NA,NA,40,8,21,25,9,7,24
67,"F",9.3,4,4,59,1,0,NA,NA,NA,40,8,21,25,9,7,24
67,"F",9.3,4,4,1,2,1,0,1,0,40,8,21,25,9,7,24
67,"F",9.3,4,4,2,2,0,1,0,0,40,8,21,25,9,7,24
67,"F",9.3,4,4,4,2,0,1,0,0,40,8,21,25,9,7,24
67,"F",9.3,4,4,5,2,1,0,1,0,40,8,21,25,9,7,24
67,"F",9.3,4,4,7,2,1,0,0,1,40,8,21,25,9,7,24
67,"F",9.3,4,4,9,2,1,0,1,0,40,8,21,25,9,7,24
67,"F",9.3,4,4,10,2,0,1,0,0,40,8,21,25,9,7,24
67,"F",9.3,4,4,12,2,0,1,0,0,40,8,21,25,9,7,24
67,"F",9.3,4,4,14,2,1,0,1,0,40,8,21,25,9,7,24
67,"F",9.3,4,4,16,2,0,1,0,0,40,8,21,25,9,7,24
67,"F",9.3,4,4,17,2,1,0,1,0,40,8,21,25,9,7,24
67,"F",9.3,4,4,26,2,0,1,0,0,40,8,21,25,9,7,24
67,"F",9.3,4,4,28,2,0,1,0,0,40,8,21,25,9,7,24
67,"F",9.3,4,4,30,2,1,0,1,0,40,8,21,25,9,7,24
67,"F",9.3,4,4,34,2,0,1,0,0,40,8,21,25,9,7,24
67,"F",9.3,4,4,35,2,1,0,1,0,40,8,21,25,9,7,24
67,"F",9.3,4,4,37,2,1,0,1,0,40,8,21,25,9,7,24
67,"F",9.3,4,4,39,2,0,1,0,0,40,8,21,25,9,7,24
67,"F",9.3,4,4,41,2,1,0,1,0,40,8,21,25,9,7,24
67,"F",9.3,4,4,43,2,1,0,1,0,40,8,21,25,9,7,24
67,"F",9.3,4,4,44,2,1,0,0,1,40,8,21,25,9,7,24
67,"F",9.3,4,4,45,2,1,0,1,0,40,8,21,25,9,7,24
67,"F",9.3,4,4,46,2,1,0,1,0,40,8,21,25,9,7,24
67,"F",9.3,4,4,47,2,1,0,1,0,40,8,21,25,9,7,24
67,"F",9.3,4,4,48,2,0,1,0,0,40,8,21,25,9,7,24
67,"F",9.3,4,4,50,2,0,1,0,0,40,8,21,25,9,7,24
67,"F",9.3,4,4,51,2,0,1,0,0,40,8,21,25,9,7,24
67,"F",9.3,4,4,56,2,0,1,0,0,40,8,21,25,9,7,24
67,"F",9.3,4,4,58,2,1,0,0,1,40,8,21,25,9,7,24
67,"F",9.3,4,4,60,2,1,0,1,0,40,8,21,25,9,7,24
68,"F",9.8,4,4,1,1,0,NA,NA,NA,18,24,18,23,6,8,13
68,"F",9.8,4,4,2,1,0,NA,NA,NA,18,24,18,23,6,8,13
68,"F",9.8,4,4,3,1,0,NA,NA,NA,18,24,18,23,6,8,13
68,"F",9.8,4,4,4,1,0,NA,NA,NA,18,24,18,23,6,8,13
68,"F",9.8,4,4,5,1,1,NA,NA,NA,18,24,18,23,6,8,13
68,"F",9.8,4,4,7,1,1,NA,NA,NA,18,24,18,23,6,8,13
68,"F",9.8,4,4,8,1,1,NA,NA,NA,18,24,18,23,6,8,13
68,"F",9.8,4,4,10,1,0,NA,NA,NA,18,24,18,23,6,8,13
68,"F",9.8,4,4,13,1,0,NA,NA,NA,18,24,18,23,6,8,13
68,"F",9.8,4,4,16,1,1,NA,NA,NA,18,24,18,23,6,8,13
68,"F",9.8,4,4,18,1,1,NA,NA,NA,18,24,18,23,6,8,13
68,"F",9.8,4,4,21,1,0,NA,NA,NA,18,24,18,23,6,8,13
68,"F",9.8,4,4,23,1,0,NA,NA,NA,18,24,18,23,6,8,13
68,"F",9.8,4,4,25,1,0,NA,NA,NA,18,24,18,23,6,8,13
68,"F",9.8,4,4,27,1,0,NA,NA,NA,18,24,18,23,6,8,13
68,"F",9.8,4,4,30,1,0,NA,NA,NA,18,24,18,23,6,8,13
68,"F",9.8,4,4,32,1,0,NA,NA,NA,18,24,18,23,6,8,13
68,"F",9.8,4,4,34,1,0,NA,NA,NA,18,24,18,23,6,8,13
68,"F",9.8,4,4,35,1,1,NA,NA,NA,18,24,18,23,6,8,13
68,"F",9.8,4,4,37,1,1,NA,NA,NA,18,24,18,23,6,8,13
68,"F",9.8,4,4,39,1,0,NA,NA,NA,18,24,18,23,6,8,13
68,"F",9.8,4,4,43,1,1,NA,NA,NA,18,24,18,23,6,8,13
68,"F",9.8,4,4,45,1,1,NA,NA,NA,18,24,18,23,6,8,13
68,"F",9.8,4,4,52,1,0,NA,NA,NA,18,24,18,23,6,8,13
68,"F",9.8,4,4,53,1,1,NA,NA,NA,18,24,18,23,6,8,13
68,"F",9.8,4,4,54,1,0,NA,NA,NA,18,24,18,23,6,8,13
68,"F",9.8,4,4,56,1,1,NA,NA,NA,18,24,18,23,6,8,13
68,"F",9.8,4,4,58,1,1,NA,NA,NA,18,24,18,23,6,8,13
68,"F",9.8,4,4,59,1,1,NA,NA,NA,18,24,18,23,6,8,13
68,"F",9.8,4,4,60,1,0,NA,NA,NA,18,24,18,23,6,8,13
68,"F",9.8,4,4,6,2,0,0,0,1,18,24,18,23,6,8,13
68,"F",9.8,4,4,9,2,0,0,0,1,18,24,18,23,6,8,13
68,"F",9.8,4,4,11,2,1,0,0,1,18,24,18,23,6,8,13
68,"F",9.8,4,4,12,2,1,0,0,1,18,24,18,23,6,8,13
68,"F",9.8,4,4,14,2,0,0,0,1,18,24,18,23,6,8,13
68,"F",9.8,4,4,15,2,0,0,1,0,18,24,18,23,6,8,13
68,"F",9.8,4,4,17,2,1,0,0,1,18,24,18,23,6,8,13
68,"F",9.8,4,4,19,2,0,0,0,1,18,24,18,23,6,8,13
68,"F",9.8,4,4,20,2,0,0,0,1,18,24,18,23,6,8,13
68,"F",9.8,4,4,22,2,0,0,1,0,18,24,18,23,6,8,13
68,"F",9.8,4,4,24,2,0,0,0,1,18,24,18,23,6,8,13
68,"F",9.8,4,4,26,2,0,0,1,0,18,24,18,23,6,8,13
68,"F",9.8,4,4,28,2,0,0,0,1,18,24,18,23,6,8,13
68,"F",9.8,4,4,29,2,0,0,0,1,18,24,18,23,6,8,13
68,"F",9.8,4,4,31,2,0,0,0,1,18,24,18,23,6,8,13
68,"F",9.8,4,4,33,2,0,0,0,1,18,24,18,23,6,8,13
68,"F",9.8,4,4,36,2,0,0,0,1,18,24,18,23,6,8,13
68,"F",9.8,4,4,38,2,0,0,1,0,18,24,18,23,6,8,13
68,"F",9.8,4,4,40,2,0,0,0,1,18,24,18,23,6,8,13
68,"F",9.8,4,4,41,2,0,0,1,0,18,24,18,23,6,8,13
68,"F",9.8,4,4,42,2,0,0,0,1,18,24,18,23,6,8,13
68,"F",9.8,4,4,44,2,0,0,0,1,18,24,18,23,6,8,13
68,"F",9.8,4,4,46,2,1,0,1,0,18,24,18,23,6,8,13
68,"F",9.8,4,4,47,2,1,0,0,1,18,24,18,23,6,8,13
68,"F",9.8,4,4,48,2,0,0,0,1,18,24,18,23,6,8,13
68,"F",9.8,4,4,49,2,0,0,0,1,18,24,18,23,6,8,13
68,"F",9.8,4,4,50,2,0,0,0,1,18,24,18,23,6,8,13
68,"F",9.8,4,4,51,2,0,0,0,1,18,24,18,23,6,8,13
68,"F",9.8,4,4,55,2,0,0,0,1,18,24,18,23,6,8,13
68,"F",9.8,4,4,57,2,0,0,0,1,18,24,18,23,6,8,13
69,"M",9.7,4,4,2,1,0,NA,NA,NA,26,13,16,30,9,10,13
69,"M",9.7,4,4,7,1,1,NA,NA,NA,26,13,16,30,9,10,13
69,"M",9.7,4,4,9,1,1,NA,NA,NA,26,13,16,30,9,10,13
69,"M",9.7,4,4,11,1,1,NA,NA,NA,26,13,16,30,9,10,13
69,"M",9.7,4,4,12,1,0,NA,NA,NA,26,13,16,30,9,10,13
69,"M",9.7,4,4,15,1,0,NA,NA,NA,26,13,16,30,9,10,13
69,"M",9.7,4,4,16,1,0,NA,NA,NA,26,13,16,30,9,10,13
69,"M",9.7,4,4,17,1,1,NA,NA,NA,26,13,16,30,9,10,13
69,"M",9.7,4,4,18,1,0,NA,NA,NA,26,13,16,30,9,10,13
69,"M",9.7,4,4,20,1,0,NA,NA,NA,26,13,16,30,9,10,13
69,"M",9.7,4,4,22,1,0,NA,NA,NA,26,13,16,30,9,10,13
69,"M",9.7,4,4,23,1,1,NA,NA,NA,26,13,16,30,9,10,13
69,"M",9.7,4,4,24,1,1,NA,NA,NA,26,13,16,30,9,10,13
69,"M",9.7,4,4,27,1,1,NA,NA,NA,26,13,16,30,9,10,13
69,"M",9.7,4,4,32,1,0,NA,NA,NA,26,13,16,30,9,10,13
69,"M",9.7,4,4,34,1,0,NA,NA,NA,26,13,16,30,9,10,13
69,"M",9.7,4,4,37,1,0,NA,NA,NA,26,13,16,30,9,10,13
69,"M",9.7,4,4,38,1,0,NA,NA,NA,26,13,16,30,9,10,13
69,"M",9.7,4,4,39,1,1,NA,NA,NA,26,13,16,30,9,10,13
69,"M",9.7,4,4,41,1,0,NA,NA,NA,26,13,16,30,9,10,13
69,"M",9.7,4,4,43,1,0,NA,NA,NA,26,13,16,30,9,10,13
69,"M",9.7,4,4,44,1,0,NA,NA,NA,26,13,16,30,9,10,13
69,"M",9.7,4,4,48,1,1,NA,NA,NA,26,13,16,30,9,10,13
69,"M",9.7,4,4,49,1,0,NA,NA,NA,26,13,16,30,9,10,13
69,"M",9.7,4,4,50,1,0,NA,NA,NA,26,13,16,30,9,10,13
69,"M",9.7,4,4,51,1,0,NA,NA,NA,26,13,16,30,9,10,13
69,"M",9.7,4,4,54,1,1,NA,NA,NA,26,13,16,30,9,10,13
69,"M",9.7,4,4,56,1,1,NA,NA,NA,26,13,16,30,9,10,13
69,"M",9.7,4,4,57,1,1,NA,NA,NA,26,13,16,30,9,10,13
69,"M",9.7,4,4,58,1,1,NA,NA,NA,26,13,16,30,9,10,13
69,"M",9.7,4,4,1,2,0,0,1,0,26,13,16,30,9,10,13
69,"M",9.7,4,4,3,2,0,0,0,1,26,13,16,30,9,10,13
69,"M",9.7,4,4,4,2,0,0,0,1,26,13,16,30,9,10,13
69,"M",9.7,4,4,5,2,1,0,0,1,26,13,16,30,9,10,13
69,"M",9.7,4,4,6,2,0,0,1,0,26,13,16,30,9,10,13
69,"M",9.7,4,4,8,2,0,1,0,0,26,13,16,30,9,10,13
69,"M",9.7,4,4,10,2,1,0,1,0,26,13,16,30,9,10,13
69,"M",9.7,4,4,13,2,0,0,1,0,26,13,16,30,9,10,13
69,"M",9.7,4,4,14,2,0,0,0,1,26,13,16,30,9,10,13
69,"M",9.7,4,4,19,2,0,1,0,0,26,13,16,30,9,10,13
69,"M",9.7,4,4,21,2,0,0,1,0,26,13,16,30,9,10,13
69,"M",9.7,4,4,25,2,0,0,1,0,26,13,16,30,9,10,13
69,"M",9.7,4,4,26,2,1,0,1,0,26,13,16,30,9,10,13
69,"M",9.7,4,4,28,2,0,0,0,1,26,13,16,30,9,10,13
69,"M",9.7,4,4,29,2,0,0,0,1,26,13,16,30,9,10,13
69,"M",9.7,4,4,30,2,1,0,0,1,26,13,16,30,9,10,13
69,"M",9.7,4,4,31,2,0,0,1,0,26,13,16,30,9,10,13
69,"M",9.7,4,4,33,2,1,0,0,1,26,13,16,30,9,10,13
69,"M",9.7,4,4,35,2,1,0,1,0,26,13,16,30,9,10,13
69,"M",9.7,4,4,36,2,0,1,0,0,26,13,16,30,9,10,13
69,"M",9.7,4,4,40,2,1,0,1,0,26,13,16,30,9,10,13
69,"M",9.7,4,4,42,2,1,0,0,1,26,13,16,30,9,10,13
69,"M",9.7,4,4,45,2,1,0,1,0,26,13,16,30,9,10,13
69,"M",9.7,4,4,46,2,1,0,0,1,26,13,16,30,9,10,13
69,"M",9.7,4,4,47,2,1,0,0,1,26,13,16,30,9,10,13
69,"M",9.7,4,4,52,2,1,0,1,0,26,13,16,30,9,10,13
69,"M",9.7,4,4,53,2,1,0,1,0,26,13,16,30,9,10,13
69,"M",9.7,4,4,55,2,1,0,0,1,26,13,16,30,9,10,13
69,"M",9.7,4,4,59,2,1,0,0,1,26,13,16,30,9,10,13
69,"M",9.7,4,4,60,2,0,0,0,1,26,13,16,30,9,10,13
70,"F",9.2,4,4,1,1,1,NA,NA,NA,30,22,22,24,8,8,24
70,"F",9.2,4,4,3,1,1,NA,NA,NA,30,22,22,24,8,8,24
70,"F",9.2,4,4,5,1,1,NA,NA,NA,30,22,22,24,8,8,24
70,"F",9.2,4,4,6,1,1,NA,NA,NA,30,22,22,24,8,8,24
70,"F",9.2,4,4,7,1,1,NA,NA,NA,30,22,22,24,8,8,24
70,"F",9.2,4,4,9,1,1,NA,NA,NA,30,22,22,24,8,8,24
70,"F",9.2,4,4,11,1,1,NA,NA,NA,30,22,22,24,8,8,24
70,"F",9.2,4,4,12,1,0,NA,NA,NA,30,22,22,24,8,8,24
70,"F",9.2,4,4,14,1,0,NA,NA,NA,30,22,22,24,8,8,24
70,"F",9.2,4,4,16,1,1,NA,NA,NA,30,22,22,24,8,8,24
70,"F",9.2,4,4,17,1,1,NA,NA,NA,30,22,22,24,8,8,24
70,"F",9.2,4,4,19,1,1,NA,NA,NA,30,22,22,24,8,8,24
70,"F",9.2,4,4,22,1,1,NA,NA,NA,30,22,22,24,8,8,24
70,"F",9.2,4,4,30,1,1,NA,NA,NA,30,22,22,24,8,8,24
70,"F",9.2,4,4,35,1,0,NA,NA,NA,30,22,22,24,8,8,24
70,"F",9.2,4,4,37,1,1,NA,NA,NA,30,22,22,24,8,8,24
70,"F",9.2,4,4,39,1,1,NA,NA,NA,30,22,22,24,8,8,24
70,"F",9.2,4,4,40,1,0,NA,NA,NA,30,22,22,24,8,8,24
70,"F",9.2,4,4,41,1,1,NA,NA,NA,30,22,22,24,8,8,24
70,"F",9.2,4,4,42,1,1,NA,NA,NA,30,22,22,24,8,8,24
70,"F",9.2,4,4,43,1,1,NA,NA,NA,30,22,22,24,8,8,24
70,"F",9.2,4,4,45,1,1,NA,NA,NA,30,22,22,24,8,8,24
70,"F",9.2,4,4,46,1,1,NA,NA,NA,30,22,22,24,8,8,24
70,"F",9.2,4,4,47,1,1,NA,NA,NA,30,22,22,24,8,8,24
70,"F",9.2,4,4,51,1,1,NA,NA,NA,30,22,22,24,8,8,24
70,"F",9.2,4,4,52,1,0,NA,NA,NA,30,22,22,24,8,8,24
70,"F",9.2,4,4,53,1,1,NA,NA,NA,30,22,22,24,8,8,24
70,"F",9.2,4,4,55,1,0,NA,NA,NA,30,22,22,24,8,8,24
70,"F",9.2,4,4,59,1,1,NA,NA,NA,30,22,22,24,8,8,24
70,"F",9.2,4,4,60,1,1,NA,NA,NA,30,22,22,24,8,8,24
70,"F",9.2,4,4,2,2,1,0,0,1,30,22,22,24,8,8,24
70,"F",9.2,4,4,4,2,0,0,0,1,30,22,22,24,8,8,24
70,"F",9.2,4,4,8,2,1,0,1,0,30,22,22,24,8,8,24
70,"F",9.2,4,4,10,2,1,0,1,0,30,22,22,24,8,8,24
70,"F",9.2,4,4,13,2,0,0,1,0,30,22,22,24,8,8,24
70,"F",9.2,4,4,15,2,1,0,0,1,30,22,22,24,8,8,24
70,"F",9.2,4,4,18,2,0,0,0,1,30,22,22,24,8,8,24
70,"F",9.2,4,4,20,2,1,0,1,0,30,22,22,24,8,8,24
70,"F",9.2,4,4,21,2,0,0,0,1,30,22,22,24,8,8,24
70,"F",9.2,4,4,23,2,1,0,0,1,30,22,22,24,8,8,24
70,"F",9.2,4,4,24,2,0,0,0,1,30,22,22,24,8,8,24
70,"F",9.2,4,4,25,2,0,1,0,0,30,22,22,24,8,8,24
70,"F",9.2,4,4,26,2,1,0,1,0,30,22,22,24,8,8,24
70,"F",9.2,4,4,27,2,1,0,0,1,30,22,22,24,8,8,24
70,"F",9.2,4,4,28,2,0,1,0,0,30,22,22,24,8,8,24
70,"F",9.2,4,4,29,2,0,1,0,0,30,22,22,24,8,8,24
70,"F",9.2,4,4,31,2,0,0,1,0,30,22,22,24,8,8,24
70,"F",9.2,4,4,32,2,1,0,1,0,30,22,22,24,8,8,24
70,"F",9.2,4,4,33,2,1,0,0,1,30,22,22,24,8,8,24
70,"F",9.2,4,4,34,2,0,0,1,0,30,22,22,24,8,8,24
70,"F",9.2,4,4,36,2,1,0,0,1,30,22,22,24,8,8,24
70,"F",9.2,4,4,38,2,0,1,0,0,30,22,22,24,8,8,24
70,"F",9.2,4,4,44,2,0,0,1,0,30,22,22,24,8,8,24
70,"F",9.2,4,4,48,2,0,1,0,0,30,22,22,24,8,8,24
70,"F",9.2,4,4,49,2,0,1,0,0,30,22,22,24,8,8,24
70,"F",9.2,4,4,50,2,0,0,1,0,30,22,22,24,8,8,24
70,"F",9.2,4,4,54,2,0,0,1,0,30,22,22,24,8,8,24
70,"F",9.2,4,4,56,2,1,0,0,1,30,22,22,24,8,8,24
70,"F",9.2,4,4,57,2,1,0,1,0,30,22,22,24,8,8,24
70,"F",9.2,4,4,58,2,1,0,1,0,30,22,22,24,8,8,24
71,"M",9,4,4,4,1,1,NA,NA,NA,16,16,24,33,9,6,24
71,"M",9,4,4,5,1,1,NA,NA,NA,16,16,24,33,9,6,24
71,"M",9,4,4,8,1,1,NA,NA,NA,16,16,24,33,9,6,24
71,"M",9,4,4,9,1,1,NA,NA,NA,16,16,24,33,9,6,24
71,"M",9,4,4,10,1,1,NA,NA,NA,16,16,24,33,9,6,24
71,"M",9,4,4,11,1,1,NA,NA,NA,16,16,24,33,9,6,24
71,"M",9,4,4,12,1,1,NA,NA,NA,16,16,24,33,9,6,24
71,"M",9,4,4,16,1,0,NA,NA,NA,16,16,24,33,9,6,24
71,"M",9,4,4,21,1,1,NA,NA,NA,16,16,24,33,9,6,24
71,"M",9,4,4,22,1,1,NA,NA,NA,16,16,24,33,9,6,24
71,"M",9,4,4,23,1,1,NA,NA,NA,16,16,24,33,9,6,24
71,"M",9,4,4,31,1,1,NA,NA,NA,16,16,24,33,9,6,24
71,"M",9,4,4,33,1,0,NA,NA,NA,16,16,24,33,9,6,24
71,"M",9,4,4,38,1,1,NA,NA,NA,16,16,24,33,9,6,24
71,"M",9,4,4,40,1,1,NA,NA,NA,16,16,24,33,9,6,24
71,"M",9,4,4,41,1,1,NA,NA,NA,16,16,24,33,9,6,24
71,"M",9,4,4,42,1,1,NA,NA,NA,16,16,24,33,9,6,24
71,"M",9,4,4,44,1,1,NA,NA,NA,16,16,24,33,9,6,24
71,"M",9,4,4,45,1,1,NA,NA,NA,16,16,24,33,9,6,24
71,"M",9,4,4,47,1,1,NA,NA,NA,16,16,24,33,9,6,24
71,"M",9,4,4,48,1,0,NA,NA,NA,16,16,24,33,9,6,24
71,"M",9,4,4,49,1,0,NA,NA,NA,16,16,24,33,9,6,24
71,"M",9,4,4,51,1,0,NA,NA,NA,16,16,24,33,9,6,24
71,"M",9,4,4,52,1,1,NA,NA,NA,16,16,24,33,9,6,24
71,"M",9,4,4,53,1,1,NA,NA,NA,16,16,24,33,9,6,24
71,"M",9,4,4,54,1,1,NA,NA,NA,16,16,24,33,9,6,24
71,"M",9,4,4,55,1,0,NA,NA,NA,16,16,24,33,9,6,24
71,"M",9,4,4,57,1,1,NA,NA,NA,16,16,24,33,9,6,24
71,"M",9,4,4,58,1,1,NA,NA,NA,16,16,24,33,9,6,24
71,"M",9,4,4,60,1,1,NA,NA,NA,16,16,24,33,9,6,24
71,"M",9,4,4,1,2,1,0,0,1,16,16,24,33,9,6,24
71,"M",9,4,4,2,2,1,0,0,1,16,16,24,33,9,6,24
71,"M",9,4,4,3,2,0,0,0,1,16,16,24,33,9,6,24
71,"M",9,4,4,6,2,0,0,0,1,16,16,24,33,9,6,24
71,"M",9,4,4,7,2,1,0,0,1,16,16,24,33,9,6,24
71,"M",9,4,4,13,2,0,0,0,1,16,16,24,33,9,6,24
71,"M",9,4,4,14,2,1,0,0,1,16,16,24,33,9,6,24
71,"M",9,4,4,15,2,1,0,0,1,16,16,24,33,9,6,24
71,"M",9,4,4,17,2,0,0,0,1,16,16,24,33,9,6,24
71,"M",9,4,4,18,2,1,0,0,1,16,16,24,33,9,6,24
71,"M",9,4,4,19,2,1,0,0,1,16,16,24,33,9,6,24
71,"M",9,4,4,20,2,1,0,0,1,16,16,24,33,9,6,24
71,"M",9,4,4,24,2,1,0,0,1,16,16,24,33,9,6,24
71,"M",9,4,4,25,2,1,0,0,1,16,16,24,33,9,6,24
71,"M",9,4,4,26,2,1,0,0,1,16,16,24,33,9,6,24
71,"M",9,4,4,27,2,1,0,0,1,16,16,24,33,9,6,24
71,"M",9,4,4,28,2,1,0,0,1,16,16,24,33,9,6,24
71,"M",9,4,4,29,2,1,0,0,1,16,16,24,33,9,6,24
71,"M",9,4,4,30,2,1,0,0,1,16,16,24,33,9,6,24
71,"M",9,4,4,32,2,0,1,0,0,16,16,24,33,9,6,24
71,"M",9,4,4,34,2,1,0,0,1,16,16,24,33,9,6,24
71,"M",9,4,4,35,2,1,0,0,1,16,16,24,33,9,6,24
71,"M",9,4,4,36,2,1,0,0,1,16,16,24,33,9,6,24
71,"M",9,4,4,37,2,1,0,1,0,16,16,24,33,9,6,24
71,"M",9,4,4,39,2,1,0,0,1,16,16,24,33,9,6,24
71,"M",9,4,4,43,2,1,0,0,1,16,16,24,33,9,6,24
71,"M",9,4,4,46,2,1,0,0,1,16,16,24,33,9,6,24
71,"M",9,4,4,50,2,1,0,0,1,16,16,24,33,9,6,24
71,"M",9,4,4,56,2,1,0,0,1,16,16,24,33,9,6,24
71,"M",9,4,4,59,2,1,0,1,0,16,16,24,33,9,6,24
72,"M",9.1,4,4,2,1,0,NA,NA,NA,22,9,18,22,7,9,14
72,"M",9.1,4,4,6,1,1,NA,NA,NA,22,9,18,22,7,9,14
72,"M",9.1,4,4,8,1,0,NA,NA,NA,22,9,18,22,7,9,14
72,"M",9.1,4,4,10,1,1,NA,NA,NA,22,9,18,22,7,9,14
72,"M",9.1,4,4,11,1,1,NA,NA,NA,22,9,18,22,7,9,14
72,"M",9.1,4,4,12,1,1,NA,NA,NA,22,9,18,22,7,9,14
72,"M",9.1,4,4,13,1,0,NA,NA,NA,22,9,18,22,7,9,14
72,"M",9.1,4,4,14,1,1,NA,NA,NA,22,9,18,22,7,9,14
72,"M",9.1,4,4,15,1,0,NA,NA,NA,22,9,18,22,7,9,14
72,"M",9.1,4,4,17,1,0,NA,NA,NA,22,9,18,22,7,9,14
72,"M",9.1,4,4,19,1,0,NA,NA,NA,22,9,18,22,7,9,14
72,"M",9.1,4,4,20,1,1,NA,NA,NA,22,9,18,22,7,9,14
72,"M",9.1,4,4,22,1,0,NA,NA,NA,22,9,18,22,7,9,14
72,"M",9.1,4,4,23,1,0,NA,NA,NA,22,9,18,22,7,9,14
72,"M",9.1,4,4,27,1,1,NA,NA,NA,22,9,18,22,7,9,14
72,"M",9.1,4,4,29,1,1,NA,NA,NA,22,9,18,22,7,9,14
72,"M",9.1,4,4,32,1,1,NA,NA,NA,22,9,18,22,7,9,14
72,"M",9.1,4,4,33,1,0,NA,NA,NA,22,9,18,22,7,9,14
72,"M",9.1,4,4,34,1,0,NA,NA,NA,22,9,18,22,7,9,14
72,"M",9.1,4,4,35,1,0,NA,NA,NA,22,9,18,22,7,9,14
72,"M",9.1,4,4,39,1,0,NA,NA,NA,22,9,18,22,7,9,14
72,"M",9.1,4,4,41,1,0,NA,NA,NA,22,9,18,22,7,9,14
72,"M",9.1,4,4,43,1,1,NA,NA,NA,22,9,18,22,7,9,14
72,"M",9.1,4,4,46,1,1,NA,NA,NA,22,9,18,22,7,9,14
72,"M",9.1,4,4,47,1,1,NA,NA,NA,22,9,18,22,7,9,14
72,"M",9.1,4,4,52,1,1,NA,NA,NA,22,9,18,22,7,9,14
72,"M",9.1,4,4,53,1,1,NA,NA,NA,22,9,18,22,7,9,14
72,"M",9.1,4,4,54,1,0,NA,NA,NA,22,9,18,22,7,9,14
72,"M",9.1,4,4,55,1,0,NA,NA,NA,22,9,18,22,7,9,14
72,"M",9.1,4,4,56,1,0,NA,NA,NA,22,9,18,22,7,9,14
72,"M",9.1,4,4,1,2,0,1,0,0,22,9,18,22,7,9,14
72,"M",9.1,4,4,3,2,0,1,0,0,22,9,18,22,7,9,14
72,"M",9.1,4,4,4,2,0,0,0,1,22,9,18,22,7,9,14
72,"M",9.1,4,4,5,2,0,0,0,1,22,9,18,22,7,9,14
72,"M",9.1,4,4,7,2,0,0,1,0,22,9,18,22,7,9,14
72,"M",9.1,4,4,9,2,1,0,0,1,22,9,18,22,7,9,14
72,"M",9.1,4,4,16,2,1,0,0,1,22,9,18,22,7,9,14
72,"M",9.1,4,4,18,2,1,0,0,1,22,9,18,22,7,9,14
72,"M",9.1,4,4,21,2,0,0,0,1,22,9,18,22,7,9,14
72,"M",9.1,4,4,24,2,0,0,0,1,22,9,18,22,7,9,14
72,"M",9.1,4,4,25,2,0,1,0,0,22,9,18,22,7,9,14
72,"M",9.1,4,4,26,2,0,0,1,0,22,9,18,22,7,9,14
72,"M",9.1,4,4,28,2,0,1,0,0,22,9,18,22,7,9,14
72,"M",9.1,4,4,30,2,1,0,0,1,22,9,18,22,7,9,14
72,"M",9.1,4,4,31,2,0,1,0,0,22,9,18,22,7,9,14
72,"M",9.1,4,4,36,2,1,0,0,1,22,9,18,22,7,9,14
72,"M",9.1,4,4,37,2,0,1,0,0,22,9,18,22,7,9,14
72,"M",9.1,4,4,38,2,0,0,1,0,22,9,18,22,7,9,14
72,"M",9.1,4,4,40,2,0,0,1,0,22,9,18,22,7,9,14
72,"M",9.1,4,4,42,2,0,1,0,0,22,9,18,22,7,9,14
72,"M",9.1,4,4,44,2,1,0,1,0,22,9,18,22,7,9,14
72,"M",9.1,4,4,45,2,1,0,0,1,22,9,18,22,7,9,14
72,"M",9.1,4,4,48,2,1,0,0,1,22,9,18,22,7,9,14
72,"M",9.1,4,4,49,2,0,0,0,1,22,9,18,22,7,9,14
72,"M",9.1,4,4,50,2,0,1,0,0,22,9,18,22,7,9,14
72,"M",9.1,4,4,51,2,0,0,1,0,22,9,18,22,7,9,14
72,"M",9.1,4,4,57,2,1,0,0,1,22,9,18,22,7,9,14
72,"M",9.1,4,4,58,2,0,0,1,0,22,9,18,22,7,9,14
72,"M",9.1,4,4,59,2,1,0,1,0,22,9,18,22,7,9,14
72,"M",9.1,4,4,60,2,0,0,0,1,22,9,18,22,7,9,14
73,"F",9.2,4,4,1,1,1,NA,NA,NA,25,7,26,22,7,6,18
73,"F",9.2,4,4,3,1,0,NA,NA,NA,25,7,26,22,7,6,18
73,"F",9.2,4,4,7,1,1,NA,NA,NA,25,7,26,22,7,6,18
73,"F",9.2,4,4,8,1,1,NA,NA,NA,25,7,26,22,7,6,18
73,"F",9.2,4,4,9,1,1,NA,NA,NA,25,7,26,22,7,6,18
73,"F",9.2,4,4,10,1,1,NA,NA,NA,25,7,26,22,7,6,18
73,"F",9.2,4,4,11,1,1,NA,NA,NA,25,7,26,22,7,6,18
73,"F",9.2,4,4,13,1,0,NA,NA,NA,25,7,26,22,7,6,18
73,"F",9.2,4,4,15,1,1,NA,NA,NA,25,7,26,22,7,6,18
73,"F",9.2,4,4,16,1,1,NA,NA,NA,25,7,26,22,7,6,18
73,"F",9.2,4,4,19,1,1,NA,NA,NA,25,7,26,22,7,6,18
73,"F",9.2,4,4,20,1,0,NA,NA,NA,25,7,26,22,7,6,18
73,"F",9.2,4,4,24,1,1,NA,NA,NA,25,7,26,22,7,6,18
73,"F",9.2,4,4,26,1,0,NA,NA,NA,25,7,26,22,7,6,18
73,"F",9.2,4,4,27,1,1,NA,NA,NA,25,7,26,22,7,6,18
73,"F",9.2,4,4,32,1,0,NA,NA,NA,25,7,26,22,7,6,18
73,"F",9.2,4,4,33,1,0,NA,NA,NA,25,7,26,22,7,6,18
73,"F",9.2,4,4,34,1,0,NA,NA,NA,25,7,26,22,7,6,18
73,"F",9.2,4,4,35,1,0,NA,NA,NA,25,7,26,22,7,6,18
73,"F",9.2,4,4,38,1,0,NA,NA,NA,25,7,26,22,7,6,18
73,"F",9.2,4,4,39,1,0,NA,NA,NA,25,7,26,22,7,6,18
73,"F",9.2,4,4,40,1,0,NA,NA,NA,25,7,26,22,7,6,18
73,"F",9.2,4,4,41,1,1,NA,NA,NA,25,7,26,22,7,6,18
73,"F",9.2,4,4,42,1,1,NA,NA,NA,25,7,26,22,7,6,18
73,"F",9.2,4,4,46,1,1,NA,NA,NA,25,7,26,22,7,6,18
73,"F",9.2,4,4,48,1,0,NA,NA,NA,25,7,26,22,7,6,18
73,"F",9.2,4,4,49,1,1,NA,NA,NA,25,7,26,22,7,6,18
73,"F",9.2,4,4,56,1,1,NA,NA,NA,25,7,26,22,7,6,18
73,"F",9.2,4,4,58,1,1,NA,NA,NA,25,7,26,22,7,6,18
73,"F",9.2,4,4,60,1,1,NA,NA,NA,25,7,26,22,7,6,18
73,"F",9.2,4,4,2,2,0,1,0,0,25,7,26,22,7,6,18
73,"F",9.2,4,4,4,2,0,1,0,0,25,7,26,22,7,6,18
73,"F",9.2,4,4,5,2,1,0,0,1,25,7,26,22,7,6,18
73,"F",9.2,4,4,6,2,1,0,1,0,25,7,26,22,7,6,18
73,"F",9.2,4,4,12,2,1,0,1,0,25,7,26,22,7,6,18
73,"F",9.2,4,4,14,2,0,1,0,0,25,7,26,22,7,6,18
73,"F",9.2,4,4,17,2,0,1,0,0,25,7,26,22,7,6,18
73,"F",9.2,4,4,18,2,0,0,0,1,25,7,26,22,7,6,18
73,"F",9.2,4,4,21,2,0,1,0,0,25,7,26,22,7,6,18
73,"F",9.2,4,4,22,2,1,0,0,1,25,7,26,22,7,6,18
73,"F",9.2,4,4,23,2,0,1,0,0,25,7,26,22,7,6,18
73,"F",9.2,4,4,25,2,0,1,0,0,25,7,26,22,7,6,18
73,"F",9.2,4,4,28,2,0,1,0,0,25,7,26,22,7,6,18
73,"F",9.2,4,4,29,2,0,0,1,0,25,7,26,22,7,6,18
73,"F",9.2,4,4,30,2,0,1,0,0,25,7,26,22,7,6,18
73,"F",9.2,4,4,31,2,1,0,1,0,25,7,26,22,7,6,18
73,"F",9.2,4,4,36,2,0,1,0,0,25,7,26,22,7,6,18
73,"F",9.2,4,4,37,2,1,0,1,0,25,7,26,22,7,6,18
73,"F",9.2,4,4,43,2,0,1,0,0,25,7,26,22,7,6,18
73,"F",9.2,4,4,44,2,1,0,1,0,25,7,26,22,7,6,18
73,"F",9.2,4,4,45,2,1,0,0,1,25,7,26,22,7,6,18
73,"F",9.2,4,4,47,2,0,1,0,0,25,7,26,22,7,6,18
73,"F",9.2,4,4,50,2,1,0,1,0,25,7,26,22,7,6,18
73,"F",9.2,4,4,51,2,1,0,0,1,25,7,26,22,7,6,18
73,"F",9.2,4,4,52,2,0,0,1,0,25,7,26,22,7,6,18
73,"F",9.2,4,4,53,2,1,0,0,1,25,7,26,22,7,6,18
73,"F",9.2,4,4,54,2,0,1,0,0,25,7,26,22,7,6,18
73,"F",9.2,4,4,55,2,0,1,0,0,25,7,26,22,7,6,18
73,"F",9.2,4,4,57,2,1,0,1,0,25,7,26,22,7,6,18
73,"F",9.2,4,4,59,2,1,0,0,1,25,7,26,22,7,6,18
74,"M",9.5,4,4,1,1,0,NA,NA,NA,14,16,18,32,5,9,5
74,"M",9.5,4,4,2,1,0,NA,NA,NA,14,16,18,32,5,9,5
74,"M",9.5,4,4,3,1,0,NA,NA,NA,14,16,18,32,5,9,5
74,"M",9.5,4,4,5,1,0,NA,NA,NA,14,16,18,32,5,9,5
74,"M",9.5,4,4,6,1,0,NA,NA,NA,14,16,18,32,5,9,5
74,"M",9.5,4,4,9,1,0,NA,NA,NA,14,16,18,32,5,9,5
74,"M",9.5,4,4,10,1,1,NA,NA,NA,14,16,18,32,5,9,5
74,"M",9.5,4,4,11,1,0,NA,NA,NA,14,16,18,32,5,9,5
74,"M",9.5,4,4,14,1,0,NA,NA,NA,14,16,18,32,5,9,5
74,"M",9.5,4,4,16,1,0,NA,NA,NA,14,16,18,32,5,9,5
74,"M",9.5,4,4,22,1,0,NA,NA,NA,14,16,18,32,5,9,5
74,"M",9.5,4,4,23,1,0,NA,NA,NA,14,16,18,32,5,9,5
74,"M",9.5,4,4,24,1,0,NA,NA,NA,14,16,18,32,5,9,5
74,"M",9.5,4,4,26,1,0,NA,NA,NA,14,16,18,32,5,9,5
74,"M",9.5,4,4,27,1,0,NA,NA,NA,14,16,18,32,5,9,5
74,"M",9.5,4,4,29,1,0,NA,NA,NA,14,16,18,32,5,9,5
74,"M",9.5,4,4,30,1,0,NA,NA,NA,14,16,18,32,5,9,5
74,"M",9.5,4,4,33,1,0,NA,NA,NA,14,16,18,32,5,9,5
74,"M",9.5,4,4,34,1,0,NA,NA,NA,14,16,18,32,5,9,5
74,"M",9.5,4,4,35,1,0,NA,NA,NA,14,16,18,32,5,9,5
74,"M",9.5,4,4,36,1,1,NA,NA,NA,14,16,18,32,5,9,5
74,"M",9.5,4,4,41,1,0,NA,NA,NA,14,16,18,32,5,9,5
74,"M",9.5,4,4,43,1,1,NA,NA,NA,14,16,18,32,5,9,5
74,"M",9.5,4,4,45,1,0,NA,NA,NA,14,16,18,32,5,9,5
74,"M",9.5,4,4,50,1,0,NA,NA,NA,14,16,18,32,5,9,5
74,"M",9.5,4,4,52,1,0,NA,NA,NA,14,16,18,32,5,9,5
74,"M",9.5,4,4,53,1,1,NA,NA,NA,14,16,18,32,5,9,5
74,"M",9.5,4,4,55,1,0,NA,NA,NA,14,16,18,32,5,9,5
74,"M",9.5,4,4,58,1,0,NA,NA,NA,14,16,18,32,5,9,5
74,"M",9.5,4,4,59,1,1,NA,NA,NA,14,16,18,32,5,9,5
74,"M",9.5,4,4,4,2,0,0,0,1,14,16,18,32,5,9,5
74,"M",9.5,4,4,7,2,0,0,1,0,14,16,18,32,5,9,5
74,"M",9.5,4,4,8,2,0,0,0,1,14,16,18,32,5,9,5
74,"M",9.5,4,4,12,2,1,0,0,1,14,16,18,32,5,9,5
74,"M",9.5,4,4,13,2,0,0,0,1,14,16,18,32,5,9,5
74,"M",9.5,4,4,15,2,0,0,0,1,14,16,18,32,5,9,5
74,"M",9.5,4,4,17,2,0,0,0,1,14,16,18,32,5,9,5
74,"M",9.5,4,4,18,2,0,0,0,1,14,16,18,32,5,9,5
74,"M",9.5,4,4,19,2,0,1,0,0,14,16,18,32,5,9,5
74,"M",9.5,4,4,20,2,0,0,0,1,14,16,18,32,5,9,5
74,"M",9.5,4,4,21,2,0,0,0,1,14,16,18,32,5,9,5
74,"M",9.5,4,4,25,2,1,0,0,1,14,16,18,32,5,9,5
74,"M",9.5,4,4,28,2,0,0,0,1,14,16,18,32,5,9,5
74,"M",9.5,4,4,31,2,0,0,0,1,14,16,18,32,5,9,5
74,"M",9.5,4,4,32,2,0,1,0,0,14,16,18,32,5,9,5
74,"M",9.5,4,4,37,2,0,0,0,1,14,16,18,32,5,9,5
74,"M",9.5,4,4,38,2,1,0,0,1,14,16,18,32,5,9,5
74,"M",9.5,4,4,39,2,0,0,0,1,14,16,18,32,5,9,5
74,"M",9.5,4,4,40,2,0,0,0,1,14,16,18,32,5,9,5
74,"M",9.5,4,4,42,2,0,0,0,1,14,16,18,32,5,9,5
74,"M",9.5,4,4,44,2,0,0,1,0,14,16,18,32,5,9,5
74,"M",9.5,4,4,46,2,0,0,0,1,14,16,18,32,5,9,5
74,"M",9.5,4,4,47,2,0,1,0,0,14,16,18,32,5,9,5
74,"M",9.5,4,4,48,2,0,0,1,0,14,16,18,32,5,9,5
74,"M",9.5,4,4,49,2,0,0,1,0,14,16,18,32,5,9,5
74,"M",9.5,4,4,51,2,0,0,0,1,14,16,18,32,5,9,5
74,"M",9.5,4,4,54,2,0,0,0,1,14,16,18,32,5,9,5
74,"M",9.5,4,4,56,2,0,0,1,0,14,16,18,32,5,9,5
74,"M",9.5,4,4,57,2,1,0,0,1,14,16,18,32,5,9,5
74,"M",9.5,4,4,60,2,1,0,0,1,14,16,18,32,5,9,5
75,"M",9.2,4,4,2,1,1,NA,NA,NA,33,10,16,27,6,7,25
75,"M",9.2,4,4,3,1,1,NA,NA,NA,33,10,16,27,6,7,25
75,"M",9.2,4,4,4,1,0,NA,NA,NA,33,10,16,27,6,7,25
75,"M",9.2,4,4,8,1,1,NA,NA,NA,33,10,16,27,6,7,25
75,"M",9.2,4,4,10,1,1,NA,NA,NA,33,10,16,27,6,7,25
75,"M",9.2,4,4,13,1,1,NA,NA,NA,33,10,16,27,6,7,25
75,"M",9.2,4,4,16,1,1,NA,NA,NA,33,10,16,27,6,7,25
75,"M",9.2,4,4,17,1,1,NA,NA,NA,33,10,16,27,6,7,25
75,"M",9.2,4,4,19,1,1,NA,NA,NA,33,10,16,27,6,7,25
75,"M",9.2,4,4,20,1,1,NA,NA,NA,33,10,16,27,6,7,25
75,"M",9.2,4,4,21,1,1,NA,NA,NA,33,10,16,27,6,7,25
75,"M",9.2,4,4,22,1,1,NA,NA,NA,33,10,16,27,6,7,25
75,"M",9.2,4,4,26,1,1,NA,NA,NA,33,10,16,27,6,7,25
75,"M",9.2,4,4,27,1,1,NA,NA,NA,33,10,16,27,6,7,25
75,"M",9.2,4,4,29,1,0,NA,NA,NA,33,10,16,27,6,7,25
75,"M",9.2,4,4,33,1,1,NA,NA,NA,33,10,16,27,6,7,25
75,"M",9.2,4,4,34,1,1,NA,NA,NA,33,10,16,27,6,7,25
75,"M",9.2,4,4,35,1,1,NA,NA,NA,33,10,16,27,6,7,25
75,"M",9.2,4,4,38,1,1,NA,NA,NA,33,10,16,27,6,7,25
75,"M",9.2,4,4,39,1,1,NA,NA,NA,33,10,16,27,6,7,25
75,"M",9.2,4,4,41,1,0,NA,NA,NA,33,10,16,27,6,7,25
75,"M",9.2,4,4,42,1,1,NA,NA,NA,33,10,16,27,6,7,25
75,"M",9.2,4,4,44,1,1,NA,NA,NA,33,10,16,27,6,7,25
75,"M",9.2,4,4,46,1,1,NA,NA,NA,33,10,16,27,6,7,25
75,"M",9.2,4,4,49,1,1,NA,NA,NA,33,10,16,27,6,7,25
75,"M",9.2,4,4,50,1,1,NA,NA,NA,33,10,16,27,6,7,25
75,"M",9.2,4,4,54,1,0,NA,NA,NA,33,10,16,27,6,7,25
75,"M",9.2,4,4,56,1,0,NA,NA,NA,33,10,16,27,6,7,25
75,"M",9.2,4,4,57,1,1,NA,NA,NA,33,10,16,27,6,7,25
75,"M",9.2,4,4,60,1,1,NA,NA,NA,33,10,16,27,6,7,25
75,"M",9.2,4,4,1,2,1,0,1,0,33,10,16,27,6,7,25
75,"M",9.2,4,4,5,2,1,0,1,0,33,10,16,27,6,7,25
75,"M",9.2,4,4,6,2,0,0,1,0,33,10,16,27,6,7,25
75,"M",9.2,4,4,7,2,1,0,1,0,33,10,16,27,6,7,25
75,"M",9.2,4,4,9,2,0,0,1,0,33,10,16,27,6,7,25
75,"M",9.2,4,4,11,2,1,0,1,0,33,10,16,27,6,7,25
75,"M",9.2,4,4,12,2,0,0,1,0,33,10,16,27,6,7,25
75,"M",9.2,4,4,14,2,0,1,0,0,33,10,16,27,6,7,25
75,"M",9.2,4,4,15,2,0,0,0,1,33,10,16,27,6,7,25
75,"M",9.2,4,4,18,2,0,0,1,0,33,10,16,27,6,7,25
75,"M",9.2,4,4,23,2,1,0,1,0,33,10,16,27,6,7,25
75,"M",9.2,4,4,24,2,0,1,0,0,33,10,16,27,6,7,25
75,"M",9.2,4,4,25,2,1,0,0,1,33,10,16,27,6,7,25
75,"M",9.2,4,4,28,2,0,0,1,0,33,10,16,27,6,7,25
75,"M",9.2,4,4,30,2,1,0,1,0,33,10,16,27,6,7,25
75,"M",9.2,4,4,31,2,1,0,0,1,33,10,16,27,6,7,25
75,"M",9.2,4,4,32,2,0,1,0,0,33,10,16,27,6,7,25
75,"M",9.2,4,4,36,2,1,0,1,0,33,10,16,27,6,7,25
75,"M",9.2,4,4,37,2,1,0,1,0,33,10,16,27,6,7,25
75,"M",9.2,4,4,40,2,0,0,0,1,33,10,16,27,6,7,25
75,"M",9.2,4,4,43,2,0,1,0,0,33,10,16,27,6,7,25
75,"M",9.2,4,4,45,2,0,1,0,0,33,10,16,27,6,7,25
75,"M",9.2,4,4,47,2,1,0,1,0,33,10,16,27,6,7,25
75,"M",9.2,4,4,48,2,0,0,1,0,33,10,16,27,6,7,25
75,"M",9.2,4,4,51,2,0,0,1,0,33,10,16,27,6,7,25
75,"M",9.2,4,4,52,2,1,0,1,0,33,10,16,27,6,7,25
75,"M",9.2,4,4,53,2,1,0,1,0,33,10,16,27,6,7,25
75,"M",9.2,4,4,55,2,1,0,1,0,33,10,16,27,6,7,25
75,"M",9.2,4,4,58,2,1,0,1,0,33,10,16,27,6,7,25
75,"M",9.2,4,4,59,2,1,0,1,0,33,10,16,27,6,7,25
76,"F",9.7,4,4,3,1,1,NA,NA,NA,38,11,30,25,5,8,15
76,"F",9.7,4,4,4,1,0,NA,NA,NA,38,11,30,25,5,8,15
76,"F",9.7,4,4,6,1,0,NA,NA,NA,38,11,30,25,5,8,15
76,"F",9.7,4,4,9,1,0,NA,NA,NA,38,11,30,25,5,8,15
76,"F",9.7,4,4,10,1,1,NA,NA,NA,38,11,30,25,5,8,15
76,"F",9.7,4,4,11,1,1,NA,NA,NA,38,11,30,25,5,8,15
76,"F",9.7,4,4,12,1,0,NA,NA,NA,38,11,30,25,5,8,15
76,"F",9.7,4,4,16,1,1,NA,NA,NA,38,11,30,25,5,8,15
76,"F",9.7,4,4,20,1,1,NA,NA,NA,38,11,30,25,5,8,15
76,"F",9.7,4,4,21,1,1,NA,NA,NA,38,11,30,25,5,8,15
76,"F",9.7,4,4,26,1,0,NA,NA,NA,38,11,30,25,5,8,15
76,"F",9.7,4,4,27,1,1,NA,NA,NA,38,11,30,25,5,8,15
76,"F",9.7,4,4,30,1,0,NA,NA,NA,38,11,30,25,5,8,15
76,"F",9.7,4,4,31,1,1,NA,NA,NA,38,11,30,25,5,8,15
76,"F",9.7,4,4,32,1,1,NA,NA,NA,38,11,30,25,5,8,15
76,"F",9.7,4,4,34,1,0,NA,NA,NA,38,11,30,25,5,8,15
76,"F",9.7,4,4,38,1,1,NA,NA,NA,38,11,30,25,5,8,15
76,"F",9.7,4,4,39,1,1,NA,NA,NA,38,11,30,25,5,8,15
76,"F",9.7,4,4,41,1,1,NA,NA,NA,38,11,30,25,5,8,15
76,"F",9.7,4,4,43,1,0,NA,NA,NA,38,11,30,25,5,8,15
76,"F",9.7,4,4,44,1,0,NA,NA,NA,38,11,30,25,5,8,15
76,"F",9.7,4,4,46,1,1,NA,NA,NA,38,11,30,25,5,8,15
76,"F",9.7,4,4,47,1,1,NA,NA,NA,38,11,30,25,5,8,15
76,"F",9.7,4,4,48,1,0,NA,NA,NA,38,11,30,25,5,8,15
76,"F",9.7,4,4,50,1,0,NA,NA,NA,38,11,30,25,5,8,15
76,"F",9.7,4,4,51,1,0,NA,NA,NA,38,11,30,25,5,8,15
76,"F",9.7,4,4,56,1,1,NA,NA,NA,38,11,30,25,5,8,15
76,"F",9.7,4,4,57,1,0,NA,NA,NA,38,11,30,25,5,8,15
76,"F",9.7,4,4,58,1,0,NA,NA,NA,38,11,30,25,5,8,15
76,"F",9.7,4,4,59,1,0,NA,NA,NA,38,11,30,25,5,8,15
76,"F",9.7,4,4,1,2,0,1,0,0,38,11,30,25,5,8,15
76,"F",9.7,4,4,2,2,0,1,0,0,38,11,30,25,5,8,15
76,"F",9.7,4,4,5,2,0,1,0,0,38,11,30,25,5,8,15
76,"F",9.7,4,4,7,2,0,1,0,0,38,11,30,25,5,8,15
76,"F",9.7,4,4,8,2,0,1,0,0,38,11,30,25,5,8,15
76,"F",9.7,4,4,13,2,0,1,0,0,38,11,30,25,5,8,15
76,"F",9.7,4,4,14,2,0,0,1,0,38,11,30,25,5,8,15
76,"F",9.7,4,4,15,2,0,1,0,0,38,11,30,25,5,8,15
76,"F",9.7,4,4,17,2,0,1,0,0,38,11,30,25,5,8,15
76,"F",9.7,4,4,18,2,0,0,1,0,38,11,30,25,5,8,15
76,"F",9.7,4,4,19,2,0,1,0,0,38,11,30,25,5,8,15
76,"F",9.7,4,4,22,2,0,1,0,0,38,11,30,25,5,8,15
76,"F",9.7,4,4,23,2,0,1,0,0,38,11,30,25,5,8,15
76,"F",9.7,4,4,24,2,0,1,0,0,38,11,30,25,5,8,15
76,"F",9.7,4,4,25,2,0,1,0,0,38,11,30,25,5,8,15
76,"F",9.7,4,4,28,2,0,0,1,0,38,11,30,25,5,8,15
76,"F",9.7,4,4,29,2,0,1,0,0,38,11,30,25,5,8,15
76,"F",9.7,4,4,33,2,0,1,0,0,38,11,30,25,5,8,15
76,"F",9.7,4,4,35,2,0,1,0,0,38,11,30,25,5,8,15
76,"F",9.7,4,4,36,2,1,0,0,1,38,11,30,25,5,8,15
76,"F",9.7,4,4,37,2,0,1,0,0,38,11,30,25,5,8,15
76,"F",9.7,4,4,40,2,0,1,0,0,38,11,30,25,5,8,15
76,"F",9.7,4,4,42,2,0,1,0,0,38,11,30,25,5,8,15
76,"F",9.7,4,4,45,2,0,1,0,0,38,11,30,25,5,8,15
76,"F",9.7,4,4,49,2,0,0,1,0,38,11,30,25,5,8,15
76,"F",9.7,4,4,52,2,0,0,0,1,38,11,30,25,5,8,15
76,"F",9.7,4,4,53,2,0,1,0,0,38,11,30,25,5,8,15
76,"F",9.7,4,4,54,2,0,1,0,0,38,11,30,25,5,8,15
76,"F",9.7,4,4,55,2,0,1,0,0,38,11,30,25,5,8,15
76,"F",9.7,4,4,60,2,0,1,0,0,38,11,30,25,5,8,15
77,"M",9,4,4,2,1,0,NA,NA,NA,17,10,20,28,7,5,15
77,"M",9,4,4,5,1,0,NA,NA,NA,17,10,20,28,7,5,15
77,"M",9,4,4,6,1,1,NA,NA,NA,17,10,20,28,7,5,15
77,"M",9,4,4,7,1,1,NA,NA,NA,17,10,20,28,7,5,15
77,"M",9,4,4,11,1,1,NA,NA,NA,17,10,20,28,7,5,15
77,"M",9,4,4,12,1,0,NA,NA,NA,17,10,20,28,7,5,15
77,"M",9,4,4,16,1,0,NA,NA,NA,17,10,20,28,7,5,15
77,"M",9,4,4,18,1,0,NA,NA,NA,17,10,20,28,7,5,15
77,"M",9,4,4,24,1,1,NA,NA,NA,17,10,20,28,7,5,15
77,"M",9,4,4,25,1,1,NA,NA,NA,17,10,20,28,7,5,15
77,"M",9,4,4,26,1,0,NA,NA,NA,17,10,20,28,7,5,15
77,"M",9,4,4,27,1,1,NA,NA,NA,17,10,20,28,7,5,15
77,"M",9,4,4,30,1,0,NA,NA,NA,17,10,20,28,7,5,15
77,"M",9,4,4,31,1,0,NA,NA,NA,17,10,20,28,7,5,15
77,"M",9,4,4,32,1,0,NA,NA,NA,17,10,20,28,7,5,15
77,"M",9,4,4,33,1,0,NA,NA,NA,17,10,20,28,7,5,15
77,"M",9,4,4,34,1,0,NA,NA,NA,17,10,20,28,7,5,15
77,"M",9,4,4,35,1,0,NA,NA,NA,17,10,20,28,7,5,15
77,"M",9,4,4,39,1,1,NA,NA,NA,17,10,20,28,7,5,15
77,"M",9,4,4,42,1,1,NA,NA,NA,17,10,20,28,7,5,15
77,"M",9,4,4,43,1,1,NA,NA,NA,17,10,20,28,7,5,15
77,"M",9,4,4,45,1,1,NA,NA,NA,17,10,20,28,7,5,15
77,"M",9,4,4,46,1,1,NA,NA,NA,17,10,20,28,7,5,15
77,"M",9,4,4,47,1,1,NA,NA,NA,17,10,20,28,7,5,15
77,"M",9,4,4,49,1,0,NA,NA,NA,17,10,20,28,7,5,15
77,"M",9,4,4,51,1,1,NA,NA,NA,17,10,20,28,7,5,15
77,"M",9,4,4,53,1,1,NA,NA,NA,17,10,20,28,7,5,15
77,"M",9,4,4,54,1,1,NA,NA,NA,17,10,20,28,7,5,15
77,"M",9,4,4,57,1,0,NA,NA,NA,17,10,20,28,7,5,15
77,"M",9,4,4,60,1,0,NA,NA,NA,17,10,20,28,7,5,15
77,"M",9,4,4,1,2,0,0,1,0,17,10,20,28,7,5,15
77,"M",9,4,4,3,2,0,0,1,0,17,10,20,28,7,5,15
77,"M",9,4,4,4,2,1,0,0,1,17,10,20,28,7,5,15
77,"M",9,4,4,8,2,0,0,1,0,17,10,20,28,7,5,15
77,"M",9,4,4,9,2,0,0,0,1,17,10,20,28,7,5,15
77,"M",9,4,4,10,2,1,0,0,1,17,10,20,28,7,5,15
77,"M",9,4,4,13,2,0,1,0,0,17,10,20,28,7,5,15
77,"M",9,4,4,14,2,1,0,0,1,17,10,20,28,7,5,15
77,"M",9,4,4,15,2,1,0,1,0,17,10,20,28,7,5,15
77,"M",9,4,4,17,2,0,0,0,1,17,10,20,28,7,5,15
77,"M",9,4,4,19,2,1,0,0,1,17,10,20,28,7,5,15
77,"M",9,4,4,20,2,0,0,1,0,17,10,20,28,7,5,15
77,"M",9,4,4,21,2,0,1,0,0,17,10,20,28,7,5,15
77,"M",9,4,4,22,2,1,0,0,1,17,10,20,28,7,5,15
77,"M",9,4,4,23,2,0,0,0,1,17,10,20,28,7,5,15
77,"M",9,4,4,28,2,0,0,0,1,17,10,20,28,7,5,15
77,"M",9,4,4,29,2,1,0,0,1,17,10,20,28,7,5,15
77,"M",9,4,4,36,2,1,0,0,1,17,10,20,28,7,5,15
77,"M",9,4,4,37,2,1,0,0,1,17,10,20,28,7,5,15
77,"M",9,4,4,38,2,1,0,0,1,17,10,20,28,7,5,15
77,"M",9,4,4,40,2,1,0,1,0,17,10,20,28,7,5,15
77,"M",9,4,4,41,2,1,0,0,1,17,10,20,28,7,5,15
77,"M",9,4,4,44,2,0,0,0,1,17,10,20,28,7,5,15
77,"M",9,4,4,48,2,0,0,0,1,17,10,20,28,7,5,15
77,"M",9,4,4,50,2,1,0,0,1,17,10,20,28,7,5,15
77,"M",9,4,4,52,2,1,0,1,0,17,10,20,28,7,5,15
77,"M",9,4,4,55,2,0,1,0,0,17,10,20,28,7,5,15
77,"M",9,4,4,56,2,1,0,0,1,17,10,20,28,7,5,15
77,"M",9,4,4,58,2,0,0,0,1,17,10,20,28,7,5,15
77,"M",9,4,4,59,2,0,0,1,0,17,10,20,28,7,5,15
78,"F",9.4,4,4,1,1,0,NA,NA,NA,22,12,25,31,7,9,6
78,"F",9.4,4,4,2,1,0,NA,NA,NA,22,12,25,31,7,9,6
78,"F",9.4,4,4,4,1,1,NA,NA,NA,22,12,25,31,7,9,6
78,"F",9.4,4,4,5,1,0,NA,NA,NA,22,12,25,31,7,9,6
78,"F",9.4,4,4,6,1,0,NA,NA,NA,22,12,25,31,7,9,6
78,"F",9.4,4,4,9,1,0,NA,NA,NA,22,12,25,31,7,9,6
78,"F",9.4,4,4,10,1,1,NA,NA,NA,22,12,25,31,7,9,6
78,"F",9.4,4,4,12,1,0,NA,NA,NA,22,12,25,31,7,9,6
78,"F",9.4,4,4,13,1,0,NA,NA,NA,22,12,25,31,7,9,6
78,"F",9.4,4,4,19,1,0,NA,NA,NA,22,12,25,31,7,9,6
78,"F",9.4,4,4,21,1,0,NA,NA,NA,22,12,25,31,7,9,6
78,"F",9.4,4,4,22,1,0,NA,NA,NA,22,12,25,31,7,9,6
78,"F",9.4,4,4,24,1,0,NA,NA,NA,22,12,25,31,7,9,6
78,"F",9.4,4,4,25,1,0,NA,NA,NA,22,12,25,31,7,9,6
78,"F",9.4,4,4,27,1,1,NA,NA,NA,22,12,25,31,7,9,6
78,"F",9.4,4,4,29,1,0,NA,NA,NA,22,12,25,31,7,9,6
78,"F",9.4,4,4,34,1,0,NA,NA,NA,22,12,25,31,7,9,6
78,"F",9.4,4,4,35,1,1,NA,NA,NA,22,12,25,31,7,9,6
78,"F",9.4,4,4,37,1,0,NA,NA,NA,22,12,25,31,7,9,6
78,"F",9.4,4,4,38,1,0,NA,NA,NA,22,12,25,31,7,9,6
78,"F",9.4,4,4,39,1,0,NA,NA,NA,22,12,25,31,7,9,6
78,"F",9.4,4,4,42,1,1,NA,NA,NA,22,12,25,31,7,9,6
78,"F",9.4,4,4,44,1,0,NA,NA,NA,22,12,25,31,7,9,6
78,"F",9.4,4,4,45,1,0,NA,NA,NA,22,12,25,31,7,9,6
78,"F",9.4,4,4,50,1,0,NA,NA,NA,22,12,25,31,7,9,6
78,"F",9.4,4,4,52,1,0,NA,NA,NA,22,12,25,31,7,9,6
78,"F",9.4,4,4,57,1,0,NA,NA,NA,22,12,25,31,7,9,6
78,"F",9.4,4,4,58,1,0,NA,NA,NA,22,12,25,31,7,9,6
78,"F",9.4,4,4,59,1,1,NA,NA,NA,22,12,25,31,7,9,6
78,"F",9.4,4,4,60,1,0,NA,NA,NA,22,12,25,31,7,9,6
78,"F",9.4,4,4,3,2,0,1,0,0,22,12,25,31,7,9,6
78,"F",9.4,4,4,7,2,0,1,0,0,22,12,25,31,7,9,6
78,"F",9.4,4,4,8,2,0,0,1,0,22,12,25,31,7,9,6
78,"F",9.4,4,4,11,2,0,1,0,0,22,12,25,31,7,9,6
78,"F",9.4,4,4,14,2,0,0,0,1,22,12,25,31,7,9,6
78,"F",9.4,4,4,15,2,0,1,0,0,22,12,25,31,7,9,6
78,"F",9.4,4,4,16,2,0,0,0,1,22,12,25,31,7,9,6
78,"F",9.4,4,4,17,2,1,0,1,0,22,12,25,31,7,9,6
78,"F",9.4,4,4,18,2,0,0,1,0,22,12,25,31,7,9,6
78,"F",9.4,4,4,20,2,1,0,0,1,22,12,25,31,7,9,6
78,"F",9.4,4,4,23,2,1,0,0,1,22,12,25,31,7,9,6
78,"F",9.4,4,4,26,2,0,1,0,0,22,12,25,31,7,9,6
78,"F",9.4,4,4,28,2,0,0,0,1,22,12,25,31,7,9,6
78,"F",9.4,4,4,30,2,1,0,1,0,22,12,25,31,7,9,6
78,"F",9.4,4,4,31,2,0,1,0,0,22,12,25,31,7,9,6
78,"F",9.4,4,4,32,2,0,1,0,0,22,12,25,31,7,9,6
78,"F",9.4,4,4,33,2,0,0,0,1,22,12,25,31,7,9,6
78,"F",9.4,4,4,36,2,0,0,0,1,22,12,25,31,7,9,6
78,"F",9.4,4,4,40,2,0,0,0,1,22,12,25,31,7,9,6
78,"F",9.4,4,4,41,2,0,1,0,0,22,12,25,31,7,9,6
78,"F",9.4,4,4,43,2,1,0,0,1,22,12,25,31,7,9,6
78,"F",9.4,4,4,46,2,0,0,0,1,22,12,25,31,7,9,6
78,"F",9.4,4,4,47,2,1,0,1,0,22,12,25,31,7,9,6
78,"F",9.4,4,4,48,2,0,1,0,0,22,12,25,31,7,9,6
78,"F",9.4,4,4,49,2,0,0,1,0,22,12,25,31,7,9,6
78,"F",9.4,4,4,51,2,0,1,0,0,22,12,25,31,7,9,6
78,"F",9.4,4,4,53,2,1,0,1,0,22,12,25,31,7,9,6
78,"F",9.4,4,4,54,2,0,1,0,0,22,12,25,31,7,9,6
78,"F",9.4,4,4,55,2,0,0,1,0,22,12,25,31,7,9,6
78,"F",9.4,4,4,56,2,0,0,1,0,22,12,25,31,7,9,6
79,"M",9.5,4,4,2,1,1,NA,NA,NA,42,9,34,28,10,6,20
79,"M",9.5,4,4,3,1,0,NA,NA,NA,42,9,34,28,10,6,20
79,"M",9.5,4,4,4,1,1,NA,NA,NA,42,9,34,28,10,6,20
79,"M",9.5,4,4,7,1,1,NA,NA,NA,42,9,34,28,10,6,20
79,"M",9.5,4,4,13,1,0,NA,NA,NA,42,9,34,28,10,6,20
79,"M",9.5,4,4,14,1,0,NA,NA,NA,42,9,34,28,10,6,20
79,"M",9.5,4,4,15,1,1,NA,NA,NA,42,9,34,28,10,6,20
79,"M",9.5,4,4,18,1,1,NA,NA,NA,42,9,34,28,10,6,20
79,"M",9.5,4,4,20,1,1,NA,NA,NA,42,9,34,28,10,6,20
79,"M",9.5,4,4,22,1,0,NA,NA,NA,42,9,34,28,10,6,20
79,"M",9.5,4,4,23,1,1,NA,NA,NA,42,9,34,28,10,6,20
79,"M",9.5,4,4,25,1,1,NA,NA,NA,42,9,34,28,10,6,20
79,"M",9.5,4,4,28,1,1,NA,NA,NA,42,9,34,28,10,6,20
79,"M",9.5,4,4,30,1,1,NA,NA,NA,42,9,34,28,10,6,20
79,"M",9.5,4,4,31,1,1,NA,NA,NA,42,9,34,28,10,6,20
79,"M",9.5,4,4,32,1,1,NA,NA,NA,42,9,34,28,10,6,20
79,"M",9.5,4,4,33,1,0,NA,NA,NA,42,9,34,28,10,6,20
79,"M",9.5,4,4,34,1,0,NA,NA,NA,42,9,34,28,10,6,20
79,"M",9.5,4,4,36,1,0,NA,NA,NA,42,9,34,28,10,6,20
79,"M",9.5,4,4,37,1,1,NA,NA,NA,42,9,34,28,10,6,20
79,"M",9.5,4,4,39,1,1,NA,NA,NA,42,9,34,28,10,6,20
79,"M",9.5,4,4,46,1,1,NA,NA,NA,42,9,34,28,10,6,20
79,"M",9.5,4,4,47,1,1,NA,NA,NA,42,9,34,28,10,6,20
79,"M",9.5,4,4,48,1,0,NA,NA,NA,42,9,34,28,10,6,20
79,"M",9.5,4,4,49,1,1,NA,NA,NA,42,9,34,28,10,6,20
79,"M",9.5,4,4,50,1,1,NA,NA,NA,42,9,34,28,10,6,20
79,"M",9.5,4,4,51,1,0,NA,NA,NA,42,9,34,28,10,6,20
79,"M",9.5,4,4,54,1,1,NA,NA,NA,42,9,34,28,10,6,20
79,"M",9.5,4,4,55,1,0,NA,NA,NA,42,9,34,28,10,6,20
79,"M",9.5,4,4,59,1,1,NA,NA,NA,42,9,34,28,10,6,20
79,"M",9.5,4,4,1,2,0,1,0,0,42,9,34,28,10,6,20
79,"M",9.5,4,4,5,2,0,1,0,0,42,9,34,28,10,6,20
79,"M",9.5,4,4,6,2,0,1,0,0,42,9,34,28,10,6,20
79,"M",9.5,4,4,8,2,0,1,0,0,42,9,34,28,10,6,20
79,"M",9.5,4,4,9,2,0,1,0,0,42,9,34,28,10,6,20
79,"M",9.5,4,4,10,2,0,1,0,0,42,9,34,28,10,6,20
79,"M",9.5,4,4,11,2,1,0,0,1,42,9,34,28,10,6,20
79,"M",9.5,4,4,12,2,0,1,0,0,42,9,34,28,10,6,20
79,"M",9.5,4,4,16,2,0,1,0,0,42,9,34,28,10,6,20
79,"M",9.5,4,4,17,2,0,1,0,0,42,9,34,28,10,6,20
79,"M",9.5,4,4,19,2,0,1,0,0,42,9,34,28,10,6,20
79,"M",9.5,4,4,21,2,0,1,0,0,42,9,34,28,10,6,20
79,"M",9.5,4,4,24,2,0,1,0,0,42,9,34,28,10,6,20
79,"M",9.5,4,4,26,2,0,1,0,0,42,9,34,28,10,6,20
79,"M",9.5,4,4,27,2,0,1,0,0,42,9,34,28,10,6,20
79,"M",9.5,4,4,29,2,0,0,1,0,42,9,34,28,10,6,20
79,"M",9.5,4,4,35,2,0,1,0,0,42,9,34,28,10,6,20
79,"M",9.5,4,4,38,2,0,1,0,0,42,9,34,28,10,6,20
79,"M",9.5,4,4,40,2,1,0,1,0,42,9,34,28,10,6,20
79,"M",9.5,4,4,41,2,0,1,0,0,42,9,34,28,10,6,20
79,"M",9.5,4,4,42,2,0,1,0,0,42,9,34,28,10,6,20
79,"M",9.5,4,4,43,2,0,1,0,0,42,9,34,28,10,6,20
79,"M",9.5,4,4,44,2,0,1,0,0,42,9,34,28,10,6,20
79,"M",9.5,4,4,45,2,0,1,0,0,42,9,34,28,10,6,20
79,"M",9.5,4,4,52,2,0,1,0,0,42,9,34,28,10,6,20
79,"M",9.5,4,4,53,2,0,1,0,0,42,9,34,28,10,6,20
79,"M",9.5,4,4,56,2,0,1,0,0,42,9,34,28,10,6,20
79,"M",9.5,4,4,57,2,1,0,0,1,42,9,34,28,10,6,20
79,"M",9.5,4,4,58,2,0,1,0,0,42,9,34,28,10,6,20
79,"M",9.5,4,4,60,2,0,1,0,0,42,9,34,28,10,6,20
80,"M",9,4,4,5,1,1,NA,NA,NA,29,12,21,32,8,7,26
80,"M",9,4,4,8,1,1,NA,NA,NA,29,12,21,32,8,7,26
80,"M",9,4,4,10,1,1,NA,NA,NA,29,12,21,32,8,7,26
80,"M",9,4,4,12,1,1,NA,NA,NA,29,12,21,32,8,7,26
80,"M",9,4,4,14,1,1,NA,NA,NA,29,12,21,32,8,7,26
80,"M",9,4,4,15,1,1,NA,NA,NA,29,12,21,32,8,7,26
80,"M",9,4,4,16,1,1,NA,NA,NA,29,12,21,32,8,7,26
80,"M",9,4,4,21,1,1,NA,NA,NA,29,12,21,32,8,7,26
80,"M",9,4,4,22,1,0,NA,NA,NA,29,12,21,32,8,7,26
80,"M",9,4,4,24,1,1,NA,NA,NA,29,12,21,32,8,7,26
80,"M",9,4,4,25,1,1,NA,NA,NA,29,12,21,32,8,7,26
80,"M",9,4,4,27,1,1,NA,NA,NA,29,12,21,32,8,7,26
80,"M",9,4,4,29,1,1,NA,NA,NA,29,12,21,32,8,7,26
80,"M",9,4,4,31,1,1,NA,NA,NA,29,12,21,32,8,7,26
80,"M",9,4,4,35,1,0,NA,NA,NA,29,12,21,32,8,7,26
80,"M",9,4,4,36,1,1,NA,NA,NA,29,12,21,32,8,7,26
80,"M",9,4,4,37,1,1,NA,NA,NA,29,12,21,32,8,7,26
80,"M",9,4,4,38,1,1,NA,NA,NA,29,12,21,32,8,7,26
80,"M",9,4,4,39,1,1,NA,NA,NA,29,12,21,32,8,7,26
80,"M",9,4,4,40,1,1,NA,NA,NA,29,12,21,32,8,7,26
80,"M",9,4,4,43,1,1,NA,NA,NA,29,12,21,32,8,7,26
80,"M",9,4,4,44,1,0,NA,NA,NA,29,12,21,32,8,7,26
80,"M",9,4,4,49,1,1,NA,NA,NA,29,12,21,32,8,7,26
80,"M",9,4,4,50,1,1,NA,NA,NA,29,12,21,32,8,7,26
80,"M",9,4,4,52,1,0,NA,NA,NA,29,12,21,32,8,7,26
80,"M",9,4,4,53,1,1,NA,NA,NA,29,12,21,32,8,7,26
80,"M",9,4,4,54,1,1,NA,NA,NA,29,12,21,32,8,7,26
80,"M",9,4,4,56,1,1,NA,NA,NA,29,12,21,32,8,7,26
80,"M",9,4,4,57,1,1,NA,NA,NA,29,12,21,32,8,7,26
80,"M",9,4,4,59,1,1,NA,NA,NA,29,12,21,32,8,7,26
80,"M",9,4,4,1,2,1,0,1,0,29,12,21,32,8,7,26
80,"M",9,4,4,2,2,1,0,1,0,29,12,21,32,8,7,26
80,"M",9,4,4,3,2,1,0,0,1,29,12,21,32,8,7,26
80,"M",9,4,4,4,2,1,0,1,0,29,12,21,32,8,7,26
80,"M",9,4,4,6,2,0,0,0,1,29,12,21,32,8,7,26
80,"M",9,4,4,7,2,1,0,1,0,29,12,21,32,8,7,26
80,"M",9,4,4,9,2,1,0,1,0,29,12,21,32,8,7,26
80,"M",9,4,4,11,2,1,0,0,1,29,12,21,32,8,7,26
80,"M",9,4,4,13,2,0,0,1,0,29,12,21,32,8,7,26
80,"M",9,4,4,17,2,0,0,0,1,29,12,21,32,8,7,26
80,"M",9,4,4,18,2,0,1,0,0,29,12,21,32,8,7,26
80,"M",9,4,4,19,2,1,0,0,1,29,12,21,32,8,7,26
80,"M",9,4,4,20,2,1,0,0,1,29,12,21,32,8,7,26
80,"M",9,4,4,23,2,1,0,0,1,29,12,21,32,8,7,26
80,"M",9,4,4,26,2,1,0,0,1,29,12,21,32,8,7,26
80,"M",9,4,4,28,2,0,1,0,0,29,12,21,32,8,7,26
80,"M",9,4,4,30,2,0,1,0,0,29,12,21,32,8,7,26
80,"M",9,4,4,32,2,1,0,0,1,29,12,21,32,8,7,26
80,"M",9,4,4,33,2,0,1,0,0,29,12,21,32,8,7,26
80,"M",9,4,4,34,2,1,0,1,0,29,12,21,32,8,7,26
80,"M",9,4,4,41,2,0,1,0,0,29,12,21,32,8,7,26
80,"M",9,4,4,42,2,0,1,0,0,29,12,21,32,8,7,26
80,"M",9,4,4,45,2,1,0,1,0,29,12,21,32,8,7,26
80,"M",9,4,4,46,2,0,1,0,0,29,12,21,32,8,7,26
80,"M",9,4,4,47,2,1,0,1,0,29,12,21,32,8,7,26
80,"M",9,4,4,48,2,1,0,1,0,29,12,21,32,8,7,26
80,"M",9,4,4,51,2,1,0,1,0,29,12,21,32,8,7,26
80,"M",9,4,4,55,2,0,1,0,0,29,12,21,32,8,7,26
80,"M",9,4,4,58,2,1,0,1,0,29,12,21,32,8,7,26
80,"M",9,4,4,60,2,0,1,0,0,29,12,21,32,8,7,26
81,"F",9.6,4,5,1,1,1,NA,NA,NA,33,19,17,35,6,9,25
81,"F",9.6,4,5,2,1,0,NA,NA,NA,33,19,17,35,6,9,25
81,"F",9.6,4,5,7,1,1,NA,NA,NA,33,19,17,35,6,9,25
81,"F",9.6,4,5,8,1,1,NA,NA,NA,33,19,17,35,6,9,25
81,"F",9.6,4,5,10,1,1,NA,NA,NA,33,19,17,35,6,9,25
81,"F",9.6,4,5,12,1,1,NA,NA,NA,33,19,17,35,6,9,25
81,"F",9.6,4,5,14,1,1,NA,NA,NA,33,19,17,35,6,9,25
81,"F",9.6,4,5,16,1,0,NA,NA,NA,33,19,17,35,6,9,25
81,"F",9.6,4,5,17,1,1,NA,NA,NA,33,19,17,35,6,9,25
81,"F",9.6,4,5,20,1,1,NA,NA,NA,33,19,17,35,6,9,25
81,"F",9.6,4,5,22,1,1,NA,NA,NA,33,19,17,35,6,9,25
81,"F",9.6,4,5,23,1,1,NA,NA,NA,33,19,17,35,6,9,25
81,"F",9.6,4,5,25,1,1,NA,NA,NA,33,19,17,35,6,9,25
81,"F",9.6,4,5,26,1,1,NA,NA,NA,33,19,17,35,6,9,25
81,"F",9.6,4,5,27,1,1,NA,NA,NA,33,19,17,35,6,9,25
81,"F",9.6,4,5,29,1,1,NA,NA,NA,33,19,17,35,6,9,25
81,"F",9.6,4,5,30,1,1,NA,NA,NA,33,19,17,35,6,9,25
81,"F",9.6,4,5,33,1,1,NA,NA,NA,33,19,17,35,6,9,25
81,"F",9.6,4,5,35,1,0,NA,NA,NA,33,19,17,35,6,9,25
81,"F",9.6,4,5,37,1,1,NA,NA,NA,33,19,17,35,6,9,25
81,"F",9.6,4,5,40,1,1,NA,NA,NA,33,19,17,35,6,9,25
81,"F",9.6,4,5,44,1,1,NA,NA,NA,33,19,17,35,6,9,25
81,"F",9.6,4,5,47,1,1,NA,NA,NA,33,19,17,35,6,9,25
81,"F",9.6,4,5,49,1,1,NA,NA,NA,33,19,17,35,6,9,25
81,"F",9.6,4,5,50,1,1,NA,NA,NA,33,19,17,35,6,9,25
81,"F",9.6,4,5,51,1,0,NA,NA,NA,33,19,17,35,6,9,25
81,"F",9.6,4,5,52,1,0,NA,NA,NA,33,19,17,35,6,9,25
81,"F",9.6,4,5,53,1,1,NA,NA,NA,33,19,17,35,6,9,25
81,"F",9.6,4,5,56,1,1,NA,NA,NA,33,19,17,35,6,9,25
81,"F",9.6,4,5,57,1,1,NA,NA,NA,33,19,17,35,6,9,25
81,"F",9.6,4,5,3,2,1,0,1,0,33,19,17,35,6,9,25
81,"F",9.6,4,5,4,2,1,0,0,1,33,19,17,35,6,9,25
81,"F",9.6,4,5,5,2,1,0,0,1,33,19,17,35,6,9,25
81,"F",9.6,4,5,6,2,0,0,0,1,33,19,17,35,6,9,25
81,"F",9.6,4,5,9,2,1,0,0,1,33,19,17,35,6,9,25
81,"F",9.6,4,5,11,2,1,0,1,0,33,19,17,35,6,9,25
81,"F",9.6,4,5,13,2,0,0,1,0,33,19,17,35,6,9,25
81,"F",9.6,4,5,15,2,1,0,1,0,33,19,17,35,6,9,25
81,"F",9.6,4,5,18,2,1,0,0,1,33,19,17,35,6,9,25
81,"F",9.6,4,5,19,2,1,0,1,0,33,19,17,35,6,9,25
81,"F",9.6,4,5,21,2,0,1,0,0,33,19,17,35,6,9,25
81,"F",9.6,4,5,24,2,0,0,1,0,33,19,17,35,6,9,25
81,"F",9.6,4,5,28,2,1,0,1,0,33,19,17,35,6,9,25
81,"F",9.6,4,5,31,2,0,0,0,1,33,19,17,35,6,9,25
81,"F",9.6,4,5,32,2,0,0,1,0,33,19,17,35,6,9,25
81,"F",9.6,4,5,34,2,1,0,0,1,33,19,17,35,6,9,25
81,"F",9.6,4,5,36,2,1,0,1,0,33,19,17,35,6,9,25
81,"F",9.6,4,5,38,2,1,0,1,0,33,19,17,35,6,9,25
81,"F",9.6,4,5,39,2,1,0,1,0,33,19,17,35,6,9,25
81,"F",9.6,4,5,41,2,1,0,1,0,33,19,17,35,6,9,25
81,"F",9.6,4,5,42,2,1,0,1,0,33,19,17,35,6,9,25
81,"F",9.6,4,5,43,2,1,0,1,0,33,19,17,35,6,9,25
81,"F",9.6,4,5,45,2,1,0,1,0,33,19,17,35,6,9,25
81,"F",9.6,4,5,46,2,1,0,1,0,33,19,17,35,6,9,25
81,"F",9.6,4,5,48,2,1,0,0,1,33,19,17,35,6,9,25
81,"F",9.6,4,5,54,2,0,0,1,0,33,19,17,35,6,9,25
81,"F",9.6,4,5,55,2,1,0,1,0,33,19,17,35,6,9,25
81,"F",9.6,4,5,58,2,1,0,1,0,33,19,17,35,6,9,25
81,"F",9.6,4,5,59,2,1,0,0,1,33,19,17,35,6,9,25
81,"F",9.6,4,5,60,2,1,0,0,1,33,19,17,35,6,9,25
82,"F",9.2,4,5,4,1,0,NA,NA,NA,36,8,33,30,12,4,13
82,"F",9.2,4,5,5,1,0,NA,NA,NA,36,8,33,30,12,4,13
82,"F",9.2,4,5,8,1,0,NA,NA,NA,36,8,33,30,12,4,13
82,"F",9.2,4,5,10,1,1,NA,NA,NA,36,8,33,30,12,4,13
82,"F",9.2,4,5,11,1,1,NA,NA,NA,36,8,33,30,12,4,13
82,"F",9.2,4,5,13,1,0,NA,NA,NA,36,8,33,30,12,4,13
82,"F",9.2,4,5,16,1,0,NA,NA,NA,36,8,33,30,12,4,13
82,"F",9.2,4,5,18,1,1,NA,NA,NA,36,8,33,30,12,4,13
82,"F",9.2,4,5,22,1,0,NA,NA,NA,36,8,33,30,12,4,13
82,"F",9.2,4,5,24,1,0,NA,NA,NA,36,8,33,30,12,4,13
82,"F",9.2,4,5,25,1,0,NA,NA,NA,36,8,33,30,12,4,13
82,"F",9.2,4,5,26,1,0,NA,NA,NA,36,8,33,30,12,4,13
82,"F",9.2,4,5,27,1,0,NA,NA,NA,36,8,33,30,12,4,13
82,"F",9.2,4,5,28,1,1,NA,NA,NA,36,8,33,30,12,4,13
82,"F",9.2,4,5,29,1,1,NA,NA,NA,36,8,33,30,12,4,13
82,"F",9.2,4,5,30,1,0,NA,NA,NA,36,8,33,30,12,4,13
82,"F",9.2,4,5,32,1,1,NA,NA,NA,36,8,33,30,12,4,13
82,"F",9.2,4,5,34,1,0,NA,NA,NA,36,8,33,30,12,4,13
82,"F",9.2,4,5,37,1,0,NA,NA,NA,36,8,33,30,12,4,13
82,"F",9.2,4,5,39,1,0,NA,NA,NA,36,8,33,30,12,4,13
82,"F",9.2,4,5,40,1,1,NA,NA,NA,36,8,33,30,12,4,13
82,"F",9.2,4,5,41,1,1,NA,NA,NA,36,8,33,30,12,4,13
82,"F",9.2,4,5,42,1,1,NA,NA,NA,36,8,33,30,12,4,13
82,"F",9.2,4,5,47,1,1,NA,NA,NA,36,8,33,30,12,4,13
82,"F",9.2,4,5,49,1,1,NA,NA,NA,36,8,33,30,12,4,13
82,"F",9.2,4,5,53,1,1,NA,NA,NA,36,8,33,30,12,4,13
82,"F",9.2,4,5,54,1,0,NA,NA,NA,36,8,33,30,12,4,13
82,"F",9.2,4,5,56,1,0,NA,NA,NA,36,8,33,30,12,4,13
82,"F",9.2,4,5,58,1,1,NA,NA,NA,36,8,33,30,12,4,13
82,"F",9.2,4,5,59,1,0,NA,NA,NA,36,8,33,30,12,4,13
82,"F",9.2,4,5,1,2,1,0,1,0,36,8,33,30,12,4,13
82,"F",9.2,4,5,2,2,0,1,0,0,36,8,33,30,12,4,13
82,"F",9.2,4,5,3,2,0,0,0,1,36,8,33,30,12,4,13
82,"F",9.2,4,5,6,2,0,1,0,0,36,8,33,30,12,4,13
82,"F",9.2,4,5,7,2,0,1,0,0,36,8,33,30,12,4,13
82,"F",9.2,4,5,9,2,0,1,0,0,36,8,33,30,12,4,13
82,"F",9.2,4,5,12,2,0,1,0,0,36,8,33,30,12,4,13
82,"F",9.2,4,5,14,2,0,1,0,0,36,8,33,30,12,4,13
82,"F",9.2,4,5,15,2,0,1,0,0,36,8,33,30,12,4,13
82,"F",9.2,4,5,17,2,0,1,0,0,36,8,33,30,12,4,13
82,"F",9.2,4,5,19,2,0,1,0,0,36,8,33,30,12,4,13
82,"F",9.2,4,5,20,2,0,1,0,0,36,8,33,30,12,4,13
82,"F",9.2,4,5,21,2,0,1,0,0,36,8,33,30,12,4,13
82,"F",9.2,4,5,23,2,0,1,0,0,36,8,33,30,12,4,13
82,"F",9.2,4,5,31,2,0,1,0,0,36,8,33,30,12,4,13
82,"F",9.2,4,5,33,2,0,1,0,0,36,8,33,30,12,4,13
82,"F",9.2,4,5,35,2,0,0,1,0,36,8,33,30,12,4,13
82,"F",9.2,4,5,36,2,1,0,1,0,36,8,33,30,12,4,13
82,"F",9.2,4,5,38,2,0,1,0,0,36,8,33,30,12,4,13
82,"F",9.2,4,5,43,2,1,0,1,0,36,8,33,30,12,4,13
82,"F",9.2,4,5,44,2,0,1,0,0,36,8,33,30,12,4,13
82,"F",9.2,4,5,45,2,0,1,0,0,36,8,33,30,12,4,13
82,"F",9.2,4,5,46,2,1,0,1,0,36,8,33,30,12,4,13
82,"F",9.2,4,5,48,2,0,0,1,0,36,8,33,30,12,4,13
82,"F",9.2,4,5,50,2,0,1,0,0,36,8,33,30,12,4,13
82,"F",9.2,4,5,51,2,0,1,0,0,36,8,33,30,12,4,13
82,"F",9.2,4,5,52,2,0,1,0,0,36,8,33,30,12,4,13
82,"F",9.2,4,5,55,2,0,1,0,0,36,8,33,30,12,4,13
82,"F",9.2,4,5,57,2,0,1,0,0,36,8,33,30,12,4,13
82,"F",9.2,4,5,60,2,0,0,1,0,36,8,33,30,12,4,13
83,"F",9.4,4,5,3,1,0,NA,NA,NA,21,21,14,30,7,11,17
83,"F",9.4,4,5,4,1,1,NA,NA,NA,21,21,14,30,7,11,17
83,"F",9.4,4,5,5,1,1,NA,NA,NA,21,21,14,30,7,11,17
83,"F",9.4,4,5,6,1,0,NA,NA,NA,21,21,14,30,7,11,17
83,"F",9.4,4,5,8,1,0,NA,NA,NA,21,21,14,30,7,11,17
83,"F",9.4,4,5,10,1,1,NA,NA,NA,21,21,14,30,7,11,17
83,"F",9.4,4,5,11,1,1,NA,NA,NA,21,21,14,30,7,11,17
83,"F",9.4,4,5,14,1,0,NA,NA,NA,21,21,14,30,7,11,17
83,"F",9.4,4,5,18,1,0,NA,NA,NA,21,21,14,30,7,11,17
83,"F",9.4,4,5,19,1,1,NA,NA,NA,21,21,14,30,7,11,17
83,"F",9.4,4,5,20,1,1,NA,NA,NA,21,21,14,30,7,11,17
83,"F",9.4,4,5,22,1,0,NA,NA,NA,21,21,14,30,7,11,17
83,"F",9.4,4,5,23,1,1,NA,NA,NA,21,21,14,30,7,11,17
83,"F",9.4,4,5,24,1,1,NA,NA,NA,21,21,14,30,7,11,17
83,"F",9.4,4,5,28,1,0,NA,NA,NA,21,21,14,30,7,11,17
83,"F",9.4,4,5,29,1,0,NA,NA,NA,21,21,14,30,7,11,17
83,"F",9.4,4,5,31,1,1,NA,NA,NA,21,21,14,30,7,11,17
83,"F",9.4,4,5,33,1,1,NA,NA,NA,21,21,14,30,7,11,17
83,"F",9.4,4,5,34,1,0,NA,NA,NA,21,21,14,30,7,11,17
83,"F",9.4,4,5,36,1,1,NA,NA,NA,21,21,14,30,7,11,17
83,"F",9.4,4,5,39,1,1,NA,NA,NA,21,21,14,30,7,11,17
83,"F",9.4,4,5,43,1,1,NA,NA,NA,21,21,14,30,7,11,17
83,"F",9.4,4,5,46,1,1,NA,NA,NA,21,21,14,30,7,11,17
83,"F",9.4,4,5,48,1,0,NA,NA,NA,21,21,14,30,7,11,17
83,"F",9.4,4,5,49,1,0,NA,NA,NA,21,21,14,30,7,11,17
83,"F",9.4,4,5,54,1,1,NA,NA,NA,21,21,14,30,7,11,17
83,"F",9.4,4,5,55,1,0,NA,NA,NA,21,21,14,30,7,11,17
83,"F",9.4,4,5,57,1,0,NA,NA,NA,21,21,14,30,7,11,17
83,"F",9.4,4,5,59,1,1,NA,NA,NA,21,21,14,30,7,11,17
83,"F",9.4,4,5,60,1,1,NA,NA,NA,21,21,14,30,7,11,17
83,"F",9.4,4,5,1,2,1,0,0,1,21,21,14,30,7,11,17
83,"F",9.4,4,5,2,2,0,0,0,1,21,21,14,30,7,11,17
83,"F",9.4,4,5,7,2,1,0,1,0,21,21,14,30,7,11,17
83,"F",9.4,4,5,9,2,1,0,0,1,21,21,14,30,7,11,17
83,"F",9.4,4,5,12,2,1,0,1,0,21,21,14,30,7,11,17
83,"F",9.4,4,5,13,2,0,0,0,1,21,21,14,30,7,11,17
83,"F",9.4,4,5,15,2,1,0,1,0,21,21,14,30,7,11,17
83,"F",9.4,4,5,16,2,0,0,1,0,21,21,14,30,7,11,17
83,"F",9.4,4,5,17,2,1,0,0,1,21,21,14,30,7,11,17
83,"F",9.4,4,5,21,2,1,0,1,0,21,21,14,30,7,11,17
83,"F",9.4,4,5,25,2,1,0,1,0,21,21,14,30,7,11,17
83,"F",9.4,4,5,26,2,1,0,0,1,21,21,14,30,7,11,17
83,"F",9.4,4,5,27,2,1,0,0,1,21,21,14,30,7,11,17
83,"F",9.4,4,5,30,2,1,0,0,1,21,21,14,30,7,11,17
83,"F",9.4,4,5,32,2,1,0,0,1,21,21,14,30,7,11,17
83,"F",9.4,4,5,35,2,1,0,1,0,21,21,14,30,7,11,17
83,"F",9.4,4,5,37,2,1,0,1,0,21,21,14,30,7,11,17
83,"F",9.4,4,5,38,2,1,0,1,0,21,21,14,30,7,11,17
83,"F",9.4,4,5,40,2,1,0,0,1,21,21,14,30,7,11,17
83,"F",9.4,4,5,41,2,1,0,0,1,21,21,14,30,7,11,17
83,"F",9.4,4,5,42,2,1,0,0,1,21,21,14,30,7,11,17
83,"F",9.4,4,5,44,2,0,0,0,1,21,21,14,30,7,11,17
83,"F",9.4,4,5,45,2,1,0,0,1,21,21,14,30,7,11,17
83,"F",9.4,4,5,47,2,1,0,1,0,21,21,14,30,7,11,17
83,"F",9.4,4,5,50,2,1,0,0,1,21,21,14,30,7,11,17
83,"F",9.4,4,5,51,2,0,0,0,1,21,21,14,30,7,11,17
83,"F",9.4,4,5,52,2,1,0,1,0,21,21,14,30,7,11,17
83,"F",9.4,4,5,53,2,0,1,0,0,21,21,14,30,7,11,17
83,"F",9.4,4,5,56,2,1,0,0,1,21,21,14,30,7,11,17
83,"F",9.4,4,5,58,2,0,1,0,0,21,21,14,30,7,11,17
84,"M",9.6,4,5,2,1,1,NA,NA,NA,30,18,16,39,6,11,23
84,"M",9.6,4,5,4,1,1,NA,NA,NA,30,18,16,39,6,11,23
84,"M",9.6,4,5,5,1,1,NA,NA,NA,30,18,16,39,6,11,23
84,"M",9.6,4,5,6,1,0,NA,NA,NA,30,18,16,39,6,11,23
84,"M",9.6,4,5,7,1,1,NA,NA,NA,30,18,16,39,6,11,23
84,"M",9.6,4,5,9,1,1,NA,NA,NA,30,18,16,39,6,11,23
84,"M",9.6,4,5,12,1,1,NA,NA,NA,30,18,16,39,6,11,23
84,"M",9.6,4,5,13,1,0,NA,NA,NA,30,18,16,39,6,11,23
84,"M",9.6,4,5,15,1,1,NA,NA,NA,30,18,16,39,6,11,23
84,"M",9.6,4,5,16,1,0,NA,NA,NA,30,18,16,39,6,11,23
84,"M",9.6,4,5,17,1,1,NA,NA,NA,30,18,16,39,6,11,23
84,"M",9.6,4,5,18,1,1,NA,NA,NA,30,18,16,39,6,11,23
84,"M",9.6,4,5,19,1,1,NA,NA,NA,30,18,16,39,6,11,23
84,"M",9.6,4,5,20,1,1,NA,NA,NA,30,18,16,39,6,11,23
84,"M",9.6,4,5,24,1,1,NA,NA,NA,30,18,16,39,6,11,23
84,"M",9.6,4,5,27,1,1,NA,NA,NA,30,18,16,39,6,11,23
84,"M",9.6,4,5,29,1,1,NA,NA,NA,30,18,16,39,6,11,23
84,"M",9.6,4,5,31,1,0,NA,NA,NA,30,18,16,39,6,11,23
84,"M",9.6,4,5,32,1,1,NA,NA,NA,30,18,16,39,6,11,23
84,"M",9.6,4,5,33,1,1,NA,NA,NA,30,18,16,39,6,11,23
84,"M",9.6,4,5,35,1,1,NA,NA,NA,30,18,16,39,6,11,23
84,"M",9.6,4,5,42,1,0,NA,NA,NA,30,18,16,39,6,11,23
84,"M",9.6,4,5,44,1,1,NA,NA,NA,30,18,16,39,6,11,23
84,"M",9.6,4,5,45,1,0,NA,NA,NA,30,18,16,39,6,11,23
84,"M",9.6,4,5,49,1,1,NA,NA,NA,30,18,16,39,6,11,23
84,"M",9.6,4,5,51,1,1,NA,NA,NA,30,18,16,39,6,11,23
84,"M",9.6,4,5,52,1,1,NA,NA,NA,30,18,16,39,6,11,23
84,"M",9.6,4,5,53,1,1,NA,NA,NA,30,18,16,39,6,11,23
84,"M",9.6,4,5,55,1,0,NA,NA,NA,30,18,16,39,6,11,23
84,"M",9.6,4,5,57,1,1,NA,NA,NA,30,18,16,39,6,11,23
84,"M",9.6,4,5,1,2,1,0,1,0,30,18,16,39,6,11,23
84,"M",9.6,4,5,3,2,0,0,0,1,30,18,16,39,6,11,23
84,"M",9.6,4,5,8,2,1,0,0,1,30,18,16,39,6,11,23
84,"M",9.6,4,5,10,2,1,0,1,0,30,18,16,39,6,11,23
84,"M",9.6,4,5,11,2,0,1,0,0,30,18,16,39,6,11,23
84,"M",9.6,4,5,14,2,1,0,1,0,30,18,16,39,6,11,23
84,"M",9.6,4,5,21,2,0,1,0,0,30,18,16,39,6,11,23
84,"M",9.6,4,5,22,2,1,0,0,1,30,18,16,39,6,11,23
84,"M",9.6,4,5,23,2,1,0,1,0,30,18,16,39,6,11,23
84,"M",9.6,4,5,25,2,1,0,0,1,30,18,16,39,6,11,23
84,"M",9.6,4,5,26,2,1,0,1,0,30,18,16,39,6,11,23
84,"M",9.6,4,5,28,2,1,0,1,0,30,18,16,39,6,11,23
84,"M",9.6,4,5,30,2,1,0,0,1,30,18,16,39,6,11,23
84,"M",9.6,4,5,34,2,0,0,1,0,30,18,16,39,6,11,23
84,"M",9.6,4,5,36,2,1,0,1,0,30,18,16,39,6,11,23
84,"M",9.6,4,5,37,2,1,0,1,0,30,18,16,39,6,11,23
84,"M",9.6,4,5,38,2,1,0,1,0,30,18,16,39,6,11,23
84,"M",9.6,4,5,39,2,1,0,0,1,30,18,16,39,6,11,23
84,"M",9.6,4,5,40,2,1,0,1,0,30,18,16,39,6,11,23
84,"M",9.6,4,5,41,2,0,1,0,0,30,18,16,39,6,11,23
84,"M",9.6,4,5,43,2,1,0,0,1,30,18,16,39,6,11,23
84,"M",9.6,4,5,46,2,1,0,1,0,30,18,16,39,6,11,23
84,"M",9.6,4,5,47,2,1,0,1,0,30,18,16,39,6,11,23
84,"M",9.6,4,5,48,2,1,0,1,0,30,18,16,39,6,11,23
84,"M",9.6,4,5,50,2,1,0,1,0,30,18,16,39,6,11,23
84,"M",9.6,4,5,54,2,1,0,1,0,30,18,16,39,6,11,23
84,"M",9.6,4,5,56,2,1,0,1,0,30,18,16,39,6,11,23
84,"M",9.6,4,5,58,2,0,1,0,0,30,18,16,39,6,11,23
84,"M",9.6,4,5,59,2,1,0,1,0,30,18,16,39,6,11,23
84,"M",9.6,4,5,60,2,1,0,0,1,30,18,16,39,6,11,23
85,"M",9.8,4,5,1,1,0,NA,NA,NA,14,23,16,35,3,11,10
85,"M",9.8,4,5,4,1,1,NA,NA,NA,14,23,16,35,3,11,10
85,"M",9.8,4,5,5,1,1,NA,NA,NA,14,23,16,35,3,11,10
85,"M",9.8,4,5,6,1,0,NA,NA,NA,14,23,16,35,3,11,10
85,"M",9.8,4,5,7,1,0,NA,NA,NA,14,23,16,35,3,11,10
85,"M",9.8,4,5,10,1,1,NA,NA,NA,14,23,16,35,3,11,10
85,"M",9.8,4,5,11,1,1,NA,NA,NA,14,23,16,35,3,11,10
85,"M",9.8,4,5,12,1,1,NA,NA,NA,14,23,16,35,3,11,10
85,"M",9.8,4,5,13,1,0,NA,NA,NA,14,23,16,35,3,11,10
85,"M",9.8,4,5,15,1,0,NA,NA,NA,14,23,16,35,3,11,10
85,"M",9.8,4,5,16,1,0,NA,NA,NA,14,23,16,35,3,11,10
85,"M",9.8,4,5,19,1,0,NA,NA,NA,14,23,16,35,3,11,10
85,"M",9.8,4,5,20,1,0,NA,NA,NA,14,23,16,35,3,11,10
85,"M",9.8,4,5,21,1,0,NA,NA,NA,14,23,16,35,3,11,10
85,"M",9.8,4,5,22,1,0,NA,NA,NA,14,23,16,35,3,11,10
85,"M",9.8,4,5,23,1,0,NA,NA,NA,14,23,16,35,3,11,10
85,"M",9.8,4,5,29,1,0,NA,NA,NA,14,23,16,35,3,11,10
85,"M",9.8,4,5,34,1,0,NA,NA,NA,14,23,16,35,3,11,10
85,"M",9.8,4,5,36,1,1,NA,NA,NA,14,23,16,35,3,11,10
85,"M",9.8,4,5,40,1,0,NA,NA,NA,14,23,16,35,3,11,10
85,"M",9.8,4,5,41,1,0,NA,NA,NA,14,23,16,35,3,11,10
85,"M",9.8,4,5,42,1,1,NA,NA,NA,14,23,16,35,3,11,10
85,"M",9.8,4,5,43,1,1,NA,NA,NA,14,23,16,35,3,11,10
85,"M",9.8,4,5,46,1,0,NA,NA,NA,14,23,16,35,3,11,10
85,"M",9.8,4,5,50,1,0,NA,NA,NA,14,23,16,35,3,11,10
85,"M",9.8,4,5,52,1,0,NA,NA,NA,14,23,16,35,3,11,10
85,"M",9.8,4,5,54,1,0,NA,NA,NA,14,23,16,35,3,11,10
85,"M",9.8,4,5,56,1,1,NA,NA,NA,14,23,16,35,3,11,10
85,"M",9.8,4,5,57,1,1,NA,NA,NA,14,23,16,35,3,11,10
85,"M",9.8,4,5,58,1,0,NA,NA,NA,14,23,16,35,3,11,10
85,"M",9.8,4,5,2,2,0,0,0,1,14,23,16,35,3,11,10
85,"M",9.8,4,5,3,2,0,0,1,0,14,23,16,35,3,11,10
85,"M",9.8,4,5,8,2,1,0,0,1,14,23,16,35,3,11,10
85,"M",9.8,4,5,9,2,0,0,0,1,14,23,16,35,3,11,10
85,"M",9.8,4,5,14,2,0,0,0,1,14,23,16,35,3,11,10
85,"M",9.8,4,5,17,2,1,0,1,0,14,23,16,35,3,11,10
85,"M",9.8,4,5,18,2,1,0,1,0,14,23,16,35,3,11,10
85,"M",9.8,4,5,24,2,0,0,0,1,14,23,16,35,3,11,10
85,"M",9.8,4,5,25,2,0,0,0,1,14,23,16,35,3,11,10
85,"M",9.8,4,5,26,2,1,0,0,1,14,23,16,35,3,11,10
85,"M",9.8,4,5,27,2,1,0,0,1,14,23,16,35,3,11,10
85,"M",9.8,4,5,28,2,0,0,0,1,14,23,16,35,3,11,10
85,"M",9.8,4,5,30,2,0,0,0,1,14,23,16,35,3,11,10
85,"M",9.8,4,5,31,2,0,0,0,1,14,23,16,35,3,11,10
85,"M",9.8,4,5,32,2,1,0,0,1,14,23,16,35,3,11,10
85,"M",9.8,4,5,33,2,0,0,1,0,14,23,16,35,3,11,10
85,"M",9.8,4,5,35,2,0,0,0,1,14,23,16,35,3,11,10
85,"M",9.8,4,5,37,2,1,0,0,1,14,23,16,35,3,11,10
85,"M",9.8,4,5,38,2,0,0,0,1,14,23,16,35,3,11,10
85,"M",9.8,4,5,39,2,1,0,1,0,14,23,16,35,3,11,10
85,"M",9.8,4,5,44,2,0,0,0,1,14,23,16,35,3,11,10
85,"M",9.8,4,5,45,2,1,0,0,1,14,23,16,35,3,11,10
85,"M",9.8,4,5,47,2,1,0,0,1,14,23,16,35,3,11,10
85,"M",9.8,4,5,48,2,0,0,0,1,14,23,16,35,3,11,10
85,"M",9.8,4,5,49,2,0,0,1,0,14,23,16,35,3,11,10
85,"M",9.8,4,5,51,2,0,0,0,1,14,23,16,35,3,11,10
85,"M",9.8,4,5,53,2,1,0,1,0,14,23,16,35,3,11,10
85,"M",9.8,4,5,55,2,0,0,0,1,14,23,16,35,3,11,10
85,"M",9.8,4,5,59,2,1,0,0,1,14,23,16,35,3,11,10
85,"M",9.8,4,5,60,2,0,0,0,1,14,23,16,35,3,11,10
86,"F",9.6,4,5,2,1,0,NA,NA,NA,23,13,23,20,8,6,12
86,"F",9.6,4,5,3,1,0,NA,NA,NA,23,13,23,20,8,6,12
86,"F",9.6,4,5,7,1,1,NA,NA,NA,23,13,23,20,8,6,12
86,"F",9.6,4,5,10,1,0,NA,NA,NA,23,13,23,20,8,6,12
86,"F",9.6,4,5,11,1,1,NA,NA,NA,23,13,23,20,8,6,12
86,"F",9.6,4,5,13,1,0,NA,NA,NA,23,13,23,20,8,6,12
86,"F",9.6,4,5,14,1,0,NA,NA,NA,23,13,23,20,8,6,12
86,"F",9.6,4,5,16,1,1,NA,NA,NA,23,13,23,20,8,6,12
86,"F",9.6,4,5,17,1,1,NA,NA,NA,23,13,23,20,8,6,12
86,"F",9.6,4,5,18,1,0,NA,NA,NA,23,13,23,20,8,6,12
86,"F",9.6,4,5,21,1,0,NA,NA,NA,23,13,23,20,8,6,12
86,"F",9.6,4,5,24,1,0,NA,NA,NA,23,13,23,20,8,6,12
86,"F",9.6,4,5,26,1,0,NA,NA,NA,23,13,23,20,8,6,12
86,"F",9.6,4,5,30,1,1,NA,NA,NA,23,13,23,20,8,6,12
86,"F",9.6,4,5,31,1,0,NA,NA,NA,23,13,23,20,8,6,12
86,"F",9.6,4,5,37,1,1,NA,NA,NA,23,13,23,20,8,6,12
86,"F",9.6,4,5,38,1,0,NA,NA,NA,23,13,23,20,8,6,12
86,"F",9.6,4,5,39,1,0,NA,NA,NA,23,13,23,20,8,6,12
86,"F",9.6,4,5,40,1,1,NA,NA,NA,23,13,23,20,8,6,12
86,"F",9.6,4,5,42,1,1,NA,NA,NA,23,13,23,20,8,6,12
86,"F",9.6,4,5,44,1,0,NA,NA,NA,23,13,23,20,8,6,12
86,"F",9.6,4,5,48,1,0,NA,NA,NA,23,13,23,20,8,6,12
86,"F",9.6,4,5,51,1,0,NA,NA,NA,23,13,23,20,8,6,12
86,"F",9.6,4,5,52,1,0,NA,NA,NA,23,13,23,20,8,6,12
86,"F",9.6,4,5,54,1,1,NA,NA,NA,23,13,23,20,8,6,12
86,"F",9.6,4,5,55,1,0,NA,NA,NA,23,13,23,20,8,6,12
86,"F",9.6,4,5,56,1,0,NA,NA,NA,23,13,23,20,8,6,12
86,"F",9.6,4,5,57,1,1,NA,NA,NA,23,13,23,20,8,6,12
86,"F",9.6,4,5,58,1,1,NA,NA,NA,23,13,23,20,8,6,12
86,"F",9.6,4,5,59,1,1,NA,NA,NA,23,13,23,20,8,6,12
86,"F",9.6,4,5,1,2,1,0,0,1,23,13,23,20,8,6,12
86,"F",9.6,4,5,4,2,0,1,0,0,23,13,23,20,8,6,12
86,"F",9.6,4,5,5,2,0,1,0,0,23,13,23,20,8,6,12
86,"F",9.6,4,5,6,2,0,0,1,0,23,13,23,20,8,6,12
86,"F",9.6,4,5,8,2,0,1,0,0,23,13,23,20,8,6,12
86,"F",9.6,4,5,9,2,0,1,0,0,23,13,23,20,8,6,12
86,"F",9.6,4,5,12,2,1,0,0,1,23,13,23,20,8,6,12
86,"F",9.6,4,5,15,2,0,0,0,1,23,13,23,20,8,6,12
86,"F",9.6,4,5,19,2,0,0,1,0,23,13,23,20,8,6,12
86,"F",9.6,4,5,20,2,1,0,1,0,23,13,23,20,8,6,12
86,"F",9.6,4,5,22,2,0,0,0,1,23,13,23,20,8,6,12
86,"F",9.6,4,5,23,2,0,0,0,1,23,13,23,20,8,6,12
86,"F",9.6,4,5,25,2,0,0,0,1,23,13,23,20,8,6,12
86,"F",9.6,4,5,27,2,0,0,1,0,23,13,23,20,8,6,12
86,"F",9.6,4,5,28,2,1,0,0,1,23,13,23,20,8,6,12
86,"F",9.6,4,5,29,2,1,0,0,1,23,13,23,20,8,6,12
86,"F",9.6,4,5,32,2,0,1,0,0,23,13,23,20,8,6,12
86,"F",9.6,4,5,33,2,0,1,0,0,23,13,23,20,8,6,12
86,"F",9.6,4,5,34,2,0,1,0,0,23,13,23,20,8,6,12
86,"F",9.6,4,5,35,2,0,0,0,1,23,13,23,20,8,6,12
86,"F",9.6,4,5,36,2,0,0,1,0,23,13,23,20,8,6,12
86,"F",9.6,4,5,41,2,0,0,0,1,23,13,23,20,8,6,12
86,"F",9.6,4,5,43,2,0,1,0,0,23,13,23,20,8,6,12
86,"F",9.6,4,5,45,2,1,0,1,0,23,13,23,20,8,6,12
86,"F",9.6,4,5,46,2,1,0,0,1,23,13,23,20,8,6,12
86,"F",9.6,4,5,47,2,1,0,1,0,23,13,23,20,8,6,12
86,"F",9.6,4,5,49,2,0,1,0,0,23,13,23,20,8,6,12
86,"F",9.6,4,5,50,2,0,1,0,0,23,13,23,20,8,6,12
86,"F",9.6,4,5,53,2,1,0,0,1,23,13,23,20,8,6,12
86,"F",9.6,4,5,60,2,0,0,0,1,23,13,23,20,8,6,12
87,"F",9.2,4,5,1,1,0,NA,NA,NA,39,12,15,23,5,9,14
87,"F",9.2,4,5,3,1,0,NA,NA,NA,39,12,15,23,5,9,14
87,"F",9.2,4,5,5,1,1,NA,NA,NA,39,12,15,23,5,9,14
87,"F",9.2,4,5,6,1,0,NA,NA,NA,39,12,15,23,5,9,14
87,"F",9.2,4,5,10,1,1,NA,NA,NA,39,12,15,23,5,9,14
87,"F",9.2,4,5,11,1,0,NA,NA,NA,39,12,15,23,5,9,14
87,"F",9.2,4,5,12,1,0,NA,NA,NA,39,12,15,23,5,9,14
87,"F",9.2,4,5,14,1,1,NA,NA,NA,39,12,15,23,5,9,14
87,"F",9.2,4,5,15,1,0,NA,NA,NA,39,12,15,23,5,9,14
87,"F",9.2,4,5,16,1,0,NA,NA,NA,39,12,15,23,5,9,14
87,"F",9.2,4,5,18,1,0,NA,NA,NA,39,12,15,23,5,9,14
87,"F",9.2,4,5,19,1,1,NA,NA,NA,39,12,15,23,5,9,14
87,"F",9.2,4,5,22,1,0,NA,NA,NA,39,12,15,23,5,9,14
87,"F",9.2,4,5,25,1,1,NA,NA,NA,39,12,15,23,5,9,14
87,"F",9.2,4,5,27,1,1,NA,NA,NA,39,12,15,23,5,9,14
87,"F",9.2,4,5,28,1,0,NA,NA,NA,39,12,15,23,5,9,14
87,"F",9.2,4,5,30,1,1,NA,NA,NA,39,12,15,23,5,9,14
87,"F",9.2,4,5,31,1,1,NA,NA,NA,39,12,15,23,5,9,14
87,"F",9.2,4,5,32,1,1,NA,NA,NA,39,12,15,23,5,9,14
87,"F",9.2,4,5,33,1,1,NA,NA,NA,39,12,15,23,5,9,14
87,"F",9.2,4,5,34,1,0,NA,NA,NA,39,12,15,23,5,9,14
87,"F",9.2,4,5,35,1,0,NA,NA,NA,39,12,15,23,5,9,14
87,"F",9.2,4,5,36,1,0,NA,NA,NA,39,12,15,23,5,9,14
87,"F",9.2,4,5,39,1,0,NA,NA,NA,39,12,15,23,5,9,14
87,"F",9.2,4,5,43,1,1,NA,NA,NA,39,12,15,23,5,9,14
87,"F",9.2,4,5,44,1,1,NA,NA,NA,39,12,15,23,5,9,14
87,"F",9.2,4,5,46,1,0,NA,NA,NA,39,12,15,23,5,9,14
87,"F",9.2,4,5,47,1,1,NA,NA,NA,39,12,15,23,5,9,14
87,"F",9.2,4,5,55,1,0,NA,NA,NA,39,12,15,23,5,9,14
87,"F",9.2,4,5,59,1,1,NA,NA,NA,39,12,15,23,5,9,14
87,"F",9.2,4,5,2,2,0,0,1,0,39,12,15,23,5,9,14
87,"F",9.2,4,5,4,2,0,0,1,0,39,12,15,23,5,9,14
87,"F",9.2,4,5,7,2,1,0,0,1,39,12,15,23,5,9,14
87,"F",9.2,4,5,8,2,1,0,1,0,39,12,15,23,5,9,14
87,"F",9.2,4,5,9,2,1,0,0,1,39,12,15,23,5,9,14
87,"F",9.2,4,5,13,2,0,0,1,0,39,12,15,23,5,9,14
87,"F",9.2,4,5,17,2,1,0,1,0,39,12,15,23,5,9,14
87,"F",9.2,4,5,20,2,0,1,0,0,39,12,15,23,5,9,14
87,"F",9.2,4,5,21,2,1,0,1,0,39,12,15,23,5,9,14
87,"F",9.2,4,5,23,2,1,0,1,0,39,12,15,23,5,9,14
87,"F",9.2,4,5,24,2,0,0,0,1,39,12,15,23,5,9,14
87,"F",9.2,4,5,26,2,1,0,0,1,39,12,15,23,5,9,14
87,"F",9.2,4,5,29,2,1,0,1,0,39,12,15,23,5,9,14
87,"F",9.2,4,5,37,2,1,0,1,0,39,12,15,23,5,9,14
87,"F",9.2,4,5,38,2,0,0,1,0,39,12,15,23,5,9,14
87,"F",9.2,4,5,40,2,1,0,0,1,39,12,15,23,5,9,14
87,"F",9.2,4,5,41,2,0,0,1,0,39,12,15,23,5,9,14
87,"F",9.2,4,5,42,2,0,0,1,0,39,12,15,23,5,9,14
87,"F",9.2,4,5,45,2,1,0,0,1,39,12,15,23,5,9,14
87,"F",9.2,4,5,48,2,0,0,1,0,39,12,15,23,5,9,14
87,"F",9.2,4,5,49,2,1,0,0,1,39,12,15,23,5,9,14
87,"F",9.2,4,5,50,2,0,0,1,0,39,12,15,23,5,9,14
87,"F",9.2,4,5,51,2,0,1,0,0,39,12,15,23,5,9,14
87,"F",9.2,4,5,52,2,0,0,1,0,39,12,15,23,5,9,14
87,"F",9.2,4,5,53,2,0,1,0,0,39,12,15,23,5,9,14
87,"F",9.2,4,5,54,2,0,1,0,0,39,12,15,23,5,9,14
87,"F",9.2,4,5,56,2,1,0,1,0,39,12,15,23,5,9,14
87,"F",9.2,4,5,57,2,0,1,0,0,39,12,15,23,5,9,14
87,"F",9.2,4,5,58,2,1,0,1,0,39,12,15,23,5,9,14
87,"F",9.2,4,5,60,2,0,0,1,0,39,12,15,23,5,9,14
88,"M",9.1,4,5,2,1,0,NA,NA,NA,24,16,19,23,7,9,17
88,"M",9.1,4,5,3,1,0,NA,NA,NA,24,16,19,23,7,9,17
88,"M",9.1,4,5,5,1,0,NA,NA,NA,24,16,19,23,7,9,17
88,"M",9.1,4,5,6,1,0,NA,NA,NA,24,16,19,23,7,9,17
88,"M",9.1,4,5,7,1,1,NA,NA,NA,24,16,19,23,7,9,17
88,"M",9.1,4,5,14,1,1,NA,NA,NA,24,16,19,23,7,9,17
88,"M",9.1,4,5,15,1,0,NA,NA,NA,24,16,19,23,7,9,17
88,"M",9.1,4,5,16,1,1,NA,NA,NA,24,16,19,23,7,9,17
88,"M",9.1,4,5,17,1,1,NA,NA,NA,24,16,19,23,7,9,17
88,"M",9.1,4,5,19,1,1,NA,NA,NA,24,16,19,23,7,9,17
88,"M",9.1,4,5,20,1,1,NA,NA,NA,24,16,19,23,7,9,17
88,"M",9.1,4,5,23,1,1,NA,NA,NA,24,16,19,23,7,9,17
88,"M",9.1,4,5,24,1,0,NA,NA,NA,24,16,19,23,7,9,17
88,"M",9.1,4,5,28,1,0,NA,NA,NA,24,16,19,23,7,9,17
88,"M",9.1,4,5,29,1,1,NA,NA,NA,24,16,19,23,7,9,17
88,"M",9.1,4,5,31,1,1,NA,NA,NA,24,16,19,23,7,9,17
88,"M",9.1,4,5,32,1,0,NA,NA,NA,24,16,19,23,7,9,17
88,"M",9.1,4,5,33,1,0,NA,NA,NA,24,16,19,23,7,9,17
88,"M",9.1,4,5,34,1,0,NA,NA,NA,24,16,19,23,7,9,17
88,"M",9.1,4,5,35,1,1,NA,NA,NA,24,16,19,23,7,9,17
88,"M",9.1,4,5,38,1,1,NA,NA,NA,24,16,19,23,7,9,17
88,"M",9.1,4,5,41,1,1,NA,NA,NA,24,16,19,23,7,9,17
88,"M",9.1,4,5,45,1,1,NA,NA,NA,24,16,19,23,7,9,17
88,"M",9.1,4,5,46,1,1,NA,NA,NA,24,16,19,23,7,9,17
88,"M",9.1,4,5,49,1,0,NA,NA,NA,24,16,19,23,7,9,17
88,"M",9.1,4,5,53,1,1,NA,NA,NA,24,16,19,23,7,9,17
88,"M",9.1,4,5,55,1,0,NA,NA,NA,24,16,19,23,7,9,17
88,"M",9.1,4,5,58,1,1,NA,NA,NA,24,16,19,23,7,9,17
88,"M",9.1,4,5,59,1,1,NA,NA,NA,24,16,19,23,7,9,17
88,"M",9.1,4,5,60,1,0,NA,NA,NA,24,16,19,23,7,9,17
88,"M",9.1,4,5,1,2,1,0,1,0,24,16,19,23,7,9,17
88,"M",9.1,4,5,4,2,0,0,0,1,24,16,19,23,7,9,17
88,"M",9.1,4,5,8,2,0,0,1,0,24,16,19,23,7,9,17
88,"M",9.1,4,5,9,2,1,0,0,1,24,16,19,23,7,9,17
88,"M",9.1,4,5,10,2,1,0,0,1,24,16,19,23,7,9,17
88,"M",9.1,4,5,11,2,1,0,1,0,24,16,19,23,7,9,17
88,"M",9.1,4,5,12,2,1,0,0,1,24,16,19,23,7,9,17
88,"M",9.1,4,5,13,2,0,0,0,1,24,16,19,23,7,9,17
88,"M",9.1,4,5,18,2,0,0,0,1,24,16,19,23,7,9,17
88,"M",9.1,4,5,21,2,1,0,1,0,24,16,19,23,7,9,17
88,"M",9.1,4,5,22,2,1,0,1,0,24,16,19,23,7,9,17
88,"M",9.1,4,5,25,2,1,0,1,0,24,16,19,23,7,9,17
88,"M",9.1,4,5,26,2,0,0,0,1,24,16,19,23,7,9,17
88,"M",9.1,4,5,27,2,1,0,0,1,24,16,19,23,7,9,17
88,"M",9.1,4,5,30,2,1,0,0,1,24,16,19,23,7,9,17
88,"M",9.1,4,5,36,2,1,0,0,1,24,16,19,23,7,9,17
88,"M",9.1,4,5,37,2,1,0,1,0,24,16,19,23,7,9,17
88,"M",9.1,4,5,39,2,1,0,0,1,24,16,19,23,7,9,17
88,"M",9.1,4,5,40,2,1,0,1,0,24,16,19,23,7,9,17
88,"M",9.1,4,5,42,2,0,0,1,0,24,16,19,23,7,9,17
88,"M",9.1,4,5,43,2,0,0,0,1,24,16,19,23,7,9,17
88,"M",9.1,4,5,44,2,1,0,1,0,24,16,19,23,7,9,17
88,"M",9.1,4,5,47,2,1,0,0,1,24,16,19,23,7,9,17
88,"M",9.1,4,5,48,2,0,0,1,0,24,16,19,23,7,9,17
88,"M",9.1,4,5,50,2,1,0,0,1,24,16,19,23,7,9,17
88,"M",9.1,4,5,51,2,1,0,1,0,24,16,19,23,7,9,17
88,"M",9.1,4,5,52,2,1,0,0,1,24,16,19,23,7,9,17
88,"M",9.1,4,5,54,2,0,0,0,1,24,16,19,23,7,9,17
88,"M",9.1,4,5,56,2,0,0,1,0,24,16,19,23,7,9,17
88,"M",9.1,4,5,57,2,1,0,0,1,24,16,19,23,7,9,17
89,"M",9.1,4,5,1,1,1,NA,NA,NA,27,12,37,27,8,9,21
89,"M",9.1,4,5,2,1,0,NA,NA,NA,27,12,37,27,8,9,21
89,"M",9.1,4,5,4,1,0,NA,NA,NA,27,12,37,27,8,9,21
89,"M",9.1,4,5,5,1,1,NA,NA,NA,27,12,37,27,8,9,21
89,"M",9.1,4,5,7,1,1,NA,NA,NA,27,12,37,27,8,9,21
89,"M",9.1,4,5,11,1,1,NA,NA,NA,27,12,37,27,8,9,21
89,"M",9.1,4,5,13,1,0,NA,NA,NA,27,12,37,27,8,9,21
89,"M",9.1,4,5,14,1,1,NA,NA,NA,27,12,37,27,8,9,21
89,"M",9.1,4,5,16,1,0,NA,NA,NA,27,12,37,27,8,9,21
89,"M",9.1,4,5,18,1,0,NA,NA,NA,27,12,37,27,8,9,21
89,"M",9.1,4,5,19,1,1,NA,NA,NA,27,12,37,27,8,9,21
89,"M",9.1,4,5,20,1,0,NA,NA,NA,27,12,37,27,8,9,21
89,"M",9.1,4,5,21,1,1,NA,NA,NA,27,12,37,27,8,9,21
89,"M",9.1,4,5,26,1,1,NA,NA,NA,27,12,37,27,8,9,21
89,"M",9.1,4,5,27,1,1,NA,NA,NA,27,12,37,27,8,9,21
89,"M",9.1,4,5,28,1,1,NA,NA,NA,27,12,37,27,8,9,21
89,"M",9.1,4,5,29,1,1,NA,NA,NA,27,12,37,27,8,9,21
89,"M",9.1,4,5,30,1,1,NA,NA,NA,27,12,37,27,8,9,21
89,"M",9.1,4,5,32,1,1,NA,NA,NA,27,12,37,27,8,9,21
89,"M",9.1,4,5,39,1,0,NA,NA,NA,27,12,37,27,8,9,21
89,"M",9.1,4,5,41,1,1,NA,NA,NA,27,12,37,27,8,9,21
89,"M",9.1,4,5,43,1,1,NA,NA,NA,27,12,37,27,8,9,21
89,"M",9.1,4,5,44,1,1,NA,NA,NA,27,12,37,27,8,9,21
89,"M",9.1,4,5,45,1,1,NA,NA,NA,27,12,37,27,8,9,21
89,"M",9.1,4,5,46,1,1,NA,NA,NA,27,12,37,27,8,9,21
89,"M",9.1,4,5,48,1,1,NA,NA,NA,27,12,37,27,8,9,21
89,"M",9.1,4,5,49,1,0,NA,NA,NA,27,12,37,27,8,9,21
89,"M",9.1,4,5,52,1,0,NA,NA,NA,27,12,37,27,8,9,21
89,"M",9.1,4,5,53,1,1,NA,NA,NA,27,12,37,27,8,9,21
89,"M",9.1,4,5,57,1,1,NA,NA,NA,27,12,37,27,8,9,21
89,"M",9.1,4,5,3,2,1,0,0,1,27,12,37,27,8,9,21
89,"M",9.1,4,5,6,2,0,1,0,0,27,12,37,27,8,9,21
89,"M",9.1,4,5,8,2,1,0,0,1,27,12,37,27,8,9,21
89,"M",9.1,4,5,9,2,0,1,0,0,27,12,37,27,8,9,21
89,"M",9.1,4,5,10,2,0,1,0,0,27,12,37,27,8,9,21
89,"M",9.1,4,5,12,2,0,1,0,0,27,12,37,27,8,9,21
89,"M",9.1,4,5,15,2,0,0,0,1,27,12,37,27,8,9,21
89,"M",9.1,4,5,17,2,0,1,0,0,27,12,37,27,8,9,21
89,"M",9.1,4,5,22,2,1,0,0,1,27,12,37,27,8,9,21
89,"M",9.1,4,5,23,2,0,1,0,0,27,12,37,27,8,9,21
89,"M",9.1,4,5,24,2,0,1,0,0,27,12,37,27,8,9,21
89,"M",9.1,4,5,25,2,0,1,0,0,27,12,37,27,8,9,21
89,"M",9.1,4,5,31,2,0,1,0,0,27,12,37,27,8,9,21
89,"M",9.1,4,5,33,2,0,1,0,0,27,12,37,27,8,9,21
89,"M",9.1,4,5,34,2,0,1,0,0,27,12,37,27,8,9,21
89,"M",9.1,4,5,35,2,0,1,0,0,27,12,37,27,8,9,21
89,"M",9.1,4,5,36,2,0,0,0,1,27,12,37,27,8,9,21
89,"M",9.1,4,5,37,2,0,1,0,0,27,12,37,27,8,9,21
89,"M",9.1,4,5,38,2,0,1,0,0,27,12,37,27,8,9,21
89,"M",9.1,4,5,40,2,0,1,0,0,27,12,37,27,8,9,21
89,"M",9.1,4,5,42,2,1,0,0,1,27,12,37,27,8,9,21
89,"M",9.1,4,5,47,2,0,1,0,0,27,12,37,27,8,9,21
89,"M",9.1,4,5,50,2,0,1,0,0,27,12,37,27,8,9,21
89,"M",9.1,4,5,51,2,0,1,0,0,27,12,37,27,8,9,21
89,"M",9.1,4,5,54,2,0,1,0,0,27,12,37,27,8,9,21
89,"M",9.1,4,5,55,2,0,1,0,0,27,12,37,27,8,9,21
89,"M",9.1,4,5,56,2,0,1,0,0,27,12,37,27,8,9,21
89,"M",9.1,4,5,58,2,0,1,0,0,27,12,37,27,8,9,21
89,"M",9.1,4,5,59,2,0,1,0,0,27,12,37,27,8,9,21
89,"M",9.1,4,5,60,2,0,1,0,0,27,12,37,27,8,9,21
90,"F",9.3,4,5,1,1,1,NA,NA,NA,19,19,17,31,7,7,18
90,"F",9.3,4,5,9,1,1,NA,NA,NA,19,19,17,31,7,7,18
90,"F",9.3,4,5,12,1,1,NA,NA,NA,19,19,17,31,7,7,18
90,"F",9.3,4,5,13,1,0,NA,NA,NA,19,19,17,31,7,7,18
90,"F",9.3,4,5,14,1,1,NA,NA,NA,19,19,17,31,7,7,18
90,"F",9.3,4,5,16,1,1,NA,NA,NA,19,19,17,31,7,7,18
90,"F",9.3,4,5,17,1,0,NA,NA,NA,19,19,17,31,7,7,18
90,"F",9.3,4,5,18,1,0,NA,NA,NA,19,19,17,31,7,7,18
90,"F",9.3,4,5,19,1,0,NA,NA,NA,19,19,17,31,7,7,18
90,"F",9.3,4,5,20,1,1,NA,NA,NA,19,19,17,31,7,7,18
90,"F",9.3,4,5,22,1,0,NA,NA,NA,19,19,17,31,7,7,18
90,"F",9.3,4,5,23,1,1,NA,NA,NA,19,19,17,31,7,7,18
90,"F",9.3,4,5,24,1,1,NA,NA,NA,19,19,17,31,7,7,18
90,"F",9.3,4,5,25,1,0,NA,NA,NA,19,19,17,31,7,7,18
90,"F",9.3,4,5,29,1,1,NA,NA,NA,19,19,17,31,7,7,18
90,"F",9.3,4,5,31,1,1,NA,NA,NA,19,19,17,31,7,7,18
90,"F",9.3,4,5,32,1,1,NA,NA,NA,19,19,17,31,7,7,18
90,"F",9.3,4,5,33,1,1,NA,NA,NA,19,19,17,31,7,7,18
90,"F",9.3,4,5,35,1,1,NA,NA,NA,19,19,17,31,7,7,18
90,"F",9.3,4,5,36,1,1,NA,NA,NA,19,19,17,31,7,7,18
90,"F",9.3,4,5,37,1,0,NA,NA,NA,19,19,17,31,7,7,18
90,"F",9.3,4,5,41,1,1,NA,NA,NA,19,19,17,31,7,7,18
90,"F",9.3,4,5,42,1,1,NA,NA,NA,19,19,17,31,7,7,18
90,"F",9.3,4,5,44,1,0,NA,NA,NA,19,19,17,31,7,7,18
90,"F",9.3,4,5,47,1,1,NA,NA,NA,19,19,17,31,7,7,18
90,"F",9.3,4,5,50,1,0,NA,NA,NA,19,19,17,31,7,7,18
90,"F",9.3,4,5,53,1,0,NA,NA,NA,19,19,17,31,7,7,18
90,"F",9.3,4,5,54,1,0,NA,NA,NA,19,19,17,31,7,7,18
90,"F",9.3,4,5,57,1,1,NA,NA,NA,19,19,17,31,7,7,18
90,"F",9.3,4,5,59,1,0,NA,NA,NA,19,19,17,31,7,7,18
90,"F",9.3,4,5,2,2,1,0,0,1,19,19,17,31,7,7,18
90,"F",9.3,4,5,3,2,0,0,0,1,19,19,17,31,7,7,18
90,"F",9.3,4,5,4,2,0,0,0,1,19,19,17,31,7,7,18
90,"F",9.3,4,5,5,2,0,0,0,1,19,19,17,31,7,7,18
90,"F",9.3,4,5,6,2,1,0,0,1,19,19,17,31,7,7,18
90,"F",9.3,4,5,7,2,1,0,0,1,19,19,17,31,7,7,18
90,"F",9.3,4,5,8,2,1,0,0,1,19,19,17,31,7,7,18
90,"F",9.3,4,5,10,2,1,0,1,0,19,19,17,31,7,7,18
90,"F",9.3,4,5,11,2,1,0,0,1,19,19,17,31,7,7,18
90,"F",9.3,4,5,15,2,0,0,0,1,19,19,17,31,7,7,18
90,"F",9.3,4,5,21,2,1,0,0,1,19,19,17,31,7,7,18
90,"F",9.3,4,5,26,2,0,0,0,1,19,19,17,31,7,7,18
90,"F",9.3,4,5,27,2,1,0,0,1,19,19,17,31,7,7,18
90,"F",9.3,4,5,28,2,0,0,0,1,19,19,17,31,7,7,18
90,"F",9.3,4,5,30,2,1,0,1,0,19,19,17,31,7,7,18
90,"F",9.3,4,5,34,2,0,0,1,0,19,19,17,31,7,7,18
90,"F",9.3,4,5,38,2,1,0,1,0,19,19,17,31,7,7,18
90,"F",9.3,4,5,39,2,0,0,0,1,19,19,17,31,7,7,18
90,"F",9.3,4,5,40,2,1,0,0,1,19,19,17,31,7,7,18
90,"F",9.3,4,5,43,2,1,0,0,1,19,19,17,31,7,7,18
90,"F",9.3,4,5,45,2,1,0,0,1,19,19,17,31,7,7,18
90,"F",9.3,4,5,46,2,0,0,0,1,19,19,17,31,7,7,18
90,"F",9.3,4,5,48,2,0,0,0,1,19,19,17,31,7,7,18
90,"F",9.3,4,5,49,2,1,0,1,0,19,19,17,31,7,7,18
90,"F",9.3,4,5,51,2,0,0,0,1,19,19,17,31,7,7,18
90,"F",9.3,4,5,52,2,0,0,0,1,19,19,17,31,7,7,18
90,"F",9.3,4,5,55,2,0,0,0,1,19,19,17,31,7,7,18
90,"F",9.3,4,5,56,2,1,0,0,1,19,19,17,31,7,7,18
90,"F",9.3,4,5,58,2,1,0,0,1,19,19,17,31,7,7,18
90,"F",9.3,4,5,60,2,0,0,0,1,19,19,17,31,7,7,18
91,"M",9.7,4,5,5,1,0,NA,NA,NA,22,17,22,29,5,9,17
91,"M",9.7,4,5,6,1,1,NA,NA,NA,22,17,22,29,5,9,17
91,"M",9.7,4,5,7,1,1,NA,NA,NA,22,17,22,29,5,9,17
91,"M",9.7,4,5,8,1,1,NA,NA,NA,22,17,22,29,5,9,17
91,"M",9.7,4,5,9,1,0,NA,NA,NA,22,17,22,29,5,9,17
91,"M",9.7,4,5,10,1,1,NA,NA,NA,22,17,22,29,5,9,17
91,"M",9.7,4,5,12,1,1,NA,NA,NA,22,17,22,29,5,9,17
91,"M",9.7,4,5,13,1,0,NA,NA,NA,22,17,22,29,5,9,17
91,"M",9.7,4,5,14,1,0,NA,NA,NA,22,17,22,29,5,9,17
91,"M",9.7,4,5,16,1,0,NA,NA,NA,22,17,22,29,5,9,17
91,"M",9.7,4,5,25,1,0,NA,NA,NA,22,17,22,29,5,9,17
91,"M",9.7,4,5,26,1,0,NA,NA,NA,22,17,22,29,5,9,17
91,"M",9.7,4,5,28,1,0,NA,NA,NA,22,17,22,29,5,9,17
91,"M",9.7,4,5,30,1,1,NA,NA,NA,22,17,22,29,5,9,17
91,"M",9.7,4,5,33,1,1,NA,NA,NA,22,17,22,29,5,9,17
91,"M",9.7,4,5,34,1,0,NA,NA,NA,22,17,22,29,5,9,17
91,"M",9.7,4,5,36,1,1,NA,NA,NA,22,17,22,29,5,9,17
91,"M",9.7,4,5,37,1,1,NA,NA,NA,22,17,22,29,5,9,17
91,"M",9.7,4,5,38,1,1,NA,NA,NA,22,17,22,29,5,9,17
91,"M",9.7,4,5,39,1,1,NA,NA,NA,22,17,22,29,5,9,17
91,"M",9.7,4,5,41,1,1,NA,NA,NA,22,17,22,29,5,9,17
91,"M",9.7,4,5,42,1,1,NA,NA,NA,22,17,22,29,5,9,17
91,"M",9.7,4,5,44,1,0,NA,NA,NA,22,17,22,29,5,9,17
91,"M",9.7,4,5,46,1,1,NA,NA,NA,22,17,22,29,5,9,17
91,"M",9.7,4,5,47,1,1,NA,NA,NA,22,17,22,29,5,9,17
91,"M",9.7,4,5,53,1,1,NA,NA,NA,22,17,22,29,5,9,17
91,"M",9.7,4,5,54,1,0,NA,NA,NA,22,17,22,29,5,9,17
91,"M",9.7,4,5,58,1,0,NA,NA,NA,22,17,22,29,5,9,17
91,"M",9.7,4,5,59,1,1,NA,NA,NA,22,17,22,29,5,9,17
91,"M",9.7,4,5,60,1,0,NA,NA,NA,22,17,22,29,5,9,17
91,"M",9.7,4,5,1,2,0,0,0,1,22,17,22,29,5,9,17
91,"M",9.7,4,5,2,2,1,0,1,0,22,17,22,29,5,9,17
91,"M",9.7,4,5,3,2,0,0,0,1,22,17,22,29,5,9,17
91,"M",9.7,4,5,4,2,1,0,0,1,22,17,22,29,5,9,17
91,"M",9.7,4,5,11,2,1,0,1,0,22,17,22,29,5,9,17
91,"M",9.7,4,5,15,2,0,0,0,1,22,17,22,29,5,9,17
91,"M",9.7,4,5,17,2,1,0,0,1,22,17,22,29,5,9,17
91,"M",9.7,4,5,18,2,0,0,1,0,22,17,22,29,5,9,17
91,"M",9.7,4,5,19,2,1,0,0,1,22,17,22,29,5,9,17
91,"M",9.7,4,5,20,2,0,1,0,0,22,17,22,29,5,9,17
91,"M",9.7,4,5,21,2,1,0,0,1,22,17,22,29,5,9,17
91,"M",9.7,4,5,22,2,1,0,0,1,22,17,22,29,5,9,17
91,"M",9.7,4,5,23,2,1,0,0,1,22,17,22,29,5,9,17
91,"M",9.7,4,5,24,2,0,0,1,0,22,17,22,29,5,9,17
91,"M",9.7,4,5,27,2,1,0,1,0,22,17,22,29,5,9,17
91,"M",9.7,4,5,29,2,1,0,1,0,22,17,22,29,5,9,17
91,"M",9.7,4,5,31,2,1,0,0,1,22,17,22,29,5,9,17
91,"M",9.7,4,5,32,2,0,0,0,1,22,17,22,29,5,9,17
91,"M",9.7,4,5,35,2,0,0,0,1,22,17,22,29,5,9,17
91,"M",9.7,4,5,40,2,0,1,0,0,22,17,22,29,5,9,17
91,"M",9.7,4,5,43,2,1,0,0,1,22,17,22,29,5,9,17
91,"M",9.7,4,5,45,2,0,1,0,0,22,17,22,29,5,9,17
91,"M",9.7,4,5,48,2,0,0,0,1,22,17,22,29,5,9,17
91,"M",9.7,4,5,49,2,1,0,0,1,22,17,22,29,5,9,17
91,"M",9.7,4,5,50,2,0,0,1,0,22,17,22,29,5,9,17
91,"M",9.7,4,5,51,2,1,0,0,1,22,17,22,29,5,9,17
91,"M",9.7,4,5,52,2,0,0,1,0,22,17,22,29,5,9,17
91,"M",9.7,4,5,55,2,0,1,0,0,22,17,22,29,5,9,17
91,"M",9.7,4,5,56,2,1,0,0,1,22,17,22,29,5,9,17
91,"M",9.7,4,5,57,2,1,0,0,1,22,17,22,29,5,9,17
92,"M",9,4,5,1,1,0,NA,NA,NA,11,26,12,33,6,11,14
92,"M",9,4,5,2,1,1,NA,NA,NA,11,26,12,33,6,11,14
92,"M",9,4,5,4,1,1,NA,NA,NA,11,26,12,33,6,11,14
92,"M",9,4,5,5,1,0,NA,NA,NA,11,26,12,33,6,11,14
92,"M",9,4,5,9,1,0,NA,NA,NA,11,26,12,33,6,11,14
92,"M",9,4,5,17,1,1,NA,NA,NA,11,26,12,33,6,11,14
92,"M",9,4,5,20,1,0,NA,NA,NA,11,26,12,33,6,11,14
92,"M",9,4,5,21,1,1,NA,NA,NA,11,26,12,33,6,11,14
92,"M",9,4,5,22,1,1,NA,NA,NA,11,26,12,33,6,11,14
92,"M",9,4,5,23,1,0,NA,NA,NA,11,26,12,33,6,11,14
92,"M",9,4,5,26,1,0,NA,NA,NA,11,26,12,33,6,11,14
92,"M",9,4,5,28,1,0,NA,NA,NA,11,26,12,33,6,11,14
92,"M",9,4,5,29,1,1,NA,NA,NA,11,26,12,33,6,11,14
92,"M",9,4,5,33,1,1,NA,NA,NA,11,26,12,33,6,11,14
92,"M",9,4,5,35,1,0,NA,NA,NA,11,26,12,33,6,11,14
92,"M",9,4,5,36,1,0,NA,NA,NA,11,26,12,33,6,11,14
92,"M",9,4,5,38,1,0,NA,NA,NA,11,26,12,33,6,11,14
92,"M",9,4,5,41,1,0,NA,NA,NA,11,26,12,33,6,11,14
92,"M",9,4,5,44,1,0,NA,NA,NA,11,26,12,33,6,11,14
92,"M",9,4,5,45,1,1,NA,NA,NA,11,26,12,33,6,11,14
92,"M",9,4,5,46,1,1,NA,NA,NA,11,26,12,33,6,11,14
92,"M",9,4,5,48,1,1,NA,NA,NA,11,26,12,33,6,11,14
92,"M",9,4,5,49,1,0,NA,NA,NA,11,26,12,33,6,11,14
92,"M",9,4,5,50,1,1,NA,NA,NA,11,26,12,33,6,11,14
92,"M",9,4,5,53,1,1,NA,NA,NA,11,26,12,33,6,11,14
92,"M",9,4,5,54,1,1,NA,NA,NA,11,26,12,33,6,11,14
92,"M",9,4,5,55,1,0,NA,NA,NA,11,26,12,33,6,11,14
92,"M",9,4,5,58,1,1,NA,NA,NA,11,26,12,33,6,11,14
92,"M",9,4,5,59,1,0,NA,NA,NA,11,26,12,33,6,11,14
92,"M",9,4,5,60,1,0,NA,NA,NA,11,26,12,33,6,11,14
92,"M",9,4,5,3,2,0,0,0,1,11,26,12,33,6,11,14
92,"M",9,4,5,6,2,0,0,0,1,11,26,12,33,6,11,14
92,"M",9,4,5,7,2,1,0,0,1,11,26,12,33,6,11,14
92,"M",9,4,5,8,2,0,0,0,1,11,26,12,33,6,11,14
92,"M",9,4,5,10,2,1,0,0,1,11,26,12,33,6,11,14
92,"M",9,4,5,11,2,1,0,1,0,11,26,12,33,6,11,14
92,"M",9,4,5,12,2,0,0,0,1,11,26,12,33,6,11,14
92,"M",9,4,5,13,2,0,0,0,1,11,26,12,33,6,11,14
92,"M",9,4,5,14,2,1,0,0,1,11,26,12,33,6,11,14
92,"M",9,4,5,15,2,1,0,0,1,11,26,12,33,6,11,14
92,"M",9,4,5,16,2,0,0,1,0,11,26,12,33,6,11,14
92,"M",9,4,5,18,2,0,0,0,1,11,26,12,33,6,11,14
92,"M",9,4,5,19,2,1,0,0,1,11,26,12,33,6,11,14
92,"M",9,4,5,24,2,1,0,0,1,11,26,12,33,6,11,14
92,"M",9,4,5,25,2,1,0,0,1,11,26,12,33,6,11,14
92,"M",9,4,5,27,2,0,0,0,1,11,26,12,33,6,11,14
92,"M",9,4,5,30,2,1,0,0,1,11,26,12,33,6,11,14
92,"M",9,4,5,31,2,0,0,0,1,11,26,12,33,6,11,14
92,"M",9,4,5,32,2,0,0,0,1,11,26,12,33,6,11,14
92,"M",9,4,5,34,2,1,0,0,1,11,26,12,33,6,11,14
92,"M",9,4,5,37,2,1,0,0,1,11,26,12,33,6,11,14
92,"M",9,4,5,39,2,1,0,1,0,11,26,12,33,6,11,14
92,"M",9,4,5,40,2,0,0,0,1,11,26,12,33,6,11,14
92,"M",9,4,5,42,2,0,0,0,1,11,26,12,33,6,11,14
92,"M",9,4,5,43,2,0,0,0,1,11,26,12,33,6,11,14
92,"M",9,4,5,47,2,1,0,0,1,11,26,12,33,6,11,14
92,"M",9,4,5,51,2,0,0,0,1,11,26,12,33,6,11,14
92,"M",9,4,5,52,2,0,0,0,1,11,26,12,33,6,11,14
92,"M",9,4,5,56,2,0,0,0,1,11,26,12,33,6,11,14
92,"M",9,4,5,57,2,1,0,0,1,11,26,12,33,6,11,14
93,"M",9.2,4,5,1,1,1,NA,NA,NA,21,19,31,30,7,8,20
93,"M",9.2,4,5,2,1,0,NA,NA,NA,21,19,31,30,7,8,20
93,"M",9.2,4,5,4,1,1,NA,NA,NA,21,19,31,30,7,8,20
93,"M",9.2,4,5,6,1,0,NA,NA,NA,21,19,31,30,7,8,20
93,"M",9.2,4,5,7,1,1,NA,NA,NA,21,19,31,30,7,8,20
93,"M",9.2,4,5,8,1,0,NA,NA,NA,21,19,31,30,7,8,20
93,"M",9.2,4,5,10,1,1,NA,NA,NA,21,19,31,30,7,8,20
93,"M",9.2,4,5,11,1,1,NA,NA,NA,21,19,31,30,7,8,20
93,"M",9.2,4,5,12,1,1,NA,NA,NA,21,19,31,30,7,8,20
93,"M",9.2,4,5,15,1,1,NA,NA,NA,21,19,31,30,7,8,20
93,"M",9.2,4,5,20,1,1,NA,NA,NA,21,19,31,30,7,8,20
93,"M",9.2,4,5,21,1,0,NA,NA,NA,21,19,31,30,7,8,20
93,"M",9.2,4,5,24,1,0,NA,NA,NA,21,19,31,30,7,8,20
93,"M",9.2,4,5,26,1,0,NA,NA,NA,21,19,31,30,7,8,20
93,"M",9.2,4,5,27,1,1,NA,NA,NA,21,19,31,30,7,8,20
93,"M",9.2,4,5,30,1,1,NA,NA,NA,21,19,31,30,7,8,20
93,"M",9.2,4,5,31,1,1,NA,NA,NA,21,19,31,30,7,8,20
93,"M",9.2,4,5,32,1,0,NA,NA,NA,21,19,31,30,7,8,20
93,"M",9.2,4,5,33,1,1,NA,NA,NA,21,19,31,30,7,8,20
93,"M",9.2,4,5,34,1,0,NA,NA,NA,21,19,31,30,7,8,20
93,"M",9.2,4,5,36,1,1,NA,NA,NA,21,19,31,30,7,8,20
93,"M",9.2,4,5,38,1,1,NA,NA,NA,21,19,31,30,7,8,20
93,"M",9.2,4,5,40,1,0,NA,NA,NA,21,19,31,30,7,8,20
93,"M",9.2,4,5,41,1,0,NA,NA,NA,21,19,31,30,7,8,20
93,"M",9.2,4,5,42,1,1,NA,NA,NA,21,19,31,30,7,8,20
93,"M",9.2,4,5,45,1,1,NA,NA,NA,21,19,31,30,7,8,20
93,"M",9.2,4,5,47,1,1,NA,NA,NA,21,19,31,30,7,8,20
93,"M",9.2,4,5,51,1,1,NA,NA,NA,21,19,31,30,7,8,20
93,"M",9.2,4,5,54,1,1,NA,NA,NA,21,19,31,30,7,8,20
93,"M",9.2,4,5,58,1,1,NA,NA,NA,21,19,31,30,7,8,20
93,"M",9.2,4,5,3,2,0,0,0,1,21,19,31,30,7,8,20
93,"M",9.2,4,5,5,2,1,0,0,1,21,19,31,30,7,8,20
93,"M",9.2,4,5,9,2,1,0,0,1,21,19,31,30,7,8,20
93,"M",9.2,4,5,13,2,0,1,0,0,21,19,31,30,7,8,20
93,"M",9.2,4,5,14,2,1,0,0,1,21,19,31,30,7,8,20
93,"M",9.2,4,5,16,2,0,1,0,0,21,19,31,30,7,8,20
93,"M",9.2,4,5,17,2,0,1,0,0,21,19,31,30,7,8,20
93,"M",9.2,4,5,18,2,0,0,0,1,21,19,31,30,7,8,20
93,"M",9.2,4,5,19,2,1,0,0,1,21,19,31,30,7,8,20
93,"M",9.2,4,5,22,2,1,0,0,1,21,19,31,30,7,8,20
93,"M",9.2,4,5,23,2,1,0,0,1,21,19,31,30,7,8,20
93,"M",9.2,4,5,25,2,0,1,0,0,21,19,31,30,7,8,20
93,"M",9.2,4,5,28,2,1,0,0,1,21,19,31,30,7,8,20
93,"M",9.2,4,5,29,2,0,0,0,1,21,19,31,30,7,8,20
93,"M",9.2,4,5,35,2,1,0,0,1,21,19,31,30,7,8,20
93,"M",9.2,4,5,37,2,1,0,0,1,21,19,31,30,7,8,20
93,"M",9.2,4,5,39,2,1,0,1,0,21,19,31,30,7,8,20
93,"M",9.2,4,5,43,2,1,0,1,0,21,19,31,30,7,8,20
93,"M",9.2,4,5,44,2,0,0,0,1,21,19,31,30,7,8,20
93,"M",9.2,4,5,46,2,0,0,0,1,21,19,31,30,7,8,20
93,"M",9.2,4,5,48,2,1,0,1,0,21,19,31,30,7,8,20
93,"M",9.2,4,5,49,2,0,0,1,0,21,19,31,30,7,8,20
93,"M",9.2,4,5,50,2,0,1,0,0,21,19,31,30,7,8,20
93,"M",9.2,4,5,52,2,0,1,0,0,21,19,31,30,7,8,20
93,"M",9.2,4,5,53,2,1,0,0,1,21,19,31,30,7,8,20
93,"M",9.2,4,5,55,2,0,1,0,0,21,19,31,30,7,8,20
93,"M",9.2,4,5,56,2,1,0,0,1,21,19,31,30,7,8,20
93,"M",9.2,4,5,57,2,0,1,0,0,21,19,31,30,7,8,20
93,"M",9.2,4,5,59,2,0,0,1,0,21,19,31,30,7,8,20
93,"M",9.2,4,5,60,2,0,1,0,0,21,19,31,30,7,8,20
94,"F",9.9,4,5,1,1,1,NA,NA,NA,18,17,29,25,7,6,16
94,"F",9.9,4,5,2,1,1,NA,NA,NA,18,17,29,25,7,6,16
94,"F",9.9,4,5,3,1,0,NA,NA,NA,18,17,29,25,7,6,16
94,"F",9.9,4,5,5,1,1,NA,NA,NA,18,17,29,25,7,6,16
94,"F",9.9,4,5,6,1,1,NA,NA,NA,18,17,29,25,7,6,16
94,"F",9.9,4,5,11,1,1,NA,NA,NA,18,17,29,25,7,6,16
94,"F",9.9,4,5,12,1,0,NA,NA,NA,18,17,29,25,7,6,16
94,"F",9.9,4,5,17,1,1,NA,NA,NA,18,17,29,25,7,6,16
94,"F",9.9,4,5,18,1,1,NA,NA,NA,18,17,29,25,7,6,16
94,"F",9.9,4,5,20,1,0,NA,NA,NA,18,17,29,25,7,6,16
94,"F",9.9,4,5,22,1,0,NA,NA,NA,18,17,29,25,7,6,16
94,"F",9.9,4,5,23,1,0,NA,NA,NA,18,17,29,25,7,6,16
94,"F",9.9,4,5,24,1,0,NA,NA,NA,18,17,29,25,7,6,16
94,"F",9.9,4,5,26,1,0,NA,NA,NA,18,17,29,25,7,6,16
94,"F",9.9,4,5,30,1,1,NA,NA,NA,18,17,29,25,7,6,16
94,"F",9.9,4,5,32,1,1,NA,NA,NA,18,17,29,25,7,6,16
94,"F",9.9,4,5,35,1,0,NA,NA,NA,18,17,29,25,7,6,16
94,"F",9.9,4,5,36,1,1,NA,NA,NA,18,17,29,25,7,6,16
94,"F",9.9,4,5,37,1,1,NA,NA,NA,18,17,29,25,7,6,16
94,"F",9.9,4,5,38,1,0,NA,NA,NA,18,17,29,25,7,6,16
94,"F",9.9,4,5,42,1,1,NA,NA,NA,18,17,29,25,7,6,16
94,"F",9.9,4,5,43,1,0,NA,NA,NA,18,17,29,25,7,6,16
94,"F",9.9,4,5,45,1,0,NA,NA,NA,18,17,29,25,7,6,16
94,"F",9.9,4,5,47,1,1,NA,NA,NA,18,17,29,25,7,6,16
94,"F",9.9,4,5,48,1,0,NA,NA,NA,18,17,29,25,7,6,16
94,"F",9.9,4,5,51,1,1,NA,NA,NA,18,17,29,25,7,6,16
94,"F",9.9,4,5,52,1,1,NA,NA,NA,18,17,29,25,7,6,16
94,"F",9.9,4,5,53,1,1,NA,NA,NA,18,17,29,25,7,6,16
94,"F",9.9,4,5,57,1,0,NA,NA,NA,18,17,29,25,7,6,16
94,"F",9.9,4,5,60,1,0,NA,NA,NA,18,17,29,25,7,6,16
94,"F",9.9,4,5,4,2,0,0,0,1,18,17,29,25,7,6,16
94,"F",9.9,4,5,7,2,1,0,0,1,18,17,29,25,7,6,16
94,"F",9.9,4,5,8,2,0,0,0,1,18,17,29,25,7,6,16
94,"F",9.9,4,5,9,2,0,0,0,1,18,17,29,25,7,6,16
94,"F",9.9,4,5,10,2,1,0,0,1,18,17,29,25,7,6,16
94,"F",9.9,4,5,13,2,0,0,0,1,18,17,29,25,7,6,16
94,"F",9.9,4,5,14,2,0,0,0,1,18,17,29,25,7,6,16
94,"F",9.9,4,5,15,2,0,0,0,1,18,17,29,25,7,6,16
94,"F",9.9,4,5,16,2,0,0,1,0,18,17,29,25,7,6,16
94,"F",9.9,4,5,19,2,0,0,0,1,18,17,29,25,7,6,16
94,"F",9.9,4,5,21,2,0,0,0,1,18,17,29,25,7,6,16
94,"F",9.9,4,5,25,2,0,1,0,0,18,17,29,25,7,6,16
94,"F",9.9,4,5,27,2,1,0,0,1,18,17,29,25,7,6,16
94,"F",9.9,4,5,28,2,0,0,0,1,18,17,29,25,7,6,16
94,"F",9.9,4,5,29,2,0,0,0,1,18,17,29,25,7,6,16
94,"F",9.9,4,5,31,2,0,1,0,0,18,17,29,25,7,6,16
94,"F",9.9,4,5,33,2,0,0,1,0,18,17,29,25,7,6,16
94,"F",9.9,4,5,34,2,0,0,0,1,18,17,29,25,7,6,16
94,"F",9.9,4,5,39,2,0,0,0,1,18,17,29,25,7,6,16
94,"F",9.9,4,5,40,2,0,0,0,1,18,17,29,25,7,6,16
94,"F",9.9,4,5,41,2,0,0,0,1,18,17,29,25,7,6,16
94,"F",9.9,4,5,44,2,0,0,0,1,18,17,29,25,7,6,16
94,"F",9.9,4,5,46,2,0,0,0,1,18,17,29,25,7,6,16
94,"F",9.9,4,5,49,2,0,1,0,0,18,17,29,25,7,6,16
94,"F",9.9,4,5,50,2,0,0,0,1,18,17,29,25,7,6,16
94,"F",9.9,4,5,54,2,0,0,0,1,18,17,29,25,7,6,16
94,"F",9.9,4,5,55,2,0,0,0,1,18,17,29,25,7,6,16
94,"F",9.9,4,5,56,2,1,0,0,1,18,17,29,25,7,6,16
94,"F",9.9,4,5,58,2,0,1,0,0,18,17,29,25,7,6,16
94,"F",9.9,4,5,59,2,1,0,0,1,18,17,29,25,7,6,16
95,"M",9.9,4,5,1,1,1,NA,NA,NA,14,24,18,33,4,9,12
95,"M",9.9,4,5,5,1,1,NA,NA,NA,14,24,18,33,4,9,12
95,"M",9.9,4,5,13,1,0,NA,NA,NA,14,24,18,33,4,9,12
95,"M",9.9,4,5,14,1,1,NA,NA,NA,14,24,18,33,4,9,12
95,"M",9.9,4,5,16,1,0,NA,NA,NA,14,24,18,33,4,9,12
95,"M",9.9,4,5,18,1,1,NA,NA,NA,14,24,18,33,4,9,12
95,"M",9.9,4,5,19,1,0,NA,NA,NA,14,24,18,33,4,9,12
95,"M",9.9,4,5,20,1,0,NA,NA,NA,14,24,18,33,4,9,12
95,"M",9.9,4,5,25,1,1,NA,NA,NA,14,24,18,33,4,9,12
95,"M",9.9,4,5,26,1,1,NA,NA,NA,14,24,18,33,4,9,12
95,"M",9.9,4,5,27,1,0,NA,NA,NA,14,24,18,33,4,9,12
95,"M",9.9,4,5,28,1,0,NA,NA,NA,14,24,18,33,4,9,12
95,"M",9.9,4,5,30,1,1,NA,NA,NA,14,24,18,33,4,9,12
95,"M",9.9,4,5,31,1,0,NA,NA,NA,14,24,18,33,4,9,12
95,"M",9.9,4,5,32,1,0,NA,NA,NA,14,24,18,33,4,9,12
95,"M",9.9,4,5,33,1,0,NA,NA,NA,14,24,18,33,4,9,12
95,"M",9.9,4,5,34,1,1,NA,NA,NA,14,24,18,33,4,9,12
95,"M",9.9,4,5,42,1,0,NA,NA,NA,14,24,18,33,4,9,12
95,"M",9.9,4,5,43,1,1,NA,NA,NA,14,24,18,33,4,9,12
95,"M",9.9,4,5,46,1,0,NA,NA,NA,14,24,18,33,4,9,12
95,"M",9.9,4,5,48,1,0,NA,NA,NA,14,24,18,33,4,9,12
95,"M",9.9,4,5,49,1,0,NA,NA,NA,14,24,18,33,4,9,12
95,"M",9.9,4,5,50,1,1,NA,NA,NA,14,24,18,33,4,9,12
95,"M",9.9,4,5,51,1,0,NA,NA,NA,14,24,18,33,4,9,12
95,"M",9.9,4,5,53,1,0,NA,NA,NA,14,24,18,33,4,9,12
95,"M",9.9,4,5,54,1,0,NA,NA,NA,14,24,18,33,4,9,12
95,"M",9.9,4,5,55,1,0,NA,NA,NA,14,24,18,33,4,9,12
95,"M",9.9,4,5,56,1,1,NA,NA,NA,14,24,18,33,4,9,12
95,"M",9.9,4,5,57,1,0,NA,NA,NA,14,24,18,33,4,9,12
95,"M",9.9,4,5,59,1,1,NA,NA,NA,14,24,18,33,4,9,12
95,"M",9.9,4,5,2,2,0,0,0,1,14,24,18,33,4,9,12
95,"M",9.9,4,5,3,2,0,0,1,0,14,24,18,33,4,9,12
95,"M",9.9,4,5,4,2,0,0,0,1,14,24,18,33,4,9,12
95,"M",9.9,4,5,6,2,0,0,0,1,14,24,18,33,4,9,12
95,"M",9.9,4,5,7,2,0,0,0,1,14,24,18,33,4,9,12
95,"M",9.9,4,5,8,2,1,0,0,1,14,24,18,33,4,9,12
95,"M",9.9,4,5,9,2,0,0,1,0,14,24,18,33,4,9,12
95,"M",9.9,4,5,10,2,1,0,1,0,14,24,18,33,4,9,12
95,"M",9.9,4,5,11,2,1,0,1,0,14,24,18,33,4,9,12
95,"M",9.9,4,5,12,2,0,0,0,1,14,24,18,33,4,9,12
95,"M",9.9,4,5,15,2,1,0,0,1,14,24,18,33,4,9,12
95,"M",9.9,4,5,17,2,1,0,0,1,14,24,18,33,4,9,12
95,"M",9.9,4,5,21,2,0,0,0,1,14,24,18,33,4,9,12
95,"M",9.9,4,5,22,2,0,0,0,1,14,24,18,33,4,9,12
95,"M",9.9,4,5,23,2,0,0,0,1,14,24,18,33,4,9,12
95,"M",9.9,4,5,24,2,0,0,0,1,14,24,18,33,4,9,12
95,"M",9.9,4,5,29,2,0,0,0,1,14,24,18,33,4,9,12
95,"M",9.9,4,5,35,2,0,0,0,1,14,24,18,33,4,9,12
95,"M",9.9,4,5,36,2,0,0,0,1,14,24,18,33,4,9,12
95,"M",9.9,4,5,37,2,1,0,0,1,14,24,18,33,4,9,12
95,"M",9.9,4,5,38,2,0,0,0,1,14,24,18,33,4,9,12
95,"M",9.9,4,5,39,2,1,0,0,1,14,24,18,33,4,9,12
95,"M",9.9,4,5,40,2,0,0,0,1,14,24,18,33,4,9,12
95,"M",9.9,4,5,41,2,0,0,1,0,14,24,18,33,4,9,12
95,"M",9.9,4,5,44,2,0,0,0,1,14,24,18,33,4,9,12
95,"M",9.9,4,5,45,2,0,0,0,1,14,24,18,33,4,9,12
95,"M",9.9,4,5,47,2,1,0,0,1,14,24,18,33,4,9,12
95,"M",9.9,4,5,52,2,0,0,0,1,14,24,18,33,4,9,12
95,"M",9.9,4,5,58,2,0,0,0,1,14,24,18,33,4,9,12
95,"M",9.9,4,5,60,2,0,0,1,0,14,24,18,33,4,9,12
96,"F",9.7,4,5,2,1,1,NA,NA,NA,23,12,17,23,9,5,24
96,"F",9.7,4,5,3,1,1,NA,NA,NA,23,12,17,23,9,5,24
96,"F",9.7,4,5,4,1,1,NA,NA,NA,23,12,17,23,9,5,24
96,"F",9.7,4,5,6,1,0,NA,NA,NA,23,12,17,23,9,5,24
96,"F",9.7,4,5,10,1,1,NA,NA,NA,23,12,17,23,9,5,24
96,"F",9.7,4,5,13,1,1,NA,NA,NA,23,12,17,23,9,5,24
96,"F",9.7,4,5,14,1,0,NA,NA,NA,23,12,17,23,9,5,24
96,"F",9.7,4,5,15,1,1,NA,NA,NA,23,12,17,23,9,5,24
96,"F",9.7,4,5,17,1,0,NA,NA,NA,23,12,17,23,9,5,24
96,"F",9.7,4,5,18,1,1,NA,NA,NA,23,12,17,23,9,5,24
96,"F",9.7,4,5,19,1,1,NA,NA,NA,23,12,17,23,9,5,24
96,"F",9.7,4,5,21,1,1,NA,NA,NA,23,12,17,23,9,5,24
96,"F",9.7,4,5,24,1,1,NA,NA,NA,23,12,17,23,9,5,24
96,"F",9.7,4,5,30,1,1,NA,NA,NA,23,12,17,23,9,5,24
96,"F",9.7,4,5,31,1,0,NA,NA,NA,23,12,17,23,9,5,24
96,"F",9.7,4,5,33,1,1,NA,NA,NA,23,12,17,23,9,5,24
96,"F",9.7,4,5,34,1,1,NA,NA,NA,23,12,17,23,9,5,24
96,"F",9.7,4,5,37,1,1,NA,NA,NA,23,12,17,23,9,5,24
96,"F",9.7,4,5,38,1,1,NA,NA,NA,23,12,17,23,9,5,24
96,"F",9.7,4,5,39,1,1,NA,NA,NA,23,12,17,23,9,5,24
96,"F",9.7,4,5,44,1,0,NA,NA,NA,23,12,17,23,9,5,24
96,"F",9.7,4,5,45,1,1,NA,NA,NA,23,12,17,23,9,5,24
96,"F",9.7,4,5,51,1,1,NA,NA,NA,23,12,17,23,9,5,24
96,"F",9.7,4,5,52,1,1,NA,NA,NA,23,12,17,23,9,5,24
96,"F",9.7,4,5,53,1,1,NA,NA,NA,23,12,17,23,9,5,24
96,"F",9.7,4,5,54,1,0,NA,NA,NA,23,12,17,23,9,5,24
96,"F",9.7,4,5,57,1,1,NA,NA,NA,23,12,17,23,9,5,24
96,"F",9.7,4,5,58,1,1,NA,NA,NA,23,12,17,23,9,5,24
96,"F",9.7,4,5,59,1,1,NA,NA,NA,23,12,17,23,9,5,24
96,"F",9.7,4,5,60,1,1,NA,NA,NA,23,12,17,23,9,5,24
96,"F",9.7,4,5,1,2,1,0,0,1,23,12,17,23,9,5,24
96,"F",9.7,4,5,5,2,1,0,0,1,23,12,17,23,9,5,24
96,"F",9.7,4,5,7,2,1,0,0,1,23,12,17,23,9,5,24
96,"F",9.7,4,5,8,2,0,0,0,1,23,12,17,23,9,5,24
96,"F",9.7,4,5,9,2,1,0,0,1,23,12,17,23,9,5,24
96,"F",9.7,4,5,11,2,1,0,0,1,23,12,17,23,9,5,24
96,"F",9.7,4,5,12,2,1,0,1,0,23,12,17,23,9,5,24
96,"F",9.7,4,5,16,2,1,0,1,0,23,12,17,23,9,5,24
96,"F",9.7,4,5,20,2,0,0,0,1,23,12,17,23,9,5,24
96,"F",9.7,4,5,22,2,1,0,0,1,23,12,17,23,9,5,24
96,"F",9.7,4,5,23,2,1,0,1,0,23,12,17,23,9,5,24
96,"F",9.7,4,5,25,2,1,0,1,0,23,12,17,23,9,5,24
96,"F",9.7,4,5,26,2,0,0,0,1,23,12,17,23,9,5,24
96,"F",9.7,4,5,27,2,1,0,1,0,23,12,17,23,9,5,24
96,"F",9.7,4,5,28,2,1,0,0,1,23,12,17,23,9,5,24
96,"F",9.7,4,5,29,2,1,0,1,0,23,12,17,23,9,5,24
96,"F",9.7,4,5,32,2,0,1,0,0,23,12,17,23,9,5,24
96,"F",9.7,4,5,35,2,0,1,0,0,23,12,17,23,9,5,24
96,"F",9.7,4,5,36,2,1,0,1,0,23,12,17,23,9,5,24
96,"F",9.7,4,5,40,2,0,1,0,0,23,12,17,23,9,5,24
96,"F",9.7,4,5,41,2,0,0,0,1,23,12,17,23,9,5,24
96,"F",9.7,4,5,42,2,1,0,0,1,23,12,17,23,9,5,24
96,"F",9.7,4,5,43,2,1,0,0,1,23,12,17,23,9,5,24
96,"F",9.7,4,5,46,2,1,0,1,0,23,12,17,23,9,5,24
96,"F",9.7,4,5,47,2,1,0,1,0,23,12,17,23,9,5,24
96,"F",9.7,4,5,48,2,1,0,0,1,23,12,17,23,9,5,24
96,"F",9.7,4,5,49,2,1,0,1,0,23,12,17,23,9,5,24
96,"F",9.7,4,5,50,2,0,1,0,0,23,12,17,23,9,5,24
96,"F",9.7,4,5,55,2,0,0,1,0,23,12,17,23,9,5,24
96,"F",9.7,4,5,56,2,1,0,1,0,23,12,17,23,9,5,24
97,"M",9.3,4,5,1,1,1,NA,NA,NA,38,12,24,17,5,6,21
97,"M",9.3,4,5,5,1,0,NA,NA,NA,38,12,24,17,5,6,21
97,"M",9.3,4,5,9,1,1,NA,NA,NA,38,12,24,17,5,6,21
97,"M",9.3,4,5,10,1,1,NA,NA,NA,38,12,24,17,5,6,21
97,"M",9.3,4,5,13,1,0,NA,NA,NA,38,12,24,17,5,6,21
97,"M",9.3,4,5,16,1,0,NA,NA,NA,38,12,24,17,5,6,21
97,"M",9.3,4,5,17,1,1,NA,NA,NA,38,12,24,17,5,6,21
97,"M",9.3,4,5,20,1,0,NA,NA,NA,38,12,24,17,5,6,21
97,"M",9.3,4,5,21,1,1,NA,NA,NA,38,12,24,17,5,6,21
97,"M",9.3,4,5,23,1,1,NA,NA,NA,38,12,24,17,5,6,21
97,"M",9.3,4,5,26,1,1,NA,NA,NA,38,12,24,17,5,6,21
97,"M",9.3,4,5,27,1,0,NA,NA,NA,38,12,24,17,5,6,21
97,"M",9.3,4,5,28,1,0,NA,NA,NA,38,12,24,17,5,6,21
97,"M",9.3,4,5,30,1,1,NA,NA,NA,38,12,24,17,5,6,21
97,"M",9.3,4,5,32,1,0,NA,NA,NA,38,12,24,17,5,6,21
97,"M",9.3,4,5,33,1,1,NA,NA,NA,38,12,24,17,5,6,21
97,"M",9.3,4,5,34,1,1,NA,NA,NA,38,12,24,17,5,6,21
97,"M",9.3,4,5,35,1,1,NA,NA,NA,38,12,24,17,5,6,21
97,"M",9.3,4,5,36,1,1,NA,NA,NA,38,12,24,17,5,6,21
97,"M",9.3,4,5,39,1,1,NA,NA,NA,38,12,24,17,5,6,21
97,"M",9.3,4,5,42,1,1,NA,NA,NA,38,12,24,17,5,6,21
97,"M",9.3,4,5,43,1,1,NA,NA,NA,38,12,24,17,5,6,21
97,"M",9.3,4,5,45,1,1,NA,NA,NA,38,12,24,17,5,6,21
97,"M",9.3,4,5,47,1,0,NA,NA,NA,38,12,24,17,5,6,21
97,"M",9.3,4,5,50,1,1,NA,NA,NA,38,12,24,17,5,6,21
97,"M",9.3,4,5,51,1,1,NA,NA,NA,38,12,24,17,5,6,21
97,"M",9.3,4,5,52,1,1,NA,NA,NA,38,12,24,17,5,6,21
97,"M",9.3,4,5,53,1,1,NA,NA,NA,38,12,24,17,5,6,21
97,"M",9.3,4,5,54,1,0,NA,NA,NA,38,12,24,17,5,6,21
97,"M",9.3,4,5,57,1,1,NA,NA,NA,38,12,24,17,5,6,21
97,"M",9.3,4,5,2,2,0,0,1,0,38,12,24,17,5,6,21
97,"M",9.3,4,5,3,2,0,1,0,0,38,12,24,17,5,6,21
97,"M",9.3,4,5,4,2,0,0,1,0,38,12,24,17,5,6,21
97,"M",9.3,4,5,6,2,0,1,0,0,38,12,24,17,5,6,21
97,"M",9.3,4,5,7,2,1,0,1,0,38,12,24,17,5,6,21
97,"M",9.3,4,5,8,2,0,0,1,0,38,12,24,17,5,6,21
97,"M",9.3,4,5,11,2,1,0,1,0,38,12,24,17,5,6,21
97,"M",9.3,4,5,12,2,0,0,1,0,38,12,24,17,5,6,21
97,"M",9.3,4,5,14,2,1,0,1,0,38,12,24,17,5,6,21
97,"M",9.3,4,5,15,2,0,0,0,1,38,12,24,17,5,6,21
97,"M",9.3,4,5,18,2,0,1,0,0,38,12,24,17,5,6,21
97,"M",9.3,4,5,19,2,0,0,1,0,38,12,24,17,5,6,21
97,"M",9.3,4,5,22,2,0,1,0,0,38,12,24,17,5,6,21
97,"M",9.3,4,5,24,2,0,1,0,0,38,12,24,17,5,6,21
97,"M",9.3,4,5,25,2,1,0,1,0,38,12,24,17,5,6,21
97,"M",9.3,4,5,29,2,0,0,1,0,38,12,24,17,5,6,21
97,"M",9.3,4,5,31,2,1,0,1,0,38,12,24,17,5,6,21
97,"M",9.3,4,5,37,2,0,1,0,0,38,12,24,17,5,6,21
97,"M",9.3,4,5,38,2,0,1,0,0,38,12,24,17,5,6,21
97,"M",9.3,4,5,40,2,1,0,1,0,38,12,24,17,5,6,21
97,"M",9.3,4,5,41,2,0,1,0,0,38,12,24,17,5,6,21
97,"M",9.3,4,5,44,2,0,1,0,0,38,12,24,17,5,6,21
97,"M",9.3,4,5,46,2,0,0,1,0,38,12,24,17,5,6,21
97,"M",9.3,4,5,48,2,0,1,0,0,38,12,24,17,5,6,21
97,"M",9.3,4,5,49,2,0,1,0,0,38,12,24,17,5,6,21
97,"M",9.3,4,5,55,2,0,0,1,0,38,12,24,17,5,6,21
97,"M",9.3,4,5,56,2,0,1,0,0,38,12,24,17,5,6,21
97,"M",9.3,4,5,58,2,1,0,1,0,38,12,24,17,5,6,21
97,"M",9.3,4,5,59,2,0,1,0,0,38,12,24,17,5,6,21
97,"M",9.3,4,5,60,2,0,1,0,0,38,12,24,17,5,6,21
98,"F",9.5,4,5,1,1,1,NA,NA,NA,31,14,31,16,7,4,17
98,"F",9.5,4,5,2,1,1,NA,NA,NA,31,14,31,16,7,4,17
98,"F",9.5,4,5,3,1,0,NA,NA,NA,31,14,31,16,7,4,17
98,"F",9.5,4,5,5,1,0,NA,NA,NA,31,14,31,16,7,4,17
98,"F",9.5,4,5,7,1,1,NA,NA,NA,31,14,31,16,7,4,17
98,"F",9.5,4,5,10,1,1,NA,NA,NA,31,14,31,16,7,4,17
98,"F",9.5,4,5,12,1,0,NA,NA,NA,31,14,31,16,7,4,17
98,"F",9.5,4,5,15,1,0,NA,NA,NA,31,14,31,16,7,4,17
98,"F",9.5,4,5,18,1,0,NA,NA,NA,31,14,31,16,7,4,17
98,"F",9.5,4,5,19,1,1,NA,NA,NA,31,14,31,16,7,4,17
98,"F",9.5,4,5,20,1,1,NA,NA,NA,31,14,31,16,7,4,17
98,"F",9.5,4,5,23,1,0,NA,NA,NA,31,14,31,16,7,4,17
98,"F",9.5,4,5,26,1,0,NA,NA,NA,31,14,31,16,7,4,17
98,"F",9.5,4,5,27,1,0,NA,NA,NA,31,14,31,16,7,4,17
98,"F",9.5,4,5,34,1,0,NA,NA,NA,31,14,31,16,7,4,17
98,"F",9.5,4,5,36,1,1,NA,NA,NA,31,14,31,16,7,4,17
98,"F",9.5,4,5,37,1,1,NA,NA,NA,31,14,31,16,7,4,17
98,"F",9.5,4,5,39,1,1,NA,NA,NA,31,14,31,16,7,4,17
98,"F",9.5,4,5,41,1,0,NA,NA,NA,31,14,31,16,7,4,17
98,"F",9.5,4,5,42,1,1,NA,NA,NA,31,14,31,16,7,4,17
98,"F",9.5,4,5,44,1,1,NA,NA,NA,31,14,31,16,7,4,17
98,"F",9.5,4,5,46,1,1,NA,NA,NA,31,14,31,16,7,4,17
98,"F",9.5,4,5,47,1,1,NA,NA,NA,31,14,31,16,7,4,17
98,"F",9.5,4,5,51,1,1,NA,NA,NA,31,14,31,16,7,4,17
98,"F",9.5,4,5,52,1,0,NA,NA,NA,31,14,31,16,7,4,17
98,"F",9.5,4,5,53,1,1,NA,NA,NA,31,14,31,16,7,4,17
98,"F",9.5,4,5,54,1,1,NA,NA,NA,31,14,31,16,7,4,17
98,"F",9.5,4,5,58,1,1,NA,NA,NA,31,14,31,16,7,4,17
98,"F",9.5,4,5,59,1,0,NA,NA,NA,31,14,31,16,7,4,17
98,"F",9.5,4,5,60,1,0,NA,NA,NA,31,14,31,16,7,4,17
98,"F",9.5,4,5,4,2,0,0,0,1,31,14,31,16,7,4,17
98,"F",9.5,4,5,6,2,0,1,0,0,31,14,31,16,7,4,17
98,"F",9.5,4,5,8,2,0,0,0,1,31,14,31,16,7,4,17
98,"F",9.5,4,5,9,2,0,1,0,0,31,14,31,16,7,4,17
98,"F",9.5,4,5,11,2,0,1,0,0,31,14,31,16,7,4,17
98,"F",9.5,4,5,13,2,0,0,0,1,31,14,31,16,7,4,17
98,"F",9.5,4,5,14,2,0,1,0,0,31,14,31,16,7,4,17
98,"F",9.5,4,5,16,2,0,1,0,0,31,14,31,16,7,4,17
98,"F",9.5,4,5,17,2,0,1,0,0,31,14,31,16,7,4,17
98,"F",9.5,4,5,21,2,1,0,1,0,31,14,31,16,7,4,17
98,"F",9.5,4,5,22,2,0,0,0,1,31,14,31,16,7,4,17
98,"F",9.5,4,5,24,2,1,0,0,1,31,14,31,16,7,4,17
98,"F",9.5,4,5,25,2,0,1,0,0,31,14,31,16,7,4,17
98,"F",9.5,4,5,28,2,0,0,0,1,31,14,31,16,7,4,17
98,"F",9.5,4,5,29,2,0,1,0,0,31,14,31,16,7,4,17
98,"F",9.5,4,5,30,2,0,0,0,1,31,14,31,16,7,4,17
98,"F",9.5,4,5,31,2,1,0,0,1,31,14,31,16,7,4,17
98,"F",9.5,4,5,32,2,1,0,0,1,31,14,31,16,7,4,17
98,"F",9.5,4,5,33,2,0,1,0,0,31,14,31,16,7,4,17
98,"F",9.5,4,5,35,2,1,0,0,1,31,14,31,16,7,4,17
98,"F",9.5,4,5,38,2,0,1,0,0,31,14,31,16,7,4,17
98,"F",9.5,4,5,40,2,0,1,0,0,31,14,31,16,7,4,17
98,"F",9.5,4,5,43,2,1,0,0,1,31,14,31,16,7,4,17
98,"F",9.5,4,5,45,2,0,1,0,0,31,14,31,16,7,4,17
98,"F",9.5,4,5,48,2,0,1,0,0,31,14,31,16,7,4,17
98,"F",9.5,4,5,49,2,1,0,1,0,31,14,31,16,7,4,17
98,"F",9.5,4,5,50,2,0,0,1,0,31,14,31,16,7,4,17
98,"F",9.5,4,5,55,2,1,0,0,1,31,14,31,16,7,4,17
98,"F",9.5,4,5,56,2,0,1,0,0,31,14,31,16,7,4,17
98,"F",9.5,4,5,57,2,0,1,0,0,31,14,31,16,7,4,17
99,"M",9.7,4,5,3,1,1,NA,NA,NA,36,11,32,30,10,10,14
99,"M",9.7,4,5,4,1,0,NA,NA,NA,36,11,32,30,10,10,14
99,"M",9.7,4,5,5,1,1,NA,NA,NA,36,11,32,30,10,10,14
99,"M",9.7,4,5,9,1,1,NA,NA,NA,36,11,32,30,10,10,14
99,"M",9.7,4,5,10,1,1,NA,NA,NA,36,11,32,30,10,10,14
99,"M",9.7,4,5,12,1,0,NA,NA,NA,36,11,32,30,10,10,14
99,"M",9.7,4,5,14,1,1,NA,NA,NA,36,11,32,30,10,10,14
99,"M",9.7,4,5,15,1,0,NA,NA,NA,36,11,32,30,10,10,14
99,"M",9.7,4,5,16,1,0,NA,NA,NA,36,11,32,30,10,10,14
99,"M",9.7,4,5,19,1,0,NA,NA,NA,36,11,32,30,10,10,14
99,"M",9.7,4,5,21,1,0,NA,NA,NA,36,11,32,30,10,10,14
99,"M",9.7,4,5,23,1,0,NA,NA,NA,36,11,32,30,10,10,14
99,"M",9.7,4,5,25,1,0,NA,NA,NA,36,11,32,30,10,10,14
99,"M",9.7,4,5,26,1,0,NA,NA,NA,36,11,32,30,10,10,14
99,"M",9.7,4,5,31,1,0,NA,NA,NA,36,11,32,30,10,10,14
99,"M",9.7,4,5,32,1,1,NA,NA,NA,36,11,32,30,10,10,14
99,"M",9.7,4,5,33,1,1,NA,NA,NA,36,11,32,30,10,10,14
99,"M",9.7,4,5,35,1,0,NA,NA,NA,36,11,32,30,10,10,14
99,"M",9.7,4,5,40,1,0,NA,NA,NA,36,11,32,30,10,10,14
99,"M",9.7,4,5,41,1,0,NA,NA,NA,36,11,32,30,10,10,14
99,"M",9.7,4,5,43,1,1,NA,NA,NA,36,11,32,30,10,10,14
99,"M",9.7,4,5,48,1,0,NA,NA,NA,36,11,32,30,10,10,14
99,"M",9.7,4,5,50,1,0,NA,NA,NA,36,11,32,30,10,10,14
99,"M",9.7,4,5,52,1,1,NA,NA,NA,36,11,32,30,10,10,14
99,"M",9.7,4,5,53,1,1,NA,NA,NA,36,11,32,30,10,10,14
99,"M",9.7,4,5,54,1,0,NA,NA,NA,36,11,32,30,10,10,14
99,"M",9.7,4,5,55,1,1,NA,NA,NA,36,11,32,30,10,10,14
99,"M",9.7,4,5,56,1,1,NA,NA,NA,36,11,32,30,10,10,14
99,"M",9.7,4,5,59,1,1,NA,NA,NA,36,11,32,30,10,10,14
99,"M",9.7,4,5,60,1,1,NA,NA,NA,36,11,32,30,10,10,14
99,"M",9.7,4,5,1,2,0,0,1,0,36,11,32,30,10,10,14
99,"M",9.7,4,5,2,2,1,0,1,0,36,11,32,30,10,10,14
99,"M",9.7,4,5,6,2,0,1,0,0,36,11,32,30,10,10,14
99,"M",9.7,4,5,7,2,0,1,0,0,36,11,32,30,10,10,14
99,"M",9.7,4,5,8,2,0,1,0,0,36,11,32,30,10,10,14
99,"M",9.7,4,5,11,2,0,1,0,0,36,11,32,30,10,10,14
99,"M",9.7,4,5,13,2,0,1,0,0,36,11,32,30,10,10,14
99,"M",9.7,4,5,17,2,0,1,0,0,36,11,32,30,10,10,14
99,"M",9.7,4,5,18,2,0,1,0,0,36,11,32,30,10,10,14
99,"M",9.7,4,5,20,2,0,1,0,0,36,11,32,30,10,10,14
99,"M",9.7,4,5,22,2,0,1,0,0,36,11,32,30,10,10,14
99,"M",9.7,4,5,24,2,0,1,0,0,36,11,32,30,10,10,14
99,"M",9.7,4,5,27,2,0,1,0,0,36,11,32,30,10,10,14
99,"M",9.7,4,5,28,2,0,1,0,0,36,11,32,30,10,10,14
99,"M",9.7,4,5,29,2,0,1,0,0,36,11,32,30,10,10,14
99,"M",9.7,4,5,30,2,0,1,0,0,36,11,32,30,10,10,14
99,"M",9.7,4,5,34,2,0,0,0,1,36,11,32,30,10,10,14
99,"M",9.7,4,5,36,2,0,1,0,0,36,11,32,30,10,10,14
99,"M",9.7,4,5,37,2,0,1,0,0,36,11,32,30,10,10,14
99,"M",9.7,4,5,38,2,0,0,1,0,36,11,32,30,10,10,14
99,"M",9.7,4,5,39,2,0,1,0,0,36,11,32,30,10,10,14
99,"M",9.7,4,5,42,2,0,1,0,0,36,11,32,30,10,10,14
99,"M",9.7,4,5,44,2,0,1,0,0,36,11,32,30,10,10,14
99,"M",9.7,4,5,45,2,0,1,0,0,36,11,32,30,10,10,14
99,"M",9.7,4,5,46,2,0,1,0,0,36,11,32,30,10,10,14
99,"M",9.7,4,5,47,2,1,0,1,0,36,11,32,30,10,10,14
99,"M",9.7,4,5,49,2,0,0,0,1,36,11,32,30,10,10,14
99,"M",9.7,4,5,51,2,0,1,0,0,36,11,32,30,10,10,14
99,"M",9.7,4,5,57,2,0,0,1,0,36,11,32,30,10,10,14
99,"M",9.7,4,5,58,2,0,1,0,0,36,11,32,30,10,10,14
100,"M",9.6,4,5,2,1,1,NA,NA,NA,27,16,26,18,8,6,21
100,"M",9.6,4,5,3,1,1,NA,NA,NA,27,16,26,18,8,6,21
100,"M",9.6,4,5,5,1,1,NA,NA,NA,27,16,26,18,8,6,21
100,"M",9.6,4,5,6,1,0,NA,NA,NA,27,16,26,18,8,6,21
100,"M",9.6,4,5,8,1,0,NA,NA,NA,27,16,26,18,8,6,21
100,"M",9.6,4,5,10,1,1,NA,NA,NA,27,16,26,18,8,6,21
100,"M",9.6,4,5,12,1,1,NA,NA,NA,27,16,26,18,8,6,21
100,"M",9.6,4,5,13,1,0,NA,NA,NA,27,16,26,18,8,6,21
100,"M",9.6,4,5,15,1,0,NA,NA,NA,27,16,26,18,8,6,21
100,"M",9.6,4,5,21,1,1,NA,NA,NA,27,16,26,18,8,6,21
100,"M",9.6,4,5,23,1,1,NA,NA,NA,27,16,26,18,8,6,21
100,"M",9.6,4,5,24,1,1,NA,NA,NA,27,16,26,18,8,6,21
100,"M",9.6,4,5,27,1,1,NA,NA,NA,27,16,26,18,8,6,21
100,"M",9.6,4,5,30,1,1,NA,NA,NA,27,16,26,18,8,6,21
100,"M",9.6,4,5,31,1,0,NA,NA,NA,27,16,26,18,8,6,21
100,"M",9.6,4,5,32,1,0,NA,NA,NA,27,16,26,18,8,6,21
100,"M",9.6,4,5,33,1,1,NA,NA,NA,27,16,26,18,8,6,21
100,"M",9.6,4,5,34,1,1,NA,NA,NA,27,16,26,18,8,6,21
100,"M",9.6,4,5,36,1,1,NA,NA,NA,27,16,26,18,8,6,21
100,"M",9.6,4,5,41,1,1,NA,NA,NA,27,16,26,18,8,6,21
100,"M",9.6,4,5,42,1,1,NA,NA,NA,27,16,26,18,8,6,21
100,"M",9.6,4,5,43,1,1,NA,NA,NA,27,16,26,18,8,6,21
100,"M",9.6,4,5,44,1,0,NA,NA,NA,27,16,26,18,8,6,21
100,"M",9.6,4,5,45,1,1,NA,NA,NA,27,16,26,18,8,6,21
100,"M",9.6,4,5,49,1,0,NA,NA,NA,27,16,26,18,8,6,21
100,"M",9.6,4,5,50,1,1,NA,NA,NA,27,16,26,18,8,6,21
100,"M",9.6,4,5,53,1,1,NA,NA,NA,27,16,26,18,8,6,21
100,"M",9.6,4,5,54,1,1,NA,NA,NA,27,16,26,18,8,6,21
100,"M",9.6,4,5,58,1,1,NA,NA,NA,27,16,26,18,8,6,21
100,"M",9.6,4,5,60,1,0,NA,NA,NA,27,16,26,18,8,6,21
100,"M",9.6,4,5,1,2,0,0,0,1,27,16,26,18,8,6,21
100,"M",9.6,4,5,4,2,0,0,0,1,27,16,26,18,8,6,21
100,"M",9.6,4,5,7,2,1,0,1,0,27,16,26,18,8,6,21
100,"M",9.6,4,5,9,2,0,0,0,1,27,16,26,18,8,6,21
100,"M",9.6,4,5,11,2,0,1,0,0,27,16,26,18,8,6,21
100,"M",9.6,4,5,14,2,1,0,1,0,27,16,26,18,8,6,21
100,"M",9.6,4,5,16,2,0,0,1,0,27,16,26,18,8,6,21
100,"M",9.6,4,5,17,2,0,1,0,0,27,16,26,18,8,6,21
100,"M",9.6,4,5,18,2,1,0,1,0,27,16,26,18,8,6,21
100,"M",9.6,4,5,19,2,0,0,0,1,27,16,26,18,8,6,21
100,"M",9.6,4,5,20,2,0,1,0,0,27,16,26,18,8,6,21
100,"M",9.6,4,5,22,2,0,1,0,0,27,16,26,18,8,6,21
100,"M",9.6,4,5,25,2,1,0,0,1,27,16,26,18,8,6,21
100,"M",9.6,4,5,26,2,1,0,1,0,27,16,26,18,8,6,21
100,"M",9.6,4,5,28,2,0,0,1,0,27,16,26,18,8,6,21
100,"M",9.6,4,5,29,2,0,1,0,0,27,16,26,18,8,6,21
100,"M",9.6,4,5,35,2,0,0,0,1,27,16,26,18,8,6,21
100,"M",9.6,4,5,37,2,1,0,1,0,27,16,26,18,8,6,21
100,"M",9.6,4,5,38,2,0,1,0,0,27,16,26,18,8,6,21
100,"M",9.6,4,5,39,2,1,0,1,0,27,16,26,18,8,6,21
100,"M",9.6,4,5,40,2,1,0,0,1,27,16,26,18,8,6,21
100,"M",9.6,4,5,46,2,1,0,1,0,27,16,26,18,8,6,21
100,"M",9.6,4,5,47,2,1,0,0,1,27,16,26,18,8,6,21
100,"M",9.6,4,5,48,2,1,0,0,1,27,16,26,18,8,6,21
100,"M",9.6,4,5,51,2,1,0,0,1,27,16,26,18,8,6,21
100,"M",9.6,4,5,52,2,1,0,1,0,27,16,26,18,8,6,21
100,"M",9.6,4,5,55,2,0,1,0,0,27,16,26,18,8,6,21
100,"M",9.6,4,5,56,2,0,1,0,0,27,16,26,18,8,6,21
100,"M",9.6,4,5,57,2,0,1,0,0,27,16,26,18,8,6,21
100,"M",9.6,4,5,59,2,0,1,0,0,27,16,26,18,8,6,21
101,"F",9.6,4,6,1,1,1,NA,NA,NA,40,10,22,25,6,8,22
101,"F",9.6,4,6,3,1,0,NA,NA,NA,40,10,22,25,6,8,22
101,"F",9.6,4,6,4,1,0,NA,NA,NA,40,10,22,25,6,8,22
101,"F",9.6,4,6,6,1,0,NA,NA,NA,40,10,22,25,6,8,22
101,"F",9.6,4,6,10,1,1,NA,NA,NA,40,10,22,25,6,8,22
101,"F",9.6,4,6,11,1,1,NA,NA,NA,40,10,22,25,6,8,22
101,"F",9.6,4,6,13,1,0,NA,NA,NA,40,10,22,25,6,8,22
101,"F",9.6,4,6,20,1,0,NA,NA,NA,40,10,22,25,6,8,22
101,"F",9.6,4,6,21,1,1,NA,NA,NA,40,10,22,25,6,8,22
101,"F",9.6,4,6,23,1,1,NA,NA,NA,40,10,22,25,6,8,22
101,"F",9.6,4,6,24,1,0,NA,NA,NA,40,10,22,25,6,8,22
101,"F",9.6,4,6,25,1,1,NA,NA,NA,40,10,22,25,6,8,22
101,"F",9.6,4,6,26,1,0,NA,NA,NA,40,10,22,25,6,8,22
101,"F",9.6,4,6,28,1,1,NA,NA,NA,40,10,22,25,6,8,22
101,"F",9.6,4,6,29,1,0,NA,NA,NA,40,10,22,25,6,8,22
101,"F",9.6,4,6,34,1,1,NA,NA,NA,40,10,22,25,6,8,22
101,"F",9.6,4,6,37,1,1,NA,NA,NA,40,10,22,25,6,8,22
101,"F",9.6,4,6,38,1,1,NA,NA,NA,40,10,22,25,6,8,22
101,"F",9.6,4,6,39,1,1,NA,NA,NA,40,10,22,25,6,8,22
101,"F",9.6,4,6,42,1,1,NA,NA,NA,40,10,22,25,6,8,22
101,"F",9.6,4,6,43,1,1,NA,NA,NA,40,10,22,25,6,8,22
101,"F",9.6,4,6,44,1,1,NA,NA,NA,40,10,22,25,6,8,22
101,"F",9.6,4,6,46,1,1,NA,NA,NA,40,10,22,25,6,8,22
101,"F",9.6,4,6,51,1,1,NA,NA,NA,40,10,22,25,6,8,22
101,"F",9.6,4,6,52,1,1,NA,NA,NA,40,10,22,25,6,8,22
101,"F",9.6,4,6,55,1,1,NA,NA,NA,40,10,22,25,6,8,22
101,"F",9.6,4,6,56,1,1,NA,NA,NA,40,10,22,25,6,8,22
101,"F",9.6,4,6,57,1,1,NA,NA,NA,40,10,22,25,6,8,22
101,"F",9.6,4,6,58,1,1,NA,NA,NA,40,10,22,25,6,8,22
101,"F",9.6,4,6,59,1,1,NA,NA,NA,40,10,22,25,6,8,22
101,"F",9.6,4,6,2,2,0,1,0,0,40,10,22,25,6,8,22
101,"F",9.6,4,6,5,2,0,0,1,0,40,10,22,25,6,8,22
101,"F",9.6,4,6,7,2,1,0,1,0,40,10,22,25,6,8,22
101,"F",9.6,4,6,8,2,0,1,0,0,40,10,22,25,6,8,22
101,"F",9.6,4,6,9,2,1,0,1,0,40,10,22,25,6,8,22
101,"F",9.6,4,6,12,2,1,0,1,0,40,10,22,25,6,8,22
101,"F",9.6,4,6,14,2,0,0,1,0,40,10,22,25,6,8,22
101,"F",9.6,4,6,15,2,1,0,1,0,40,10,22,25,6,8,22
101,"F",9.6,4,6,16,2,0,0,1,0,40,10,22,25,6,8,22
101,"F",9.6,4,6,17,2,1,0,1,0,40,10,22,25,6,8,22
101,"F",9.6,4,6,18,2,0,0,1,0,40,10,22,25,6,8,22
101,"F",9.6,4,6,19,2,0,1,0,0,40,10,22,25,6,8,22
101,"F",9.6,4,6,22,2,1,0,1,0,40,10,22,25,6,8,22
101,"F",9.6,4,6,27,2,0,1,0,0,40,10,22,25,6,8,22
101,"F",9.6,4,6,30,2,0,1,0,0,40,10,22,25,6,8,22
101,"F",9.6,4,6,31,2,0,1,0,0,40,10,22,25,6,8,22
101,"F",9.6,4,6,32,2,1,0,0,1,40,10,22,25,6,8,22
101,"F",9.6,4,6,33,2,1,0,0,1,40,10,22,25,6,8,22
101,"F",9.6,4,6,35,2,0,0,1,0,40,10,22,25,6,8,22
101,"F",9.6,4,6,36,2,1,0,0,1,40,10,22,25,6,8,22
101,"F",9.6,4,6,40,2,0,1,0,0,40,10,22,25,6,8,22
101,"F",9.6,4,6,41,2,0,1,0,0,40,10,22,25,6,8,22
101,"F",9.6,4,6,45,2,0,1,0,0,40,10,22,25,6,8,22
101,"F",9.6,4,6,47,2,1,0,1,0,40,10,22,25,6,8,22
101,"F",9.6,4,6,48,2,0,0,1,0,40,10,22,25,6,8,22
101,"F",9.6,4,6,49,2,0,1,0,0,40,10,22,25,6,8,22
101,"F",9.6,4,6,50,2,1,0,1,0,40,10,22,25,6,8,22
101,"F",9.6,4,6,53,2,1,0,1,0,40,10,22,25,6,8,22
101,"F",9.6,4,6,54,2,0,1,0,0,40,10,22,25,6,8,22
101,"F",9.6,4,6,60,2,0,1,0,0,40,10,22,25,6,8,22
102,"F",9.2,4,6,1,1,0,NA,NA,NA,40,25,22,19,7,4,3
102,"F",9.2,4,6,3,1,0,NA,NA,NA,40,25,22,19,7,4,3
102,"F",9.2,4,6,6,1,0,NA,NA,NA,40,25,22,19,7,4,3
102,"F",9.2,4,6,10,1,0,NA,NA,NA,40,25,22,19,7,4,3
102,"F",9.2,4,6,11,1,1,NA,NA,NA,40,25,22,19,7,4,3
102,"F",9.2,4,6,13,1,0,NA,NA,NA,40,25,22,19,7,4,3
102,"F",9.2,4,6,14,1,0,NA,NA,NA,40,25,22,19,7,4,3
102,"F",9.2,4,6,19,1,0,NA,NA,NA,40,25,22,19,7,4,3
102,"F",9.2,4,6,20,1,0,NA,NA,NA,40,25,22,19,7,4,3
102,"F",9.2,4,6,21,1,0,NA,NA,NA,40,25,22,19,7,4,3
102,"F",9.2,4,6,23,1,0,NA,NA,NA,40,25,22,19,7,4,3
102,"F",9.2,4,6,24,1,0,NA,NA,NA,40,25,22,19,7,4,3
102,"F",9.2,4,6,25,1,1,NA,NA,NA,40,25,22,19,7,4,3
102,"F",9.2,4,6,26,1,0,NA,NA,NA,40,25,22,19,7,4,3
102,"F",9.2,4,6,28,1,0,NA,NA,NA,40,25,22,19,7,4,3
102,"F",9.2,4,6,29,1,0,NA,NA,NA,40,25,22,19,7,4,3
102,"F",9.2,4,6,31,1,0,NA,NA,NA,40,25,22,19,7,4,3
102,"F",9.2,4,6,32,1,0,NA,NA,NA,40,25,22,19,7,4,3
102,"F",9.2,4,6,34,1,0,NA,NA,NA,40,25,22,19,7,4,3
102,"F",9.2,4,6,35,1,0,NA,NA,NA,40,25,22,19,7,4,3
102,"F",9.2,4,6,37,1,0,NA,NA,NA,40,25,22,19,7,4,3
102,"F",9.2,4,6,40,1,0,NA,NA,NA,40,25,22,19,7,4,3
102,"F",9.2,4,6,41,1,0,NA,NA,NA,40,25,22,19,7,4,3
102,"F",9.2,4,6,44,1,1,NA,NA,NA,40,25,22,19,7,4,3
102,"F",9.2,4,6,45,1,0,NA,NA,NA,40,25,22,19,7,4,3
102,"F",9.2,4,6,49,1,0,NA,NA,NA,40,25,22,19,7,4,3
102,"F",9.2,4,6,50,1,0,NA,NA,NA,40,25,22,19,7,4,3
102,"F",9.2,4,6,51,1,0,NA,NA,NA,40,25,22,19,7,4,3
102,"F",9.2,4,6,52,1,0,NA,NA,NA,40,25,22,19,7,4,3
102,"F",9.2,4,6,60,1,0,NA,NA,NA,40,25,22,19,7,4,3
102,"F",9.2,4,6,2,2,0,1,0,0,40,25,22,19,7,4,3
102,"F",9.2,4,6,4,2,0,0,1,0,40,25,22,19,7,4,3
102,"F",9.2,4,6,5,2,1,0,1,0,40,25,22,19,7,4,3
102,"F",9.2,4,6,7,2,1,0,1,0,40,25,22,19,7,4,3
102,"F",9.2,4,6,8,2,0,0,0,1,40,25,22,19,7,4,3
102,"F",9.2,4,6,9,2,1,0,0,1,40,25,22,19,7,4,3
102,"F",9.2,4,6,12,2,0,0,1,0,40,25,22,19,7,4,3
102,"F",9.2,4,6,15,2,0,0,1,0,40,25,22,19,7,4,3
102,"F",9.2,4,6,16,2,0,0,1,0,40,25,22,19,7,4,3
102,"F",9.2,4,6,17,2,1,0,1,0,40,25,22,19,7,4,3
102,"F",9.2,4,6,18,2,0,0,1,0,40,25,22,19,7,4,3
102,"F",9.2,4,6,22,2,0,0,1,0,40,25,22,19,7,4,3
102,"F",9.2,4,6,27,2,1,0,1,0,40,25,22,19,7,4,3
102,"F",9.2,4,6,30,2,0,0,1,0,40,25,22,19,7,4,3
102,"F",9.2,4,6,33,2,0,0,1,0,40,25,22,19,7,4,3
102,"F",9.2,4,6,36,2,0,0,1,0,40,25,22,19,7,4,3
102,"F",9.2,4,6,38,2,1,0,0,1,40,25,22,19,7,4,3
102,"F",9.2,4,6,39,2,0,0,1,0,40,25,22,19,7,4,3
102,"F",9.2,4,6,42,2,0,0,0,1,40,25,22,19,7,4,3
102,"F",9.2,4,6,43,2,0,1,0,0,40,25,22,19,7,4,3
102,"F",9.2,4,6,46,2,0,0,1,0,40,25,22,19,7,4,3
102,"F",9.2,4,6,47,2,1,0,0,1,40,25,22,19,7,4,3
102,"F",9.2,4,6,48,2,1,0,1,0,40,25,22,19,7,4,3
102,"F",9.2,4,6,53,2,0,0,0,1,40,25,22,19,7,4,3
102,"F",9.2,4,6,54,2,0,0,1,0,40,25,22,19,7,4,3
102,"F",9.2,4,6,55,2,0,0,1,0,40,25,22,19,7,4,3
102,"F",9.2,4,6,56,2,0,0,0,1,40,25,22,19,7,4,3
102,"F",9.2,4,6,57,2,0,0,1,0,40,25,22,19,7,4,3
102,"F",9.2,4,6,58,2,1,0,0,1,40,25,22,19,7,4,3
102,"F",9.2,4,6,59,2,1,0,1,0,40,25,22,19,7,4,3
103,"F",9.2,4,6,4,1,0,NA,NA,NA,34,19,22,28,6,4,14
103,"F",9.2,4,6,7,1,0,NA,NA,NA,34,19,22,28,6,4,14
103,"F",9.2,4,6,8,1,1,NA,NA,NA,34,19,22,28,6,4,14
103,"F",9.2,4,6,13,1,0,NA,NA,NA,34,19,22,28,6,4,14
103,"F",9.2,4,6,14,1,0,NA,NA,NA,34,19,22,28,6,4,14
103,"F",9.2,4,6,16,1,0,NA,NA,NA,34,19,22,28,6,4,14
103,"F",9.2,4,6,17,1,1,NA,NA,NA,34,19,22,28,6,4,14
103,"F",9.2,4,6,21,1,0,NA,NA,NA,34,19,22,28,6,4,14
103,"F",9.2,4,6,23,1,1,NA,NA,NA,34,19,22,28,6,4,14
103,"F",9.2,4,6,25,1,1,NA,NA,NA,34,19,22,28,6,4,14
103,"F",9.2,4,6,26,1,0,NA,NA,NA,34,19,22,28,6,4,14
103,"F",9.2,4,6,28,1,0,NA,NA,NA,34,19,22,28,6,4,14
103,"F",9.2,4,6,29,1,1,NA,NA,NA,34,19,22,28,6,4,14
103,"F",9.2,4,6,30,1,0,NA,NA,NA,34,19,22,28,6,4,14
103,"F",9.2,4,6,31,1,0,NA,NA,NA,34,19,22,28,6,4,14
103,"F",9.2,4,6,33,1,0,NA,NA,NA,34,19,22,28,6,4,14
103,"F",9.2,4,6,35,1,1,NA,NA,NA,34,19,22,28,6,4,14
103,"F",9.2,4,6,36,1,1,NA,NA,NA,34,19,22,28,6,4,14
103,"F",9.2,4,6,37,1,1,NA,NA,NA,34,19,22,28,6,4,14
103,"F",9.2,4,6,38,1,0,NA,NA,NA,34,19,22,28,6,4,14
103,"F",9.2,4,6,39,1,0,NA,NA,NA,34,19,22,28,6,4,14
103,"F",9.2,4,6,43,1,1,NA,NA,NA,34,19,22,28,6,4,14
103,"F",9.2,4,6,45,1,1,NA,NA,NA,34,19,22,28,6,4,14
103,"F",9.2,4,6,47,1,1,NA,NA,NA,34,19,22,28,6,4,14
103,"F",9.2,4,6,48,1,0,NA,NA,NA,34,19,22,28,6,4,14
103,"F",9.2,4,6,53,1,1,NA,NA,NA,34,19,22,28,6,4,14
103,"F",9.2,4,6,54,1,0,NA,NA,NA,34,19,22,28,6,4,14
103,"F",9.2,4,6,55,1,0,NA,NA,NA,34,19,22,28,6,4,14
103,"F",9.2,4,6,56,1,1,NA,NA,NA,34,19,22,28,6,4,14
103,"F",9.2,4,6,60,1,1,NA,NA,NA,34,19,22,28,6,4,14
103,"F",9.2,4,6,1,2,0,0,1,0,34,19,22,28,6,4,14
103,"F",9.2,4,6,2,2,0,0,1,0,34,19,22,28,6,4,14
103,"F",9.2,4,6,3,2,0,1,0,0,34,19,22,28,6,4,14
103,"F",9.2,4,6,5,2,0,1,0,0,34,19,22,28,6,4,14
103,"F",9.2,4,6,6,2,0,0,1,0,34,19,22,28,6,4,14
103,"F",9.2,4,6,9,2,1,0,1,0,34,19,22,28,6,4,14
103,"F",9.2,4,6,10,2,1,0,0,1,34,19,22,28,6,4,14
103,"F",9.2,4,6,11,2,1,0,1,0,34,19,22,28,6,4,14
103,"F",9.2,4,6,12,2,1,0,1,0,34,19,22,28,6,4,14
103,"F",9.2,4,6,15,2,1,0,0,1,34,19,22,28,6,4,14
103,"F",9.2,4,6,18,2,0,0,0,1,34,19,22,28,6,4,14
103,"F",9.2,4,6,19,2,0,0,1,0,34,19,22,28,6,4,14
103,"F",9.2,4,6,20,2,0,1,0,0,34,19,22,28,6,4,14
103,"F",9.2,4,6,22,2,0,0,0,1,34,19,22,28,6,4,14
103,"F",9.2,4,6,24,2,0,0,0,1,34,19,22,28,6,4,14
103,"F",9.2,4,6,27,2,1,0,0,1,34,19,22,28,6,4,14
103,"F",9.2,4,6,32,2,0,1,0,0,34,19,22,28,6,4,14
103,"F",9.2,4,6,34,2,0,1,0,0,34,19,22,28,6,4,14
103,"F",9.2,4,6,40,2,0,0,1,0,34,19,22,28,6,4,14
103,"F",9.2,4,6,41,2,0,0,0,1,34,19,22,28,6,4,14
103,"F",9.2,4,6,42,2,1,0,1,0,34,19,22,28,6,4,14
103,"F",9.2,4,6,44,2,1,0,1,0,34,19,22,28,6,4,14
103,"F",9.2,4,6,46,2,1,0,1,0,34,19,22,28,6,4,14
103,"F",9.2,4,6,49,2,0,0,0,1,34,19,22,28,6,4,14
103,"F",9.2,4,6,50,2,1,0,0,1,34,19,22,28,6,4,14
103,"F",9.2,4,6,51,2,0,0,0,1,34,19,22,28,6,4,14
103,"F",9.2,4,6,52,2,1,0,1,0,34,19,22,28,6,4,14
103,"F",9.2,4,6,57,2,0,1,0,0,34,19,22,28,6,4,14
103,"F",9.2,4,6,58,2,1,0,0,1,34,19,22,28,6,4,14
103,"F",9.2,4,6,59,2,1,0,0,1,34,19,22,28,6,4,14
104,"M",9.4,4,6,1,1,1,NA,NA,NA,26,11,19,24,8,7,13
104,"M",9.4,4,6,2,1,0,NA,NA,NA,26,11,19,24,8,7,13
104,"M",9.4,4,6,9,1,1,NA,NA,NA,26,11,19,24,8,7,13
104,"M",9.4,4,6,12,1,0,NA,NA,NA,26,11,19,24,8,7,13
104,"M",9.4,4,6,13,1,0,NA,NA,NA,26,11,19,24,8,7,13
104,"M",9.4,4,6,15,1,0,NA,NA,NA,26,11,19,24,8,7,13
104,"M",9.4,4,6,16,1,1,NA,NA,NA,26,11,19,24,8,7,13
104,"M",9.4,4,6,18,1,0,NA,NA,NA,26,11,19,24,8,7,13
104,"M",9.4,4,6,19,1,0,NA,NA,NA,26,11,19,24,8,7,13
104,"M",9.4,4,6,20,1,1,NA,NA,NA,26,11,19,24,8,7,13
104,"M",9.4,4,6,21,1,0,NA,NA,NA,26,11,19,24,8,7,13
104,"M",9.4,4,6,22,1,0,NA,NA,NA,26,11,19,24,8,7,13
104,"M",9.4,4,6,24,1,0,NA,NA,NA,26,11,19,24,8,7,13
104,"M",9.4,4,6,25,1,1,NA,NA,NA,26,11,19,24,8,7,13
104,"M",9.4,4,6,28,1,1,NA,NA,NA,26,11,19,24,8,7,13
104,"M",9.4,4,6,30,1,0,NA,NA,NA,26,11,19,24,8,7,13
104,"M",9.4,4,6,32,1,0,NA,NA,NA,26,11,19,24,8,7,13
104,"M",9.4,4,6,34,1,0,NA,NA,NA,26,11,19,24,8,7,13
104,"M",9.4,4,6,35,1,0,NA,NA,NA,26,11,19,24,8,7,13
104,"M",9.4,4,6,37,1,0,NA,NA,NA,26,11,19,24,8,7,13
104,"M",9.4,4,6,39,1,1,NA,NA,NA,26,11,19,24,8,7,13
104,"M",9.4,4,6,42,1,1,NA,NA,NA,26,11,19,24,8,7,13
104,"M",9.4,4,6,43,1,0,NA,NA,NA,26,11,19,24,8,7,13
104,"M",9.4,4,6,47,1,1,NA,NA,NA,26,11,19,24,8,7,13
104,"M",9.4,4,6,48,1,0,NA,NA,NA,26,11,19,24,8,7,13
104,"M",9.4,4,6,49,1,0,NA,NA,NA,26,11,19,24,8,7,13
104,"M",9.4,4,6,53,1,1,NA,NA,NA,26,11,19,24,8,7,13
104,"M",9.4,4,6,54,1,1,NA,NA,NA,26,11,19,24,8,7,13
104,"M",9.4,4,6,59,1,1,NA,NA,NA,26,11,19,24,8,7,13
104,"M",9.4,4,6,60,1,1,NA,NA,NA,26,11,19,24,8,7,13
104,"M",9.4,4,6,3,2,1,0,1,0,26,11,19,24,8,7,13
104,"M",9.4,4,6,4,2,1,0,1,0,26,11,19,24,8,7,13
104,"M",9.4,4,6,5,2,0,1,0,0,26,11,19,24,8,7,13
104,"M",9.4,4,6,6,2,0,1,0,0,26,11,19,24,8,7,13
104,"M",9.4,4,6,7,2,1,0,0,1,26,11,19,24,8,7,13
104,"M",9.4,4,6,8,2,1,0,0,1,26,11,19,24,8,7,13
104,"M",9.4,4,6,10,2,1,0,1,0,26,11,19,24,8,7,13
104,"M",9.4,4,6,11,2,1,0,1,0,26,11,19,24,8,7,13
104,"M",9.4,4,6,14,2,0,1,0,0,26,11,19,24,8,7,13
104,"M",9.4,4,6,17,2,1,0,1,0,26,11,19,24,8,7,13
104,"M",9.4,4,6,23,2,1,0,1,0,26,11,19,24,8,7,13
104,"M",9.4,4,6,26,2,0,1,0,0,26,11,19,24,8,7,13
104,"M",9.4,4,6,27,2,0,0,0,1,26,11,19,24,8,7,13
104,"M",9.4,4,6,29,2,0,0,1,0,26,11,19,24,8,7,13
104,"M",9.4,4,6,31,2,0,0,0,1,26,11,19,24,8,7,13
104,"M",9.4,4,6,33,2,0,0,1,0,26,11,19,24,8,7,13
104,"M",9.4,4,6,36,2,0,0,1,0,26,11,19,24,8,7,13
104,"M",9.4,4,6,38,2,0,0,0,1,26,11,19,24,8,7,13
104,"M",9.4,4,6,40,2,0,1,0,0,26,11,19,24,8,7,13
104,"M",9.4,4,6,41,2,0,0,0,1,26,11,19,24,8,7,13
104,"M",9.4,4,6,44,2,1,0,1,0,26,11,19,24,8,7,13
104,"M",9.4,4,6,45,2,1,0,1,0,26,11,19,24,8,7,13
104,"M",9.4,4,6,46,2,0,1,0,0,26,11,19,24,8,7,13
104,"M",9.4,4,6,50,2,0,1,0,0,26,11,19,24,8,7,13
104,"M",9.4,4,6,51,2,0,0,1,0,26,11,19,24,8,7,13
104,"M",9.4,4,6,52,2,1,0,0,1,26,11,19,24,8,7,13
104,"M",9.4,4,6,55,2,0,1,0,0,26,11,19,24,8,7,13
104,"M",9.4,4,6,56,2,1,0,0,1,26,11,19,24,8,7,13
104,"M",9.4,4,6,57,2,1,0,1,0,26,11,19,24,8,7,13
104,"M",9.4,4,6,58,2,0,1,0,0,26,11,19,24,8,7,13
105,"F",9.9,4,6,1,1,0,NA,NA,NA,35,8,31,26,11,8,18
105,"F",9.9,4,6,3,1,1,NA,NA,NA,35,8,31,26,11,8,18
105,"F",9.9,4,6,5,1,1,NA,NA,NA,35,8,31,26,11,8,18
105,"F",9.9,4,6,8,1,0,NA,NA,NA,35,8,31,26,11,8,18
105,"F",9.9,4,6,9,1,1,NA,NA,NA,35,8,31,26,11,8,18
105,"F",9.9,4,6,10,1,1,NA,NA,NA,35,8,31,26,11,8,18
105,"F",9.9,4,6,11,1,1,NA,NA,NA,35,8,31,26,11,8,18
105,"F",9.9,4,6,13,1,1,NA,NA,NA,35,8,31,26,11,8,18
105,"F",9.9,4,6,17,1,1,NA,NA,NA,35,8,31,26,11,8,18
105,"F",9.9,4,6,18,1,1,NA,NA,NA,35,8,31,26,11,8,18
105,"F",9.9,4,6,19,1,1,NA,NA,NA,35,8,31,26,11,8,18
105,"F",9.9,4,6,20,1,1,NA,NA,NA,35,8,31,26,11,8,18
105,"F",9.9,4,6,22,1,0,NA,NA,NA,35,8,31,26,11,8,18
105,"F",9.9,4,6,26,1,0,NA,NA,NA,35,8,31,26,11,8,18
105,"F",9.9,4,6,29,1,1,NA,NA,NA,35,8,31,26,11,8,18
105,"F",9.9,4,6,30,1,0,NA,NA,NA,35,8,31,26,11,8,18
105,"F",9.9,4,6,32,1,0,NA,NA,NA,35,8,31,26,11,8,18
105,"F",9.9,4,6,34,1,0,NA,NA,NA,35,8,31,26,11,8,18
105,"F",9.9,4,6,37,1,1,NA,NA,NA,35,8,31,26,11,8,18
105,"F",9.9,4,6,42,1,1,NA,NA,NA,35,8,31,26,11,8,18
105,"F",9.9,4,6,43,1,1,NA,NA,NA,35,8,31,26,11,8,18
105,"F",9.9,4,6,45,1,0,NA,NA,NA,35,8,31,26,11,8,18
105,"F",9.9,4,6,46,1,1,NA,NA,NA,35,8,31,26,11,8,18
105,"F",9.9,4,6,47,1,1,NA,NA,NA,35,8,31,26,11,8,18
105,"F",9.9,4,6,50,1,0,NA,NA,NA,35,8,31,26,11,8,18
105,"F",9.9,4,6,51,1,0,NA,NA,NA,35,8,31,26,11,8,18
105,"F",9.9,4,6,52,1,1,NA,NA,NA,35,8,31,26,11,8,18
105,"F",9.9,4,6,56,1,0,NA,NA,NA,35,8,31,26,11,8,18
105,"F",9.9,4,6,58,1,1,NA,NA,NA,35,8,31,26,11,8,18
105,"F",9.9,4,6,60,1,0,NA,NA,NA,35,8,31,26,11,8,18
105,"F",9.9,4,6,2,2,0,1,0,0,35,8,31,26,11,8,18
105,"F",9.9,4,6,4,2,0,1,0,0,35,8,31,26,11,8,18
105,"F",9.9,4,6,6,2,0,1,0,0,35,8,31,26,11,8,18
105,"F",9.9,4,6,7,2,0,1,0,0,35,8,31,26,11,8,18
105,"F",9.9,4,6,12,2,0,1,0,0,35,8,31,26,11,8,18
105,"F",9.9,4,6,14,2,0,1,0,0,35,8,31,26,11,8,18
105,"F",9.9,4,6,15,2,0,1,0,0,35,8,31,26,11,8,18
105,"F",9.9,4,6,16,2,0,1,0,0,35,8,31,26,11,8,18
105,"F",9.9,4,6,21,2,0,1,0,0,35,8,31,26,11,8,18
105,"F",9.9,4,6,23,2,0,1,0,0,35,8,31,26,11,8,18
105,"F",9.9,4,6,24,2,0,1,0,0,35,8,31,26,11,8,18
105,"F",9.9,4,6,25,2,0,1,0,0,35,8,31,26,11,8,18
105,"F",9.9,4,6,27,2,0,1,0,0,35,8,31,26,11,8,18
105,"F",9.9,4,6,28,2,0,0,1,0,35,8,31,26,11,8,18
105,"F",9.9,4,6,31,2,0,1,0,0,35,8,31,26,11,8,18
105,"F",9.9,4,6,33,2,0,0,0,1,35,8,31,26,11,8,18
105,"F",9.9,4,6,35,2,0,1,0,0,35,8,31,26,11,8,18
105,"F",9.9,4,6,36,2,0,1,0,0,35,8,31,26,11,8,18
105,"F",9.9,4,6,38,2,0,1,0,0,35,8,31,26,11,8,18
105,"F",9.9,4,6,39,2,0,1,0,0,35,8,31,26,11,8,18
105,"F",9.9,4,6,40,2,1,0,0,1,35,8,31,26,11,8,18
105,"F",9.9,4,6,41,2,0,1,0,0,35,8,31,26,11,8,18
105,"F",9.9,4,6,44,2,0,1,0,0,35,8,31,26,11,8,18
105,"F",9.9,4,6,48,2,0,0,0,1,35,8,31,26,11,8,18
105,"F",9.9,4,6,49,2,0,1,0,0,35,8,31,26,11,8,18
105,"F",9.9,4,6,53,2,1,0,1,0,35,8,31,26,11,8,18
105,"F",9.9,4,6,54,2,0,1,0,0,35,8,31,26,11,8,18
105,"F",9.9,4,6,55,2,0,1,0,0,35,8,31,26,11,8,18
105,"F",9.9,4,6,57,2,0,1,0,0,35,8,31,26,11,8,18
105,"F",9.9,4,6,59,2,0,1,0,0,35,8,31,26,11,8,18
106,"F",10,4,6,1,1,0,NA,NA,NA,31,25,23,23,7,9,9
106,"F",10,4,6,4,1,0,NA,NA,NA,31,25,23,23,7,9,9
106,"F",10,4,6,5,1,0,NA,NA,NA,31,25,23,23,7,9,9
106,"F",10,4,6,7,1,1,NA,NA,NA,31,25,23,23,7,9,9
106,"F",10,4,6,10,1,1,NA,NA,NA,31,25,23,23,7,9,9
106,"F",10,4,6,11,1,1,NA,NA,NA,31,25,23,23,7,9,9
106,"F",10,4,6,13,1,0,NA,NA,NA,31,25,23,23,7,9,9
106,"F",10,4,6,16,1,0,NA,NA,NA,31,25,23,23,7,9,9
106,"F",10,4,6,17,1,0,NA,NA,NA,31,25,23,23,7,9,9
106,"F",10,4,6,18,1,0,NA,NA,NA,31,25,23,23,7,9,9
106,"F",10,4,6,19,1,0,NA,NA,NA,31,25,23,23,7,9,9
106,"F",10,4,6,20,1,0,NA,NA,NA,31,25,23,23,7,9,9
106,"F",10,4,6,22,1,0,NA,NA,NA,31,25,23,23,7,9,9
106,"F",10,4,6,23,1,0,NA,NA,NA,31,25,23,23,7,9,9
106,"F",10,4,6,24,1,0,NA,NA,NA,31,25,23,23,7,9,9
106,"F",10,4,6,28,1,0,NA,NA,NA,31,25,23,23,7,9,9
106,"F",10,4,6,31,1,0,NA,NA,NA,31,25,23,23,7,9,9
106,"F",10,4,6,32,1,0,NA,NA,NA,31,25,23,23,7,9,9
106,"F",10,4,6,39,1,0,NA,NA,NA,31,25,23,23,7,9,9
106,"F",10,4,6,40,1,0,NA,NA,NA,31,25,23,23,7,9,9
106,"F",10,4,6,42,1,1,NA,NA,NA,31,25,23,23,7,9,9
106,"F",10,4,6,44,1,0,NA,NA,NA,31,25,23,23,7,9,9
106,"F",10,4,6,45,1,1,NA,NA,NA,31,25,23,23,7,9,9
106,"F",10,4,6,48,1,1,NA,NA,NA,31,25,23,23,7,9,9
106,"F",10,4,6,49,1,0,NA,NA,NA,31,25,23,23,7,9,9
106,"F",10,4,6,51,1,0,NA,NA,NA,31,25,23,23,7,9,9
106,"F",10,4,6,53,1,1,NA,NA,NA,31,25,23,23,7,9,9
106,"F",10,4,6,56,1,1,NA,NA,NA,31,25,23,23,7,9,9
106,"F",10,4,6,59,1,1,NA,NA,NA,31,25,23,23,7,9,9
106,"F",10,4,6,60,1,0,NA,NA,NA,31,25,23,23,7,9,9
106,"F",10,4,6,2,2,0,1,0,0,31,25,23,23,7,9,9
106,"F",10,4,6,3,2,1,0,1,0,31,25,23,23,7,9,9
106,"F",10,4,6,6,2,0,0,1,0,31,25,23,23,7,9,9
106,"F",10,4,6,8,2,0,0,1,0,31,25,23,23,7,9,9
106,"F",10,4,6,9,2,1,0,1,0,31,25,23,23,7,9,9
106,"F",10,4,6,12,2,0,0,0,1,31,25,23,23,7,9,9
106,"F",10,4,6,14,2,0,0,1,0,31,25,23,23,7,9,9
106,"F",10,4,6,15,2,0,0,1,0,31,25,23,23,7,9,9
106,"F",10,4,6,21,2,0,0,0,1,31,25,23,23,7,9,9
106,"F",10,4,6,25,2,0,0,0,1,31,25,23,23,7,9,9
106,"F",10,4,6,26,2,1,0,0,1,31,25,23,23,7,9,9
106,"F",10,4,6,27,2,0,0,0,1,31,25,23,23,7,9,9
106,"F",10,4,6,29,2,1,0,1,0,31,25,23,23,7,9,9
106,"F",10,4,6,30,2,0,0,1,0,31,25,23,23,7,9,9
106,"F",10,4,6,33,2,0,0,0,1,31,25,23,23,7,9,9
106,"F",10,4,6,34,2,0,0,1,0,31,25,23,23,7,9,9
106,"F",10,4,6,35,2,0,0,0,1,31,25,23,23,7,9,9
106,"F",10,4,6,36,2,0,0,1,0,31,25,23,23,7,9,9
106,"F",10,4,6,37,2,0,0,0,1,31,25,23,23,7,9,9
106,"F",10,4,6,38,2,0,0,1,0,31,25,23,23,7,9,9
106,"F",10,4,6,41,2,0,0,0,1,31,25,23,23,7,9,9
106,"F",10,4,6,43,2,1,0,0,1,31,25,23,23,7,9,9
106,"F",10,4,6,46,2,1,0,0,1,31,25,23,23,7,9,9
106,"F",10,4,6,47,2,1,0,1,0,31,25,23,23,7,9,9
106,"F",10,4,6,50,2,0,0,1,0,31,25,23,23,7,9,9
106,"F",10,4,6,52,2,0,1,0,0,31,25,23,23,7,9,9
106,"F",10,4,6,54,2,0,0,0,1,31,25,23,23,7,9,9
106,"F",10,4,6,55,2,0,0,1,0,31,25,23,23,7,9,9
106,"F",10,4,6,57,2,1,0,0,1,31,25,23,23,7,9,9
106,"F",10,4,6,58,2,0,0,0,1,31,25,23,23,7,9,9
107,"F",9.7,4,6,1,1,1,NA,NA,NA,16,16,19,29,9,9,15
107,"F",9.7,4,6,5,1,0,NA,NA,NA,16,16,19,29,9,9,15
107,"F",9.7,4,6,6,1,0,NA,NA,NA,16,16,19,29,9,9,15
107,"F",9.7,4,6,7,1,1,NA,NA,NA,16,16,19,29,9,9,15
107,"F",9.7,4,6,8,1,0,NA,NA,NA,16,16,19,29,9,9,15
107,"F",9.7,4,6,9,1,1,NA,NA,NA,16,16,19,29,9,9,15
107,"F",9.7,4,6,10,1,1,NA,NA,NA,16,16,19,29,9,9,15
107,"F",9.7,4,6,11,1,1,NA,NA,NA,16,16,19,29,9,9,15
107,"F",9.7,4,6,12,1,0,NA,NA,NA,16,16,19,29,9,9,15
107,"F",9.7,4,6,14,1,0,NA,NA,NA,16,16,19,29,9,9,15
107,"F",9.7,4,6,15,1,0,NA,NA,NA,16,16,19,29,9,9,15
107,"F",9.7,4,6,17,1,1,NA,NA,NA,16,16,19,29,9,9,15
107,"F",9.7,4,6,18,1,0,NA,NA,NA,16,16,19,29,9,9,15
107,"F",9.7,4,6,20,1,1,NA,NA,NA,16,16,19,29,9,9,15
107,"F",9.7,4,6,21,1,0,NA,NA,NA,16,16,19,29,9,9,15
107,"F",9.7,4,6,24,1,1,NA,NA,NA,16,16,19,29,9,9,15
107,"F",9.7,4,6,25,1,1,NA,NA,NA,16,16,19,29,9,9,15
107,"F",9.7,4,6,27,1,0,NA,NA,NA,16,16,19,29,9,9,15
107,"F",9.7,4,6,32,1,0,NA,NA,NA,16,16,19,29,9,9,15
107,"F",9.7,4,6,35,1,1,NA,NA,NA,16,16,19,29,9,9,15
107,"F",9.7,4,6,36,1,1,NA,NA,NA,16,16,19,29,9,9,15
107,"F",9.7,4,6,40,1,1,NA,NA,NA,16,16,19,29,9,9,15
107,"F",9.7,4,6,44,1,1,NA,NA,NA,16,16,19,29,9,9,15
107,"F",9.7,4,6,47,1,1,NA,NA,NA,16,16,19,29,9,9,15
107,"F",9.7,4,6,48,1,0,NA,NA,NA,16,16,19,29,9,9,15
107,"F",9.7,4,6,50,1,0,NA,NA,NA,16,16,19,29,9,9,15
107,"F",9.7,4,6,52,1,0,NA,NA,NA,16,16,19,29,9,9,15
107,"F",9.7,4,6,53,1,0,NA,NA,NA,16,16,19,29,9,9,15
107,"F",9.7,4,6,56,1,1,NA,NA,NA,16,16,19,29,9,9,15
107,"F",9.7,4,6,60,1,0,NA,NA,NA,16,16,19,29,9,9,15
107,"F",9.7,4,6,2,2,0,0,0,1,16,16,19,29,9,9,15
107,"F",9.7,4,6,3,2,0,0,0,1,16,16,19,29,9,9,15
107,"F",9.7,4,6,4,2,0,0,0,1,16,16,19,29,9,9,15
107,"F",9.7,4,6,13,2,0,0,0,1,16,16,19,29,9,9,15
107,"F",9.7,4,6,16,2,0,0,0,1,16,16,19,29,9,9,15
107,"F",9.7,4,6,19,2,0,0,0,1,16,16,19,29,9,9,15
107,"F",9.7,4,6,22,2,1,0,0,1,16,16,19,29,9,9,15
107,"F",9.7,4,6,23,2,0,0,1,0,16,16,19,29,9,9,15
107,"F",9.7,4,6,26,2,1,0,0,1,16,16,19,29,9,9,15
107,"F",9.7,4,6,28,2,0,0,0,1,16,16,19,29,9,9,15
107,"F",9.7,4,6,29,2,0,0,0,1,16,16,19,29,9,9,15
107,"F",9.7,4,6,30,2,0,0,0,1,16,16,19,29,9,9,15
107,"F",9.7,4,6,31,2,0,1,0,0,16,16,19,29,9,9,15
107,"F",9.7,4,6,33,2,1,0,0,1,16,16,19,29,9,9,15
107,"F",9.7,4,6,34,2,1,0,0,1,16,16,19,29,9,9,15
107,"F",9.7,4,6,37,2,0,0,0,1,16,16,19,29,9,9,15
107,"F",9.7,4,6,38,2,1,0,1,0,16,16,19,29,9,9,15
107,"F",9.7,4,6,39,2,0,0,0,1,16,16,19,29,9,9,15
107,"F",9.7,4,6,41,2,0,0,0,1,16,16,19,29,9,9,15
107,"F",9.7,4,6,42,2,0,0,1,0,16,16,19,29,9,9,15
107,"F",9.7,4,6,43,2,1,0,0,1,16,16,19,29,9,9,15
107,"F",9.7,4,6,45,2,1,0,0,1,16,16,19,29,9,9,15
107,"F",9.7,4,6,46,2,1,0,1,0,16,16,19,29,9,9,15
107,"F",9.7,4,6,49,2,1,0,0,1,16,16,19,29,9,9,15
107,"F",9.7,4,6,51,2,0,0,0,1,16,16,19,29,9,9,15
107,"F",9.7,4,6,54,2,0,0,0,1,16,16,19,29,9,9,15
107,"F",9.7,4,6,55,2,0,0,0,1,16,16,19,29,9,9,15
107,"F",9.7,4,6,57,2,0,0,1,0,16,16,19,29,9,9,15
107,"F",9.7,4,6,58,2,0,1,0,0,16,16,19,29,9,9,15
107,"F",9.7,4,6,59,2,1,0,0,1,16,16,19,29,9,9,15
108,"M",9.7,4,6,1,1,0,NA,NA,NA,32,18,29,36,4,10,14
108,"M",9.7,4,6,5,1,1,NA,NA,NA,32,18,29,36,4,10,14
108,"M",9.7,4,6,6,1,0,NA,NA,NA,32,18,29,36,4,10,14
108,"M",9.7,4,6,8,1,0,NA,NA,NA,32,18,29,36,4,10,14
108,"M",9.7,4,6,11,1,1,NA,NA,NA,32,18,29,36,4,10,14
108,"M",9.7,4,6,16,1,0,NA,NA,NA,32,18,29,36,4,10,14
108,"M",9.7,4,6,17,1,1,NA,NA,NA,32,18,29,36,4,10,14
108,"M",9.7,4,6,21,1,0,NA,NA,NA,32,18,29,36,4,10,14
108,"M",9.7,4,6,23,1,1,NA,NA,NA,32,18,29,36,4,10,14
108,"M",9.7,4,6,25,1,1,NA,NA,NA,32,18,29,36,4,10,14
108,"M",9.7,4,6,26,1,0,NA,NA,NA,32,18,29,36,4,10,14
108,"M",9.7,4,6,28,1,0,NA,NA,NA,32,18,29,36,4,10,14
108,"M",9.7,4,6,31,1,0,NA,NA,NA,32,18,29,36,4,10,14
108,"M",9.7,4,6,32,1,0,NA,NA,NA,32,18,29,36,4,10,14
108,"M",9.7,4,6,35,1,0,NA,NA,NA,32,18,29,36,4,10,14
108,"M",9.7,4,6,37,1,1,NA,NA,NA,32,18,29,36,4,10,14
108,"M",9.7,4,6,38,1,0,NA,NA,NA,32,18,29,36,4,10,14
108,"M",9.7,4,6,39,1,0,NA,NA,NA,32,18,29,36,4,10,14
108,"M",9.7,4,6,40,1,1,NA,NA,NA,32,18,29,36,4,10,14
108,"M",9.7,4,6,43,1,1,NA,NA,NA,32,18,29,36,4,10,14
108,"M",9.7,4,6,46,1,1,NA,NA,NA,32,18,29,36,4,10,14
108,"M",9.7,4,6,47,1,1,NA,NA,NA,32,18,29,36,4,10,14
108,"M",9.7,4,6,50,1,1,NA,NA,NA,32,18,29,36,4,10,14
108,"M",9.7,4,6,51,1,1,NA,NA,NA,32,18,29,36,4,10,14
108,"M",9.7,4,6,52,1,0,NA,NA,NA,32,18,29,36,4,10,14
108,"M",9.7,4,6,54,1,0,NA,NA,NA,32,18,29,36,4,10,14
108,"M",9.7,4,6,57,1,1,NA,NA,NA,32,18,29,36,4,10,14
108,"M",9.7,4,6,58,1,1,NA,NA,NA,32,18,29,36,4,10,14
108,"M",9.7,4,6,59,1,0,NA,NA,NA,32,18,29,36,4,10,14
108,"M",9.7,4,6,60,1,0,NA,NA,NA,32,18,29,36,4,10,14
108,"M",9.7,4,6,2,2,1,0,0,1,32,18,29,36,4,10,14
108,"M",9.7,4,6,3,2,0,0,1,0,32,18,29,36,4,10,14
108,"M",9.7,4,6,4,2,0,0,1,0,32,18,29,36,4,10,14
108,"M",9.7,4,6,7,2,1,0,1,0,32,18,29,36,4,10,14
108,"M",9.7,4,6,9,2,0,1,0,0,32,18,29,36,4,10,14
108,"M",9.7,4,6,10,2,1,0,0,1,32,18,29,36,4,10,14
108,"M",9.7,4,6,12,2,0,1,0,0,32,18,29,36,4,10,14
108,"M",9.7,4,6,13,2,0,0,0,1,32,18,29,36,4,10,14
108,"M",9.7,4,6,14,2,1,0,1,0,32,18,29,36,4,10,14
108,"M",9.7,4,6,15,2,0,1,0,0,32,18,29,36,4,10,14
108,"M",9.7,4,6,18,2,0,1,0,0,32,18,29,36,4,10,14
108,"M",9.7,4,6,19,2,1,0,0,1,32,18,29,36,4,10,14
108,"M",9.7,4,6,20,2,0,1,0,0,32,18,29,36,4,10,14
108,"M",9.7,4,6,22,2,0,1,0,0,32,18,29,36,4,10,14
108,"M",9.7,4,6,24,2,1,0,1,0,32,18,29,36,4,10,14
108,"M",9.7,4,6,27,2,0,1,0,0,32,18,29,36,4,10,14
108,"M",9.7,4,6,29,2,1,0,0,1,32,18,29,36,4,10,14
108,"M",9.7,4,6,30,2,0,1,0,0,32,18,29,36,4,10,14
108,"M",9.7,4,6,33,2,0,1,0,0,32,18,29,36,4,10,14
108,"M",9.7,4,6,34,2,0,0,0,1,32,18,29,36,4,10,14
108,"M",9.7,4,6,36,2,0,1,0,0,32,18,29,36,4,10,14
108,"M",9.7,4,6,41,2,1,0,0,1,32,18,29,36,4,10,14
108,"M",9.7,4,6,42,2,1,0,0,1,32,18,29,36,4,10,14
108,"M",9.7,4,6,44,2,0,1,0,0,32,18,29,36,4,10,14
108,"M",9.7,4,6,45,2,1,0,1,0,32,18,29,36,4,10,14
108,"M",9.7,4,6,48,2,0,0,0,1,32,18,29,36,4,10,14
108,"M",9.7,4,6,49,2,0,1,0,0,32,18,29,36,4,10,14
108,"M",9.7,4,6,53,2,0,1,0,0,32,18,29,36,4,10,14
108,"M",9.7,4,6,55,2,0,0,0,1,32,18,29,36,4,10,14
108,"M",9.7,4,6,56,2,0,1,0,0,32,18,29,36,4,10,14
109,"F",9.5,4,6,1,1,1,NA,NA,NA,12,17,30,28,6,11,23
109,"F",9.5,4,6,4,1,0,NA,NA,NA,12,17,30,28,6,11,23
109,"F",9.5,4,6,8,1,1,NA,NA,NA,12,17,30,28,6,11,23
109,"F",9.5,4,6,9,1,0,NA,NA,NA,12,17,30,28,6,11,23
109,"F",9.5,4,6,12,1,1,NA,NA,NA,12,17,30,28,6,11,23
109,"F",9.5,4,6,16,1,0,NA,NA,NA,12,17,30,28,6,11,23
109,"F",9.5,4,6,17,1,1,NA,NA,NA,12,17,30,28,6,11,23
109,"F",9.5,4,6,18,1,0,NA,NA,NA,12,17,30,28,6,11,23
109,"F",9.5,4,6,19,1,1,NA,NA,NA,12,17,30,28,6,11,23
109,"F",9.5,4,6,22,1,1,NA,NA,NA,12,17,30,28,6,11,23
109,"F",9.5,4,6,23,1,1,NA,NA,NA,12,17,30,28,6,11,23
109,"F",9.5,4,6,26,1,1,NA,NA,NA,12,17,30,28,6,11,23
109,"F",9.5,4,6,27,1,1,NA,NA,NA,12,17,30,28,6,11,23
109,"F",9.5,4,6,28,1,1,NA,NA,NA,12,17,30,28,6,11,23
109,"F",9.5,4,6,29,1,0,NA,NA,NA,12,17,30,28,6,11,23
109,"F",9.5,4,6,32,1,1,NA,NA,NA,12,17,30,28,6,11,23
109,"F",9.5,4,6,35,1,0,NA,NA,NA,12,17,30,28,6,11,23
109,"F",9.5,4,6,38,1,1,NA,NA,NA,12,17,30,28,6,11,23
109,"F",9.5,4,6,39,1,1,NA,NA,NA,12,17,30,28,6,11,23
109,"F",9.5,4,6,40,1,1,NA,NA,NA,12,17,30,28,6,11,23
109,"F",9.5,4,6,41,1,0,NA,NA,NA,12,17,30,28,6,11,23
109,"F",9.5,4,6,42,1,1,NA,NA,NA,12,17,30,28,6,11,23
109,"F",9.5,4,6,44,1,1,NA,NA,NA,12,17,30,28,6,11,23
109,"F",9.5,4,6,46,1,1,NA,NA,NA,12,17,30,28,6,11,23
109,"F",9.5,4,6,48,1,1,NA,NA,NA,12,17,30,28,6,11,23
109,"F",9.5,4,6,53,1,1,NA,NA,NA,12,17,30,28,6,11,23
109,"F",9.5,4,6,56,1,1,NA,NA,NA,12,17,30,28,6,11,23
109,"F",9.5,4,6,57,1,1,NA,NA,NA,12,17,30,28,6,11,23
109,"F",9.5,4,6,58,1,1,NA,NA,NA,12,17,30,28,6,11,23
109,"F",9.5,4,6,59,1,1,NA,NA,NA,12,17,30,28,6,11,23
109,"F",9.5,4,6,2,2,1,0,0,1,12,17,30,28,6,11,23
109,"F",9.5,4,6,3,2,0,0,0,1,12,17,30,28,6,11,23
109,"F",9.5,4,6,5,2,1,0,0,1,12,17,30,28,6,11,23
109,"F",9.5,4,6,6,2,1,0,0,1,12,17,30,28,6,11,23
109,"F",9.5,4,6,7,2,1,0,0,1,12,17,30,28,6,11,23
109,"F",9.5,4,6,10,2,0,0,0,1,12,17,30,28,6,11,23
109,"F",9.5,4,6,11,2,1,0,0,1,12,17,30,28,6,11,23
109,"F",9.5,4,6,13,2,1,0,0,1,12,17,30,28,6,11,23
109,"F",9.5,4,6,14,2,1,0,0,1,12,17,30,28,6,11,23
109,"F",9.5,4,6,15,2,0,0,0,1,12,17,30,28,6,11,23
109,"F",9.5,4,6,20,2,1,0,0,1,12,17,30,28,6,11,23
109,"F",9.5,4,6,21,2,1,0,0,1,12,17,30,28,6,11,23
109,"F",9.5,4,6,24,2,0,1,0,0,12,17,30,28,6,11,23
109,"F",9.5,4,6,25,2,1,0,0,1,12,17,30,28,6,11,23
109,"F",9.5,4,6,30,2,1,0,0,1,12,17,30,28,6,11,23
109,"F",9.5,4,6,31,2,1,0,0,1,12,17,30,28,6,11,23
109,"F",9.5,4,6,33,2,0,0,0,1,12,17,30,28,6,11,23
109,"F",9.5,4,6,34,2,1,0,0,1,12,17,30,28,6,11,23
109,"F",9.5,4,6,36,2,1,0,0,1,12,17,30,28,6,11,23
109,"F",9.5,4,6,37,2,0,0,0,1,12,17,30,28,6,11,23
109,"F",9.5,4,6,43,2,1,0,0,1,12,17,30,28,6,11,23
109,"F",9.5,4,6,45,2,1,0,0,1,12,17,30,28,6,11,23
109,"F",9.5,4,6,47,2,1,0,0,1,12,17,30,28,6,11,23
109,"F",9.5,4,6,49,2,1,0,0,1,12,17,30,28,6,11,23
109,"F",9.5,4,6,50,2,0,0,0,1,12,17,30,28,6,11,23
109,"F",9.5,4,6,51,2,1,0,0,1,12,17,30,28,6,11,23
109,"F",9.5,4,6,52,2,1,0,0,1,12,17,30,28,6,11,23
109,"F",9.5,4,6,54,2,1,0,0,1,12,17,30,28,6,11,23
109,"F",9.5,4,6,55,2,1,0,1,0,12,17,30,28,6,11,23
109,"F",9.5,4,6,60,2,1,0,0,1,12,17,30,28,6,11,23
110,"M",9,4,6,1,1,0,NA,NA,NA,22,7,17,16,10,10,7
110,"M",9,4,6,3,1,0,NA,NA,NA,22,7,17,16,10,10,7
110,"M",9,4,6,6,1,0,NA,NA,NA,22,7,17,16,10,10,7
110,"M",9,4,6,7,1,0,NA,NA,NA,22,7,17,16,10,10,7
110,"M",9,4,6,8,1,0,NA,NA,NA,22,7,17,16,10,10,7
110,"M",9,4,6,9,1,1,NA,NA,NA,22,7,17,16,10,10,7
110,"M",9,4,6,10,1,1,NA,NA,NA,22,7,17,16,10,10,7
110,"M",9,4,6,13,1,0,NA,NA,NA,22,7,17,16,10,10,7
110,"M",9,4,6,15,1,0,NA,NA,NA,22,7,17,16,10,10,7
110,"M",9,4,6,17,1,0,NA,NA,NA,22,7,17,16,10,10,7
110,"M",9,4,6,22,1,0,NA,NA,NA,22,7,17,16,10,10,7
110,"M",9,4,6,24,1,0,NA,NA,NA,22,7,17,16,10,10,7
110,"M",9,4,6,26,1,0,NA,NA,NA,22,7,17,16,10,10,7
110,"M",9,4,6,28,1,1,NA,NA,NA,22,7,17,16,10,10,7
110,"M",9,4,6,30,1,0,NA,NA,NA,22,7,17,16,10,10,7
110,"M",9,4,6,35,1,0,NA,NA,NA,22,7,17,16,10,10,7
110,"M",9,4,6,36,1,0,NA,NA,NA,22,7,17,16,10,10,7
110,"M",9,4,6,38,1,0,NA,NA,NA,22,7,17,16,10,10,7
110,"M",9,4,6,39,1,1,NA,NA,NA,22,7,17,16,10,10,7
110,"M",9,4,6,43,1,0,NA,NA,NA,22,7,17,16,10,10,7
110,"M",9,4,6,46,1,0,NA,NA,NA,22,7,17,16,10,10,7
110,"M",9,4,6,47,1,1,NA,NA,NA,22,7,17,16,10,10,7
110,"M",9,4,6,48,1,0,NA,NA,NA,22,7,17,16,10,10,7
110,"M",9,4,6,51,1,0,NA,NA,NA,22,7,17,16,10,10,7
110,"M",9,4,6,52,1,0,NA,NA,NA,22,7,17,16,10,10,7
110,"M",9,4,6,56,1,1,NA,NA,NA,22,7,17,16,10,10,7
110,"M",9,4,6,57,1,0,NA,NA,NA,22,7,17,16,10,10,7
110,"M",9,4,6,58,1,0,NA,NA,NA,22,7,17,16,10,10,7
110,"M",9,4,6,59,1,1,NA,NA,NA,22,7,17,16,10,10,7
110,"M",9,4,6,60,1,0,NA,NA,NA,22,7,17,16,10,10,7
110,"M",9,4,6,2,2,0,1,0,0,22,7,17,16,10,10,7
110,"M",9,4,6,4,2,0,0,1,0,22,7,17,16,10,10,7
110,"M",9,4,6,5,2,1,0,1,0,22,7,17,16,10,10,7
110,"M",9,4,6,11,2,0,0,1,0,22,7,17,16,10,10,7
110,"M",9,4,6,12,2,0,1,0,0,22,7,17,16,10,10,7
110,"M",9,4,6,14,2,1,0,0,1,22,7,17,16,10,10,7
110,"M",9,4,6,16,2,0,0,1,0,22,7,17,16,10,10,7
110,"M",9,4,6,18,2,0,0,1,0,22,7,17,16,10,10,7
110,"M",9,4,6,19,2,0,0,0,1,22,7,17,16,10,10,7
110,"M",9,4,6,20,2,0,0,1,0,22,7,17,16,10,10,7
110,"M",9,4,6,21,2,0,0,1,0,22,7,17,16,10,10,7
110,"M",9,4,6,23,2,0,0,1,0,22,7,17,16,10,10,7
110,"M",9,4,6,25,2,0,0,1,0,22,7,17,16,10,10,7
110,"M",9,4,6,27,2,0,0,1,0,22,7,17,16,10,10,7
110,"M",9,4,6,29,2,0,1,0,0,22,7,17,16,10,10,7
110,"M",9,4,6,31,2,0,1,0,0,22,7,17,16,10,10,7
110,"M",9,4,6,32,2,0,1,0,0,22,7,17,16,10,10,7
110,"M",9,4,6,33,2,0,1,0,0,22,7,17,16,10,10,7
110,"M",9,4,6,34,2,0,0,1,0,22,7,17,16,10,10,7
110,"M",9,4,6,37,2,0,0,0,1,22,7,17,16,10,10,7
110,"M",9,4,6,40,2,0,0,1,0,22,7,17,16,10,10,7
110,"M",9,4,6,41,2,0,1,0,0,22,7,17,16,10,10,7
110,"M",9,4,6,42,2,0,0,1,0,22,7,17,16,10,10,7
110,"M",9,4,6,44,2,0,1,0,0,22,7,17,16,10,10,7
110,"M",9,4,6,45,2,1,0,1,0,22,7,17,16,10,10,7
110,"M",9,4,6,49,2,0,1,0,0,22,7,17,16,10,10,7
110,"M",9,4,6,50,2,0,0,0,1,22,7,17,16,10,10,7
110,"M",9,4,6,53,2,1,0,1,0,22,7,17,16,10,10,7
110,"M",9,4,6,54,2,0,0,0,1,22,7,17,16,10,10,7
110,"M",9,4,6,55,2,0,0,0,1,22,7,17,16,10,10,7
111,"F",9.6,4,6,1,1,0,NA,NA,NA,38,12,35,13,7,4,12
111,"F",9.6,4,6,4,1,1,NA,NA,NA,38,12,35,13,7,4,12
111,"F",9.6,4,6,5,1,1,NA,NA,NA,38,12,35,13,7,4,12
111,"F",9.6,4,6,7,1,0,NA,NA,NA,38,12,35,13,7,4,12
111,"F",9.6,4,6,9,1,0,NA,NA,NA,38,12,35,13,7,4,12
111,"F",9.6,4,6,10,1,1,NA,NA,NA,38,12,35,13,7,4,12
111,"F",9.6,4,6,14,1,0,NA,NA,NA,38,12,35,13,7,4,12
111,"F",9.6,4,6,15,1,0,NA,NA,NA,38,12,35,13,7,4,12
111,"F",9.6,4,6,17,1,0,NA,NA,NA,38,12,35,13,7,4,12
111,"F",9.6,4,6,19,1,1,NA,NA,NA,38,12,35,13,7,4,12
111,"F",9.6,4,6,20,1,0,NA,NA,NA,38,12,35,13,7,4,12
111,"F",9.6,4,6,25,1,0,NA,NA,NA,38,12,35,13,7,4,12
111,"F",9.6,4,6,26,1,0,NA,NA,NA,38,12,35,13,7,4,12
111,"F",9.6,4,6,27,1,1,NA,NA,NA,38,12,35,13,7,4,12
111,"F",9.6,4,6,29,1,0,NA,NA,NA,38,12,35,13,7,4,12
111,"F",9.6,4,6,33,1,0,NA,NA,NA,38,12,35,13,7,4,12
111,"F",9.6,4,6,34,1,0,NA,NA,NA,38,12,35,13,7,4,12
111,"F",9.6,4,6,35,1,0,NA,NA,NA,38,12,35,13,7,4,12
111,"F",9.6,4,6,36,1,1,NA,NA,NA,38,12,35,13,7,4,12
111,"F",9.6,4,6,38,1,1,NA,NA,NA,38,12,35,13,7,4,12
111,"F",9.6,4,6,39,1,1,NA,NA,NA,38,12,35,13,7,4,12
111,"F",9.6,4,6,40,1,0,NA,NA,NA,38,12,35,13,7,4,12
111,"F",9.6,4,6,41,1,0,NA,NA,NA,38,12,35,13,7,4,12
111,"F",9.6,4,6,45,1,1,NA,NA,NA,38,12,35,13,7,4,12
111,"F",9.6,4,6,46,1,0,NA,NA,NA,38,12,35,13,7,4,12
111,"F",9.6,4,6,47,1,1,NA,NA,NA,38,12,35,13,7,4,12
111,"F",9.6,4,6,52,1,0,NA,NA,NA,38,12,35,13,7,4,12
111,"F",9.6,4,6,53,1,1,NA,NA,NA,38,12,35,13,7,4,12
111,"F",9.6,4,6,56,1,1,NA,NA,NA,38,12,35,13,7,4,12
111,"F",9.6,4,6,60,1,0,NA,NA,NA,38,12,35,13,7,4,12
111,"F",9.6,4,6,2,2,0,1,0,0,38,12,35,13,7,4,12
111,"F",9.6,4,6,3,2,0,1,0,0,38,12,35,13,7,4,12
111,"F",9.6,4,6,6,2,0,1,0,0,38,12,35,13,7,4,12
111,"F",9.6,4,6,8,2,0,1,0,0,38,12,35,13,7,4,12
111,"F",9.6,4,6,11,2,0,1,0,0,38,12,35,13,7,4,12
111,"F",9.6,4,6,12,2,0,1,0,0,38,12,35,13,7,4,12
111,"F",9.6,4,6,13,2,0,0,0,1,38,12,35,13,7,4,12
111,"F",9.6,4,6,16,2,0,0,1,0,38,12,35,13,7,4,12
111,"F",9.6,4,6,18,2,0,0,1,0,38,12,35,13,7,4,12
111,"F",9.6,4,6,21,2,0,1,0,0,38,12,35,13,7,4,12
111,"F",9.6,4,6,22,2,0,1,0,0,38,12,35,13,7,4,12
111,"F",9.6,4,6,23,2,0,1,0,0,38,12,35,13,7,4,12
111,"F",9.6,4,6,24,2,0,1,0,0,38,12,35,13,7,4,12
111,"F",9.6,4,6,28,2,0,1,0,0,38,12,35,13,7,4,12
111,"F",9.6,4,6,30,2,0,0,0,1,38,12,35,13,7,4,12
111,"F",9.6,4,6,31,2,0,1,0,0,38,12,35,13,7,4,12
111,"F",9.6,4,6,32,2,0,0,0,1,38,12,35,13,7,4,12
111,"F",9.6,4,6,37,2,0,1,0,0,38,12,35,13,7,4,12
111,"F",9.6,4,6,42,2,0,0,1,0,38,12,35,13,7,4,12
111,"F",9.6,4,6,43,2,0,1,0,0,38,12,35,13,7,4,12
111,"F",9.6,4,6,44,2,0,0,1,0,38,12,35,13,7,4,12
111,"F",9.6,4,6,48,2,0,1,0,0,38,12,35,13,7,4,12
111,"F",9.6,4,6,49,2,0,1,0,0,38,12,35,13,7,4,12
111,"F",9.6,4,6,50,2,0,1,0,0,38,12,35,13,7,4,12
111,"F",9.6,4,6,51,2,0,1,0,0,38,12,35,13,7,4,12
111,"F",9.6,4,6,54,2,0,1,0,0,38,12,35,13,7,4,12
111,"F",9.6,4,6,55,2,0,1,0,0,38,12,35,13,7,4,12
111,"F",9.6,4,6,57,2,0,1,0,0,38,12,35,13,7,4,12
111,"F",9.6,4,6,58,2,1,0,0,1,38,12,35,13,7,4,12
111,"F",9.6,4,6,59,2,0,1,0,0,38,12,35,13,7,4,12
112,"M",9.8,4,6,2,1,0,NA,NA,NA,15,25,18,26,8,8,10
112,"M",9.8,4,6,4,1,0,NA,NA,NA,15,25,18,26,8,8,10
112,"M",9.8,4,6,8,1,1,NA,NA,NA,15,25,18,26,8,8,10
112,"M",9.8,4,6,9,1,0,NA,NA,NA,15,25,18,26,8,8,10
112,"M",9.8,4,6,15,1,0,NA,NA,NA,15,25,18,26,8,8,10
112,"M",9.8,4,6,16,1,0,NA,NA,NA,15,25,18,26,8,8,10
112,"M",9.8,4,6,18,1,0,NA,NA,NA,15,25,18,26,8,8,10
112,"M",9.8,4,6,19,1,1,NA,NA,NA,15,25,18,26,8,8,10
112,"M",9.8,4,6,21,1,1,NA,NA,NA,15,25,18,26,8,8,10
112,"M",9.8,4,6,22,1,0,NA,NA,NA,15,25,18,26,8,8,10
112,"M",9.8,4,6,23,1,1,NA,NA,NA,15,25,18,26,8,8,10
112,"M",9.8,4,6,27,1,0,NA,NA,NA,15,25,18,26,8,8,10
112,"M",9.8,4,6,28,1,0,NA,NA,NA,15,25,18,26,8,8,10
112,"M",9.8,4,6,29,1,0,NA,NA,NA,15,25,18,26,8,8,10
112,"M",9.8,4,6,30,1,1,NA,NA,NA,15,25,18,26,8,8,10
112,"M",9.8,4,6,31,1,0,NA,NA,NA,15,25,18,26,8,8,10
112,"M",9.8,4,6,32,1,1,NA,NA,NA,15,25,18,26,8,8,10
112,"M",9.8,4,6,34,1,0,NA,NA,NA,15,25,18,26,8,8,10
112,"M",9.8,4,6,35,1,0,NA,NA,NA,15,25,18,26,8,8,10
112,"M",9.8,4,6,41,1,1,NA,NA,NA,15,25,18,26,8,8,10
112,"M",9.8,4,6,44,1,0,NA,NA,NA,15,25,18,26,8,8,10
112,"M",9.8,4,6,45,1,1,NA,NA,NA,15,25,18,26,8,8,10
112,"M",9.8,4,6,48,1,0,NA,NA,NA,15,25,18,26,8,8,10
112,"M",9.8,4,6,50,1,0,NA,NA,NA,15,25,18,26,8,8,10
112,"M",9.8,4,6,53,1,0,NA,NA,NA,15,25,18,26,8,8,10
112,"M",9.8,4,6,55,1,0,NA,NA,NA,15,25,18,26,8,8,10
112,"M",9.8,4,6,56,1,1,NA,NA,NA,15,25,18,26,8,8,10
112,"M",9.8,4,6,57,1,1,NA,NA,NA,15,25,18,26,8,8,10
112,"M",9.8,4,6,59,1,0,NA,NA,NA,15,25,18,26,8,8,10
112,"M",9.8,4,6,60,1,0,NA,NA,NA,15,25,18,26,8,8,10
112,"M",9.8,4,6,1,2,0,0,0,1,15,25,18,26,8,8,10
112,"M",9.8,4,6,3,2,0,0,0,1,15,25,18,26,8,8,10
112,"M",9.8,4,6,5,2,1,0,0,1,15,25,18,26,8,8,10
112,"M",9.8,4,6,6,2,0,0,0,1,15,25,18,26,8,8,10
112,"M",9.8,4,6,7,2,1,0,0,1,15,25,18,26,8,8,10
112,"M",9.8,4,6,10,2,1,0,1,0,15,25,18,26,8,8,10
112,"M",9.8,4,6,11,2,1,0,1,0,15,25,18,26,8,8,10
112,"M",9.8,4,6,12,2,1,0,0,1,15,25,18,26,8,8,10
112,"M",9.8,4,6,13,2,0,0,0,1,15,25,18,26,8,8,10
112,"M",9.8,4,6,14,2,0,0,1,0,15,25,18,26,8,8,10
112,"M",9.8,4,6,17,2,0,0,0,1,15,25,18,26,8,8,10
112,"M",9.8,4,6,20,2,0,0,0,1,15,25,18,26,8,8,10
112,"M",9.8,4,6,24,2,1,0,1,0,15,25,18,26,8,8,10
112,"M",9.8,4,6,25,2,1,0,1,0,15,25,18,26,8,8,10
112,"M",9.8,4,6,26,2,0,1,0,0,15,25,18,26,8,8,10
112,"M",9.8,4,6,33,2,0,0,0,1,15,25,18,26,8,8,10
112,"M",9.8,4,6,36,2,1,0,0,1,15,25,18,26,8,8,10
112,"M",9.8,4,6,37,2,1,0,0,1,15,25,18,26,8,8,10
112,"M",9.8,4,6,38,2,0,0,0,1,15,25,18,26,8,8,10
112,"M",9.8,4,6,39,2,1,0,0,1,15,25,18,26,8,8,10
112,"M",9.8,4,6,40,2,0,0,0,1,15,25,18,26,8,8,10
112,"M",9.8,4,6,42,2,0,0,0,1,15,25,18,26,8,8,10
112,"M",9.8,4,6,43,2,1,0,1,0,15,25,18,26,8,8,10
112,"M",9.8,4,6,46,2,1,0,0,1,15,25,18,26,8,8,10
112,"M",9.8,4,6,47,2,1,0,0,1,15,25,18,26,8,8,10
112,"M",9.8,4,6,49,2,0,0,0,1,15,25,18,26,8,8,10
112,"M",9.8,4,6,51,2,1,0,0,1,15,25,18,26,8,8,10
112,"M",9.8,4,6,52,2,0,0,0,1,15,25,18,26,8,8,10
112,"M",9.8,4,6,54,2,0,0,0,1,15,25,18,26,8,8,10
112,"M",9.8,4,6,58,2,0,0,0,1,15,25,18,26,8,8,10
113,"M",9.8,4,6,3,1,0,NA,NA,NA,33,20,21,21,6,9,5
113,"M",9.8,4,6,5,1,0,NA,NA,NA,33,20,21,21,6,9,5
113,"M",9.8,4,6,9,1,1,NA,NA,NA,33,20,21,21,6,9,5
113,"M",9.8,4,6,11,1,1,NA,NA,NA,33,20,21,21,6,9,5
113,"M",9.8,4,6,12,1,0,NA,NA,NA,33,20,21,21,6,9,5
113,"M",9.8,4,6,13,1,0,NA,NA,NA,33,20,21,21,6,9,5
113,"M",9.8,4,6,16,1,0,NA,NA,NA,33,20,21,21,6,9,5
113,"M",9.8,4,6,21,1,0,NA,NA,NA,33,20,21,21,6,9,5
113,"M",9.8,4,6,23,1,0,NA,NA,NA,33,20,21,21,6,9,5
113,"M",9.8,4,6,27,1,0,NA,NA,NA,33,20,21,21,6,9,5
113,"M",9.8,4,6,30,1,0,NA,NA,NA,33,20,21,21,6,9,5
113,"M",9.8,4,6,31,1,1,NA,NA,NA,33,20,21,21,6,9,5
113,"M",9.8,4,6,32,1,0,NA,NA,NA,33,20,21,21,6,9,5
113,"M",9.8,4,6,33,1,0,NA,NA,NA,33,20,21,21,6,9,5
113,"M",9.8,4,6,35,1,0,NA,NA,NA,33,20,21,21,6,9,5
113,"M",9.8,4,6,37,1,0,NA,NA,NA,33,20,21,21,6,9,5
113,"M",9.8,4,6,38,1,0,NA,NA,NA,33,20,21,21,6,9,5
113,"M",9.8,4,6,44,1,0,NA,NA,NA,33,20,21,21,6,9,5
113,"M",9.8,4,6,45,1,1,NA,NA,NA,33,20,21,21,6,9,5
113,"M",9.8,4,6,48,1,0,NA,NA,NA,33,20,21,21,6,9,5
113,"M",9.8,4,6,49,1,0,NA,NA,NA,33,20,21,21,6,9,5
113,"M",9.8,4,6,50,1,0,NA,NA,NA,33,20,21,21,6,9,5
113,"M",9.8,4,6,51,1,0,NA,NA,NA,33,20,21,21,6,9,5
113,"M",9.8,4,6,52,1,0,NA,NA,NA,33,20,21,21,6,9,5
113,"M",9.8,4,6,53,1,1,NA,NA,NA,33,20,21,21,6,9,5
113,"M",9.8,4,6,54,1,0,NA,NA,NA,33,20,21,21,6,9,5
113,"M",9.8,4,6,55,1,0,NA,NA,NA,33,20,21,21,6,9,5
113,"M",9.8,4,6,57,1,0,NA,NA,NA,33,20,21,21,6,9,5
113,"M",9.8,4,6,59,1,0,NA,NA,NA,33,20,21,21,6,9,5
113,"M",9.8,4,6,60,1,0,NA,NA,NA,33,20,21,21,6,9,5
113,"M",9.8,4,6,1,2,0,0,1,0,33,20,21,21,6,9,5
113,"M",9.8,4,6,2,2,1,0,1,0,33,20,21,21,6,9,5
113,"M",9.8,4,6,4,2,0,0,1,0,33,20,21,21,6,9,5
113,"M",9.8,4,6,6,2,0,0,0,1,33,20,21,21,6,9,5
113,"M",9.8,4,6,7,2,1,0,1,0,33,20,21,21,6,9,5
113,"M",9.8,4,6,8,2,0,0,1,0,33,20,21,21,6,9,5
113,"M",9.8,4,6,10,2,1,0,0,1,33,20,21,21,6,9,5
113,"M",9.8,4,6,14,2,0,0,1,0,33,20,21,21,6,9,5
113,"M",9.8,4,6,15,2,0,1,0,0,33,20,21,21,6,9,5
113,"M",9.8,4,6,17,2,1,0,0,1,33,20,21,21,6,9,5
113,"M",9.8,4,6,18,2,0,0,0,1,33,20,21,21,6,9,5
113,"M",9.8,4,6,19,2,0,0,1,0,33,20,21,21,6,9,5
113,"M",9.8,4,6,20,2,0,0,1,0,33,20,21,21,6,9,5
113,"M",9.8,4,6,22,2,1,0,1,0,33,20,21,21,6,9,5
113,"M",9.8,4,6,24,2,0,0,0,1,33,20,21,21,6,9,5
113,"M",9.8,4,6,25,2,1,0,1,0,33,20,21,21,6,9,5
113,"M",9.8,4,6,26,2,0,0,0,1,33,20,21,21,6,9,5
113,"M",9.8,4,6,28,2,0,0,1,0,33,20,21,21,6,9,5
113,"M",9.8,4,6,29,2,0,0,1,0,33,20,21,21,6,9,5
113,"M",9.8,4,6,34,2,0,0,1,0,33,20,21,21,6,9,5
113,"M",9.8,4,6,36,2,0,1,0,0,33,20,21,21,6,9,5
113,"M",9.8,4,6,39,2,1,0,0,1,33,20,21,21,6,9,5
113,"M",9.8,4,6,40,2,0,0,1,0,33,20,21,21,6,9,5
113,"M",9.8,4,6,41,2,1,0,0,1,33,20,21,21,6,9,5
113,"M",9.8,4,6,42,2,1,0,1,0,33,20,21,21,6,9,5
113,"M",9.8,4,6,43,2,1,0,1,0,33,20,21,21,6,9,5
113,"M",9.8,4,6,46,2,0,1,0,0,33,20,21,21,6,9,5
113,"M",9.8,4,6,47,2,0,0,1,0,33,20,21,21,6,9,5
113,"M",9.8,4,6,56,2,1,0,1,0,33,20,21,21,6,9,5
113,"M",9.8,4,6,58,2,1,0,0,1,33,20,21,21,6,9,5
114,"F",9.5,4,6,4,1,0,NA,NA,NA,27,19,18,22,6,10,10
114,"F",9.5,4,6,6,1,0,NA,NA,NA,27,19,18,22,6,10,10
114,"F",9.5,4,6,7,1,1,NA,NA,NA,27,19,18,22,6,10,10
114,"F",9.5,4,6,8,1,0,NA,NA,NA,27,19,18,22,6,10,10
114,"F",9.5,4,6,9,1,0,NA,NA,NA,27,19,18,22,6,10,10
114,"F",9.5,4,6,14,1,0,NA,NA,NA,27,19,18,22,6,10,10
114,"F",9.5,4,6,17,1,1,NA,NA,NA,27,19,18,22,6,10,10
114,"F",9.5,4,6,20,1,0,NA,NA,NA,27,19,18,22,6,10,10
114,"F",9.5,4,6,22,1,0,NA,NA,NA,27,19,18,22,6,10,10
114,"F",9.5,4,6,23,1,1,NA,NA,NA,27,19,18,22,6,10,10
114,"F",9.5,4,6,24,1,0,NA,NA,NA,27,19,18,22,6,10,10
114,"F",9.5,4,6,26,1,0,NA,NA,NA,27,19,18,22,6,10,10
114,"F",9.5,4,6,27,1,0,NA,NA,NA,27,19,18,22,6,10,10
114,"F",9.5,4,6,29,1,0,NA,NA,NA,27,19,18,22,6,10,10
114,"F",9.5,4,6,33,1,0,NA,NA,NA,27,19,18,22,6,10,10
114,"F",9.5,4,6,35,1,0,NA,NA,NA,27,19,18,22,6,10,10
114,"F",9.5,4,6,40,1,1,NA,NA,NA,27,19,18,22,6,10,10
114,"F",9.5,4,6,41,1,1,NA,NA,NA,27,19,18,22,6,10,10
114,"F",9.5,4,6,44,1,0,NA,NA,NA,27,19,18,22,6,10,10
114,"F",9.5,4,6,46,1,1,NA,NA,NA,27,19,18,22,6,10,10
114,"F",9.5,4,6,47,1,1,NA,NA,NA,27,19,18,22,6,10,10
114,"F",9.5,4,6,48,1,0,NA,NA,NA,27,19,18,22,6,10,10
114,"F",9.5,4,6,51,1,0,NA,NA,NA,27,19,18,22,6,10,10
114,"F",9.5,4,6,53,1,1,NA,NA,NA,27,19,18,22,6,10,10
114,"F",9.5,4,6,55,1,0,NA,NA,NA,27,19,18,22,6,10,10
114,"F",9.5,4,6,56,1,1,NA,NA,NA,27,19,18,22,6,10,10
114,"F",9.5,4,6,57,1,0,NA,NA,NA,27,19,18,22,6,10,10
114,"F",9.5,4,6,58,1,0,NA,NA,NA,27,19,18,22,6,10,10
114,"F",9.5,4,6,59,1,1,NA,NA,NA,27,19,18,22,6,10,10
114,"F",9.5,4,6,60,1,0,NA,NA,NA,27,19,18,22,6,10,10
114,"F",9.5,4,6,1,2,1,0,0,1,27,19,18,22,6,10,10
114,"F",9.5,4,6,2,2,0,0,0,1,27,19,18,22,6,10,10
114,"F",9.5,4,6,3,2,0,0,1,0,27,19,18,22,6,10,10
114,"F",9.5,4,6,5,2,0,0,1,0,27,19,18,22,6,10,10
114,"F",9.5,4,6,10,2,0,0,1,0,27,19,18,22,6,10,10
114,"F",9.5,4,6,11,2,1,0,0,1,27,19,18,22,6,10,10
114,"F",9.5,4,6,12,2,0,0,0,1,27,19,18,22,6,10,10
114,"F",9.5,4,6,13,2,0,0,1,0,27,19,18,22,6,10,10
114,"F",9.5,4,6,15,2,0,0,1,0,27,19,18,22,6,10,10
114,"F",9.5,4,6,16,2,0,0,1,0,27,19,18,22,6,10,10
114,"F",9.5,4,6,18,2,0,0,1,0,27,19,18,22,6,10,10
114,"F",9.5,4,6,19,2,0,0,0,1,27,19,18,22,6,10,10
114,"F",9.5,4,6,21,2,0,0,0,1,27,19,18,22,6,10,10
114,"F",9.5,4,6,25,2,1,0,1,0,27,19,18,22,6,10,10
114,"F",9.5,4,6,28,2,0,0,1,0,27,19,18,22,6,10,10
114,"F",9.5,4,6,30,2,0,0,1,0,27,19,18,22,6,10,10
114,"F",9.5,4,6,31,2,0,0,1,0,27,19,18,22,6,10,10
114,"F",9.5,4,6,32,2,0,0,1,0,27,19,18,22,6,10,10
114,"F",9.5,4,6,34,2,1,0,0,1,27,19,18,22,6,10,10
114,"F",9.5,4,6,36,2,0,0,0,1,27,19,18,22,6,10,10
114,"F",9.5,4,6,37,2,1,0,1,0,27,19,18,22,6,10,10
114,"F",9.5,4,6,38,2,0,0,0,1,27,19,18,22,6,10,10
114,"F",9.5,4,6,39,2,1,0,1,0,27,19,18,22,6,10,10
114,"F",9.5,4,6,42,2,0,0,0,1,27,19,18,22,6,10,10
114,"F",9.5,4,6,43,2,0,0,0,1,27,19,18,22,6,10,10
114,"F",9.5,4,6,45,2,1,0,1,0,27,19,18,22,6,10,10
114,"F",9.5,4,6,49,2,0,0,0,1,27,19,18,22,6,10,10
114,"F",9.5,4,6,50,2,0,0,1,0,27,19,18,22,6,10,10
114,"F",9.5,4,6,52,2,1,0,1,0,27,19,18,22,6,10,10
114,"F",9.5,4,6,54,2,0,1,0,0,27,19,18,22,6,10,10
115,"F",9.5,4,6,1,1,0,NA,NA,NA,34,12,25,16,10,5,15
115,"F",9.5,4,6,3,1,0,NA,NA,NA,34,12,25,16,10,5,15
115,"F",9.5,4,6,6,1,1,NA,NA,NA,34,12,25,16,10,5,15
115,"F",9.5,4,6,7,1,1,NA,NA,NA,34,12,25,16,10,5,15
115,"F",9.5,4,6,8,1,0,NA,NA,NA,34,12,25,16,10,5,15
115,"F",9.5,4,6,9,1,0,NA,NA,NA,34,12,25,16,10,5,15
115,"F",9.5,4,6,12,1,0,NA,NA,NA,34,12,25,16,10,5,15
115,"F",9.5,4,6,15,1,1,NA,NA,NA,34,12,25,16,10,5,15
115,"F",9.5,4,6,21,1,0,NA,NA,NA,34,12,25,16,10,5,15
115,"F",9.5,4,6,22,1,1,NA,NA,NA,34,12,25,16,10,5,15
115,"F",9.5,4,6,24,1,1,NA,NA,NA,34,12,25,16,10,5,15
115,"F",9.5,4,6,26,1,0,NA,NA,NA,34,12,25,16,10,5,15
115,"F",9.5,4,6,29,1,1,NA,NA,NA,34,12,25,16,10,5,15
115,"F",9.5,4,6,30,1,1,NA,NA,NA,34,12,25,16,10,5,15
115,"F",9.5,4,6,34,1,0,NA,NA,NA,34,12,25,16,10,5,15
115,"F",9.5,4,6,35,1,0,NA,NA,NA,34,12,25,16,10,5,15
115,"F",9.5,4,6,37,1,1,NA,NA,NA,34,12,25,16,10,5,15
115,"F",9.5,4,6,39,1,1,NA,NA,NA,34,12,25,16,10,5,15
115,"F",9.5,4,6,41,1,0,NA,NA,NA,34,12,25,16,10,5,15
115,"F",9.5,4,6,42,1,1,NA,NA,NA,34,12,25,16,10,5,15
115,"F",9.5,4,6,43,1,1,NA,NA,NA,34,12,25,16,10,5,15
115,"F",9.5,4,6,46,1,1,NA,NA,NA,34,12,25,16,10,5,15
115,"F",9.5,4,6,47,1,1,NA,NA,NA,34,12,25,16,10,5,15
115,"F",9.5,4,6,48,1,1,NA,NA,NA,34,12,25,16,10,5,15
115,"F",9.5,4,6,49,1,0,NA,NA,NA,34,12,25,16,10,5,15
115,"F",9.5,4,6,50,1,1,NA,NA,NA,34,12,25,16,10,5,15
115,"F",9.5,4,6,51,1,0,NA,NA,NA,34,12,25,16,10,5,15
115,"F",9.5,4,6,53,1,0,NA,NA,NA,34,12,25,16,10,5,15
115,"F",9.5,4,6,54,1,0,NA,NA,NA,34,12,25,16,10,5,15
115,"F",9.5,4,6,59,1,0,NA,NA,NA,34,12,25,16,10,5,15
115,"F",9.5,4,6,2,2,0,1,0,0,34,12,25,16,10,5,15
115,"F",9.5,4,6,4,2,1,0,1,0,34,12,25,16,10,5,15
115,"F",9.5,4,6,5,2,0,1,0,0,34,12,25,16,10,5,15
115,"F",9.5,4,6,10,2,1,0,0,1,34,12,25,16,10,5,15
115,"F",9.5,4,6,11,2,1,0,1,0,34,12,25,16,10,5,15
115,"F",9.5,4,6,13,2,0,1,0,0,34,12,25,16,10,5,15
115,"F",9.5,4,6,14,2,1,0,1,0,34,12,25,16,10,5,15
115,"F",9.5,4,6,16,2,0,1,0,0,34,12,25,16,10,5,15
115,"F",9.5,4,6,17,2,0,0,0,1,34,12,25,16,10,5,15
115,"F",9.5,4,6,18,2,0,0,1,0,34,12,25,16,10,5,15
115,"F",9.5,4,6,19,2,0,0,1,0,34,12,25,16,10,5,15
115,"F",9.5,4,6,20,2,0,1,0,0,34,12,25,16,10,5,15
115,"F",9.5,4,6,23,2,0,1,0,0,34,12,25,16,10,5,15
115,"F",9.5,4,6,25,2,0,0,1,0,34,12,25,16,10,5,15
115,"F",9.5,4,6,27,2,0,0,1,0,34,12,25,16,10,5,15
115,"F",9.5,4,6,28,2,0,0,1,0,34,12,25,16,10,5,15
115,"F",9.5,4,6,31,2,0,1,0,0,34,12,25,16,10,5,15
115,"F",9.5,4,6,32,2,0,0,1,0,34,12,25,16,10,5,15
115,"F",9.5,4,6,33,2,0,0,1,0,34,12,25,16,10,5,15
115,"F",9.5,4,6,36,2,1,0,1,0,34,12,25,16,10,5,15
115,"F",9.5,4,6,38,2,1,0,1,0,34,12,25,16,10,5,15
115,"F",9.5,4,6,40,2,1,0,1,0,34,12,25,16,10,5,15
115,"F",9.5,4,6,44,2,0,0,0,1,34,12,25,16,10,5,15
115,"F",9.5,4,6,45,2,0,1,0,0,34,12,25,16,10,5,15
115,"F",9.5,4,6,52,2,1,0,0,1,34,12,25,16,10,5,15
115,"F",9.5,4,6,55,2,0,1,0,0,34,12,25,16,10,5,15
115,"F",9.5,4,6,56,2,0,1,0,0,34,12,25,16,10,5,15
115,"F",9.5,4,6,57,2,0,1,0,0,34,12,25,16,10,5,15
115,"F",9.5,4,6,58,2,0,0,1,0,34,12,25,16,10,5,15
115,"F",9.5,4,6,60,2,1,0,0,1,34,12,25,16,10,5,15
116,"M",9.5,4,6,1,1,1,NA,NA,NA,23,17,18,25,6,8,8
116,"M",9.5,4,6,2,1,0,NA,NA,NA,23,17,18,25,6,8,8
116,"M",9.5,4,6,6,1,0,NA,NA,NA,23,17,18,25,6,8,8
116,"M",9.5,4,6,11,1,1,NA,NA,NA,23,17,18,25,6,8,8
116,"M",9.5,4,6,15,1,0,NA,NA,NA,23,17,18,25,6,8,8
116,"M",9.5,4,6,18,1,0,NA,NA,NA,23,17,18,25,6,8,8
116,"M",9.5,4,6,19,1,0,NA,NA,NA,23,17,18,25,6,8,8
116,"M",9.5,4,6,20,1,0,NA,NA,NA,23,17,18,25,6,8,8
116,"M",9.5,4,6,22,1,0,NA,NA,NA,23,17,18,25,6,8,8
116,"M",9.5,4,6,23,1,0,NA,NA,NA,23,17,18,25,6,8,8
116,"M",9.5,4,6,24,1,1,NA,NA,NA,23,17,18,25,6,8,8
116,"M",9.5,4,6,25,1,1,NA,NA,NA,23,17,18,25,6,8,8
116,"M",9.5,4,6,28,1,0,NA,NA,NA,23,17,18,25,6,8,8
116,"M",9.5,4,6,29,1,1,NA,NA,NA,23,17,18,25,6,8,8
116,"M",9.5,4,6,31,1,0,NA,NA,NA,23,17,18,25,6,8,8
116,"M",9.5,4,6,32,1,0,NA,NA,NA,23,17,18,25,6,8,8
116,"M",9.5,4,6,33,1,0,NA,NA,NA,23,17,18,25,6,8,8
116,"M",9.5,4,6,34,1,0,NA,NA,NA,23,17,18,25,6,8,8
116,"M",9.5,4,6,36,1,1,NA,NA,NA,23,17,18,25,6,8,8
116,"M",9.5,4,6,37,1,1,NA,NA,NA,23,17,18,25,6,8,8
116,"M",9.5,4,6,38,1,0,NA,NA,NA,23,17,18,25,6,8,8
116,"M",9.5,4,6,39,1,0,NA,NA,NA,23,17,18,25,6,8,8
116,"M",9.5,4,6,42,1,1,NA,NA,NA,23,17,18,25,6,8,8
116,"M",9.5,4,6,48,1,0,NA,NA,NA,23,17,18,25,6,8,8
116,"M",9.5,4,6,49,1,0,NA,NA,NA,23,17,18,25,6,8,8
116,"M",9.5,4,6,50,1,0,NA,NA,NA,23,17,18,25,6,8,8
116,"M",9.5,4,6,52,1,0,NA,NA,NA,23,17,18,25,6,8,8
116,"M",9.5,4,6,53,1,0,NA,NA,NA,23,17,18,25,6,8,8
116,"M",9.5,4,6,55,1,0,NA,NA,NA,23,17,18,25,6,8,8
116,"M",9.5,4,6,57,1,0,NA,NA,NA,23,17,18,25,6,8,8
116,"M",9.5,4,6,3,2,0,0,1,0,23,17,18,25,6,8,8
116,"M",9.5,4,6,4,2,0,0,1,0,23,17,18,25,6,8,8
116,"M",9.5,4,6,5,2,1,0,0,1,23,17,18,25,6,8,8
116,"M",9.5,4,6,7,2,0,0,0,1,23,17,18,25,6,8,8
116,"M",9.5,4,6,8,2,0,0,0,1,23,17,18,25,6,8,8
116,"M",9.5,4,6,9,2,0,0,0,1,23,17,18,25,6,8,8
116,"M",9.5,4,6,10,2,1,0,1,0,23,17,18,25,6,8,8
116,"M",9.5,4,6,12,2,1,0,1,0,23,17,18,25,6,8,8
116,"M",9.5,4,6,13,2,0,1,0,0,23,17,18,25,6,8,8
116,"M",9.5,4,6,14,2,1,0,1,0,23,17,18,25,6,8,8
116,"M",9.5,4,6,16,2,1,0,1,0,23,17,18,25,6,8,8
116,"M",9.5,4,6,17,2,0,0,0,1,23,17,18,25,6,8,8
116,"M",9.5,4,6,21,2,0,0,0,1,23,17,18,25,6,8,8
116,"M",9.5,4,6,26,2,0,0,0,1,23,17,18,25,6,8,8
116,"M",9.5,4,6,27,2,0,1,0,0,23,17,18,25,6,8,8
116,"M",9.5,4,6,30,2,1,0,1,0,23,17,18,25,6,8,8
116,"M",9.5,4,6,35,2,0,0,1,0,23,17,18,25,6,8,8
116,"M",9.5,4,6,40,2,1,0,0,1,23,17,18,25,6,8,8
116,"M",9.5,4,6,41,2,0,1,0,0,23,17,18,25,6,8,8
116,"M",9.5,4,6,43,2,1,0,0,1,23,17,18,25,6,8,8
116,"M",9.5,4,6,44,2,1,0,1,0,23,17,18,25,6,8,8
116,"M",9.5,4,6,45,2,1,0,1,0,23,17,18,25,6,8,8
116,"M",9.5,4,6,46,2,0,0,0,1,23,17,18,25,6,8,8
116,"M",9.5,4,6,47,2,1,0,0,1,23,17,18,25,6,8,8
116,"M",9.5,4,6,51,2,0,0,0,1,23,17,18,25,6,8,8
116,"M",9.5,4,6,54,2,0,0,1,0,23,17,18,25,6,8,8
116,"M",9.5,4,6,56,2,0,0,1,0,23,17,18,25,6,8,8
116,"M",9.5,4,6,58,2,0,0,0,1,23,17,18,25,6,8,8
116,"M",9.5,4,6,59,2,1,0,0,1,23,17,18,25,6,8,8
116,"M",9.5,4,6,60,2,1,0,1,0,23,17,18,25,6,8,8
117,"M",9,4,6,1,1,0,NA,NA,NA,27,10,26,29,10,8,6
117,"M",9,4,6,2,1,0,NA,NA,NA,27,10,26,29,10,8,6
117,"M",9,4,6,5,1,0,NA,NA,NA,27,10,26,29,10,8,6
117,"M",9,4,6,7,1,1,NA,NA,NA,27,10,26,29,10,8,6
117,"M",9,4,6,8,1,0,NA,NA,NA,27,10,26,29,10,8,6
117,"M",9,4,6,10,1,0,NA,NA,NA,27,10,26,29,10,8,6
117,"M",9,4,6,11,1,1,NA,NA,NA,27,10,26,29,10,8,6
117,"M",9,4,6,15,1,1,NA,NA,NA,27,10,26,29,10,8,6
117,"M",9,4,6,17,1,0,NA,NA,NA,27,10,26,29,10,8,6
117,"M",9,4,6,18,1,0,NA,NA,NA,27,10,26,29,10,8,6
117,"M",9,4,6,19,1,0,NA,NA,NA,27,10,26,29,10,8,6
117,"M",9,4,6,20,1,0,NA,NA,NA,27,10,26,29,10,8,6
117,"M",9,4,6,22,1,0,NA,NA,NA,27,10,26,29,10,8,6
117,"M",9,4,6,26,1,0,NA,NA,NA,27,10,26,29,10,8,6
117,"M",9,4,6,27,1,1,NA,NA,NA,27,10,26,29,10,8,6
117,"M",9,4,6,29,1,0,NA,NA,NA,27,10,26,29,10,8,6
117,"M",9,4,6,33,1,0,NA,NA,NA,27,10,26,29,10,8,6
117,"M",9,4,6,34,1,0,NA,NA,NA,27,10,26,29,10,8,6
117,"M",9,4,6,35,1,0,NA,NA,NA,27,10,26,29,10,8,6
117,"M",9,4,6,38,1,0,NA,NA,NA,27,10,26,29,10,8,6
117,"M",9,4,6,39,1,0,NA,NA,NA,27,10,26,29,10,8,6
117,"M",9,4,6,40,1,0,NA,NA,NA,27,10,26,29,10,8,6
117,"M",9,4,6,42,1,0,NA,NA,NA,27,10,26,29,10,8,6
117,"M",9,4,6,47,1,1,NA,NA,NA,27,10,26,29,10,8,6
117,"M",9,4,6,49,1,0,NA,NA,NA,27,10,26,29,10,8,6
117,"M",9,4,6,50,1,0,NA,NA,NA,27,10,26,29,10,8,6
117,"M",9,4,6,51,1,0,NA,NA,NA,27,10,26,29,10,8,6
117,"M",9,4,6,54,1,0,NA,NA,NA,27,10,26,29,10,8,6
117,"M",9,4,6,56,1,1,NA,NA,NA,27,10,26,29,10,8,6
117,"M",9,4,6,59,1,0,NA,NA,NA,27,10,26,29,10,8,6
117,"M",9,4,6,3,2,0,0,0,1,27,10,26,29,10,8,6
117,"M",9,4,6,4,2,0,1,0,0,27,10,26,29,10,8,6
117,"M",9,4,6,6,2,0,1,0,0,27,10,26,29,10,8,6
117,"M",9,4,6,9,2,0,1,0,0,27,10,26,29,10,8,6
117,"M",9,4,6,12,2,0,0,0,1,27,10,26,29,10,8,6
117,"M",9,4,6,13,2,0,0,1,0,27,10,26,29,10,8,6
117,"M",9,4,6,14,2,0,1,0,0,27,10,26,29,10,8,6
117,"M",9,4,6,16,2,1,0,0,1,27,10,26,29,10,8,6
117,"M",9,4,6,21,2,0,0,1,0,27,10,26,29,10,8,6
117,"M",9,4,6,23,2,0,1,0,0,27,10,26,29,10,8,6
117,"M",9,4,6,24,2,0,1,0,0,27,10,26,29,10,8,6
117,"M",9,4,6,25,2,0,0,1,0,27,10,26,29,10,8,6
117,"M",9,4,6,28,2,0,1,0,0,27,10,26,29,10,8,6
117,"M",9,4,6,30,2,0,0,0,1,27,10,26,29,10,8,6
117,"M",9,4,6,31,2,0,0,1,0,27,10,26,29,10,8,6
117,"M",9,4,6,32,2,0,0,0,1,27,10,26,29,10,8,6
117,"M",9,4,6,36,2,0,1,0,0,27,10,26,29,10,8,6
117,"M",9,4,6,37,2,0,0,1,0,27,10,26,29,10,8,6
117,"M",9,4,6,41,2,0,1,0,0,27,10,26,29,10,8,6
117,"M",9,4,6,43,2,0,1,0,0,27,10,26,29,10,8,6
117,"M",9,4,6,44,2,0,1,0,0,27,10,26,29,10,8,6
117,"M",9,4,6,45,2,0,0,0,1,27,10,26,29,10,8,6
117,"M",9,4,6,46,2,0,0,0,1,27,10,26,29,10,8,6
117,"M",9,4,6,48,2,0,0,0,1,27,10,26,29,10,8,6
117,"M",9,4,6,52,2,0,1,0,0,27,10,26,29,10,8,6
117,"M",9,4,6,53,2,1,0,0,1,27,10,26,29,10,8,6
117,"M",9,4,6,55,2,0,1,0,0,27,10,26,29,10,8,6
117,"M",9,4,6,57,2,1,0,0,1,27,10,26,29,10,8,6
117,"M",9,4,6,58,2,0,1,0,0,27,10,26,29,10,8,6
117,"M",9,4,6,60,2,0,0,1,0,27,10,26,29,10,8,6
118,"F",9.4,4,6,1,1,1,NA,NA,NA,39,17,29,32,7,10,17
118,"F",9.4,4,6,3,1,1,NA,NA,NA,39,17,29,32,7,10,17
118,"F",9.4,4,6,4,1,0,NA,NA,NA,39,17,29,32,7,10,17
118,"F",9.4,4,6,7,1,1,NA,NA,NA,39,17,29,32,7,10,17
118,"F",9.4,4,6,8,1,0,NA,NA,NA,39,17,29,32,7,10,17
118,"F",9.4,4,6,9,1,1,NA,NA,NA,39,17,29,32,7,10,17
118,"F",9.4,4,6,11,1,0,NA,NA,NA,39,17,29,32,7,10,17
118,"F",9.4,4,6,12,1,1,NA,NA,NA,39,17,29,32,7,10,17
118,"F",9.4,4,6,14,1,1,NA,NA,NA,39,17,29,32,7,10,17
118,"F",9.4,4,6,15,1,0,NA,NA,NA,39,17,29,32,7,10,17
118,"F",9.4,4,6,22,1,0,NA,NA,NA,39,17,29,32,7,10,17
118,"F",9.4,4,6,23,1,1,NA,NA,NA,39,17,29,32,7,10,17
118,"F",9.4,4,6,25,1,0,NA,NA,NA,39,17,29,32,7,10,17
118,"F",9.4,4,6,27,1,1,NA,NA,NA,39,17,29,32,7,10,17
118,"F",9.4,4,6,29,1,0,NA,NA,NA,39,17,29,32,7,10,17
118,"F",9.4,4,6,30,1,0,NA,NA,NA,39,17,29,32,7,10,17
118,"F",9.4,4,6,33,1,1,NA,NA,NA,39,17,29,32,7,10,17
118,"F",9.4,4,6,35,1,0,NA,NA,NA,39,17,29,32,7,10,17
118,"F",9.4,4,6,39,1,1,NA,NA,NA,39,17,29,32,7,10,17
118,"F",9.4,4,6,40,1,0,NA,NA,NA,39,17,29,32,7,10,17
118,"F",9.4,4,6,41,1,1,NA,NA,NA,39,17,29,32,7,10,17
118,"F",9.4,4,6,42,1,1,NA,NA,NA,39,17,29,32,7,10,17
118,"F",9.4,4,6,43,1,1,NA,NA,NA,39,17,29,32,7,10,17
118,"F",9.4,4,6,44,1,1,NA,NA,NA,39,17,29,32,7,10,17
118,"F",9.4,4,6,45,1,1,NA,NA,NA,39,17,29,32,7,10,17
118,"F",9.4,4,6,46,1,1,NA,NA,NA,39,17,29,32,7,10,17
118,"F",9.4,4,6,47,1,1,NA,NA,NA,39,17,29,32,7,10,17
118,"F",9.4,4,6,52,1,0,NA,NA,NA,39,17,29,32,7,10,17
118,"F",9.4,4,6,54,1,0,NA,NA,NA,39,17,29,32,7,10,17
118,"F",9.4,4,6,60,1,0,NA,NA,NA,39,17,29,32,7,10,17
118,"F",9.4,4,6,2,2,0,0,0,1,39,17,29,32,7,10,17
118,"F",9.4,4,6,5,2,1,0,0,1,39,17,29,32,7,10,17
118,"F",9.4,4,6,6,2,0,0,0,1,39,17,29,32,7,10,17
118,"F",9.4,4,6,10,2,1,0,1,0,39,17,29,32,7,10,17
118,"F",9.4,4,6,13,2,0,0,1,0,39,17,29,32,7,10,17
118,"F",9.4,4,6,16,2,0,0,1,0,39,17,29,32,7,10,17
118,"F",9.4,4,6,17,2,0,1,0,0,39,17,29,32,7,10,17
118,"F",9.4,4,6,18,2,0,0,1,0,39,17,29,32,7,10,17
118,"F",9.4,4,6,19,2,0,0,0,1,39,17,29,32,7,10,17
118,"F",9.4,4,6,20,2,1,0,0,1,39,17,29,32,7,10,17
118,"F",9.4,4,6,21,2,0,1,0,0,39,17,29,32,7,10,17
118,"F",9.4,4,6,24,2,0,1,0,0,39,17,29,32,7,10,17
118,"F",9.4,4,6,26,2,0,1,0,0,39,17,29,32,7,10,17
118,"F",9.4,4,6,28,2,0,1,0,0,39,17,29,32,7,10,17
118,"F",9.4,4,6,31,2,0,0,1,0,39,17,29,32,7,10,17
118,"F",9.4,4,6,32,2,1,0,0,1,39,17,29,32,7,10,17
118,"F",9.4,4,6,34,2,0,1,0,0,39,17,29,32,7,10,17
118,"F",9.4,4,6,36,2,0,0,1,0,39,17,29,32,7,10,17
118,"F",9.4,4,6,37,2,0,0,1,0,39,17,29,32,7,10,17
118,"F",9.4,4,6,38,2,0,1,0,0,39,17,29,32,7,10,17
118,"F",9.4,4,6,48,2,0,1,0,0,39,17,29,32,7,10,17
118,"F",9.4,4,6,49,2,0,1,0,0,39,17,29,32,7,10,17
118,"F",9.4,4,6,50,2,0,0,1,0,39,17,29,32,7,10,17
118,"F",9.4,4,6,51,2,0,0,1,0,39,17,29,32,7,10,17
118,"F",9.4,4,6,53,2,0,1,0,0,39,17,29,32,7,10,17
118,"F",9.4,4,6,55,2,0,1,0,0,39,17,29,32,7,10,17
118,"F",9.4,4,6,56,2,0,1,0,0,39,17,29,32,7,10,17
118,"F",9.4,4,6,57,2,1,0,0,1,39,17,29,32,7,10,17
118,"F",9.4,4,6,58,2,1,0,0,1,39,17,29,32,7,10,17
118,"F",9.4,4,6,59,2,1,0,1,0,39,17,29,32,7,10,17
119,"M",9.6,4,6,1,1,0,NA,NA,NA,17,24,18,38,7,8,10
119,"M",9.6,4,6,2,1,0,NA,NA,NA,17,24,18,38,7,8,10
119,"M",9.6,4,6,4,1,0,NA,NA,NA,17,24,18,38,7,8,10
119,"M",9.6,4,6,6,1,0,NA,NA,NA,17,24,18,38,7,8,10
119,"M",9.6,4,6,7,1,0,NA,NA,NA,17,24,18,38,7,8,10
119,"M",9.6,4,6,12,1,0,NA,NA,NA,17,24,18,38,7,8,10
119,"M",9.6,4,6,14,1,0,NA,NA,NA,17,24,18,38,7,8,10
119,"M",9.6,4,6,15,1,0,NA,NA,NA,17,24,18,38,7,8,10
119,"M",9.6,4,6,19,1,0,NA,NA,NA,17,24,18,38,7,8,10
119,"M",9.6,4,6,20,1,1,NA,NA,NA,17,24,18,38,7,8,10
119,"M",9.6,4,6,23,1,1,NA,NA,NA,17,24,18,38,7,8,10
119,"M",9.6,4,6,25,1,0,NA,NA,NA,17,24,18,38,7,8,10
119,"M",9.6,4,6,28,1,0,NA,NA,NA,17,24,18,38,7,8,10
119,"M",9.6,4,6,31,1,1,NA,NA,NA,17,24,18,38,7,8,10
119,"M",9.6,4,6,32,1,0,NA,NA,NA,17,24,18,38,7,8,10
119,"M",9.6,4,6,34,1,0,NA,NA,NA,17,24,18,38,7,8,10
119,"M",9.6,4,6,35,1,1,NA,NA,NA,17,24,18,38,7,8,10
119,"M",9.6,4,6,37,1,0,NA,NA,NA,17,24,18,38,7,8,10
119,"M",9.6,4,6,39,1,0,NA,NA,NA,17,24,18,38,7,8,10
119,"M",9.6,4,6,41,1,0,NA,NA,NA,17,24,18,38,7,8,10
119,"M",9.6,4,6,42,1,1,NA,NA,NA,17,24,18,38,7,8,10
119,"M",9.6,4,6,43,1,1,NA,NA,NA,17,24,18,38,7,8,10
119,"M",9.6,4,6,45,1,1,NA,NA,NA,17,24,18,38,7,8,10
119,"M",9.6,4,6,48,1,1,NA,NA,NA,17,24,18,38,7,8,10
119,"M",9.6,4,6,49,1,0,NA,NA,NA,17,24,18,38,7,8,10
119,"M",9.6,4,6,52,1,0,NA,NA,NA,17,24,18,38,7,8,10
119,"M",9.6,4,6,53,1,1,NA,NA,NA,17,24,18,38,7,8,10
119,"M",9.6,4,6,55,1,0,NA,NA,NA,17,24,18,38,7,8,10
119,"M",9.6,4,6,57,1,0,NA,NA,NA,17,24,18,38,7,8,10
119,"M",9.6,4,6,59,1,1,NA,NA,NA,17,24,18,38,7,8,10
119,"M",9.6,4,6,3,2,0,0,0,1,17,24,18,38,7,8,10
119,"M",9.6,4,6,5,2,1,0,0,1,17,24,18,38,7,8,10
119,"M",9.6,4,6,8,2,0,0,0,1,17,24,18,38,7,8,10
119,"M",9.6,4,6,9,2,0,0,0,1,17,24,18,38,7,8,10
119,"M",9.6,4,6,10,2,0,0,0,1,17,24,18,38,7,8,10
119,"M",9.6,4,6,11,2,0,0,0,1,17,24,18,38,7,8,10
119,"M",9.6,4,6,13,2,0,0,0,1,17,24,18,38,7,8,10
119,"M",9.6,4,6,16,2,0,0,0,1,17,24,18,38,7,8,10
119,"M",9.6,4,6,17,2,1,0,0,1,17,24,18,38,7,8,10
119,"M",9.6,4,6,18,2,0,0,0,1,17,24,18,38,7,8,10
119,"M",9.6,4,6,21,2,0,0,1,0,17,24,18,38,7,8,10
119,"M",9.6,4,6,22,2,0,0,0,1,17,24,18,38,7,8,10
119,"M",9.6,4,6,24,2,1,0,0,1,17,24,18,38,7,8,10
119,"M",9.6,4,6,26,2,1,0,0,1,17,24,18,38,7,8,10
119,"M",9.6,4,6,27,2,0,0,0,1,17,24,18,38,7,8,10
119,"M",9.6,4,6,29,2,0,0,0,1,17,24,18,38,7,8,10
119,"M",9.6,4,6,30,2,1,0,0,1,17,24,18,38,7,8,10
119,"M",9.6,4,6,33,2,0,0,1,0,17,24,18,38,7,8,10
119,"M",9.6,4,6,36,2,0,0,0,1,17,24,18,38,7,8,10
119,"M",9.6,4,6,38,2,0,0,0,1,17,24,18,38,7,8,10
119,"M",9.6,4,6,40,2,1,0,0,1,17,24,18,38,7,8,10
119,"M",9.6,4,6,44,2,1,0,0,1,17,24,18,38,7,8,10
119,"M",9.6,4,6,46,2,1,0,0,1,17,24,18,38,7,8,10
119,"M",9.6,4,6,47,2,0,0,0,1,17,24,18,38,7,8,10
119,"M",9.6,4,6,50,2,1,0,0,1,17,24,18,38,7,8,10
119,"M",9.6,4,6,51,2,0,0,1,0,17,24,18,38,7,8,10
119,"M",9.6,4,6,54,2,0,0,0,1,17,24,18,38,7,8,10
119,"M",9.6,4,6,56,2,1,0,0,1,17,24,18,38,7,8,10
119,"M",9.6,4,6,58,2,0,0,0,1,17,24,18,38,7,8,10
119,"M",9.6,4,6,60,2,0,0,0,1,17,24,18,38,7,8,10
120,"F",9.8,4,6,2,1,1,NA,NA,NA,41,9,13,22,6,7,24
120,"F",9.8,4,6,3,1,1,NA,NA,NA,41,9,13,22,6,7,24
120,"F",9.8,4,6,9,1,1,NA,NA,NA,41,9,13,22,6,7,24
120,"F",9.8,4,6,10,1,1,NA,NA,NA,41,9,13,22,6,7,24
120,"F",9.8,4,6,11,1,1,NA,NA,NA,41,9,13,22,6,7,24
120,"F",9.8,4,6,17,1,0,NA,NA,NA,41,9,13,22,6,7,24
120,"F",9.8,4,6,18,1,0,NA,NA,NA,41,9,13,22,6,7,24
120,"F",9.8,4,6,19,1,1,NA,NA,NA,41,9,13,22,6,7,24
120,"F",9.8,4,6,20,1,0,NA,NA,NA,41,9,13,22,6,7,24
120,"F",9.8,4,6,22,1,1,NA,NA,NA,41,9,13,22,6,7,24
120,"F",9.8,4,6,23,1,1,NA,NA,NA,41,9,13,22,6,7,24
120,"F",9.8,4,6,26,1,1,NA,NA,NA,41,9,13,22,6,7,24
120,"F",9.8,4,6,31,1,0,NA,NA,NA,41,9,13,22,6,7,24
120,"F",9.8,4,6,32,1,1,NA,NA,NA,41,9,13,22,6,7,24
120,"F",9.8,4,6,33,1,1,NA,NA,NA,41,9,13,22,6,7,24
120,"F",9.8,4,6,34,1,1,NA,NA,NA,41,9,13,22,6,7,24
120,"F",9.8,4,6,36,1,1,NA,NA,NA,41,9,13,22,6,7,24
120,"F",9.8,4,6,37,1,1,NA,NA,NA,41,9,13,22,6,7,24
120,"F",9.8,4,6,39,1,1,NA,NA,NA,41,9,13,22,6,7,24
120,"F",9.8,4,6,41,1,1,NA,NA,NA,41,9,13,22,6,7,24
120,"F",9.8,4,6,43,1,1,NA,NA,NA,41,9,13,22,6,7,24
120,"F",9.8,4,6,44,1,1,NA,NA,NA,41,9,13,22,6,7,24
120,"F",9.8,4,6,45,1,0,NA,NA,NA,41,9,13,22,6,7,24
120,"F",9.8,4,6,48,1,1,NA,NA,NA,41,9,13,22,6,7,24
120,"F",9.8,4,6,49,1,1,NA,NA,NA,41,9,13,22,6,7,24
120,"F",9.8,4,6,50,1,1,NA,NA,NA,41,9,13,22,6,7,24
120,"F",9.8,4,6,54,1,0,NA,NA,NA,41,9,13,22,6,7,24
120,"F",9.8,4,6,55,1,1,NA,NA,NA,41,9,13,22,6,7,24
120,"F",9.8,4,6,59,1,1,NA,NA,NA,41,9,13,22,6,7,24
120,"F",9.8,4,6,60,1,1,NA,NA,NA,41,9,13,22,6,7,24
120,"F",9.8,4,6,1,2,1,0,1,0,41,9,13,22,6,7,24
120,"F",9.8,4,6,4,2,0,0,1,0,41,9,13,22,6,7,24
120,"F",9.8,4,6,5,2,1,0,1,0,41,9,13,22,6,7,24
120,"F",9.8,4,6,6,2,0,0,1,0,41,9,13,22,6,7,24
120,"F",9.8,4,6,7,2,1,0,1,0,41,9,13,22,6,7,24
120,"F",9.8,4,6,8,2,0,0,0,1,41,9,13,22,6,7,24
120,"F",9.8,4,6,12,2,1,0,1,0,41,9,13,22,6,7,24
120,"F",9.8,4,6,13,2,0,0,0,1,41,9,13,22,6,7,24
120,"F",9.8,4,6,14,2,1,0,1,0,41,9,13,22,6,7,24
120,"F",9.8,4,6,15,2,1,0,1,0,41,9,13,22,6,7,24
120,"F",9.8,4,6,16,2,0,0,1,0,41,9,13,22,6,7,24
120,"F",9.8,4,6,21,2,1,0,1,0,41,9,13,22,6,7,24
120,"F",9.8,4,6,24,2,1,0,1,0,41,9,13,22,6,7,24
120,"F",9.8,4,6,25,2,0,0,1,0,41,9,13,22,6,7,24
120,"F",9.8,4,6,27,2,1,0,0,1,41,9,13,22,6,7,24
120,"F",9.8,4,6,28,2,1,0,1,0,41,9,13,22,6,7,24
120,"F",9.8,4,6,29,2,1,0,1,0,41,9,13,22,6,7,24
120,"F",9.8,4,6,30,2,1,0,1,0,41,9,13,22,6,7,24
120,"F",9.8,4,6,35,2,0,0,1,0,41,9,13,22,6,7,24
120,"F",9.8,4,6,38,2,0,1,0,0,41,9,13,22,6,7,24
120,"F",9.8,4,6,40,2,1,0,1,0,41,9,13,22,6,7,24
120,"F",9.8,4,6,42,2,1,0,1,0,41,9,13,22,6,7,24
120,"F",9.8,4,6,46,2,1,0,1,0,41,9,13,22,6,7,24
120,"F",9.8,4,6,47,2,1,0,1,0,41,9,13,22,6,7,24
120,"F",9.8,4,6,51,2,0,0,1,0,41,9,13,22,6,7,24
120,"F",9.8,4,6,52,2,1,0,1,0,41,9,13,22,6,7,24
120,"F",9.8,4,6,53,2,1,0,1,0,41,9,13,22,6,7,24
120,"F",9.8,4,6,56,2,0,1,0,0,41,9,13,22,6,7,24
120,"F",9.8,4,6,57,2,1,0,1,0,41,9,13,22,6,7,24
120,"F",9.8,4,6,58,2,1,0,1,0,41,9,13,22,6,7,24
121,"F",9.4,4,7,1,1,0,NA,NA,NA,21,14,25,35,5,7,20
121,"F",9.4,4,7,2,1,0,NA,NA,NA,21,14,25,35,5,7,20
121,"F",9.4,4,7,3,1,1,NA,NA,NA,21,14,25,35,5,7,20
121,"F",9.4,4,7,5,1,1,NA,NA,NA,21,14,25,35,5,7,20
121,"F",9.4,4,7,9,1,1,NA,NA,NA,21,14,25,35,5,7,20
121,"F",9.4,4,7,11,1,1,NA,NA,NA,21,14,25,35,5,7,20
121,"F",9.4,4,7,13,1,0,NA,NA,NA,21,14,25,35,5,7,20
121,"F",9.4,4,7,15,1,1,NA,NA,NA,21,14,25,35,5,7,20
121,"F",9.4,4,7,16,1,1,NA,NA,NA,21,14,25,35,5,7,20
121,"F",9.4,4,7,17,1,1,NA,NA,NA,21,14,25,35,5,7,20
121,"F",9.4,4,7,19,1,0,NA,NA,NA,21,14,25,35,5,7,20
121,"F",9.4,4,7,20,1,1,NA,NA,NA,21,14,25,35,5,7,20
121,"F",9.4,4,7,21,1,0,NA,NA,NA,21,14,25,35,5,7,20
121,"F",9.4,4,7,27,1,1,NA,NA,NA,21,14,25,35,5,7,20
121,"F",9.4,4,7,28,1,0,NA,NA,NA,21,14,25,35,5,7,20
121,"F",9.4,4,7,29,1,1,NA,NA,NA,21,14,25,35,5,7,20
121,"F",9.4,4,7,30,1,1,NA,NA,NA,21,14,25,35,5,7,20
121,"F",9.4,4,7,32,1,1,NA,NA,NA,21,14,25,35,5,7,20
121,"F",9.4,4,7,37,1,1,NA,NA,NA,21,14,25,35,5,7,20
121,"F",9.4,4,7,38,1,1,NA,NA,NA,21,14,25,35,5,7,20
121,"F",9.4,4,7,39,1,1,NA,NA,NA,21,14,25,35,5,7,20
121,"F",9.4,4,7,40,1,1,NA,NA,NA,21,14,25,35,5,7,20
121,"F",9.4,4,7,41,1,0,NA,NA,NA,21,14,25,35,5,7,20
121,"F",9.4,4,7,45,1,1,NA,NA,NA,21,14,25,35,5,7,20
121,"F",9.4,4,7,49,1,0,NA,NA,NA,21,14,25,35,5,7,20
121,"F",9.4,4,7,52,1,1,NA,NA,NA,21,14,25,35,5,7,20
121,"F",9.4,4,7,54,1,0,NA,NA,NA,21,14,25,35,5,7,20
121,"F",9.4,4,7,58,1,0,NA,NA,NA,21,14,25,35,5,7,20
121,"F",9.4,4,7,59,1,1,NA,NA,NA,21,14,25,35,5,7,20
121,"F",9.4,4,7,60,1,1,NA,NA,NA,21,14,25,35,5,7,20
121,"F",9.4,4,7,4,2,0,0,0,1,21,14,25,35,5,7,20
121,"F",9.4,4,7,6,2,0,1,0,0,21,14,25,35,5,7,20
121,"F",9.4,4,7,7,2,1,0,1,0,21,14,25,35,5,7,20
121,"F",9.4,4,7,8,2,1,0,0,1,21,14,25,35,5,7,20
121,"F",9.4,4,7,10,2,1,0,1,0,21,14,25,35,5,7,20
121,"F",9.4,4,7,12,2,0,1,0,0,21,14,25,35,5,7,20
121,"F",9.4,4,7,14,2,0,1,0,0,21,14,25,35,5,7,20
121,"F",9.4,4,7,18,2,0,0,0,1,21,14,25,35,5,7,20
121,"F",9.4,4,7,22,2,0,1,0,0,21,14,25,35,5,7,20
121,"F",9.4,4,7,23,2,1,0,0,1,21,14,25,35,5,7,20
121,"F",9.4,4,7,24,2,1,0,1,0,21,14,25,35,5,7,20
121,"F",9.4,4,7,25,2,1,0,0,1,21,14,25,35,5,7,20
121,"F",9.4,4,7,26,2,1,0,0,1,21,14,25,35,5,7,20
121,"F",9.4,4,7,31,2,0,0,0,1,21,14,25,35,5,7,20
121,"F",9.4,4,7,33,2,0,1,0,0,21,14,25,35,5,7,20
121,"F",9.4,4,7,34,2,0,0,0,1,21,14,25,35,5,7,20
121,"F",9.4,4,7,35,2,0,0,1,0,21,14,25,35,5,7,20
121,"F",9.4,4,7,36,2,1,0,0,1,21,14,25,35,5,7,20
121,"F",9.4,4,7,42,2,1,0,0,1,21,14,25,35,5,7,20
121,"F",9.4,4,7,43,2,0,1,0,0,21,14,25,35,5,7,20
121,"F",9.4,4,7,44,2,0,0,0,1,21,14,25,35,5,7,20
121,"F",9.4,4,7,46,2,1,0,0,1,21,14,25,35,5,7,20
121,"F",9.4,4,7,47,2,1,0,0,1,21,14,25,35,5,7,20
121,"F",9.4,4,7,48,2,0,0,1,0,21,14,25,35,5,7,20
121,"F",9.4,4,7,50,2,1,0,0,1,21,14,25,35,5,7,20
121,"F",9.4,4,7,51,2,0,0,0,1,21,14,25,35,5,7,20
121,"F",9.4,4,7,53,2,1,0,0,1,21,14,25,35,5,7,20
121,"F",9.4,4,7,55,2,0,0,0,1,21,14,25,35,5,7,20
121,"F",9.4,4,7,56,2,1,0,0,1,21,14,25,35,5,7,20
121,"F",9.4,4,7,57,2,0,1,0,0,21,14,25,35,5,7,20
122,"F",9.4,4,7,1,1,0,NA,NA,NA,35,14,35,18,10,7,8
122,"F",9.4,4,7,2,1,0,NA,NA,NA,35,14,35,18,10,7,8
122,"F",9.4,4,7,3,1,0,NA,NA,NA,35,14,35,18,10,7,8
122,"F",9.4,4,7,4,1,0,NA,NA,NA,35,14,35,18,10,7,8
122,"F",9.4,4,7,5,1,0,NA,NA,NA,35,14,35,18,10,7,8
122,"F",9.4,4,7,8,1,0,NA,NA,NA,35,14,35,18,10,7,8
122,"F",9.4,4,7,9,1,1,NA,NA,NA,35,14,35,18,10,7,8
122,"F",9.4,4,7,15,1,1,NA,NA,NA,35,14,35,18,10,7,8
122,"F",9.4,4,7,16,1,0,NA,NA,NA,35,14,35,18,10,7,8
122,"F",9.4,4,7,17,1,0,NA,NA,NA,35,14,35,18,10,7,8
122,"F",9.4,4,7,18,1,1,NA,NA,NA,35,14,35,18,10,7,8
122,"F",9.4,4,7,19,1,0,NA,NA,NA,35,14,35,18,10,7,8
122,"F",9.4,4,7,22,1,1,NA,NA,NA,35,14,35,18,10,7,8
122,"F",9.4,4,7,24,1,0,NA,NA,NA,35,14,35,18,10,7,8
122,"F",9.4,4,7,25,1,1,NA,NA,NA,35,14,35,18,10,7,8
122,"F",9.4,4,7,26,1,0,NA,NA,NA,35,14,35,18,10,7,8
122,"F",9.4,4,7,28,1,0,NA,NA,NA,35,14,35,18,10,7,8
122,"F",9.4,4,7,30,1,0,NA,NA,NA,35,14,35,18,10,7,8
122,"F",9.4,4,7,33,1,0,NA,NA,NA,35,14,35,18,10,7,8
122,"F",9.4,4,7,36,1,0,NA,NA,NA,35,14,35,18,10,7,8
122,"F",9.4,4,7,39,1,0,NA,NA,NA,35,14,35,18,10,7,8
122,"F",9.4,4,7,42,1,1,NA,NA,NA,35,14,35,18,10,7,8
122,"F",9.4,4,7,44,1,0,NA,NA,NA,35,14,35,18,10,7,8
122,"F",9.4,4,7,47,1,0,NA,NA,NA,35,14,35,18,10,7,8
122,"F",9.4,4,7,50,1,1,NA,NA,NA,35,14,35,18,10,7,8
122,"F",9.4,4,7,52,1,0,NA,NA,NA,35,14,35,18,10,7,8
122,"F",9.4,4,7,55,1,0,NA,NA,NA,35,14,35,18,10,7,8
122,"F",9.4,4,7,57,1,0,NA,NA,NA,35,14,35,18,10,7,8
122,"F",9.4,4,7,59,1,1,NA,NA,NA,35,14,35,18,10,7,8
122,"F",9.4,4,7,60,1,0,NA,NA,NA,35,14,35,18,10,7,8
122,"F",9.4,4,7,6,2,0,1,0,0,35,14,35,18,10,7,8
122,"F",9.4,4,7,7,2,0,0,0,1,35,14,35,18,10,7,8
122,"F",9.4,4,7,10,2,0,0,1,0,35,14,35,18,10,7,8
122,"F",9.4,4,7,11,2,0,1,0,0,35,14,35,18,10,7,8
122,"F",9.4,4,7,12,2,0,1,0,0,35,14,35,18,10,7,8
122,"F",9.4,4,7,13,2,0,1,0,0,35,14,35,18,10,7,8
122,"F",9.4,4,7,14,2,0,1,0,0,35,14,35,18,10,7,8
122,"F",9.4,4,7,20,2,0,1,0,0,35,14,35,18,10,7,8
122,"F",9.4,4,7,21,2,0,1,0,0,35,14,35,18,10,7,8
122,"F",9.4,4,7,23,2,0,1,0,0,35,14,35,18,10,7,8
122,"F",9.4,4,7,27,2,0,1,0,0,35,14,35,18,10,7,8
122,"F",9.4,4,7,29,2,0,0,1,0,35,14,35,18,10,7,8
122,"F",9.4,4,7,31,2,0,1,0,0,35,14,35,18,10,7,8
122,"F",9.4,4,7,32,2,0,0,0,1,35,14,35,18,10,7,8
122,"F",9.4,4,7,34,2,0,1,0,0,35,14,35,18,10,7,8
122,"F",9.4,4,7,35,2,0,1,0,0,35,14,35,18,10,7,8
122,"F",9.4,4,7,37,2,0,1,0,0,35,14,35,18,10,7,8
122,"F",9.4,4,7,38,2,0,1,0,0,35,14,35,18,10,7,8
122,"F",9.4,4,7,40,2,0,1,0,0,35,14,35,18,10,7,8
122,"F",9.4,4,7,41,2,0,1,0,0,35,14,35,18,10,7,8
122,"F",9.4,4,7,43,2,0,1,0,0,35,14,35,18,10,7,8
122,"F",9.4,4,7,45,2,0,1,0,0,35,14,35,18,10,7,8
122,"F",9.4,4,7,46,2,1,0,1,0,35,14,35,18,10,7,8
122,"F",9.4,4,7,48,2,0,1,0,0,35,14,35,18,10,7,8
122,"F",9.4,4,7,49,2,0,1,0,0,35,14,35,18,10,7,8
122,"F",9.4,4,7,51,2,0,1,0,0,35,14,35,18,10,7,8
122,"F",9.4,4,7,53,2,0,1,0,0,35,14,35,18,10,7,8
122,"F",9.4,4,7,54,2,0,1,0,0,35,14,35,18,10,7,8
122,"F",9.4,4,7,56,2,0,1,0,0,35,14,35,18,10,7,8
122,"F",9.4,4,7,58,2,0,1,0,0,35,14,35,18,10,7,8
123,"F",9.6,4,7,1,1,0,NA,NA,NA,17,22,22,30,8,11,11
123,"F",9.6,4,7,3,1,0,NA,NA,NA,17,22,22,30,8,11,11
123,"F",9.6,4,7,4,1,0,NA,NA,NA,17,22,22,30,8,11,11
123,"F",9.6,4,7,7,1,1,NA,NA,NA,17,22,22,30,8,11,11
123,"F",9.6,4,7,8,1,0,NA,NA,NA,17,22,22,30,8,11,11
123,"F",9.6,4,7,9,1,1,NA,NA,NA,17,22,22,30,8,11,11
123,"F",9.6,4,7,11,1,1,NA,NA,NA,17,22,22,30,8,11,11
123,"F",9.6,4,7,12,1,1,NA,NA,NA,17,22,22,30,8,11,11
123,"F",9.6,4,7,13,1,0,NA,NA,NA,17,22,22,30,8,11,11
123,"F",9.6,4,7,14,1,0,NA,NA,NA,17,22,22,30,8,11,11
123,"F",9.6,4,7,15,1,0,NA,NA,NA,17,22,22,30,8,11,11
123,"F",9.6,4,7,16,1,0,NA,NA,NA,17,22,22,30,8,11,11
123,"F",9.6,4,7,17,1,1,NA,NA,NA,17,22,22,30,8,11,11
123,"F",9.6,4,7,18,1,0,NA,NA,NA,17,22,22,30,8,11,11
123,"F",9.6,4,7,22,1,0,NA,NA,NA,17,22,22,30,8,11,11
123,"F",9.6,4,7,23,1,1,NA,NA,NA,17,22,22,30,8,11,11
123,"F",9.6,4,7,25,1,1,NA,NA,NA,17,22,22,30,8,11,11
123,"F",9.6,4,7,30,1,0,NA,NA,NA,17,22,22,30,8,11,11
123,"F",9.6,4,7,34,1,0,NA,NA,NA,17,22,22,30,8,11,11
123,"F",9.6,4,7,39,1,0,NA,NA,NA,17,22,22,30,8,11,11
123,"F",9.6,4,7,40,1,1,NA,NA,NA,17,22,22,30,8,11,11
123,"F",9.6,4,7,41,1,0,NA,NA,NA,17,22,22,30,8,11,11
123,"F",9.6,4,7,42,1,0,NA,NA,NA,17,22,22,30,8,11,11
123,"F",9.6,4,7,44,1,0,NA,NA,NA,17,22,22,30,8,11,11
123,"F",9.6,4,7,45,1,1,NA,NA,NA,17,22,22,30,8,11,11
123,"F",9.6,4,7,46,1,1,NA,NA,NA,17,22,22,30,8,11,11
123,"F",9.6,4,7,50,1,0,NA,NA,NA,17,22,22,30,8,11,11
123,"F",9.6,4,7,55,1,0,NA,NA,NA,17,22,22,30,8,11,11
123,"F",9.6,4,7,57,1,1,NA,NA,NA,17,22,22,30,8,11,11
123,"F",9.6,4,7,60,1,0,NA,NA,NA,17,22,22,30,8,11,11
123,"F",9.6,4,7,2,2,0,0,0,1,17,22,22,30,8,11,11
123,"F",9.6,4,7,5,2,1,0,0,1,17,22,22,30,8,11,11
123,"F",9.6,4,7,6,2,0,0,0,1,17,22,22,30,8,11,11
123,"F",9.6,4,7,10,2,1,0,0,1,17,22,22,30,8,11,11
123,"F",9.6,4,7,19,2,0,0,0,1,17,22,22,30,8,11,11
123,"F",9.6,4,7,20,2,1,0,0,1,17,22,22,30,8,11,11
123,"F",9.6,4,7,21,2,1,0,0,1,17,22,22,30,8,11,11
123,"F",9.6,4,7,24,2,0,0,0,1,17,22,22,30,8,11,11
123,"F",9.6,4,7,26,2,0,1,0,0,17,22,22,30,8,11,11
123,"F",9.6,4,7,27,2,0,0,0,1,17,22,22,30,8,11,11
123,"F",9.6,4,7,28,2,1,0,0,1,17,22,22,30,8,11,11
123,"F",9.6,4,7,29,2,0,0,1,0,17,22,22,30,8,11,11
123,"F",9.6,4,7,31,2,1,0,0,1,17,22,22,30,8,11,11
123,"F",9.6,4,7,32,2,1,0,0,1,17,22,22,30,8,11,11
123,"F",9.6,4,7,33,2,0,0,0,1,17,22,22,30,8,11,11
123,"F",9.6,4,7,35,2,0,0,0,1,17,22,22,30,8,11,11
123,"F",9.6,4,7,36,2,1,0,0,1,17,22,22,30,8,11,11
123,"F",9.6,4,7,37,2,0,0,0,1,17,22,22,30,8,11,11
123,"F",9.6,4,7,38,2,0,0,1,0,17,22,22,30,8,11,11
123,"F",9.6,4,7,43,2,1,0,0,1,17,22,22,30,8,11,11
123,"F",9.6,4,7,47,2,1,0,1,0,17,22,22,30,8,11,11
123,"F",9.6,4,7,48,2,0,0,0,1,17,22,22,30,8,11,11
123,"F",9.6,4,7,49,2,0,0,0,1,17,22,22,30,8,11,11
123,"F",9.6,4,7,51,2,1,0,1,0,17,22,22,30,8,11,11
123,"F",9.6,4,7,52,2,1,0,0,1,17,22,22,30,8,11,11
123,"F",9.6,4,7,53,2,0,1,0,0,17,22,22,30,8,11,11
123,"F",9.6,4,7,54,2,0,0,0,1,17,22,22,30,8,11,11
123,"F",9.6,4,7,56,2,1,0,0,1,17,22,22,30,8,11,11
123,"F",9.6,4,7,58,2,0,0,0,1,17,22,22,30,8,11,11
123,"F",9.6,4,7,59,2,1,0,0,1,17,22,22,30,8,11,11
124,"F",9.6,4,7,1,1,1,NA,NA,NA,29,17,15,37,5,8,9
124,"F",9.6,4,7,2,1,0,NA,NA,NA,29,17,15,37,5,8,9
124,"F",9.6,4,7,3,1,0,NA,NA,NA,29,17,15,37,5,8,9
124,"F",9.6,4,7,7,1,1,NA,NA,NA,29,17,15,37,5,8,9
124,"F",9.6,4,7,11,1,1,NA,NA,NA,29,17,15,37,5,8,9
124,"F",9.6,4,7,12,1,0,NA,NA,NA,29,17,15,37,5,8,9
124,"F",9.6,4,7,13,1,0,NA,NA,NA,29,17,15,37,5,8,9
124,"F",9.6,4,7,15,1,0,NA,NA,NA,29,17,15,37,5,8,9
124,"F",9.6,4,7,16,1,0,NA,NA,NA,29,17,15,37,5,8,9
124,"F",9.6,4,7,20,1,1,NA,NA,NA,29,17,15,37,5,8,9
124,"F",9.6,4,7,21,1,0,NA,NA,NA,29,17,15,37,5,8,9
124,"F",9.6,4,7,26,1,0,NA,NA,NA,29,17,15,37,5,8,9
124,"F",9.6,4,7,28,1,0,NA,NA,NA,29,17,15,37,5,8,9
124,"F",9.6,4,7,29,1,1,NA,NA,NA,29,17,15,37,5,8,9
124,"F",9.6,4,7,31,1,0,NA,NA,NA,29,17,15,37,5,8,9
124,"F",9.6,4,7,33,1,0,NA,NA,NA,29,17,15,37,5,8,9
124,"F",9.6,4,7,34,1,0,NA,NA,NA,29,17,15,37,5,8,9
124,"F",9.6,4,7,35,1,0,NA,NA,NA,29,17,15,37,5,8,9
124,"F",9.6,4,7,36,1,0,NA,NA,NA,29,17,15,37,5,8,9
124,"F",9.6,4,7,37,1,0,NA,NA,NA,29,17,15,37,5,8,9
124,"F",9.6,4,7,39,1,1,NA,NA,NA,29,17,15,37,5,8,9
124,"F",9.6,4,7,40,1,0,NA,NA,NA,29,17,15,37,5,8,9
124,"F",9.6,4,7,42,1,1,NA,NA,NA,29,17,15,37,5,8,9
124,"F",9.6,4,7,43,1,0,NA,NA,NA,29,17,15,37,5,8,9
124,"F",9.6,4,7,44,1,1,NA,NA,NA,29,17,15,37,5,8,9
124,"F",9.6,4,7,45,1,1,NA,NA,NA,29,17,15,37,5,8,9
124,"F",9.6,4,7,49,1,0,NA,NA,NA,29,17,15,37,5,8,9
124,"F",9.6,4,7,51,1,0,NA,NA,NA,29,17,15,37,5,8,9
124,"F",9.6,4,7,52,1,0,NA,NA,NA,29,17,15,37,5,8,9
124,"F",9.6,4,7,58,1,0,NA,NA,NA,29,17,15,37,5,8,9
124,"F",9.6,4,7,4,2,0,0,1,0,29,17,15,37,5,8,9
124,"F",9.6,4,7,5,2,0,0,0,1,29,17,15,37,5,8,9
124,"F",9.6,4,7,6,2,0,1,0,0,29,17,15,37,5,8,9
124,"F",9.6,4,7,8,2,0,0,0,1,29,17,15,37,5,8,9
124,"F",9.6,4,7,9,2,0,0,1,0,29,17,15,37,5,8,9
124,"F",9.6,4,7,10,2,1,0,0,1,29,17,15,37,5,8,9
124,"F",9.6,4,7,14,2,0,0,1,0,29,17,15,37,5,8,9
124,"F",9.6,4,7,17,2,1,0,0,1,29,17,15,37,5,8,9
124,"F",9.6,4,7,18,2,0,0,0,1,29,17,15,37,5,8,9
124,"F",9.6,4,7,19,2,0,0,0,1,29,17,15,37,5,8,9
124,"F",9.6,4,7,22,2,0,0,1,0,29,17,15,37,5,8,9
124,"F",9.6,4,7,23,2,0,0,1,0,29,17,15,37,5,8,9
124,"F",9.6,4,7,24,2,1,0,1,0,29,17,15,37,5,8,9
124,"F",9.6,4,7,25,2,0,1,0,0,29,17,15,37,5,8,9
124,"F",9.6,4,7,27,2,0,0,1,0,29,17,15,37,5,8,9
124,"F",9.6,4,7,30,2,0,0,0,1,29,17,15,37,5,8,9
124,"F",9.6,4,7,32,2,0,0,0,1,29,17,15,37,5,8,9
124,"F",9.6,4,7,38,2,0,1,0,0,29,17,15,37,5,8,9
124,"F",9.6,4,7,41,2,0,0,1,0,29,17,15,37,5,8,9
124,"F",9.6,4,7,46,2,0,0,1,0,29,17,15,37,5,8,9
124,"F",9.6,4,7,47,2,1,0,0,1,29,17,15,37,5,8,9
124,"F",9.6,4,7,48,2,0,0,1,0,29,17,15,37,5,8,9
124,"F",9.6,4,7,50,2,0,1,0,0,29,17,15,37,5,8,9
124,"F",9.6,4,7,53,2,0,0,1,0,29,17,15,37,5,8,9
124,"F",9.6,4,7,54,2,0,0,0,1,29,17,15,37,5,8,9
124,"F",9.6,4,7,55,2,0,0,0,1,29,17,15,37,5,8,9
124,"F",9.6,4,7,56,2,0,0,1,0,29,17,15,37,5,8,9
124,"F",9.6,4,7,57,2,1,0,0,1,29,17,15,37,5,8,9
124,"F",9.6,4,7,59,2,1,0,0,1,29,17,15,37,5,8,9
124,"F",9.6,4,7,60,2,0,0,1,0,29,17,15,37,5,8,9
125,"M",9.7,4,7,3,1,0,NA,NA,NA,38,19,28,20,10,5,21
125,"M",9.7,4,7,5,1,1,NA,NA,NA,38,19,28,20,10,5,21
125,"M",9.7,4,7,6,1,1,NA,NA,NA,38,19,28,20,10,5,21
125,"M",9.7,4,7,8,1,1,NA,NA,NA,38,19,28,20,10,5,21
125,"M",9.7,4,7,13,1,0,NA,NA,NA,38,19,28,20,10,5,21
125,"M",9.7,4,7,16,1,0,NA,NA,NA,38,19,28,20,10,5,21
125,"M",9.7,4,7,17,1,1,NA,NA,NA,38,19,28,20,10,5,21
125,"M",9.7,4,7,21,1,0,NA,NA,NA,38,19,28,20,10,5,21
125,"M",9.7,4,7,23,1,1,NA,NA,NA,38,19,28,20,10,5,21
125,"M",9.7,4,7,25,1,1,NA,NA,NA,38,19,28,20,10,5,21
125,"M",9.7,4,7,29,1,1,NA,NA,NA,38,19,28,20,10,5,21
125,"M",9.7,4,7,30,1,0,NA,NA,NA,38,19,28,20,10,5,21
125,"M",9.7,4,7,32,1,1,NA,NA,NA,38,19,28,20,10,5,21
125,"M",9.7,4,7,33,1,0,NA,NA,NA,38,19,28,20,10,5,21
125,"M",9.7,4,7,34,1,0,NA,NA,NA,38,19,28,20,10,5,21
125,"M",9.7,4,7,35,1,0,NA,NA,NA,38,19,28,20,10,5,21
125,"M",9.7,4,7,36,1,1,NA,NA,NA,38,19,28,20,10,5,21
125,"M",9.7,4,7,38,1,1,NA,NA,NA,38,19,28,20,10,5,21
125,"M",9.7,4,7,42,1,1,NA,NA,NA,38,19,28,20,10,5,21
125,"M",9.7,4,7,43,1,1,NA,NA,NA,38,19,28,20,10,5,21
125,"M",9.7,4,7,45,1,1,NA,NA,NA,38,19,28,20,10,5,21
125,"M",9.7,4,7,46,1,1,NA,NA,NA,38,19,28,20,10,5,21
125,"M",9.7,4,7,47,1,1,NA,NA,NA,38,19,28,20,10,5,21
125,"M",9.7,4,7,49,1,1,NA,NA,NA,38,19,28,20,10,5,21
125,"M",9.7,4,7,53,1,1,NA,NA,NA,38,19,28,20,10,5,21
125,"M",9.7,4,7,55,1,1,NA,NA,NA,38,19,28,20,10,5,21
125,"M",9.7,4,7,56,1,1,NA,NA,NA,38,19,28,20,10,5,21
125,"M",9.7,4,7,57,1,1,NA,NA,NA,38,19,28,20,10,5,21
125,"M",9.7,4,7,59,1,1,NA,NA,NA,38,19,28,20,10,5,21
125,"M",9.7,4,7,60,1,0,NA,NA,NA,38,19,28,20,10,5,21
125,"M",9.7,4,7,1,2,0,0,0,1,38,19,28,20,10,5,21
125,"M",9.7,4,7,2,2,0,1,0,0,38,19,28,20,10,5,21
125,"M",9.7,4,7,4,2,1,0,1,0,38,19,28,20,10,5,21
125,"M",9.7,4,7,7,2,0,1,0,0,38,19,28,20,10,5,21
125,"M",9.7,4,7,9,2,1,0,1,0,38,19,28,20,10,5,21
125,"M",9.7,4,7,10,2,1,0,1,0,38,19,28,20,10,5,21
125,"M",9.7,4,7,11,2,0,1,0,0,38,19,28,20,10,5,21
125,"M",9.7,4,7,12,2,0,0,1,0,38,19,28,20,10,5,21
125,"M",9.7,4,7,14,2,1,0,1,0,38,19,28,20,10,5,21
125,"M",9.7,4,7,15,2,0,0,0,1,38,19,28,20,10,5,21
125,"M",9.7,4,7,18,2,0,1,0,0,38,19,28,20,10,5,21
125,"M",9.7,4,7,19,2,1,0,1,0,38,19,28,20,10,5,21
125,"M",9.7,4,7,20,2,1,0,1,0,38,19,28,20,10,5,21
125,"M",9.7,4,7,22,2,0,1,0,0,38,19,28,20,10,5,21
125,"M",9.7,4,7,24,2,0,0,0,1,38,19,28,20,10,5,21
125,"M",9.7,4,7,26,2,1,0,1,0,38,19,28,20,10,5,21
125,"M",9.7,4,7,27,2,0,1,0,0,38,19,28,20,10,5,21
125,"M",9.7,4,7,28,2,1,0,0,1,38,19,28,20,10,5,21
125,"M",9.7,4,7,31,2,0,1,0,0,38,19,28,20,10,5,21
125,"M",9.7,4,7,37,2,1,0,1,0,38,19,28,20,10,5,21
125,"M",9.7,4,7,39,2,1,0,1,0,38,19,28,20,10,5,21
125,"M",9.7,4,7,40,2,0,1,0,0,38,19,28,20,10,5,21
125,"M",9.7,4,7,41,2,0,1,0,0,38,19,28,20,10,5,21
125,"M",9.7,4,7,44,2,0,0,1,0,38,19,28,20,10,5,21
125,"M",9.7,4,7,48,2,1,0,1,0,38,19,28,20,10,5,21
125,"M",9.7,4,7,50,2,1,0,0,1,38,19,28,20,10,5,21
125,"M",9.7,4,7,51,2,0,1,0,0,38,19,28,20,10,5,21
125,"M",9.7,4,7,52,2,1,0,1,0,38,19,28,20,10,5,21
125,"M",9.7,4,7,54,2,0,1,0,0,38,19,28,20,10,5,21
125,"M",9.7,4,7,58,2,0,1,0,0,38,19,28,20,10,5,21
126,"M",9.4,4,7,2,1,1,NA,NA,NA,32,22,17,31,7,11,13
126,"M",9.4,4,7,3,1,0,NA,NA,NA,32,22,17,31,7,11,13
126,"M",9.4,4,7,5,1,1,NA,NA,NA,32,22,17,31,7,11,13
126,"M",9.4,4,7,6,1,0,NA,NA,NA,32,22,17,31,7,11,13
126,"M",9.4,4,7,7,1,1,NA,NA,NA,32,22,17,31,7,11,13
126,"M",9.4,4,7,8,1,0,NA,NA,NA,32,22,17,31,7,11,13
126,"M",9.4,4,7,11,1,1,NA,NA,NA,32,22,17,31,7,11,13
126,"M",9.4,4,7,12,1,0,NA,NA,NA,32,22,17,31,7,11,13
126,"M",9.4,4,7,13,1,0,NA,NA,NA,32,22,17,31,7,11,13
126,"M",9.4,4,7,15,1,0,NA,NA,NA,32,22,17,31,7,11,13
126,"M",9.4,4,7,16,1,1,NA,NA,NA,32,22,17,31,7,11,13
126,"M",9.4,4,7,24,1,0,NA,NA,NA,32,22,17,31,7,11,13
126,"M",9.4,4,7,25,1,0,NA,NA,NA,32,22,17,31,7,11,13
126,"M",9.4,4,7,26,1,0,NA,NA,NA,32,22,17,31,7,11,13
126,"M",9.4,4,7,28,1,0,NA,NA,NA,32,22,17,31,7,11,13
126,"M",9.4,4,7,29,1,0,NA,NA,NA,32,22,17,31,7,11,13
126,"M",9.4,4,7,31,1,0,NA,NA,NA,32,22,17,31,7,11,13
126,"M",9.4,4,7,32,1,1,NA,NA,NA,32,22,17,31,7,11,13
126,"M",9.4,4,7,33,1,1,NA,NA,NA,32,22,17,31,7,11,13
126,"M",9.4,4,7,34,1,0,NA,NA,NA,32,22,17,31,7,11,13
126,"M",9.4,4,7,41,1,1,NA,NA,NA,32,22,17,31,7,11,13
126,"M",9.4,4,7,42,1,1,NA,NA,NA,32,22,17,31,7,11,13
126,"M",9.4,4,7,43,1,0,NA,NA,NA,32,22,17,31,7,11,13
126,"M",9.4,4,7,47,1,1,NA,NA,NA,32,22,17,31,7,11,13
126,"M",9.4,4,7,50,1,1,NA,NA,NA,32,22,17,31,7,11,13
126,"M",9.4,4,7,51,1,1,NA,NA,NA,32,22,17,31,7,11,13
126,"M",9.4,4,7,52,1,0,NA,NA,NA,32,22,17,31,7,11,13
126,"M",9.4,4,7,55,1,0,NA,NA,NA,32,22,17,31,7,11,13
126,"M",9.4,4,7,56,1,1,NA,NA,NA,32,22,17,31,7,11,13
126,"M",9.4,4,7,58,1,0,NA,NA,NA,32,22,17,31,7,11,13
126,"M",9.4,4,7,1,2,0,0,0,1,32,22,17,31,7,11,13
126,"M",9.4,4,7,4,2,0,0,1,0,32,22,17,31,7,11,13
126,"M",9.4,4,7,9,2,1,0,0,1,32,22,17,31,7,11,13
126,"M",9.4,4,7,10,2,1,0,1,0,32,22,17,31,7,11,13
126,"M",9.4,4,7,14,2,0,0,0,1,32,22,17,31,7,11,13
126,"M",9.4,4,7,17,2,0,1,0,0,32,22,17,31,7,11,13
126,"M",9.4,4,7,18,2,0,0,0,1,32,22,17,31,7,11,13
126,"M",9.4,4,7,19,2,0,0,0,1,32,22,17,31,7,11,13
126,"M",9.4,4,7,20,2,1,0,1,0,32,22,17,31,7,11,13
126,"M",9.4,4,7,21,2,0,0,1,0,32,22,17,31,7,11,13
126,"M",9.4,4,7,22,2,0,0,0,1,32,22,17,31,7,11,13
126,"M",9.4,4,7,23,2,0,0,0,1,32,22,17,31,7,11,13
126,"M",9.4,4,7,27,2,0,0,0,1,32,22,17,31,7,11,13
126,"M",9.4,4,7,30,2,1,0,1,0,32,22,17,31,7,11,13
126,"M",9.4,4,7,35,2,0,1,0,0,32,22,17,31,7,11,13
126,"M",9.4,4,7,36,2,1,0,1,0,32,22,17,31,7,11,13
126,"M",9.4,4,7,37,2,0,1,0,0,32,22,17,31,7,11,13
126,"M",9.4,4,7,38,2,1,0,0,1,32,22,17,31,7,11,13
126,"M",9.4,4,7,39,2,1,0,1,0,32,22,17,31,7,11,13
126,"M",9.4,4,7,40,2,1,0,1,0,32,22,17,31,7,11,13
126,"M",9.4,4,7,44,2,0,0,1,0,32,22,17,31,7,11,13
126,"M",9.4,4,7,45,2,1,0,1,0,32,22,17,31,7,11,13
126,"M",9.4,4,7,46,2,1,0,1,0,32,22,17,31,7,11,13
126,"M",9.4,4,7,48,2,0,0,0,1,32,22,17,31,7,11,13
126,"M",9.4,4,7,49,2,1,0,1,0,32,22,17,31,7,11,13
126,"M",9.4,4,7,53,2,1,0,1,0,32,22,17,31,7,11,13
126,"M",9.4,4,7,54,2,0,0,1,0,32,22,17,31,7,11,13
126,"M",9.4,4,7,57,2,1,0,1,0,32,22,17,31,7,11,13
126,"M",9.4,4,7,59,2,1,0,0,1,32,22,17,31,7,11,13
126,"M",9.4,4,7,60,2,1,0,1,0,32,22,17,31,7,11,13
127,"F",9.9,4,7,1,1,0,NA,NA,NA,21,21,18,30,9,10,12
127,"F",9.9,4,7,2,1,0,NA,NA,NA,21,21,18,30,9,10,12
127,"F",9.9,4,7,4,1,0,NA,NA,NA,21,21,18,30,9,10,12
127,"F",9.9,4,7,6,1,0,NA,NA,NA,21,21,18,30,9,10,12
127,"F",9.9,4,7,9,1,0,NA,NA,NA,21,21,18,30,9,10,12
127,"F",9.9,4,7,13,1,0,NA,NA,NA,21,21,18,30,9,10,12
127,"F",9.9,4,7,15,1,0,NA,NA,NA,21,21,18,30,9,10,12
127,"F",9.9,4,7,21,1,0,NA,NA,NA,21,21,18,30,9,10,12
127,"F",9.9,4,7,22,1,0,NA,NA,NA,21,21,18,30,9,10,12
127,"F",9.9,4,7,23,1,0,NA,NA,NA,21,21,18,30,9,10,12
127,"F",9.9,4,7,25,1,1,NA,NA,NA,21,21,18,30,9,10,12
127,"F",9.9,4,7,26,1,1,NA,NA,NA,21,21,18,30,9,10,12
127,"F",9.9,4,7,27,1,1,NA,NA,NA,21,21,18,30,9,10,12
127,"F",9.9,4,7,28,1,0,NA,NA,NA,21,21,18,30,9,10,12
127,"F",9.9,4,7,30,1,1,NA,NA,NA,21,21,18,30,9,10,12
127,"F",9.9,4,7,33,1,1,NA,NA,NA,21,21,18,30,9,10,12
127,"F",9.9,4,7,35,1,1,NA,NA,NA,21,21,18,30,9,10,12
127,"F",9.9,4,7,36,1,1,NA,NA,NA,21,21,18,30,9,10,12
127,"F",9.9,4,7,37,1,0,NA,NA,NA,21,21,18,30,9,10,12
127,"F",9.9,4,7,38,1,0,NA,NA,NA,21,21,18,30,9,10,12
127,"F",9.9,4,7,40,1,0,NA,NA,NA,21,21,18,30,9,10,12
127,"F",9.9,4,7,43,1,1,NA,NA,NA,21,21,18,30,9,10,12
127,"F",9.9,4,7,46,1,1,NA,NA,NA,21,21,18,30,9,10,12
127,"F",9.9,4,7,47,1,1,NA,NA,NA,21,21,18,30,9,10,12
127,"F",9.9,4,7,48,1,0,NA,NA,NA,21,21,18,30,9,10,12
127,"F",9.9,4,7,51,1,1,NA,NA,NA,21,21,18,30,9,10,12
127,"F",9.9,4,7,54,1,0,NA,NA,NA,21,21,18,30,9,10,12
127,"F",9.9,4,7,55,1,0,NA,NA,NA,21,21,18,30,9,10,12
127,"F",9.9,4,7,57,1,1,NA,NA,NA,21,21,18,30,9,10,12
127,"F",9.9,4,7,59,1,0,NA,NA,NA,21,21,18,30,9,10,12
127,"F",9.9,4,7,3,2,0,0,0,1,21,21,18,30,9,10,12
127,"F",9.9,4,7,5,2,0,0,0,1,21,21,18,30,9,10,12
127,"F",9.9,4,7,7,2,1,0,1,0,21,21,18,30,9,10,12
127,"F",9.9,4,7,8,2,0,0,0,1,21,21,18,30,9,10,12
127,"F",9.9,4,7,10,2,1,0,1,0,21,21,18,30,9,10,12
127,"F",9.9,4,7,11,2,1,0,0,1,21,21,18,30,9,10,12
127,"F",9.9,4,7,12,2,0,0,1,0,21,21,18,30,9,10,12
127,"F",9.9,4,7,14,2,1,0,0,1,21,21,18,30,9,10,12
127,"F",9.9,4,7,16,2,0,0,1,0,21,21,18,30,9,10,12
127,"F",9.9,4,7,17,2,0,0,0,1,21,21,18,30,9,10,12
127,"F",9.9,4,7,18,2,0,0,0,1,21,21,18,30,9,10,12
127,"F",9.9,4,7,19,2,0,0,0,1,21,21,18,30,9,10,12
127,"F",9.9,4,7,20,2,0,0,0,1,21,21,18,30,9,10,12
127,"F",9.9,4,7,24,2,0,0,0,1,21,21,18,30,9,10,12
127,"F",9.9,4,7,29,2,0,1,0,0,21,21,18,30,9,10,12
127,"F",9.9,4,7,31,2,0,0,0,1,21,21,18,30,9,10,12
127,"F",9.9,4,7,32,2,1,0,0,1,21,21,18,30,9,10,12
127,"F",9.9,4,7,34,2,0,0,0,1,21,21,18,30,9,10,12
127,"F",9.9,4,7,39,2,1,0,0,1,21,21,18,30,9,10,12
127,"F",9.9,4,7,41,2,0,0,0,1,21,21,18,30,9,10,12
127,"F",9.9,4,7,42,2,1,0,0,1,21,21,18,30,9,10,12
127,"F",9.9,4,7,44,2,1,0,0,1,21,21,18,30,9,10,12
127,"F",9.9,4,7,45,2,1,0,0,1,21,21,18,30,9,10,12
127,"F",9.9,4,7,49,2,0,0,0,1,21,21,18,30,9,10,12
127,"F",9.9,4,7,50,2,0,0,1,0,21,21,18,30,9,10,12
127,"F",9.9,4,7,52,2,0,0,0,1,21,21,18,30,9,10,12
127,"F",9.9,4,7,53,2,1,0,0,1,21,21,18,30,9,10,12
127,"F",9.9,4,7,56,2,1,0,1,0,21,21,18,30,9,10,12
127,"F",9.9,4,7,58,2,1,0,0,1,21,21,18,30,9,10,12
127,"F",9.9,4,7,60,2,0,0,0,1,21,21,18,30,9,10,12
128,"M",10,4,7,2,1,1,NA,NA,NA,30,20,16,28,9,5,20
128,"M",10,4,7,3,1,1,NA,NA,NA,30,20,16,28,9,5,20
128,"M",10,4,7,5,1,1,NA,NA,NA,30,20,16,28,9,5,20
128,"M",10,4,7,7,1,1,NA,NA,NA,30,20,16,28,9,5,20
128,"M",10,4,7,8,1,0,NA,NA,NA,30,20,16,28,9,5,20
128,"M",10,4,7,11,1,1,NA,NA,NA,30,20,16,28,9,5,20
128,"M",10,4,7,12,1,1,NA,NA,NA,30,20,16,28,9,5,20
128,"M",10,4,7,16,1,1,NA,NA,NA,30,20,16,28,9,5,20
128,"M",10,4,7,20,1,1,NA,NA,NA,30,20,16,28,9,5,20
128,"M",10,4,7,21,1,0,NA,NA,NA,30,20,16,28,9,5,20
128,"M",10,4,7,22,1,0,NA,NA,NA,30,20,16,28,9,5,20
128,"M",10,4,7,23,1,1,NA,NA,NA,30,20,16,28,9,5,20
128,"M",10,4,7,25,1,1,NA,NA,NA,30,20,16,28,9,5,20
128,"M",10,4,7,28,1,1,NA,NA,NA,30,20,16,28,9,5,20
128,"M",10,4,7,29,1,1,NA,NA,NA,30,20,16,28,9,5,20
128,"M",10,4,7,30,1,1,NA,NA,NA,30,20,16,28,9,5,20
128,"M",10,4,7,33,1,0,NA,NA,NA,30,20,16,28,9,5,20
128,"M",10,4,7,34,1,0,NA,NA,NA,30,20,16,28,9,5,20
128,"M",10,4,7,35,1,0,NA,NA,NA,30,20,16,28,9,5,20
128,"M",10,4,7,36,1,1,NA,NA,NA,30,20,16,28,9,5,20
128,"M",10,4,7,38,1,0,NA,NA,NA,30,20,16,28,9,5,20
128,"M",10,4,7,40,1,0,NA,NA,NA,30,20,16,28,9,5,20
128,"M",10,4,7,44,1,1,NA,NA,NA,30,20,16,28,9,5,20
128,"M",10,4,7,47,1,1,NA,NA,NA,30,20,16,28,9,5,20
128,"M",10,4,7,48,1,0,NA,NA,NA,30,20,16,28,9,5,20
128,"M",10,4,7,51,1,0,NA,NA,NA,30,20,16,28,9,5,20
128,"M",10,4,7,52,1,1,NA,NA,NA,30,20,16,28,9,5,20
128,"M",10,4,7,53,1,1,NA,NA,NA,30,20,16,28,9,5,20
128,"M",10,4,7,54,1,1,NA,NA,NA,30,20,16,28,9,5,20
128,"M",10,4,7,56,1,1,NA,NA,NA,30,20,16,28,9,5,20
128,"M",10,4,7,1,2,0,0,1,0,30,20,16,28,9,5,20
128,"M",10,4,7,4,2,0,0,1,0,30,20,16,28,9,5,20
128,"M",10,4,7,6,2,1,0,1,0,30,20,16,28,9,5,20
128,"M",10,4,7,9,2,1,0,0,1,30,20,16,28,9,5,20
128,"M",10,4,7,10,2,1,0,1,0,30,20,16,28,9,5,20
128,"M",10,4,7,13,2,0,0,1,0,30,20,16,28,9,5,20
128,"M",10,4,7,14,2,0,0,0,1,30,20,16,28,9,5,20
128,"M",10,4,7,15,2,0,0,0,1,30,20,16,28,9,5,20
128,"M",10,4,7,17,2,1,0,1,0,30,20,16,28,9,5,20
128,"M",10,4,7,18,2,1,0,0,1,30,20,16,28,9,5,20
128,"M",10,4,7,19,2,1,0,1,0,30,20,16,28,9,5,20
128,"M",10,4,7,24,2,1,0,1,0,30,20,16,28,9,5,20
128,"M",10,4,7,26,2,1,0,1,0,30,20,16,28,9,5,20
128,"M",10,4,7,27,2,1,0,1,0,30,20,16,28,9,5,20
128,"M",10,4,7,31,2,1,0,1,0,30,20,16,28,9,5,20
128,"M",10,4,7,32,2,1,0,0,1,30,20,16,28,9,5,20
128,"M",10,4,7,37,2,0,0,0,1,30,20,16,28,9,5,20
128,"M",10,4,7,39,2,1,0,1,0,30,20,16,28,9,5,20
128,"M",10,4,7,41,2,0,0,1,0,30,20,16,28,9,5,20
128,"M",10,4,7,42,2,1,0,1,0,30,20,16,28,9,5,20
128,"M",10,4,7,43,2,1,0,1,0,30,20,16,28,9,5,20
128,"M",10,4,7,45,2,1,0,1,0,30,20,16,28,9,5,20
128,"M",10,4,7,46,2,1,0,1,0,30,20,16,28,9,5,20
128,"M",10,4,7,49,2,0,0,1,0,30,20,16,28,9,5,20
128,"M",10,4,7,50,2,1,0,1,0,30,20,16,28,9,5,20
128,"M",10,4,7,55,2,1,0,0,1,30,20,16,28,9,5,20
128,"M",10,4,7,57,2,0,0,0,1,30,20,16,28,9,5,20
128,"M",10,4,7,58,2,0,0,1,0,30,20,16,28,9,5,20
128,"M",10,4,7,59,2,1,0,0,1,30,20,16,28,9,5,20
128,"M",10,4,7,60,2,0,0,1,0,30,20,16,28,9,5,20
129,"M",9.2,4,7,2,1,0,NA,NA,NA,38,11,18,29,7,10,17
129,"M",9.2,4,7,3,1,0,NA,NA,NA,38,11,18,29,7,10,17
129,"M",9.2,4,7,4,1,1,NA,NA,NA,38,11,18,29,7,10,17
129,"M",9.2,4,7,5,1,1,NA,NA,NA,38,11,18,29,7,10,17
129,"M",9.2,4,7,8,1,1,NA,NA,NA,38,11,18,29,7,10,17
129,"M",9.2,4,7,9,1,0,NA,NA,NA,38,11,18,29,7,10,17
129,"M",9.2,4,7,11,1,1,NA,NA,NA,38,11,18,29,7,10,17
129,"M",9.2,4,7,12,1,1,NA,NA,NA,38,11,18,29,7,10,17
129,"M",9.2,4,7,13,1,0,NA,NA,NA,38,11,18,29,7,10,17
129,"M",9.2,4,7,14,1,0,NA,NA,NA,38,11,18,29,7,10,17
129,"M",9.2,4,7,15,1,0,NA,NA,NA,38,11,18,29,7,10,17
129,"M",9.2,4,7,16,1,0,NA,NA,NA,38,11,18,29,7,10,17
129,"M",9.2,4,7,19,1,0,NA,NA,NA,38,11,18,29,7,10,17
129,"M",9.2,4,7,20,1,1,NA,NA,NA,38,11,18,29,7,10,17
129,"M",9.2,4,7,22,1,0,NA,NA,NA,38,11,18,29,7,10,17
129,"M",9.2,4,7,23,1,1,NA,NA,NA,38,11,18,29,7,10,17
129,"M",9.2,4,7,24,1,0,NA,NA,NA,38,11,18,29,7,10,17
129,"M",9.2,4,7,25,1,0,NA,NA,NA,38,11,18,29,7,10,17
129,"M",9.2,4,7,27,1,1,NA,NA,NA,38,11,18,29,7,10,17
129,"M",9.2,4,7,29,1,1,NA,NA,NA,38,11,18,29,7,10,17
129,"M",9.2,4,7,37,1,1,NA,NA,NA,38,11,18,29,7,10,17
129,"M",9.2,4,7,40,1,1,NA,NA,NA,38,11,18,29,7,10,17
129,"M",9.2,4,7,43,1,1,NA,NA,NA,38,11,18,29,7,10,17
129,"M",9.2,4,7,44,1,1,NA,NA,NA,38,11,18,29,7,10,17
129,"M",9.2,4,7,45,1,0,NA,NA,NA,38,11,18,29,7,10,17
129,"M",9.2,4,7,48,1,0,NA,NA,NA,38,11,18,29,7,10,17
129,"M",9.2,4,7,50,1,1,NA,NA,NA,38,11,18,29,7,10,17
129,"M",9.2,4,7,54,1,1,NA,NA,NA,38,11,18,29,7,10,17
129,"M",9.2,4,7,57,1,1,NA,NA,NA,38,11,18,29,7,10,17
129,"M",9.2,4,7,58,1,1,NA,NA,NA,38,11,18,29,7,10,17
129,"M",9.2,4,7,1,2,0,1,0,0,38,11,18,29,7,10,17
129,"M",9.2,4,7,6,2,1,0,1,0,38,11,18,29,7,10,17
129,"M",9.2,4,7,7,2,1,0,1,0,38,11,18,29,7,10,17
129,"M",9.2,4,7,10,2,1,0,1,0,38,11,18,29,7,10,17
129,"M",9.2,4,7,17,2,1,0,1,0,38,11,18,29,7,10,17
129,"M",9.2,4,7,18,2,0,0,1,0,38,11,18,29,7,10,17
129,"M",9.2,4,7,21,2,0,1,0,0,38,11,18,29,7,10,17
129,"M",9.2,4,7,26,2,0,1,0,0,38,11,18,29,7,10,17
129,"M",9.2,4,7,28,2,0,0,1,0,38,11,18,29,7,10,17
129,"M",9.2,4,7,30,2,0,0,1,0,38,11,18,29,7,10,17
129,"M",9.2,4,7,31,2,0,0,1,0,38,11,18,29,7,10,17
129,"M",9.2,4,7,32,2,1,0,1,0,38,11,18,29,7,10,17
129,"M",9.2,4,7,33,2,0,1,0,0,38,11,18,29,7,10,17
129,"M",9.2,4,7,34,2,0,0,1,0,38,11,18,29,7,10,17
129,"M",9.2,4,7,35,2,1,0,1,0,38,11,18,29,7,10,17
129,"M",9.2,4,7,36,2,1,0,1,0,38,11,18,29,7,10,17
129,"M",9.2,4,7,38,2,0,1,0,0,38,11,18,29,7,10,17
129,"M",9.2,4,7,39,2,0,1,0,0,38,11,18,29,7,10,17
129,"M",9.2,4,7,41,2,1,0,0,1,38,11,18,29,7,10,17
129,"M",9.2,4,7,42,2,0,1,0,0,38,11,18,29,7,10,17
129,"M",9.2,4,7,46,2,1,0,1,0,38,11,18,29,7,10,17
129,"M",9.2,4,7,47,2,1,0,1,0,38,11,18,29,7,10,17
129,"M",9.2,4,7,49,2,1,0,1,0,38,11,18,29,7,10,17
129,"M",9.2,4,7,51,2,0,0,0,1,38,11,18,29,7,10,17
129,"M",9.2,4,7,52,2,1,0,1,0,38,11,18,29,7,10,17
129,"M",9.2,4,7,53,2,0,0,1,0,38,11,18,29,7,10,17
129,"M",9.2,4,7,55,2,0,0,1,0,38,11,18,29,7,10,17
129,"M",9.2,4,7,56,2,1,0,1,0,38,11,18,29,7,10,17
129,"M",9.2,4,7,59,2,1,0,0,1,38,11,18,29,7,10,17
129,"M",9.2,4,7,60,2,0,1,0,0,38,11,18,29,7,10,17
130,"F",9.7,4,7,2,1,1,NA,NA,NA,40,10,33,11,9,5,16
130,"F",9.7,4,7,4,1,0,NA,NA,NA,40,10,33,11,9,5,16
130,"F",9.7,4,7,7,1,1,NA,NA,NA,40,10,33,11,9,5,16
130,"F",9.7,4,7,8,1,1,NA,NA,NA,40,10,33,11,9,5,16
130,"F",9.7,4,7,10,1,1,NA,NA,NA,40,10,33,11,9,5,16
130,"F",9.7,4,7,11,1,1,NA,NA,NA,40,10,33,11,9,5,16
130,"F",9.7,4,7,13,1,0,NA,NA,NA,40,10,33,11,9,5,16
130,"F",9.7,4,7,15,1,1,NA,NA,NA,40,10,33,11,9,5,16
130,"F",9.7,4,7,16,1,0,NA,NA,NA,40,10,33,11,9,5,16
130,"F",9.7,4,7,19,1,0,NA,NA,NA,40,10,33,11,9,5,16
130,"F",9.7,4,7,21,1,0,NA,NA,NA,40,10,33,11,9,5,16
130,"F",9.7,4,7,24,1,0,NA,NA,NA,40,10,33,11,9,5,16
130,"F",9.7,4,7,25,1,1,NA,NA,NA,40,10,33,11,9,5,16
130,"F",9.7,4,7,26,1,1,NA,NA,NA,40,10,33,11,9,5,16
130,"F",9.7,4,7,31,1,0,NA,NA,NA,40,10,33,11,9,5,16
130,"F",9.7,4,7,32,1,0,NA,NA,NA,40,10,33,11,9,5,16
130,"F",9.7,4,7,33,1,1,NA,NA,NA,40,10,33,11,9,5,16
130,"F",9.7,4,7,37,1,1,NA,NA,NA,40,10,33,11,9,5,16
130,"F",9.7,4,7,39,1,1,NA,NA,NA,40,10,33,11,9,5,16
130,"F",9.7,4,7,40,1,1,NA,NA,NA,40,10,33,11,9,5,16
130,"F",9.7,4,7,41,1,0,NA,NA,NA,40,10,33,11,9,5,16
130,"F",9.7,4,7,43,1,1,NA,NA,NA,40,10,33,11,9,5,16
130,"F",9.7,4,7,47,1,0,NA,NA,NA,40,10,33,11,9,5,16
130,"F",9.7,4,7,48,1,0,NA,NA,NA,40,10,33,11,9,5,16
130,"F",9.7,4,7,51,1,0,NA,NA,NA,40,10,33,11,9,5,16
130,"F",9.7,4,7,52,1,0,NA,NA,NA,40,10,33,11,9,5,16
130,"F",9.7,4,7,54,1,0,NA,NA,NA,40,10,33,11,9,5,16
130,"F",9.7,4,7,56,1,1,NA,NA,NA,40,10,33,11,9,5,16
130,"F",9.7,4,7,58,1,1,NA,NA,NA,40,10,33,11,9,5,16
130,"F",9.7,4,7,59,1,1,NA,NA,NA,40,10,33,11,9,5,16
130,"F",9.7,4,7,1,2,1,0,0,1,40,10,33,11,9,5,16
130,"F",9.7,4,7,3,2,1,0,1,0,40,10,33,11,9,5,16
130,"F",9.7,4,7,5,2,0,1,0,0,40,10,33,11,9,5,16
130,"F",9.7,4,7,6,2,0,1,0,0,40,10,33,11,9,5,16
130,"F",9.7,4,7,9,2,1,0,0,1,40,10,33,11,9,5,16
130,"F",9.7,4,7,12,2,0,1,0,0,40,10,33,11,9,5,16
130,"F",9.7,4,7,14,2,0,1,0,0,40,10,33,11,9,5,16
130,"F",9.7,4,7,17,2,0,1,0,0,40,10,33,11,9,5,16
130,"F",9.7,4,7,18,2,0,1,0,0,40,10,33,11,9,5,16
130,"F",9.7,4,7,20,2,0,1,0,0,40,10,33,11,9,5,16
130,"F",9.7,4,7,22,2,0,1,0,0,40,10,33,11,9,5,16
130,"F",9.7,4,7,23,2,0,1,0,0,40,10,33,11,9,5,16
130,"F",9.7,4,7,27,2,0,1,0,0,40,10,33,11,9,5,16
130,"F",9.7,4,7,28,2,0,1,0,0,40,10,33,11,9,5,16
130,"F",9.7,4,7,29,2,0,1,0,0,40,10,33,11,9,5,16
130,"F",9.7,4,7,30,2,0,0,0,1,40,10,33,11,9,5,16
130,"F",9.7,4,7,34,2,0,0,1,0,40,10,33,11,9,5,16
130,"F",9.7,4,7,35,2,0,1,0,0,40,10,33,11,9,5,16
130,"F",9.7,4,7,36,2,0,1,0,0,40,10,33,11,9,5,16
130,"F",9.7,4,7,38,2,0,1,0,0,40,10,33,11,9,5,16
130,"F",9.7,4,7,42,2,0,1,0,0,40,10,33,11,9,5,16
130,"F",9.7,4,7,44,2,0,1,0,0,40,10,33,11,9,5,16
130,"F",9.7,4,7,45,2,0,1,0,0,40,10,33,11,9,5,16
130,"F",9.7,4,7,46,2,1,0,1,0,40,10,33,11,9,5,16
130,"F",9.7,4,7,49,2,0,0,1,0,40,10,33,11,9,5,16
130,"F",9.7,4,7,50,2,0,1,0,0,40,10,33,11,9,5,16
130,"F",9.7,4,7,53,2,0,1,0,0,40,10,33,11,9,5,16
130,"F",9.7,4,7,55,2,1,0,0,1,40,10,33,11,9,5,16
130,"F",9.7,4,7,57,2,0,0,1,0,40,10,33,11,9,5,16
130,"F",9.7,4,7,60,2,0,1,0,0,40,10,33,11,9,5,16
131,"F",9.9,4,7,3,1,1,NA,NA,NA,38,14,19,28,9,7,28
131,"F",9.9,4,7,5,1,1,NA,NA,NA,38,14,19,28,9,7,28
131,"F",9.9,4,7,6,1,0,NA,NA,NA,38,14,19,28,9,7,28
131,"F",9.9,4,7,9,1,1,NA,NA,NA,38,14,19,28,9,7,28
131,"F",9.9,4,7,11,1,1,NA,NA,NA,38,14,19,28,9,7,28
131,"F",9.9,4,7,13,1,1,NA,NA,NA,38,14,19,28,9,7,28
131,"F",9.9,4,7,16,1,1,NA,NA,NA,38,14,19,28,9,7,28
131,"F",9.9,4,7,19,1,1,NA,NA,NA,38,14,19,28,9,7,28
131,"F",9.9,4,7,20,1,1,NA,NA,NA,38,14,19,28,9,7,28
131,"F",9.9,4,7,21,1,1,NA,NA,NA,38,14,19,28,9,7,28
131,"F",9.9,4,7,24,1,1,NA,NA,NA,38,14,19,28,9,7,28
131,"F",9.9,4,7,25,1,1,NA,NA,NA,38,14,19,28,9,7,28
131,"F",9.9,4,7,26,1,1,NA,NA,NA,38,14,19,28,9,7,28
131,"F",9.9,4,7,28,1,0,NA,NA,NA,38,14,19,28,9,7,28
131,"F",9.9,4,7,29,1,1,NA,NA,NA,38,14,19,28,9,7,28
131,"F",9.9,4,7,30,1,1,NA,NA,NA,38,14,19,28,9,7,28
131,"F",9.9,4,7,33,1,1,NA,NA,NA,38,14,19,28,9,7,28
131,"F",9.9,4,7,34,1,1,NA,NA,NA,38,14,19,28,9,7,28
131,"F",9.9,4,7,36,1,1,NA,NA,NA,38,14,19,28,9,7,28
131,"F",9.9,4,7,37,1,1,NA,NA,NA,38,14,19,28,9,7,28
131,"F",9.9,4,7,42,1,1,NA,NA,NA,38,14,19,28,9,7,28
131,"F",9.9,4,7,45,1,1,NA,NA,NA,38,14,19,28,9,7,28
131,"F",9.9,4,7,46,1,1,NA,NA,NA,38,14,19,28,9,7,28
131,"F",9.9,4,7,47,1,1,NA,NA,NA,38,14,19,28,9,7,28
131,"F",9.9,4,7,48,1,1,NA,NA,NA,38,14,19,28,9,7,28
131,"F",9.9,4,7,51,1,1,NA,NA,NA,38,14,19,28,9,7,28
131,"F",9.9,4,7,52,1,1,NA,NA,NA,38,14,19,28,9,7,28
131,"F",9.9,4,7,53,1,1,NA,NA,NA,38,14,19,28,9,7,28
131,"F",9.9,4,7,54,1,1,NA,NA,NA,38,14,19,28,9,7,28
131,"F",9.9,4,7,59,1,1,NA,NA,NA,38,14,19,28,9,7,28
131,"F",9.9,4,7,1,2,1,0,1,0,38,14,19,28,9,7,28
131,"F",9.9,4,7,2,2,1,0,0,1,38,14,19,28,9,7,28
131,"F",9.9,4,7,4,2,1,0,1,0,38,14,19,28,9,7,28
131,"F",9.9,4,7,7,2,0,1,0,0,38,14,19,28,9,7,28
131,"F",9.9,4,7,8,2,0,1,0,0,38,14,19,28,9,7,28
131,"F",9.9,4,7,10,2,1,0,0,1,38,14,19,28,9,7,28
131,"F",9.9,4,7,12,2,0,0,1,0,38,14,19,28,9,7,28
131,"F",9.9,4,7,14,2,1,0,0,1,38,14,19,28,9,7,28
131,"F",9.9,4,7,15,2,0,0,0,1,38,14,19,28,9,7,28
131,"F",9.9,4,7,17,2,1,0,0,1,38,14,19,28,9,7,28
131,"F",9.9,4,7,18,2,0,1,0,0,38,14,19,28,9,7,28
131,"F",9.9,4,7,22,2,1,0,0,1,38,14,19,28,9,7,28
131,"F",9.9,4,7,23,2,1,0,1,0,38,14,19,28,9,7,28
131,"F",9.9,4,7,27,2,1,0,1,0,38,14,19,28,9,7,28
131,"F",9.9,4,7,31,2,1,0,1,0,38,14,19,28,9,7,28
131,"F",9.9,4,7,32,2,0,1,0,0,38,14,19,28,9,7,28
131,"F",9.9,4,7,35,2,1,0,0,1,38,14,19,28,9,7,28
131,"F",9.9,4,7,38,2,1,0,1,0,38,14,19,28,9,7,28
131,"F",9.9,4,7,39,2,1,0,1,0,38,14,19,28,9,7,28
131,"F",9.9,4,7,40,2,0,1,0,0,38,14,19,28,9,7,28
131,"F",9.9,4,7,41,2,1,0,1,0,38,14,19,28,9,7,28
131,"F",9.9,4,7,43,2,1,0,0,1,38,14,19,28,9,7,28
131,"F",9.9,4,7,44,2,1,0,0,1,38,14,19,28,9,7,28
131,"F",9.9,4,7,49,2,1,0,0,1,38,14,19,28,9,7,28
131,"F",9.9,4,7,50,2,1,0,1,0,38,14,19,28,9,7,28
131,"F",9.9,4,7,55,2,0,0,1,0,38,14,19,28,9,7,28
131,"F",9.9,4,7,56,2,1,0,1,0,38,14,19,28,9,7,28
131,"F",9.9,4,7,57,2,0,1,0,0,38,14,19,28,9,7,28
131,"F",9.9,4,7,58,2,1,0,0,1,38,14,19,28,9,7,28
131,"F",9.9,4,7,60,2,1,0,1,0,38,14,19,28,9,7,28
132,"M",9.6,4,7,6,1,0,NA,NA,NA,32,19,24,22,7,8,14
132,"M",9.6,4,7,8,1,0,NA,NA,NA,32,19,24,22,7,8,14
132,"M",9.6,4,7,9,1,1,NA,NA,NA,32,19,24,22,7,8,14
132,"M",9.6,4,7,10,1,1,NA,NA,NA,32,19,24,22,7,8,14
132,"M",9.6,4,7,12,1,1,NA,NA,NA,32,19,24,22,7,8,14
132,"M",9.6,4,7,14,1,1,NA,NA,NA,32,19,24,22,7,8,14
132,"M",9.6,4,7,15,1,0,NA,NA,NA,32,19,24,22,7,8,14
132,"M",9.6,4,7,16,1,1,NA,NA,NA,32,19,24,22,7,8,14
132,"M",9.6,4,7,18,1,0,NA,NA,NA,32,19,24,22,7,8,14
132,"M",9.6,4,7,21,1,0,NA,NA,NA,32,19,24,22,7,8,14
132,"M",9.6,4,7,22,1,0,NA,NA,NA,32,19,24,22,7,8,14
132,"M",9.6,4,7,23,1,1,NA,NA,NA,32,19,24,22,7,8,14
132,"M",9.6,4,7,25,1,0,NA,NA,NA,32,19,24,22,7,8,14
132,"M",9.6,4,7,28,1,1,NA,NA,NA,32,19,24,22,7,8,14
132,"M",9.6,4,7,29,1,0,NA,NA,NA,32,19,24,22,7,8,14
132,"M",9.6,4,7,32,1,0,NA,NA,NA,32,19,24,22,7,8,14
132,"M",9.6,4,7,33,1,0,NA,NA,NA,32,19,24,22,7,8,14
132,"M",9.6,4,7,42,1,1,NA,NA,NA,32,19,24,22,7,8,14
132,"M",9.6,4,7,44,1,1,NA,NA,NA,32,19,24,22,7,8,14
132,"M",9.6,4,7,46,1,1,NA,NA,NA,32,19,24,22,7,8,14
132,"M",9.6,4,7,47,1,1,NA,NA,NA,32,19,24,22,7,8,14
132,"M",9.6,4,7,48,1,0,NA,NA,NA,32,19,24,22,7,8,14
132,"M",9.6,4,7,49,1,0,NA,NA,NA,32,19,24,22,7,8,14
132,"M",9.6,4,7,52,1,1,NA,NA,NA,32,19,24,22,7,8,14
132,"M",9.6,4,7,53,1,0,NA,NA,NA,32,19,24,22,7,8,14
132,"M",9.6,4,7,54,1,0,NA,NA,NA,32,19,24,22,7,8,14
132,"M",9.6,4,7,55,1,1,NA,NA,NA,32,19,24,22,7,8,14
132,"M",9.6,4,7,56,1,1,NA,NA,NA,32,19,24,22,7,8,14
132,"M",9.6,4,7,58,1,0,NA,NA,NA,32,19,24,22,7,8,14
132,"M",9.6,4,7,59,1,0,NA,NA,NA,32,19,24,22,7,8,14
132,"M",9.6,4,7,1,2,0,0,0,1,32,19,24,22,7,8,14
132,"M",9.6,4,7,2,2,0,0,1,0,32,19,24,22,7,8,14
132,"M",9.6,4,7,3,2,0,0,1,0,32,19,24,22,7,8,14
132,"M",9.6,4,7,4,2,0,0,0,1,32,19,24,22,7,8,14
132,"M",9.6,4,7,5,2,0,1,0,0,32,19,24,22,7,8,14
132,"M",9.6,4,7,7,2,1,0,1,0,32,19,24,22,7,8,14
132,"M",9.6,4,7,11,2,1,0,0,1,32,19,24,22,7,8,14
132,"M",9.6,4,7,13,2,0,1,0,0,32,19,24,22,7,8,14
132,"M",9.6,4,7,17,2,1,0,0,1,32,19,24,22,7,8,14
132,"M",9.6,4,7,19,2,0,0,0,1,32,19,24,22,7,8,14
132,"M",9.6,4,7,20,2,1,0,0,1,32,19,24,22,7,8,14
132,"M",9.6,4,7,24,2,0,0,0,1,32,19,24,22,7,8,14
132,"M",9.6,4,7,26,2,0,0,0,1,32,19,24,22,7,8,14
132,"M",9.6,4,7,27,2,0,1,0,0,32,19,24,22,7,8,14
132,"M",9.6,4,7,30,2,0,1,0,0,32,19,24,22,7,8,14
132,"M",9.6,4,7,31,2,0,1,0,0,32,19,24,22,7,8,14
132,"M",9.6,4,7,34,2,0,0,0,1,32,19,24,22,7,8,14
132,"M",9.6,4,7,35,2,0,0,1,0,32,19,24,22,7,8,14
132,"M",9.6,4,7,36,2,0,0,0,1,32,19,24,22,7,8,14
132,"M",9.6,4,7,37,2,1,0,1,0,32,19,24,22,7,8,14
132,"M",9.6,4,7,38,2,0,1,0,0,32,19,24,22,7,8,14
132,"M",9.6,4,7,39,2,1,0,0,1,32,19,24,22,7,8,14
132,"M",9.6,4,7,40,2,0,0,1,0,32,19,24,22,7,8,14
132,"M",9.6,4,7,41,2,0,0,0,1,32,19,24,22,7,8,14
132,"M",9.6,4,7,43,2,1,0,0,1,32,19,24,22,7,8,14
132,"M",9.6,4,7,45,2,1,0,0,1,32,19,24,22,7,8,14
132,"M",9.6,4,7,50,2,0,0,1,0,32,19,24,22,7,8,14
132,"M",9.6,4,7,51,2,0,0,0,1,32,19,24,22,7,8,14
132,"M",9.6,4,7,57,2,0,0,0,1,32,19,24,22,7,8,14
132,"M",9.6,4,7,60,2,0,0,0,1,32,19,24,22,7,8,14
133,"M",9.6,4,7,1,1,0,NA,NA,NA,36,20,23,22,9,8,11
133,"M",9.6,4,7,2,1,0,NA,NA,NA,36,20,23,22,9,8,11
133,"M",9.6,4,7,3,1,1,NA,NA,NA,36,20,23,22,9,8,11
133,"M",9.6,4,7,6,1,0,NA,NA,NA,36,20,23,22,9,8,11
133,"M",9.6,4,7,8,1,0,NA,NA,NA,36,20,23,22,9,8,11
133,"M",9.6,4,7,10,1,0,NA,NA,NA,36,20,23,22,9,8,11
133,"M",9.6,4,7,14,1,0,NA,NA,NA,36,20,23,22,9,8,11
133,"M",9.6,4,7,15,1,0,NA,NA,NA,36,20,23,22,9,8,11
133,"M",9.6,4,7,16,1,0,NA,NA,NA,36,20,23,22,9,8,11
133,"M",9.6,4,7,17,1,1,NA,NA,NA,36,20,23,22,9,8,11
133,"M",9.6,4,7,21,1,0,NA,NA,NA,36,20,23,22,9,8,11
133,"M",9.6,4,7,22,1,1,NA,NA,NA,36,20,23,22,9,8,11
133,"M",9.6,4,7,23,1,1,NA,NA,NA,36,20,23,22,9,8,11
133,"M",9.6,4,7,24,1,0,NA,NA,NA,36,20,23,22,9,8,11
133,"M",9.6,4,7,28,1,1,NA,NA,NA,36,20,23,22,9,8,11
133,"M",9.6,4,7,29,1,0,NA,NA,NA,36,20,23,22,9,8,11
133,"M",9.6,4,7,30,1,0,NA,NA,NA,36,20,23,22,9,8,11
133,"M",9.6,4,7,31,1,0,NA,NA,NA,36,20,23,22,9,8,11
133,"M",9.6,4,7,33,1,1,NA,NA,NA,36,20,23,22,9,8,11
133,"M",9.6,4,7,34,1,0,NA,NA,NA,36,20,23,22,9,8,11
133,"M",9.6,4,7,36,1,1,NA,NA,NA,36,20,23,22,9,8,11
133,"M",9.6,4,7,41,1,1,NA,NA,NA,36,20,23,22,9,8,11
133,"M",9.6,4,7,45,1,0,NA,NA,NA,36,20,23,22,9,8,11
133,"M",9.6,4,7,47,1,1,NA,NA,NA,36,20,23,22,9,8,11
133,"M",9.6,4,7,49,1,0,NA,NA,NA,36,20,23,22,9,8,11
133,"M",9.6,4,7,50,1,0,NA,NA,NA,36,20,23,22,9,8,11
133,"M",9.6,4,7,53,1,0,NA,NA,NA,36,20,23,22,9,8,11
133,"M",9.6,4,7,55,1,1,NA,NA,NA,36,20,23,22,9,8,11
133,"M",9.6,4,7,56,1,1,NA,NA,NA,36,20,23,22,9,8,11
133,"M",9.6,4,7,57,1,0,NA,NA,NA,36,20,23,22,9,8,11
133,"M",9.6,4,7,4,2,0,0,0,1,36,20,23,22,9,8,11
133,"M",9.6,4,7,5,2,0,1,0,0,36,20,23,22,9,8,11
133,"M",9.6,4,7,7,2,0,1,0,0,36,20,23,22,9,8,11
133,"M",9.6,4,7,9,2,0,0,0,1,36,20,23,22,9,8,11
133,"M",9.6,4,7,11,2,1,0,0,1,36,20,23,22,9,8,11
133,"M",9.6,4,7,12,2,0,0,1,0,36,20,23,22,9,8,11
133,"M",9.6,4,7,13,2,0,1,0,0,36,20,23,22,9,8,11
133,"M",9.6,4,7,18,2,0,1,0,0,36,20,23,22,9,8,11
133,"M",9.6,4,7,19,2,0,0,0,1,36,20,23,22,9,8,11
133,"M",9.6,4,7,20,2,0,0,1,0,36,20,23,22,9,8,11
133,"M",9.6,4,7,25,2,0,0,1,0,36,20,23,22,9,8,11
133,"M",9.6,4,7,26,2,0,1,0,0,36,20,23,22,9,8,11
133,"M",9.6,4,7,27,2,1,0,1,0,36,20,23,22,9,8,11
133,"M",9.6,4,7,32,2,0,0,0,1,36,20,23,22,9,8,11
133,"M",9.6,4,7,35,2,0,0,1,0,36,20,23,22,9,8,11
133,"M",9.6,4,7,37,2,0,0,1,0,36,20,23,22,9,8,11
133,"M",9.6,4,7,38,2,0,1,0,0,36,20,23,22,9,8,11
133,"M",9.6,4,7,39,2,1,0,1,0,36,20,23,22,9,8,11
133,"M",9.6,4,7,40,2,0,0,0,1,36,20,23,22,9,8,11
133,"M",9.6,4,7,42,2,1,0,1,0,36,20,23,22,9,8,11
133,"M",9.6,4,7,43,2,1,0,1,0,36,20,23,22,9,8,11
133,"M",9.6,4,7,44,2,0,1,0,0,36,20,23,22,9,8,11
133,"M",9.6,4,7,46,2,1,0,0,1,36,20,23,22,9,8,11
133,"M",9.6,4,7,48,2,0,0,1,0,36,20,23,22,9,8,11
133,"M",9.6,4,7,51,2,0,0,1,0,36,20,23,22,9,8,11
133,"M",9.6,4,7,52,2,0,0,1,0,36,20,23,22,9,8,11
133,"M",9.6,4,7,54,2,0,0,1,0,36,20,23,22,9,8,11
133,"M",9.6,4,7,58,2,0,0,0,1,36,20,23,22,9,8,11
133,"M",9.6,4,7,59,2,0,1,0,0,36,20,23,22,9,8,11
133,"M",9.6,4,7,60,2,0,1,0,0,36,20,23,22,9,8,11
134,"F",9.9,4,7,1,1,0,NA,NA,NA,33,18,33,27,8,7,9
134,"F",9.9,4,7,5,1,0,NA,NA,NA,33,18,33,27,8,7,9
134,"F",9.9,4,7,6,1,0,NA,NA,NA,33,18,33,27,8,7,9
134,"F",9.9,4,7,7,1,1,NA,NA,NA,33,18,33,27,8,7,9
134,"F",9.9,4,7,9,1,0,NA,NA,NA,33,18,33,27,8,7,9
134,"F",9.9,4,7,10,1,1,NA,NA,NA,33,18,33,27,8,7,9
134,"F",9.9,4,7,11,1,1,NA,NA,NA,33,18,33,27,8,7,9
134,"F",9.9,4,7,14,1,0,NA,NA,NA,33,18,33,27,8,7,9
134,"F",9.9,4,7,15,1,0,NA,NA,NA,33,18,33,27,8,7,9
134,"F",9.9,4,7,16,1,0,NA,NA,NA,33,18,33,27,8,7,9
134,"F",9.9,4,7,17,1,0,NA,NA,NA,33,18,33,27,8,7,9
134,"F",9.9,4,7,18,1,0,NA,NA,NA,33,18,33,27,8,7,9
134,"F",9.9,4,7,21,1,0,NA,NA,NA,33,18,33,27,8,7,9
134,"F",9.9,4,7,22,1,0,NA,NA,NA,33,18,33,27,8,7,9
134,"F",9.9,4,7,23,1,0,NA,NA,NA,33,18,33,27,8,7,9
134,"F",9.9,4,7,25,1,1,NA,NA,NA,33,18,33,27,8,7,9
134,"F",9.9,4,7,26,1,1,NA,NA,NA,33,18,33,27,8,7,9
134,"F",9.9,4,7,27,1,0,NA,NA,NA,33,18,33,27,8,7,9
134,"F",9.9,4,7,29,1,0,NA,NA,NA,33,18,33,27,8,7,9
134,"F",9.9,4,7,33,1,0,NA,NA,NA,33,18,33,27,8,7,9
134,"F",9.9,4,7,34,1,0,NA,NA,NA,33,18,33,27,8,7,9
134,"F",9.9,4,7,37,1,0,NA,NA,NA,33,18,33,27,8,7,9
134,"F",9.9,4,7,39,1,1,NA,NA,NA,33,18,33,27,8,7,9
134,"F",9.9,4,7,43,1,1,NA,NA,NA,33,18,33,27,8,7,9
134,"F",9.9,4,7,45,1,1,NA,NA,NA,33,18,33,27,8,7,9
134,"F",9.9,4,7,46,1,0,NA,NA,NA,33,18,33,27,8,7,9
134,"F",9.9,4,7,52,1,0,NA,NA,NA,33,18,33,27,8,7,9
134,"F",9.9,4,7,54,1,1,NA,NA,NA,33,18,33,27,8,7,9
134,"F",9.9,4,7,59,1,0,NA,NA,NA,33,18,33,27,8,7,9
134,"F",9.9,4,7,60,1,0,NA,NA,NA,33,18,33,27,8,7,9
134,"F",9.9,4,7,2,2,0,1,0,0,33,18,33,27,8,7,9
134,"F",9.9,4,7,3,2,0,1,0,0,33,18,33,27,8,7,9
134,"F",9.9,4,7,4,2,0,1,0,0,33,18,33,27,8,7,9
134,"F",9.9,4,7,8,2,0,1,0,0,33,18,33,27,8,7,9
134,"F",9.9,4,7,12,2,0,0,1,0,33,18,33,27,8,7,9
134,"F",9.9,4,7,13,2,0,1,0,0,33,18,33,27,8,7,9
134,"F",9.9,4,7,19,2,0,1,0,0,33,18,33,27,8,7,9
134,"F",9.9,4,7,20,2,1,0,1,0,33,18,33,27,8,7,9
134,"F",9.9,4,7,24,2,0,1,0,0,33,18,33,27,8,7,9
134,"F",9.9,4,7,28,2,0,1,0,0,33,18,33,27,8,7,9
134,"F",9.9,4,7,30,2,0,1,0,0,33,18,33,27,8,7,9
134,"F",9.9,4,7,31,2,0,0,0,1,33,18,33,27,8,7,9
134,"F",9.9,4,7,32,2,0,1,0,0,33,18,33,27,8,7,9
134,"F",9.9,4,7,35,2,0,0,0,1,33,18,33,27,8,7,9
134,"F",9.9,4,7,36,2,0,0,0,1,33,18,33,27,8,7,9
134,"F",9.9,4,7,38,2,0,1,0,0,33,18,33,27,8,7,9
134,"F",9.9,4,7,40,2,0,1,0,0,33,18,33,27,8,7,9
134,"F",9.9,4,7,41,2,0,0,0,1,33,18,33,27,8,7,9
134,"F",9.9,4,7,42,2,0,1,0,0,33,18,33,27,8,7,9
134,"F",9.9,4,7,44,2,0,1,0,0,33,18,33,27,8,7,9
134,"F",9.9,4,7,47,2,0,0,0,1,33,18,33,27,8,7,9
134,"F",9.9,4,7,48,2,0,1,0,0,33,18,33,27,8,7,9
134,"F",9.9,4,7,49,2,0,0,0,1,33,18,33,27,8,7,9
134,"F",9.9,4,7,50,2,0,1,0,0,33,18,33,27,8,7,9
134,"F",9.9,4,7,51,2,0,1,0,0,33,18,33,27,8,7,9
134,"F",9.9,4,7,53,2,0,1,0,0,33,18,33,27,8,7,9
134,"F",9.9,4,7,55,2,0,1,0,0,33,18,33,27,8,7,9
134,"F",9.9,4,7,56,2,0,1,0,0,33,18,33,27,8,7,9
134,"F",9.9,4,7,57,2,0,1,0,0,33,18,33,27,8,7,9
134,"F",9.9,4,7,58,2,0,1,0,0,33,18,33,27,8,7,9
135,"F",9.9,4,7,1,1,0,NA,NA,NA,34,13,30,30,6,5,16
135,"F",9.9,4,7,4,1,0,NA,NA,NA,34,13,30,30,6,5,16
135,"F",9.9,4,7,7,1,1,NA,NA,NA,34,13,30,30,6,5,16
135,"F",9.9,4,7,8,1,0,NA,NA,NA,34,13,30,30,6,5,16
135,"F",9.9,4,7,10,1,0,NA,NA,NA,34,13,30,30,6,5,16
135,"F",9.9,4,7,13,1,0,NA,NA,NA,34,13,30,30,6,5,16
135,"F",9.9,4,7,16,1,0,NA,NA,NA,34,13,30,30,6,5,16
135,"F",9.9,4,7,17,1,0,NA,NA,NA,34,13,30,30,6,5,16
135,"F",9.9,4,7,18,1,0,NA,NA,NA,34,13,30,30,6,5,16
135,"F",9.9,4,7,20,1,1,NA,NA,NA,34,13,30,30,6,5,16
135,"F",9.9,4,7,22,1,1,NA,NA,NA,34,13,30,30,6,5,16
135,"F",9.9,4,7,25,1,1,NA,NA,NA,34,13,30,30,6,5,16
135,"F",9.9,4,7,26,1,1,NA,NA,NA,34,13,30,30,6,5,16
135,"F",9.9,4,7,29,1,0,NA,NA,NA,34,13,30,30,6,5,16
135,"F",9.9,4,7,32,1,0,NA,NA,NA,34,13,30,30,6,5,16
135,"F",9.9,4,7,33,1,1,NA,NA,NA,34,13,30,30,6,5,16
135,"F",9.9,4,7,34,1,0,NA,NA,NA,34,13,30,30,6,5,16
135,"F",9.9,4,7,37,1,0,NA,NA,NA,34,13,30,30,6,5,16
135,"F",9.9,4,7,41,1,1,NA,NA,NA,34,13,30,30,6,5,16
135,"F",9.9,4,7,42,1,1,NA,NA,NA,34,13,30,30,6,5,16
135,"F",9.9,4,7,43,1,1,NA,NA,NA,34,13,30,30,6,5,16
135,"F",9.9,4,7,45,1,1,NA,NA,NA,34,13,30,30,6,5,16
135,"F",9.9,4,7,46,1,1,NA,NA,NA,34,13,30,30,6,5,16
135,"F",9.9,4,7,48,1,1,NA,NA,NA,34,13,30,30,6,5,16
135,"F",9.9,4,7,53,1,1,NA,NA,NA,34,13,30,30,6,5,16
135,"F",9.9,4,7,54,1,1,NA,NA,NA,34,13,30,30,6,5,16
135,"F",9.9,4,7,55,1,0,NA,NA,NA,34,13,30,30,6,5,16
135,"F",9.9,4,7,57,1,1,NA,NA,NA,34,13,30,30,6,5,16
135,"F",9.9,4,7,58,1,1,NA,NA,NA,34,13,30,30,6,5,16
135,"F",9.9,4,7,60,1,0,NA,NA,NA,34,13,30,30,6,5,16
135,"F",9.9,4,7,2,2,0,0,1,0,34,13,30,30,6,5,16
135,"F",9.9,4,7,3,2,0,1,0,0,34,13,30,30,6,5,16
135,"F",9.9,4,7,5,2,0,0,0,1,34,13,30,30,6,5,16
135,"F",9.9,4,7,6,2,0,1,0,0,34,13,30,30,6,5,16
135,"F",9.9,4,7,9,2,0,1,0,0,34,13,30,30,6,5,16
135,"F",9.9,4,7,11,2,0,1,0,0,34,13,30,30,6,5,16
135,"F",9.9,4,7,12,2,1,0,1,0,34,13,30,30,6,5,16
135,"F",9.9,4,7,14,2,1,0,0,1,34,13,30,30,6,5,16
135,"F",9.9,4,7,15,2,0,1,0,0,34,13,30,30,6,5,16
135,"F",9.9,4,7,19,2,0,1,0,0,34,13,30,30,6,5,16
135,"F",9.9,4,7,21,2,1,0,1,0,34,13,30,30,6,5,16
135,"F",9.9,4,7,23,2,0,1,0,0,34,13,30,30,6,5,16
135,"F",9.9,4,7,24,2,1,0,1,0,34,13,30,30,6,5,16
135,"F",9.9,4,7,27,2,0,0,1,0,34,13,30,30,6,5,16
135,"F",9.9,4,7,28,2,0,1,0,0,34,13,30,30,6,5,16
135,"F",9.9,4,7,30,2,0,1,0,0,34,13,30,30,6,5,16
135,"F",9.9,4,7,31,2,0,0,0,1,34,13,30,30,6,5,16
135,"F",9.9,4,7,35,2,0,1,0,0,34,13,30,30,6,5,16
135,"F",9.9,4,7,36,2,0,1,0,0,34,13,30,30,6,5,16
135,"F",9.9,4,7,38,2,0,1,0,0,34,13,30,30,6,5,16
135,"F",9.9,4,7,39,2,0,1,0,0,34,13,30,30,6,5,16
135,"F",9.9,4,7,40,2,0,0,1,0,34,13,30,30,6,5,16
135,"F",9.9,4,7,44,2,0,0,0,1,34,13,30,30,6,5,16
135,"F",9.9,4,7,47,2,0,1,0,0,34,13,30,30,6,5,16
135,"F",9.9,4,7,49,2,0,1,0,0,34,13,30,30,6,5,16
135,"F",9.9,4,7,50,2,0,1,0,0,34,13,30,30,6,5,16
135,"F",9.9,4,7,51,2,0,0,1,0,34,13,30,30,6,5,16
135,"F",9.9,4,7,52,2,0,1,0,0,34,13,30,30,6,5,16
135,"F",9.9,4,7,56,2,1,0,1,0,34,13,30,30,6,5,16
135,"F",9.9,4,7,59,2,1,0,0,1,34,13,30,30,6,5,16
136,"F",9.6,4,7,1,1,1,NA,NA,NA,26,21,14,29,5,9,21
136,"F",9.6,4,7,2,1,1,NA,NA,NA,26,21,14,29,5,9,21
136,"F",9.6,4,7,6,1,0,NA,NA,NA,26,21,14,29,5,9,21
136,"F",9.6,4,7,7,1,1,NA,NA,NA,26,21,14,29,5,9,21
136,"F",9.6,4,7,8,1,1,NA,NA,NA,26,21,14,29,5,9,21
136,"F",9.6,4,7,9,1,1,NA,NA,NA,26,21,14,29,5,9,21
136,"F",9.6,4,7,10,1,1,NA,NA,NA,26,21,14,29,5,9,21
136,"F",9.6,4,7,13,1,0,NA,NA,NA,26,21,14,29,5,9,21
136,"F",9.6,4,7,14,1,1,NA,NA,NA,26,21,14,29,5,9,21
136,"F",9.6,4,7,15,1,1,NA,NA,NA,26,21,14,29,5,9,21
136,"F",9.6,4,7,19,1,0,NA,NA,NA,26,21,14,29,5,9,21
136,"F",9.6,4,7,20,1,1,NA,NA,NA,26,21,14,29,5,9,21
136,"F",9.6,4,7,21,1,0,NA,NA,NA,26,21,14,29,5,9,21
136,"F",9.6,4,7,22,1,1,NA,NA,NA,26,21,14,29,5,9,21
136,"F",9.6,4,7,23,1,1,NA,NA,NA,26,21,14,29,5,9,21
136,"F",9.6,4,7,24,1,0,NA,NA,NA,26,21,14,29,5,9,21
136,"F",9.6,4,7,26,1,1,NA,NA,NA,26,21,14,29,5,9,21
136,"F",9.6,4,7,27,1,1,NA,NA,NA,26,21,14,29,5,9,21
136,"F",9.6,4,7,29,1,1,NA,NA,NA,26,21,14,29,5,9,21
136,"F",9.6,4,7,34,1,0,NA,NA,NA,26,21,14,29,5,9,21
136,"F",9.6,4,7,35,1,0,NA,NA,NA,26,21,14,29,5,9,21
136,"F",9.6,4,7,38,1,0,NA,NA,NA,26,21,14,29,5,9,21
136,"F",9.6,4,7,39,1,1,NA,NA,NA,26,21,14,29,5,9,21
136,"F",9.6,4,7,42,1,1,NA,NA,NA,26,21,14,29,5,9,21
136,"F",9.6,4,7,45,1,1,NA,NA,NA,26,21,14,29,5,9,21
136,"F",9.6,4,7,48,1,1,NA,NA,NA,26,21,14,29,5,9,21
136,"F",9.6,4,7,53,1,1,NA,NA,NA,26,21,14,29,5,9,21
136,"F",9.6,4,7,58,1,1,NA,NA,NA,26,21,14,29,5,9,21
136,"F",9.6,4,7,59,1,1,NA,NA,NA,26,21,14,29,5,9,21
136,"F",9.6,4,7,60,1,0,NA,NA,NA,26,21,14,29,5,9,21
136,"F",9.6,4,7,3,2,0,0,1,0,26,21,14,29,5,9,21
136,"F",9.6,4,7,4,2,1,0,1,0,26,21,14,29,5,9,21
136,"F",9.6,4,7,5,2,1,0,1,0,26,21,14,29,5,9,21
136,"F",9.6,4,7,11,2,1,0,0,1,26,21,14,29,5,9,21
136,"F",9.6,4,7,12,2,0,0,0,1,26,21,14,29,5,9,21
136,"F",9.6,4,7,16,2,0,0,0,1,26,21,14,29,5,9,21
136,"F",9.6,4,7,17,2,1,0,0,1,26,21,14,29,5,9,21
136,"F",9.6,4,7,18,2,1,0,1,0,26,21,14,29,5,9,21
136,"F",9.6,4,7,25,2,0,0,1,0,26,21,14,29,5,9,21
136,"F",9.6,4,7,28,2,1,0,0,1,26,21,14,29,5,9,21
136,"F",9.6,4,7,30,2,0,0,0,1,26,21,14,29,5,9,21
136,"F",9.6,4,7,31,2,1,0,0,1,26,21,14,29,5,9,21
136,"F",9.6,4,7,32,2,1,0,1,0,26,21,14,29,5,9,21
136,"F",9.6,4,7,33,2,0,0,1,0,26,21,14,29,5,9,21
136,"F",9.6,4,7,36,2,1,0,0,1,26,21,14,29,5,9,21
136,"F",9.6,4,7,37,2,1,0,1,0,26,21,14,29,5,9,21
136,"F",9.6,4,7,40,2,1,0,0,1,26,21,14,29,5,9,21
136,"F",9.6,4,7,41,2,1,0,0,1,26,21,14,29,5,9,21
136,"F",9.6,4,7,43,2,1,0,1,0,26,21,14,29,5,9,21
136,"F",9.6,4,7,44,2,1,0,1,0,26,21,14,29,5,9,21
136,"F",9.6,4,7,46,2,1,0,0,1,26,21,14,29,5,9,21
136,"F",9.6,4,7,47,2,1,0,0,1,26,21,14,29,5,9,21
136,"F",9.6,4,7,49,2,0,0,0,1,26,21,14,29,5,9,21
136,"F",9.6,4,7,50,2,0,0,0,1,26,21,14,29,5,9,21
136,"F",9.6,4,7,51,2,1,0,0,1,26,21,14,29,5,9,21
136,"F",9.6,4,7,52,2,1,0,0,1,26,21,14,29,5,9,21
136,"F",9.6,4,7,54,2,0,0,1,0,26,21,14,29,5,9,21
136,"F",9.6,4,7,55,2,1,0,1,0,26,21,14,29,5,9,21
136,"F",9.6,4,7,56,2,1,0,1,0,26,21,14,29,5,9,21
136,"F",9.6,4,7,57,2,0,0,0,1,26,21,14,29,5,9,21
137,"F",9.8,4,7,2,1,0,NA,NA,NA,13,22,13,26,3,10,10
137,"F",9.8,4,7,3,1,0,NA,NA,NA,13,22,13,26,3,10,10
137,"F",9.8,4,7,8,1,0,NA,NA,NA,13,22,13,26,3,10,10
137,"F",9.8,4,7,9,1,1,NA,NA,NA,13,22,13,26,3,10,10
137,"F",9.8,4,7,10,1,1,NA,NA,NA,13,22,13,26,3,10,10
137,"F",9.8,4,7,11,1,1,NA,NA,NA,13,22,13,26,3,10,10
137,"F",9.8,4,7,15,1,0,NA,NA,NA,13,22,13,26,3,10,10
137,"F",9.8,4,7,16,1,0,NA,NA,NA,13,22,13,26,3,10,10
137,"F",9.8,4,7,17,1,0,NA,NA,NA,13,22,13,26,3,10,10
137,"F",9.8,4,7,19,1,0,NA,NA,NA,13,22,13,26,3,10,10
137,"F",9.8,4,7,20,1,0,NA,NA,NA,13,22,13,26,3,10,10
137,"F",9.8,4,7,21,1,1,NA,NA,NA,13,22,13,26,3,10,10
137,"F",9.8,4,7,22,1,0,NA,NA,NA,13,22,13,26,3,10,10
137,"F",9.8,4,7,23,1,1,NA,NA,NA,13,22,13,26,3,10,10
137,"F",9.8,4,7,24,1,0,NA,NA,NA,13,22,13,26,3,10,10
137,"F",9.8,4,7,25,1,0,NA,NA,NA,13,22,13,26,3,10,10
137,"F",9.8,4,7,26,1,0,NA,NA,NA,13,22,13,26,3,10,10
137,"F",9.8,4,7,29,1,0,NA,NA,NA,13,22,13,26,3,10,10
137,"F",9.8,4,7,34,1,0,NA,NA,NA,13,22,13,26,3,10,10
137,"F",9.8,4,7,36,1,0,NA,NA,NA,13,22,13,26,3,10,10
137,"F",9.8,4,7,38,1,1,NA,NA,NA,13,22,13,26,3,10,10
137,"F",9.8,4,7,40,1,1,NA,NA,NA,13,22,13,26,3,10,10
137,"F",9.8,4,7,43,1,1,NA,NA,NA,13,22,13,26,3,10,10
137,"F",9.8,4,7,47,1,1,NA,NA,NA,13,22,13,26,3,10,10
137,"F",9.8,4,7,48,1,0,NA,NA,NA,13,22,13,26,3,10,10
137,"F",9.8,4,7,49,1,0,NA,NA,NA,13,22,13,26,3,10,10
137,"F",9.8,4,7,54,1,0,NA,NA,NA,13,22,13,26,3,10,10
137,"F",9.8,4,7,57,1,0,NA,NA,NA,13,22,13,26,3,10,10
137,"F",9.8,4,7,58,1,0,NA,NA,NA,13,22,13,26,3,10,10
137,"F",9.8,4,7,59,1,1,NA,NA,NA,13,22,13,26,3,10,10
137,"F",9.8,4,7,1,2,0,0,0,1,13,22,13,26,3,10,10
137,"F",9.8,4,7,4,2,0,0,0,1,13,22,13,26,3,10,10
137,"F",9.8,4,7,5,2,0,0,0,1,13,22,13,26,3,10,10
137,"F",9.8,4,7,6,2,0,0,0,1,13,22,13,26,3,10,10
137,"F",9.8,4,7,7,2,0,0,0,1,13,22,13,26,3,10,10
137,"F",9.8,4,7,12,2,0,0,0,1,13,22,13,26,3,10,10
137,"F",9.8,4,7,13,2,0,0,0,1,13,22,13,26,3,10,10
137,"F",9.8,4,7,14,2,0,0,0,1,13,22,13,26,3,10,10
137,"F",9.8,4,7,18,2,0,0,0,1,13,22,13,26,3,10,10
137,"F",9.8,4,7,27,2,0,0,0,1,13,22,13,26,3,10,10
137,"F",9.8,4,7,28,2,0,0,0,1,13,22,13,26,3,10,10
137,"F",9.8,4,7,30,2,0,0,0,1,13,22,13,26,3,10,10
137,"F",9.8,4,7,31,2,0,0,0,1,13,22,13,26,3,10,10
137,"F",9.8,4,7,32,2,0,0,0,1,13,22,13,26,3,10,10
137,"F",9.8,4,7,33,2,0,0,0,1,13,22,13,26,3,10,10
137,"F",9.8,4,7,35,2,0,0,0,1,13,22,13,26,3,10,10
137,"F",9.8,4,7,37,2,0,0,0,1,13,22,13,26,3,10,10
137,"F",9.8,4,7,39,2,0,0,1,0,13,22,13,26,3,10,10
137,"F",9.8,4,7,41,2,0,0,0,1,13,22,13,26,3,10,10
137,"F",9.8,4,7,42,2,0,0,1,0,13,22,13,26,3,10,10
137,"F",9.8,4,7,44,2,0,0,1,0,13,22,13,26,3,10,10
137,"F",9.8,4,7,45,2,0,0,1,0,13,22,13,26,3,10,10
137,"F",9.8,4,7,46,2,0,0,0,1,13,22,13,26,3,10,10
137,"F",9.8,4,7,50,2,0,0,1,0,13,22,13,26,3,10,10
137,"F",9.8,4,7,51,2,0,0,1,0,13,22,13,26,3,10,10
137,"F",9.8,4,7,52,2,0,0,0,1,13,22,13,26,3,10,10
137,"F",9.8,4,7,53,2,0,0,1,0,13,22,13,26,3,10,10
137,"F",9.8,4,7,55,2,0,0,0,1,13,22,13,26,3,10,10
137,"F",9.8,4,7,56,2,0,0,0,1,13,22,13,26,3,10,10
137,"F",9.8,4,7,60,2,0,0,0,1,13,22,13,26,3,10,10
138,"F",9.1,4,7,1,1,0,NA,NA,NA,25,21,16,36,4,7,9
138,"F",9.1,4,7,3,1,0,NA,NA,NA,25,21,16,36,4,7,9
138,"F",9.1,4,7,5,1,0,NA,NA,NA,25,21,16,36,4,7,9
138,"F",9.1,4,7,7,1,1,NA,NA,NA,25,21,16,36,4,7,9
138,"F",9.1,4,7,8,1,0,NA,NA,NA,25,21,16,36,4,7,9
138,"F",9.1,4,7,10,1,1,NA,NA,NA,25,21,16,36,4,7,9
138,"F",9.1,4,7,11,1,1,NA,NA,NA,25,21,16,36,4,7,9
138,"F",9.1,4,7,12,1,0,NA,NA,NA,25,21,16,36,4,7,9
138,"F",9.1,4,7,16,1,0,NA,NA,NA,25,21,16,36,4,7,9
138,"F",9.1,4,7,19,1,0,NA,NA,NA,25,21,16,36,4,7,9
138,"F",9.1,4,7,20,1,0,NA,NA,NA,25,21,16,36,4,7,9
138,"F",9.1,4,7,21,1,0,NA,NA,NA,25,21,16,36,4,7,9
138,"F",9.1,4,7,22,1,0,NA,NA,NA,25,21,16,36,4,7,9
138,"F",9.1,4,7,24,1,1,NA,NA,NA,25,21,16,36,4,7,9
138,"F",9.1,4,7,26,1,0,NA,NA,NA,25,21,16,36,4,7,9
138,"F",9.1,4,7,28,1,0,NA,NA,NA,25,21,16,36,4,7,9
138,"F",9.1,4,7,32,1,0,NA,NA,NA,25,21,16,36,4,7,9
138,"F",9.1,4,7,35,1,0,NA,NA,NA,25,21,16,36,4,7,9
138,"F",9.1,4,7,37,1,1,NA,NA,NA,25,21,16,36,4,7,9
138,"F",9.1,4,7,38,1,0,NA,NA,NA,25,21,16,36,4,7,9
138,"F",9.1,4,7,41,1,0,NA,NA,NA,25,21,16,36,4,7,9
138,"F",9.1,4,7,44,1,0,NA,NA,NA,25,21,16,36,4,7,9
138,"F",9.1,4,7,45,1,1,NA,NA,NA,25,21,16,36,4,7,9
138,"F",9.1,4,7,46,1,1,NA,NA,NA,25,21,16,36,4,7,9
138,"F",9.1,4,7,48,1,0,NA,NA,NA,25,21,16,36,4,7,9
138,"F",9.1,4,7,50,1,1,NA,NA,NA,25,21,16,36,4,7,9
138,"F",9.1,4,7,51,1,0,NA,NA,NA,25,21,16,36,4,7,9
138,"F",9.1,4,7,53,1,0,NA,NA,NA,25,21,16,36,4,7,9
138,"F",9.1,4,7,57,1,0,NA,NA,NA,25,21,16,36,4,7,9
138,"F",9.1,4,7,59,1,1,NA,NA,NA,25,21,16,36,4,7,9
138,"F",9.1,4,7,2,2,0,0,1,0,25,21,16,36,4,7,9
138,"F",9.1,4,7,4,2,0,0,1,0,25,21,16,36,4,7,9
138,"F",9.1,4,7,6,2,0,1,0,0,25,21,16,36,4,7,9
138,"F",9.1,4,7,9,2,0,0,1,0,25,21,16,36,4,7,9
138,"F",9.1,4,7,13,2,0,0,0,1,25,21,16,36,4,7,9
138,"F",9.1,4,7,14,2,0,0,0,1,25,21,16,36,4,7,9
138,"F",9.1,4,7,15,2,0,0,1,0,25,21,16,36,4,7,9
138,"F",9.1,4,7,17,2,1,0,1,0,25,21,16,36,4,7,9
138,"F",9.1,4,7,18,2,0,0,0,1,25,21,16,36,4,7,9
138,"F",9.1,4,7,23,2,0,0,1,0,25,21,16,36,4,7,9
138,"F",9.1,4,7,25,2,1,0,1,0,25,21,16,36,4,7,9
138,"F",9.1,4,7,27,2,1,0,1,0,25,21,16,36,4,7,9
138,"F",9.1,4,7,29,2,1,0,1,0,25,21,16,36,4,7,9
138,"F",9.1,4,7,30,2,0,0,1,0,25,21,16,36,4,7,9
138,"F",9.1,4,7,31,2,0,0,0,1,25,21,16,36,4,7,9
138,"F",9.1,4,7,33,2,0,0,1,0,25,21,16,36,4,7,9
138,"F",9.1,4,7,34,2,0,0,1,0,25,21,16,36,4,7,9
138,"F",9.1,4,7,36,2,0,0,0,1,25,21,16,36,4,7,9
138,"F",9.1,4,7,39,2,0,0,0,1,25,21,16,36,4,7,9
138,"F",9.1,4,7,40,2,0,0,0,1,25,21,16,36,4,7,9
138,"F",9.1,4,7,42,2,0,0,0,1,25,21,16,36,4,7,9
138,"F",9.1,4,7,43,2,0,0,0,1,25,21,16,36,4,7,9
138,"F",9.1,4,7,47,2,1,0,0,1,25,21,16,36,4,7,9
138,"F",9.1,4,7,49,2,0,0,1,0,25,21,16,36,4,7,9
138,"F",9.1,4,7,52,2,1,0,0,1,25,21,16,36,4,7,9
138,"F",9.1,4,7,54,2,0,1,0,0,25,21,16,36,4,7,9
138,"F",9.1,4,7,55,2,0,0,0,1,25,21,16,36,4,7,9
138,"F",9.1,4,7,56,2,0,0,1,0,25,21,16,36,4,7,9
138,"F",9.1,4,7,58,2,0,0,0,1,25,21,16,36,4,7,9
138,"F",9.1,4,7,60,2,0,0,0,1,25,21,16,36,4,7,9
139,"M",9.8,4,7,1,1,0,NA,NA,NA,34,15,28,21,7,9,7
139,"M",9.8,4,7,3,1,0,NA,NA,NA,34,15,28,21,7,9,7
139,"M",9.8,4,7,4,1,0,NA,NA,NA,34,15,28,21,7,9,7
139,"M",9.8,4,7,5,1,0,NA,NA,NA,34,15,28,21,7,9,7
139,"M",9.8,4,7,6,1,0,NA,NA,NA,34,15,28,21,7,9,7
139,"M",9.8,4,7,7,1,1,NA,NA,NA,34,15,28,21,7,9,7
139,"M",9.8,4,7,8,1,0,NA,NA,NA,34,15,28,21,7,9,7
139,"M",9.8,4,7,9,1,0,NA,NA,NA,34,15,28,21,7,9,7
139,"M",9.8,4,7,11,1,1,NA,NA,NA,34,15,28,21,7,9,7
139,"M",9.8,4,7,14,1,0,NA,NA,NA,34,15,28,21,7,9,7
139,"M",9.8,4,7,15,1,0,NA,NA,NA,34,15,28,21,7,9,7
139,"M",9.8,4,7,29,1,1,NA,NA,NA,34,15,28,21,7,9,7
139,"M",9.8,4,7,30,1,1,NA,NA,NA,34,15,28,21,7,9,7
139,"M",9.8,4,7,31,1,0,NA,NA,NA,34,15,28,21,7,9,7
139,"M",9.8,4,7,35,1,0,NA,NA,NA,34,15,28,21,7,9,7
139,"M",9.8,4,7,36,1,0,NA,NA,NA,34,15,28,21,7,9,7
139,"M",9.8,4,7,37,1,0,NA,NA,NA,34,15,28,21,7,9,7
139,"M",9.8,4,7,39,1,1,NA,NA,NA,34,15,28,21,7,9,7
139,"M",9.8,4,7,41,1,0,NA,NA,NA,34,15,28,21,7,9,7
139,"M",9.8,4,7,44,1,0,NA,NA,NA,34,15,28,21,7,9,7
139,"M",9.8,4,7,45,1,0,NA,NA,NA,34,15,28,21,7,9,7
139,"M",9.8,4,7,46,1,0,NA,NA,NA,34,15,28,21,7,9,7
139,"M",9.8,4,7,47,1,1,NA,NA,NA,34,15,28,21,7,9,7
139,"M",9.8,4,7,49,1,0,NA,NA,NA,34,15,28,21,7,9,7
139,"M",9.8,4,7,50,1,0,NA,NA,NA,34,15,28,21,7,9,7
139,"M",9.8,4,7,52,1,0,NA,NA,NA,34,15,28,21,7,9,7
139,"M",9.8,4,7,53,1,0,NA,NA,NA,34,15,28,21,7,9,7
139,"M",9.8,4,7,57,1,0,NA,NA,NA,34,15,28,21,7,9,7
139,"M",9.8,4,7,58,1,1,NA,NA,NA,34,15,28,21,7,9,7
139,"M",9.8,4,7,59,1,0,NA,NA,NA,34,15,28,21,7,9,7
139,"M",9.8,4,7,2,2,1,0,1,0,34,15,28,21,7,9,7
139,"M",9.8,4,7,10,2,0,1,0,0,34,15,28,21,7,9,7
139,"M",9.8,4,7,12,2,0,0,1,0,34,15,28,21,7,9,7
139,"M",9.8,4,7,13,2,0,0,1,0,34,15,28,21,7,9,7
139,"M",9.8,4,7,16,2,0,1,0,0,34,15,28,21,7,9,7
139,"M",9.8,4,7,17,2,1,0,0,1,34,15,28,21,7,9,7
139,"M",9.8,4,7,18,2,0,1,0,0,34,15,28,21,7,9,7
139,"M",9.8,4,7,19,2,0,1,0,0,34,15,28,21,7,9,7
139,"M",9.8,4,7,20,2,0,1,0,0,34,15,28,21,7,9,7
139,"M",9.8,4,7,21,2,0,1,0,0,34,15,28,21,7,9,7
139,"M",9.8,4,7,22,2,0,1,0,0,34,15,28,21,7,9,7
139,"M",9.8,4,7,23,2,0,1,0,0,34,15,28,21,7,9,7
139,"M",9.8,4,7,24,2,0,0,1,0,34,15,28,21,7,9,7
139,"M",9.8,4,7,25,2,1,0,0,1,34,15,28,21,7,9,7
139,"M",9.8,4,7,26,2,0,1,0,0,34,15,28,21,7,9,7
139,"M",9.8,4,7,27,2,0,0,1,0,34,15,28,21,7,9,7
139,"M",9.8,4,7,28,2,0,1,0,0,34,15,28,21,7,9,7
139,"M",9.8,4,7,32,2,0,0,1,0,34,15,28,21,7,9,7
139,"M",9.8,4,7,33,2,0,0,1,0,34,15,28,21,7,9,7
139,"M",9.8,4,7,34,2,0,0,0,1,34,15,28,21,7,9,7
139,"M",9.8,4,7,38,2,0,1,0,0,34,15,28,21,7,9,7
139,"M",9.8,4,7,40,2,0,1,0,0,34,15,28,21,7,9,7
139,"M",9.8,4,7,42,2,0,0,1,0,34,15,28,21,7,9,7
139,"M",9.8,4,7,43,2,0,1,0,0,34,15,28,21,7,9,7
139,"M",9.8,4,7,48,2,0,0,0,1,34,15,28,21,7,9,7
139,"M",9.8,4,7,51,2,0,1,0,0,34,15,28,21,7,9,7
139,"M",9.8,4,7,54,2,0,1,0,0,34,15,28,21,7,9,7
139,"M",9.8,4,7,55,2,0,1,0,0,34,15,28,21,7,9,7
139,"M",9.8,4,7,56,2,0,1,0,0,34,15,28,21,7,9,7
139,"M",9.8,4,7,60,2,0,1,0,0,34,15,28,21,7,9,7
140,"M",9.6,4,7,4,1,0,NA,NA,NA,13,19,14,15,5,7,22
140,"M",9.6,4,7,5,1,1,NA,NA,NA,13,19,14,15,5,7,22
140,"M",9.6,4,7,6,1,1,NA,NA,NA,13,19,14,15,5,7,22
140,"M",9.6,4,7,12,1,1,NA,NA,NA,13,19,14,15,5,7,22
140,"M",9.6,4,7,13,1,0,NA,NA,NA,13,19,14,15,5,7,22
140,"M",9.6,4,7,15,1,0,NA,NA,NA,13,19,14,15,5,7,22
140,"M",9.6,4,7,16,1,0,NA,NA,NA,13,19,14,15,5,7,22
140,"M",9.6,4,7,18,1,0,NA,NA,NA,13,19,14,15,5,7,22
140,"M",9.6,4,7,19,1,0,NA,NA,NA,13,19,14,15,5,7,22
140,"M",9.6,4,7,22,1,1,NA,NA,NA,13,19,14,15,5,7,22
140,"M",9.6,4,7,23,1,1,NA,NA,NA,13,19,14,15,5,7,22
140,"M",9.6,4,7,25,1,0,NA,NA,NA,13,19,14,15,5,7,22
140,"M",9.6,4,7,31,1,1,NA,NA,NA,13,19,14,15,5,7,22
140,"M",9.6,4,7,32,1,1,NA,NA,NA,13,19,14,15,5,7,22
140,"M",9.6,4,7,33,1,1,NA,NA,NA,13,19,14,15,5,7,22
140,"M",9.6,4,7,34,1,1,NA,NA,NA,13,19,14,15,5,7,22
140,"M",9.6,4,7,35,1,1,NA,NA,NA,13,19,14,15,5,7,22
140,"M",9.6,4,7,36,1,1,NA,NA,NA,13,19,14,15,5,7,22
140,"M",9.6,4,7,37,1,1,NA,NA,NA,13,19,14,15,5,7,22
140,"M",9.6,4,7,45,1,1,NA,NA,NA,13,19,14,15,5,7,22
140,"M",9.6,4,7,46,1,0,NA,NA,NA,13,19,14,15,5,7,22
140,"M",9.6,4,7,47,1,1,NA,NA,NA,13,19,14,15,5,7,22
140,"M",9.6,4,7,49,1,1,NA,NA,NA,13,19,14,15,5,7,22
140,"M",9.6,4,7,52,1,1,NA,NA,NA,13,19,14,15,5,7,22
140,"M",9.6,4,7,54,1,1,NA,NA,NA,13,19,14,15,5,7,22
140,"M",9.6,4,7,55,1,1,NA,NA,NA,13,19,14,15,5,7,22
140,"M",9.6,4,7,56,1,1,NA,NA,NA,13,19,14,15,5,7,22
140,"M",9.6,4,7,57,1,1,NA,NA,NA,13,19,14,15,5,7,22
140,"M",9.6,4,7,59,1,1,NA,NA,NA,13,19,14,15,5,7,22
140,"M",9.6,4,7,60,1,1,NA,NA,NA,13,19,14,15,5,7,22
140,"M",9.6,4,7,1,2,1,0,0,1,13,19,14,15,5,7,22
140,"M",9.6,4,7,2,2,1,0,0,1,13,19,14,15,5,7,22
140,"M",9.6,4,7,3,2,1,0,0,1,13,19,14,15,5,7,22
140,"M",9.6,4,7,7,2,1,0,0,1,13,19,14,15,5,7,22
140,"M",9.6,4,7,8,2,1,0,0,1,13,19,14,15,5,7,22
140,"M",9.6,4,7,9,2,1,0,0,1,13,19,14,15,5,7,22
140,"M",9.6,4,7,10,2,1,0,0,1,13,19,14,15,5,7,22
140,"M",9.6,4,7,11,2,1,0,0,1,13,19,14,15,5,7,22
140,"M",9.6,4,7,14,2,1,0,0,1,13,19,14,15,5,7,22
140,"M",9.6,4,7,17,2,1,0,0,1,13,19,14,15,5,7,22
140,"M",9.6,4,7,20,2,1,0,0,1,13,19,14,15,5,7,22
140,"M",9.6,4,7,21,2,1,0,0,1,13,19,14,15,5,7,22
140,"M",9.6,4,7,24,2,1,0,0,1,13,19,14,15,5,7,22
140,"M",9.6,4,7,26,2,1,0,1,0,13,19,14,15,5,7,22
140,"M",9.6,4,7,27,2,1,0,0,1,13,19,14,15,5,7,22
140,"M",9.6,4,7,28,2,1,0,0,1,13,19,14,15,5,7,22
140,"M",9.6,4,7,29,2,1,0,0,1,13,19,14,15,5,7,22
140,"M",9.6,4,7,30,2,1,0,0,1,13,19,14,15,5,7,22
140,"M",9.6,4,7,38,2,0,0,0,1,13,19,14,15,5,7,22
140,"M",9.6,4,7,39,2,1,0,1,0,13,19,14,15,5,7,22
140,"M",9.6,4,7,40,2,1,0,0,1,13,19,14,15,5,7,22
140,"M",9.6,4,7,41,2,1,0,1,0,13,19,14,15,5,7,22
140,"M",9.6,4,7,42,2,1,0,0,1,13,19,14,15,5,7,22
140,"M",9.6,4,7,43,2,1,0,1,0,13,19,14,15,5,7,22
140,"M",9.6,4,7,44,2,1,0,1,0,13,19,14,15,5,7,22
140,"M",9.6,4,7,48,2,1,0,0,1,13,19,14,15,5,7,22
140,"M",9.6,4,7,50,2,1,0,0,1,13,19,14,15,5,7,22
140,"M",9.6,4,7,51,2,1,0,0,1,13,19,14,15,5,7,22
140,"M",9.6,4,7,53,2,1,0,0,1,13,19,14,15,5,7,22
140,"M",9.6,4,7,58,2,1,0,1,0,13,19,14,15,5,7,22
141,"M",10.1,5,8,2,1,1,NA,NA,NA,39,15,22,25,8,5,21
141,"M",10.1,5,8,3,1,0,NA,NA,NA,39,15,22,25,8,5,21
141,"M",10.1,5,8,6,1,0,NA,NA,NA,39,15,22,25,8,5,21
141,"M",10.1,5,8,7,1,1,NA,NA,NA,39,15,22,25,8,5,21
141,"M",10.1,5,8,9,1,1,NA,NA,NA,39,15,22,25,8,5,21
141,"M",10.1,5,8,14,1,1,NA,NA,NA,39,15,22,25,8,5,21
141,"M",10.1,5,8,17,1,1,NA,NA,NA,39,15,22,25,8,5,21
141,"M",10.1,5,8,18,1,1,NA,NA,NA,39,15,22,25,8,5,21
141,"M",10.1,5,8,19,1,0,NA,NA,NA,39,15,22,25,8,5,21
141,"M",10.1,5,8,21,1,0,NA,NA,NA,39,15,22,25,8,5,21
141,"M",10.1,5,8,22,1,0,NA,NA,NA,39,15,22,25,8,5,21
141,"M",10.1,5,8,26,1,0,NA,NA,NA,39,15,22,25,8,5,21
141,"M",10.1,5,8,28,1,1,NA,NA,NA,39,15,22,25,8,5,21
141,"M",10.1,5,8,30,1,0,NA,NA,NA,39,15,22,25,8,5,21
141,"M",10.1,5,8,33,1,1,NA,NA,NA,39,15,22,25,8,5,21
141,"M",10.1,5,8,35,1,1,NA,NA,NA,39,15,22,25,8,5,21
141,"M",10.1,5,8,39,1,1,NA,NA,NA,39,15,22,25,8,5,21
141,"M",10.1,5,8,43,1,1,NA,NA,NA,39,15,22,25,8,5,21
141,"M",10.1,5,8,44,1,1,NA,NA,NA,39,15,22,25,8,5,21
141,"M",10.1,5,8,47,1,1,NA,NA,NA,39,15,22,25,8,5,21
141,"M",10.1,5,8,48,1,0,NA,NA,NA,39,15,22,25,8,5,21
141,"M",10.1,5,8,49,1,0,NA,NA,NA,39,15,22,25,8,5,21
141,"M",10.1,5,8,50,1,1,NA,NA,NA,39,15,22,25,8,5,21
141,"M",10.1,5,8,51,1,1,NA,NA,NA,39,15,22,25,8,5,21
141,"M",10.1,5,8,52,1,1,NA,NA,NA,39,15,22,25,8,5,21
141,"M",10.1,5,8,54,1,1,NA,NA,NA,39,15,22,25,8,5,21
141,"M",10.1,5,8,55,1,1,NA,NA,NA,39,15,22,25,8,5,21
141,"M",10.1,5,8,57,1,1,NA,NA,NA,39,15,22,25,8,5,21
141,"M",10.1,5,8,59,1,1,NA,NA,NA,39,15,22,25,8,5,21
141,"M",10.1,5,8,60,1,1,NA,NA,NA,39,15,22,25,8,5,21
141,"M",10.1,5,8,1,2,1,0,1,0,39,15,22,25,8,5,21
141,"M",10.1,5,8,4,2,0,1,0,0,39,15,22,25,8,5,21
141,"M",10.1,5,8,5,2,1,0,1,0,39,15,22,25,8,5,21
141,"M",10.1,5,8,8,2,0,0,0,1,39,15,22,25,8,5,21
141,"M",10.1,5,8,10,2,1,0,0,1,39,15,22,25,8,5,21
141,"M",10.1,5,8,11,2,1,0,1,0,39,15,22,25,8,5,21
141,"M",10.1,5,8,12,2,0,0,1,0,39,15,22,25,8,5,21
141,"M",10.1,5,8,13,2,0,1,0,0,39,15,22,25,8,5,21
141,"M",10.1,5,8,15,2,1,0,1,0,39,15,22,25,8,5,21
141,"M",10.1,5,8,16,2,0,0,1,0,39,15,22,25,8,5,21
141,"M",10.1,5,8,20,2,0,0,0,1,39,15,22,25,8,5,21
141,"M",10.1,5,8,23,2,0,1,0,0,39,15,22,25,8,5,21
141,"M",10.1,5,8,24,2,1,0,1,0,39,15,22,25,8,5,21
141,"M",10.1,5,8,25,2,1,0,1,0,39,15,22,25,8,5,21
141,"M",10.1,5,8,27,2,1,0,0,1,39,15,22,25,8,5,21
141,"M",10.1,5,8,29,2,1,0,1,0,39,15,22,25,8,5,21
141,"M",10.1,5,8,31,2,0,1,0,0,39,15,22,25,8,5,21
141,"M",10.1,5,8,32,2,0,1,0,0,39,15,22,25,8,5,21
141,"M",10.1,5,8,34,2,0,0,0,1,39,15,22,25,8,5,21
141,"M",10.1,5,8,36,2,1,0,1,0,39,15,22,25,8,5,21
141,"M",10.1,5,8,37,2,0,1,0,0,39,15,22,25,8,5,21
141,"M",10.1,5,8,38,2,0,0,1,0,39,15,22,25,8,5,21
141,"M",10.1,5,8,40,2,1,0,1,0,39,15,22,25,8,5,21
141,"M",10.1,5,8,41,2,0,1,0,0,39,15,22,25,8,5,21
141,"M",10.1,5,8,42,2,0,1,0,0,39,15,22,25,8,5,21
141,"M",10.1,5,8,45,2,1,0,1,0,39,15,22,25,8,5,21
141,"M",10.1,5,8,46,2,1,0,0,1,39,15,22,25,8,5,21
141,"M",10.1,5,8,53,2,0,1,0,0,39,15,22,25,8,5,21
141,"M",10.1,5,8,56,2,1,0,1,0,39,15,22,25,8,5,21
141,"M",10.1,5,8,58,2,1,0,1,0,39,15,22,25,8,5,21
142,"M",10.1,5,8,3,1,0,NA,NA,NA,38,14,22,15,10,7,17
142,"M",10.1,5,8,4,1,1,NA,NA,NA,38,14,22,15,10,7,17
142,"M",10.1,5,8,5,1,0,NA,NA,NA,38,14,22,15,10,7,17
142,"M",10.1,5,8,8,1,1,NA,NA,NA,38,14,22,15,10,7,17
142,"M",10.1,5,8,9,1,1,NA,NA,NA,38,14,22,15,10,7,17
142,"M",10.1,5,8,10,1,1,NA,NA,NA,38,14,22,15,10,7,17
142,"M",10.1,5,8,12,1,1,NA,NA,NA,38,14,22,15,10,7,17
142,"M",10.1,5,8,13,1,0,NA,NA,NA,38,14,22,15,10,7,17
142,"M",10.1,5,8,14,1,1,NA,NA,NA,38,14,22,15,10,7,17
142,"M",10.1,5,8,15,1,0,NA,NA,NA,38,14,22,15,10,7,17
142,"M",10.1,5,8,16,1,1,NA,NA,NA,38,14,22,15,10,7,17
142,"M",10.1,5,8,17,1,1,NA,NA,NA,38,14,22,15,10,7,17
142,"M",10.1,5,8,18,1,0,NA,NA,NA,38,14,22,15,10,7,17
142,"M",10.1,5,8,19,1,0,NA,NA,NA,38,14,22,15,10,7,17
142,"M",10.1,5,8,24,1,1,NA,NA,NA,38,14,22,15,10,7,17
142,"M",10.1,5,8,29,1,0,NA,NA,NA,38,14,22,15,10,7,17
142,"M",10.1,5,8,30,1,0,NA,NA,NA,38,14,22,15,10,7,17
142,"M",10.1,5,8,33,1,0,NA,NA,NA,38,14,22,15,10,7,17
142,"M",10.1,5,8,36,1,1,NA,NA,NA,38,14,22,15,10,7,17
142,"M",10.1,5,8,37,1,1,NA,NA,NA,38,14,22,15,10,7,17
142,"M",10.1,5,8,38,1,0,NA,NA,NA,38,14,22,15,10,7,17
142,"M",10.1,5,8,40,1,1,NA,NA,NA,38,14,22,15,10,7,17
142,"M",10.1,5,8,41,1,0,NA,NA,NA,38,14,22,15,10,7,17
142,"M",10.1,5,8,44,1,0,NA,NA,NA,38,14,22,15,10,7,17
142,"M",10.1,5,8,45,1,1,NA,NA,NA,38,14,22,15,10,7,17
142,"M",10.1,5,8,47,1,1,NA,NA,NA,38,14,22,15,10,7,17
142,"M",10.1,5,8,53,1,1,NA,NA,NA,38,14,22,15,10,7,17
142,"M",10.1,5,8,54,1,1,NA,NA,NA,38,14,22,15,10,7,17
142,"M",10.1,5,8,56,1,1,NA,NA,NA,38,14,22,15,10,7,17
142,"M",10.1,5,8,57,1,0,NA,NA,NA,38,14,22,15,10,7,17
142,"M",10.1,5,8,1,2,0,1,0,0,38,14,22,15,10,7,17
142,"M",10.1,5,8,2,2,1,0,1,0,38,14,22,15,10,7,17
142,"M",10.1,5,8,6,2,0,0,1,0,38,14,22,15,10,7,17
142,"M",10.1,5,8,7,2,0,1,0,0,38,14,22,15,10,7,17
142,"M",10.1,5,8,11,2,0,1,0,0,38,14,22,15,10,7,17
142,"M",10.1,5,8,20,2,1,0,0,1,38,14,22,15,10,7,17
142,"M",10.1,5,8,21,2,0,0,1,0,38,14,22,15,10,7,17
142,"M",10.1,5,8,22,2,0,0,1,0,38,14,22,15,10,7,17
142,"M",10.1,5,8,23,2,0,1,0,0,38,14,22,15,10,7,17
142,"M",10.1,5,8,25,2,1,0,1,0,38,14,22,15,10,7,17
142,"M",10.1,5,8,26,2,0,0,1,0,38,14,22,15,10,7,17
142,"M",10.1,5,8,27,2,1,0,1,0,38,14,22,15,10,7,17
142,"M",10.1,5,8,28,2,0,1,0,0,38,14,22,15,10,7,17
142,"M",10.1,5,8,31,2,0,0,1,0,38,14,22,15,10,7,17
142,"M",10.1,5,8,32,2,0,0,1,0,38,14,22,15,10,7,17
142,"M",10.1,5,8,34,2,0,1,0,0,38,14,22,15,10,7,17
142,"M",10.1,5,8,35,2,1,0,0,1,38,14,22,15,10,7,17
142,"M",10.1,5,8,39,2,0,0,1,0,38,14,22,15,10,7,17
142,"M",10.1,5,8,42,2,1,0,1,0,38,14,22,15,10,7,17
142,"M",10.1,5,8,43,2,1,0,1,0,38,14,22,15,10,7,17
142,"M",10.1,5,8,46,2,0,0,0,1,38,14,22,15,10,7,17
142,"M",10.1,5,8,48,2,0,0,0,1,38,14,22,15,10,7,17
142,"M",10.1,5,8,49,2,1,0,1,0,38,14,22,15,10,7,17
142,"M",10.1,5,8,50,2,0,0,1,0,38,14,22,15,10,7,17
142,"M",10.1,5,8,51,2,0,0,1,0,38,14,22,15,10,7,17
142,"M",10.1,5,8,52,2,1,0,1,0,38,14,22,15,10,7,17
142,"M",10.1,5,8,55,2,1,0,1,0,38,14,22,15,10,7,17
142,"M",10.1,5,8,58,2,0,1,0,0,38,14,22,15,10,7,17
142,"M",10.1,5,8,59,2,0,1,0,0,38,14,22,15,10,7,17
142,"M",10.1,5,8,60,2,0,0,1,0,38,14,22,15,10,7,17
143,"F",10.5,5,8,1,1,1,NA,NA,NA,25,11,27,31,9,7,26
143,"F",10.5,5,8,2,1,1,NA,NA,NA,25,11,27,31,9,7,26
143,"F",10.5,5,8,5,1,1,NA,NA,NA,25,11,27,31,9,7,26
143,"F",10.5,5,8,6,1,0,NA,NA,NA,25,11,27,31,9,7,26
143,"F",10.5,5,8,8,1,1,NA,NA,NA,25,11,27,31,9,7,26
143,"F",10.5,5,8,11,1,1,NA,NA,NA,25,11,27,31,9,7,26
143,"F",10.5,5,8,12,1,1,NA,NA,NA,25,11,27,31,9,7,26
143,"F",10.5,5,8,15,1,1,NA,NA,NA,25,11,27,31,9,7,26
143,"F",10.5,5,8,16,1,1,NA,NA,NA,25,11,27,31,9,7,26
143,"F",10.5,5,8,17,1,1,NA,NA,NA,25,11,27,31,9,7,26
143,"F",10.5,5,8,21,1,1,NA,NA,NA,25,11,27,31,9,7,26
143,"F",10.5,5,8,25,1,1,NA,NA,NA,25,11,27,31,9,7,26
143,"F",10.5,5,8,27,1,1,NA,NA,NA,25,11,27,31,9,7,26
143,"F",10.5,5,8,29,1,1,NA,NA,NA,25,11,27,31,9,7,26
143,"F",10.5,5,8,30,1,1,NA,NA,NA,25,11,27,31,9,7,26
143,"F",10.5,5,8,31,1,1,NA,NA,NA,25,11,27,31,9,7,26
143,"F",10.5,5,8,32,1,1,NA,NA,NA,25,11,27,31,9,7,26
143,"F",10.5,5,8,36,1,1,NA,NA,NA,25,11,27,31,9,7,26
143,"F",10.5,5,8,37,1,1,NA,NA,NA,25,11,27,31,9,7,26
143,"F",10.5,5,8,43,1,1,NA,NA,NA,25,11,27,31,9,7,26
143,"F",10.5,5,8,44,1,0,NA,NA,NA,25,11,27,31,9,7,26
143,"F",10.5,5,8,45,1,0,NA,NA,NA,25,11,27,31,9,7,26
143,"F",10.5,5,8,46,1,1,NA,NA,NA,25,11,27,31,9,7,26
143,"F",10.5,5,8,47,1,1,NA,NA,NA,25,11,27,31,9,7,26
143,"F",10.5,5,8,51,1,1,NA,NA,NA,25,11,27,31,9,7,26
143,"F",10.5,5,8,55,1,0,NA,NA,NA,25,11,27,31,9,7,26
143,"F",10.5,5,8,57,1,1,NA,NA,NA,25,11,27,31,9,7,26
143,"F",10.5,5,8,58,1,1,NA,NA,NA,25,11,27,31,9,7,26
143,"F",10.5,5,8,59,1,1,NA,NA,NA,25,11,27,31,9,7,26
143,"F",10.5,5,8,60,1,1,NA,NA,NA,25,11,27,31,9,7,26
143,"F",10.5,5,8,3,2,0,0,1,0,25,11,27,31,9,7,26
143,"F",10.5,5,8,4,2,1,0,0,1,25,11,27,31,9,7,26
143,"F",10.5,5,8,7,2,1,0,1,0,25,11,27,31,9,7,26
143,"F",10.5,5,8,9,2,0,0,0,1,25,11,27,31,9,7,26
143,"F",10.5,5,8,10,2,1,0,1,0,25,11,27,31,9,7,26
143,"F",10.5,5,8,13,2,0,1,0,0,25,11,27,31,9,7,26
143,"F",10.5,5,8,14,2,0,1,0,0,25,11,27,31,9,7,26
143,"F",10.5,5,8,18,2,0,1,0,0,25,11,27,31,9,7,26
143,"F",10.5,5,8,19,2,1,0,0,1,25,11,27,31,9,7,26
143,"F",10.5,5,8,20,2,0,1,0,0,25,11,27,31,9,7,26
143,"F",10.5,5,8,22,2,0,1,0,0,25,11,27,31,9,7,26
143,"F",10.5,5,8,23,2,1,0,1,0,25,11,27,31,9,7,26
143,"F",10.5,5,8,24,2,1,0,1,0,25,11,27,31,9,7,26
143,"F",10.5,5,8,26,2,0,0,0,1,25,11,27,31,9,7,26
143,"F",10.5,5,8,28,2,0,1,0,0,25,11,27,31,9,7,26
143,"F",10.5,5,8,33,2,1,0,0,1,25,11,27,31,9,7,26
143,"F",10.5,5,8,34,2,1,0,1,0,25,11,27,31,9,7,26
143,"F",10.5,5,8,35,2,0,1,0,0,25,11,27,31,9,7,26
143,"F",10.5,5,8,38,2,1,0,1,0,25,11,27,31,9,7,26
143,"F",10.5,5,8,39,2,0,1,0,0,25,11,27,31,9,7,26
143,"F",10.5,5,8,40,2,1,0,0,1,25,11,27,31,9,7,26
143,"F",10.5,5,8,41,2,0,1,0,0,25,11,27,31,9,7,26
143,"F",10.5,5,8,42,2,0,1,0,0,25,11,27,31,9,7,26
143,"F",10.5,5,8,48,2,0,1,0,0,25,11,27,31,9,7,26
143,"F",10.5,5,8,49,2,0,0,0,1,25,11,27,31,9,7,26
143,"F",10.5,5,8,50,2,1,0,1,0,25,11,27,31,9,7,26
143,"F",10.5,5,8,52,2,1,0,0,1,25,11,27,31,9,7,26
143,"F",10.5,5,8,53,2,1,0,0,1,25,11,27,31,9,7,26
143,"F",10.5,5,8,54,2,0,1,0,0,25,11,27,31,9,7,26
143,"F",10.5,5,8,56,2,0,1,0,0,25,11,27,31,9,7,26
144,"M",10.8,5,8,1,1,0,NA,NA,NA,33,10,18,30,5,7,10
144,"M",10.8,5,8,3,1,0,NA,NA,NA,33,10,18,30,5,7,10
144,"M",10.8,5,8,4,1,0,NA,NA,NA,33,10,18,30,5,7,10
144,"M",10.8,5,8,8,1,0,NA,NA,NA,33,10,18,30,5,7,10
144,"M",10.8,5,8,9,1,1,NA,NA,NA,33,10,18,30,5,7,10
144,"M",10.8,5,8,10,1,1,NA,NA,NA,33,10,18,30,5,7,10
144,"M",10.8,5,8,11,1,1,NA,NA,NA,33,10,18,30,5,7,10
144,"M",10.8,5,8,12,1,0,NA,NA,NA,33,10,18,30,5,7,10
144,"M",10.8,5,8,14,1,0,NA,NA,NA,33,10,18,30,5,7,10
144,"M",10.8,5,8,18,1,1,NA,NA,NA,33,10,18,30,5,7,10
144,"M",10.8,5,8,19,1,0,NA,NA,NA,33,10,18,30,5,7,10
144,"M",10.8,5,8,20,1,0,NA,NA,NA,33,10,18,30,5,7,10
144,"M",10.8,5,8,21,1,0,NA,NA,NA,33,10,18,30,5,7,10
144,"M",10.8,5,8,23,1,1,NA,NA,NA,33,10,18,30,5,7,10
144,"M",10.8,5,8,24,1,0,NA,NA,NA,33,10,18,30,5,7,10
144,"M",10.8,5,8,27,1,1,NA,NA,NA,33,10,18,30,5,7,10
144,"M",10.8,5,8,31,1,0,NA,NA,NA,33,10,18,30,5,7,10
144,"M",10.8,5,8,40,1,0,NA,NA,NA,33,10,18,30,5,7,10
144,"M",10.8,5,8,42,1,0,NA,NA,NA,33,10,18,30,5,7,10
144,"M",10.8,5,8,43,1,1,NA,NA,NA,33,10,18,30,5,7,10
144,"M",10.8,5,8,44,1,0,NA,NA,NA,33,10,18,30,5,7,10
144,"M",10.8,5,8,48,1,0,NA,NA,NA,33,10,18,30,5,7,10
144,"M",10.8,5,8,49,1,0,NA,NA,NA,33,10,18,30,5,7,10
144,"M",10.8,5,8,50,1,0,NA,NA,NA,33,10,18,30,5,7,10
144,"M",10.8,5,8,51,1,0,NA,NA,NA,33,10,18,30,5,7,10
144,"M",10.8,5,8,53,1,1,NA,NA,NA,33,10,18,30,5,7,10
144,"M",10.8,5,8,55,1,1,NA,NA,NA,33,10,18,30,5,7,10
144,"M",10.8,5,8,56,1,0,NA,NA,NA,33,10,18,30,5,7,10
144,"M",10.8,5,8,57,1,1,NA,NA,NA,33,10,18,30,5,7,10
144,"M",10.8,5,8,60,1,0,NA,NA,NA,33,10,18,30,5,7,10
144,"M",10.8,5,8,2,2,0,0,0,1,33,10,18,30,5,7,10
144,"M",10.8,5,8,5,2,0,0,0,1,33,10,18,30,5,7,10
144,"M",10.8,5,8,6,2,0,1,0,0,33,10,18,30,5,7,10
144,"M",10.8,5,8,7,2,1,0,1,0,33,10,18,30,5,7,10
144,"M",10.8,5,8,13,2,0,1,0,0,33,10,18,30,5,7,10
144,"M",10.8,5,8,15,2,0,1,0,0,33,10,18,30,5,7,10
144,"M",10.8,5,8,16,2,0,0,0,1,33,10,18,30,5,7,10
144,"M",10.8,5,8,17,2,0,0,0,1,33,10,18,30,5,7,10
144,"M",10.8,5,8,22,2,0,1,0,0,33,10,18,30,5,7,10
144,"M",10.8,5,8,25,2,1,0,1,0,33,10,18,30,5,7,10
144,"M",10.8,5,8,26,2,0,0,1,0,33,10,18,30,5,7,10
144,"M",10.8,5,8,28,2,0,0,1,0,33,10,18,30,5,7,10
144,"M",10.8,5,8,29,2,0,0,1,0,33,10,18,30,5,7,10
144,"M",10.8,5,8,30,2,0,1,0,0,33,10,18,30,5,7,10
144,"M",10.8,5,8,32,2,0,1,0,0,33,10,18,30,5,7,10
144,"M",10.8,5,8,33,2,0,1,0,0,33,10,18,30,5,7,10
144,"M",10.8,5,8,34,2,0,0,1,0,33,10,18,30,5,7,10
144,"M",10.8,5,8,35,2,0,0,1,0,33,10,18,30,5,7,10
144,"M",10.8,5,8,36,2,0,0,1,0,33,10,18,30,5,7,10
144,"M",10.8,5,8,37,2,0,0,1,0,33,10,18,30,5,7,10
144,"M",10.8,5,8,38,2,0,0,1,0,33,10,18,30,5,7,10
144,"M",10.8,5,8,39,2,1,0,1,0,33,10,18,30,5,7,10
144,"M",10.8,5,8,41,2,0,0,1,0,33,10,18,30,5,7,10
144,"M",10.8,5,8,45,2,0,0,1,0,33,10,18,30,5,7,10
144,"M",10.8,5,8,46,2,0,0,1,0,33,10,18,30,5,7,10
144,"M",10.8,5,8,47,2,1,0,1,0,33,10,18,30,5,7,10
144,"M",10.8,5,8,52,2,1,0,1,0,33,10,18,30,5,7,10
144,"M",10.8,5,8,54,2,0,1,0,0,33,10,18,30,5,7,10
144,"M",10.8,5,8,58,2,1,0,1,0,33,10,18,30,5,7,10
144,"M",10.8,5,8,59,2,1,0,1,0,33,10,18,30,5,7,10
145,"M",10.7,5,8,1,1,1,NA,NA,NA,18,18,15,34,5,9,22
145,"M",10.7,5,8,2,1,0,NA,NA,NA,18,18,15,34,5,9,22
145,"M",10.7,5,8,4,1,0,NA,NA,NA,18,18,15,34,5,9,22
145,"M",10.7,5,8,8,1,0,NA,NA,NA,18,18,15,34,5,9,22
145,"M",10.7,5,8,9,1,1,NA,NA,NA,18,18,15,34,5,9,22
145,"M",10.7,5,8,12,1,1,NA,NA,NA,18,18,15,34,5,9,22
145,"M",10.7,5,8,13,1,1,NA,NA,NA,18,18,15,34,5,9,22
145,"M",10.7,5,8,14,1,0,NA,NA,NA,18,18,15,34,5,9,22
145,"M",10.7,5,8,17,1,1,NA,NA,NA,18,18,15,34,5,9,22
145,"M",10.7,5,8,21,1,1,NA,NA,NA,18,18,15,34,5,9,22
145,"M",10.7,5,8,23,1,1,NA,NA,NA,18,18,15,34,5,9,22
145,"M",10.7,5,8,24,1,0,NA,NA,NA,18,18,15,34,5,9,22
145,"M",10.7,5,8,28,1,1,NA,NA,NA,18,18,15,34,5,9,22
145,"M",10.7,5,8,30,1,1,NA,NA,NA,18,18,15,34,5,9,22
145,"M",10.7,5,8,31,1,1,NA,NA,NA,18,18,15,34,5,9,22
145,"M",10.7,5,8,32,1,1,NA,NA,NA,18,18,15,34,5,9,22
145,"M",10.7,5,8,33,1,1,NA,NA,NA,18,18,15,34,5,9,22
145,"M",10.7,5,8,34,1,1,NA,NA,NA,18,18,15,34,5,9,22
145,"M",10.7,5,8,36,1,1,NA,NA,NA,18,18,15,34,5,9,22
145,"M",10.7,5,8,40,1,0,NA,NA,NA,18,18,15,34,5,9,22
145,"M",10.7,5,8,41,1,0,NA,NA,NA,18,18,15,34,5,9,22
145,"M",10.7,5,8,42,1,1,NA,NA,NA,18,18,15,34,5,9,22
145,"M",10.7,5,8,43,1,1,NA,NA,NA,18,18,15,34,5,9,22
145,"M",10.7,5,8,44,1,1,NA,NA,NA,18,18,15,34,5,9,22
145,"M",10.7,5,8,45,1,1,NA,NA,NA,18,18,15,34,5,9,22
145,"M",10.7,5,8,48,1,1,NA,NA,NA,18,18,15,34,5,9,22
145,"M",10.7,5,8,54,1,0,NA,NA,NA,18,18,15,34,5,9,22
145,"M",10.7,5,8,55,1,1,NA,NA,NA,18,18,15,34,5,9,22
145,"M",10.7,5,8,56,1,1,NA,NA,NA,18,18,15,34,5,9,22
145,"M",10.7,5,8,59,1,1,NA,NA,NA,18,18,15,34,5,9,22
145,"M",10.7,5,8,3,2,1,0,0,1,18,18,15,34,5,9,22
145,"M",10.7,5,8,5,2,1,0,1,0,18,18,15,34,5,9,22
145,"M",10.7,5,8,6,2,0,0,0,1,18,18,15,34,5,9,22
145,"M",10.7,5,8,7,2,1,0,1,0,18,18,15,34,5,9,22
145,"M",10.7,5,8,10,2,1,0,0,1,18,18,15,34,5,9,22
145,"M",10.7,5,8,11,2,1,0,1,0,18,18,15,34,5,9,22
145,"M",10.7,5,8,15,2,1,0,0,1,18,18,15,34,5,9,22
145,"M",10.7,5,8,16,2,0,0,0,1,18,18,15,34,5,9,22
145,"M",10.7,5,8,18,2,0,0,0,1,18,18,15,34,5,9,22
145,"M",10.7,5,8,19,2,1,0,0,1,18,18,15,34,5,9,22
145,"M",10.7,5,8,20,2,1,0,0,1,18,18,15,34,5,9,22
145,"M",10.7,5,8,22,2,1,0,0,1,18,18,15,34,5,9,22
145,"M",10.7,5,8,25,2,0,0,0,1,18,18,15,34,5,9,22
145,"M",10.7,5,8,26,2,0,0,1,0,18,18,15,34,5,9,22
145,"M",10.7,5,8,27,2,1,0,0,1,18,18,15,34,5,9,22
145,"M",10.7,5,8,29,2,0,0,0,1,18,18,15,34,5,9,22
145,"M",10.7,5,8,35,2,1,0,0,1,18,18,15,34,5,9,22
145,"M",10.7,5,8,37,2,1,0,1,0,18,18,15,34,5,9,22
145,"M",10.7,5,8,38,2,1,0,1,0,18,18,15,34,5,9,22
145,"M",10.7,5,8,39,2,1,0,1,0,18,18,15,34,5,9,22
145,"M",10.7,5,8,46,2,1,0,0,1,18,18,15,34,5,9,22
145,"M",10.7,5,8,47,2,1,0,1,0,18,18,15,34,5,9,22
145,"M",10.7,5,8,49,2,1,0,1,0,18,18,15,34,5,9,22
145,"M",10.7,5,8,50,2,0,0,0,1,18,18,15,34,5,9,22
145,"M",10.7,5,8,51,2,1,0,0,1,18,18,15,34,5,9,22
145,"M",10.7,5,8,52,2,1,0,0,1,18,18,15,34,5,9,22
145,"M",10.7,5,8,53,2,1,0,1,0,18,18,15,34,5,9,22
145,"M",10.7,5,8,57,2,1,0,0,1,18,18,15,34,5,9,22
145,"M",10.7,5,8,58,2,1,0,0,1,18,18,15,34,5,9,22
145,"M",10.7,5,8,60,2,0,0,1,0,18,18,15,34,5,9,22
146,"F",10.8,5,8,2,1,1,NA,NA,NA,25,19,29,24,5,5,14
146,"F",10.8,5,8,7,1,1,NA,NA,NA,25,19,29,24,5,5,14
146,"F",10.8,5,8,8,1,0,NA,NA,NA,25,19,29,24,5,5,14
146,"F",10.8,5,8,14,1,1,NA,NA,NA,25,19,29,24,5,5,14
146,"F",10.8,5,8,15,1,0,NA,NA,NA,25,19,29,24,5,5,14
146,"F",10.8,5,8,17,1,0,NA,NA,NA,25,19,29,24,5,5,14
146,"F",10.8,5,8,19,1,0,NA,NA,NA,25,19,29,24,5,5,14
146,"F",10.8,5,8,20,1,0,NA,NA,NA,25,19,29,24,5,5,14
146,"F",10.8,5,8,22,1,1,NA,NA,NA,25,19,29,24,5,5,14
146,"F",10.8,5,8,26,1,0,NA,NA,NA,25,19,29,24,5,5,14
146,"F",10.8,5,8,28,1,0,NA,NA,NA,25,19,29,24,5,5,14
146,"F",10.8,5,8,29,1,1,NA,NA,NA,25,19,29,24,5,5,14
146,"F",10.8,5,8,30,1,1,NA,NA,NA,25,19,29,24,5,5,14
146,"F",10.8,5,8,31,1,0,NA,NA,NA,25,19,29,24,5,5,14
146,"F",10.8,5,8,32,1,1,NA,NA,NA,25,19,29,24,5,5,14
146,"F",10.8,5,8,37,1,1,NA,NA,NA,25,19,29,24,5,5,14
146,"F",10.8,5,8,38,1,0,NA,NA,NA,25,19,29,24,5,5,14
146,"F",10.8,5,8,39,1,0,NA,NA,NA,25,19,29,24,5,5,14
146,"F",10.8,5,8,40,1,1,NA,NA,NA,25,19,29,24,5,5,14
146,"F",10.8,5,8,41,1,0,NA,NA,NA,25,19,29,24,5,5,14
146,"F",10.8,5,8,43,1,1,NA,NA,NA,25,19,29,24,5,5,14
146,"F",10.8,5,8,46,1,1,NA,NA,NA,25,19,29,24,5,5,14
146,"F",10.8,5,8,47,1,1,NA,NA,NA,25,19,29,24,5,5,14
146,"F",10.8,5,8,48,1,0,NA,NA,NA,25,19,29,24,5,5,14
146,"F",10.8,5,8,50,1,1,NA,NA,NA,25,19,29,24,5,5,14
146,"F",10.8,5,8,52,1,0,NA,NA,NA,25,19,29,24,5,5,14
146,"F",10.8,5,8,54,1,1,NA,NA,NA,25,19,29,24,5,5,14
146,"F",10.8,5,8,56,1,0,NA,NA,NA,25,19,29,24,5,5,14
146,"F",10.8,5,8,58,1,0,NA,NA,NA,25,19,29,24,5,5,14
146,"F",10.8,5,8,60,1,0,NA,NA,NA,25,19,29,24,5,5,14
146,"F",10.8,5,8,1,2,0,0,0,1,25,19,29,24,5,5,14
146,"F",10.8,5,8,3,2,0,1,0,0,25,19,29,24,5,5,14
146,"F",10.8,5,8,4,2,0,1,0,0,25,19,29,24,5,5,14
146,"F",10.8,5,8,5,2,0,0,0,1,25,19,29,24,5,5,14
146,"F",10.8,5,8,6,2,0,0,0,1,25,19,29,24,5,5,14
146,"F",10.8,5,8,9,2,0,0,0,1,25,19,29,24,5,5,14
146,"F",10.8,5,8,10,2,1,0,0,1,25,19,29,24,5,5,14
146,"F",10.8,5,8,11,2,0,1,0,0,25,19,29,24,5,5,14
146,"F",10.8,5,8,12,2,0,1,0,0,25,19,29,24,5,5,14
146,"F",10.8,5,8,13,2,0,0,1,0,25,19,29,24,5,5,14
146,"F",10.8,5,8,16,2,0,0,0,1,25,19,29,24,5,5,14
146,"F",10.8,5,8,18,2,0,1,0,0,25,19,29,24,5,5,14
146,"F",10.8,5,8,21,2,0,0,0,1,25,19,29,24,5,5,14
146,"F",10.8,5,8,23,2,1,0,1,0,25,19,29,24,5,5,14
146,"F",10.8,5,8,24,2,0,0,1,0,25,19,29,24,5,5,14
146,"F",10.8,5,8,25,2,0,0,1,0,25,19,29,24,5,5,14
146,"F",10.8,5,8,27,2,1,0,0,1,25,19,29,24,5,5,14
146,"F",10.8,5,8,33,2,1,0,0,1,25,19,29,24,5,5,14
146,"F",10.8,5,8,34,2,0,0,0,1,25,19,29,24,5,5,14
146,"F",10.8,5,8,35,2,0,0,0,1,25,19,29,24,5,5,14
146,"F",10.8,5,8,36,2,0,0,0,1,25,19,29,24,5,5,14
146,"F",10.8,5,8,42,2,0,0,1,0,25,19,29,24,5,5,14
146,"F",10.8,5,8,44,2,0,0,0,1,25,19,29,24,5,5,14
146,"F",10.8,5,8,45,2,1,0,0,1,25,19,29,24,5,5,14
146,"F",10.8,5,8,49,2,0,0,0,1,25,19,29,24,5,5,14
146,"F",10.8,5,8,51,2,0,0,1,0,25,19,29,24,5,5,14
146,"F",10.8,5,8,53,2,0,1,0,0,25,19,29,24,5,5,14
146,"F",10.8,5,8,55,2,0,1,0,0,25,19,29,24,5,5,14
146,"F",10.8,5,8,57,2,1,0,0,1,25,19,29,24,5,5,14
146,"F",10.8,5,8,59,2,0,1,0,0,25,19,29,24,5,5,14
147,"F",10.2,5,8,2,1,0,NA,NA,NA,32,13,20,29,5,9,16
147,"F",10.2,5,8,3,1,1,NA,NA,NA,32,13,20,29,5,9,16
147,"F",10.2,5,8,6,1,0,NA,NA,NA,32,13,20,29,5,9,16
147,"F",10.2,5,8,10,1,1,NA,NA,NA,32,13,20,29,5,9,16
147,"F",10.2,5,8,11,1,1,NA,NA,NA,32,13,20,29,5,9,16
147,"F",10.2,5,8,12,1,1,NA,NA,NA,32,13,20,29,5,9,16
147,"F",10.2,5,8,13,1,0,NA,NA,NA,32,13,20,29,5,9,16
147,"F",10.2,5,8,14,1,0,NA,NA,NA,32,13,20,29,5,9,16
147,"F",10.2,5,8,18,1,1,NA,NA,NA,32,13,20,29,5,9,16
147,"F",10.2,5,8,22,1,1,NA,NA,NA,32,13,20,29,5,9,16
147,"F",10.2,5,8,26,1,0,NA,NA,NA,32,13,20,29,5,9,16
147,"F",10.2,5,8,28,1,0,NA,NA,NA,32,13,20,29,5,9,16
147,"F",10.2,5,8,29,1,0,NA,NA,NA,32,13,20,29,5,9,16
147,"F",10.2,5,8,30,1,0,NA,NA,NA,32,13,20,29,5,9,16
147,"F",10.2,5,8,31,1,0,NA,NA,NA,32,13,20,29,5,9,16
147,"F",10.2,5,8,33,1,0,NA,NA,NA,32,13,20,29,5,9,16
147,"F",10.2,5,8,35,1,0,NA,NA,NA,32,13,20,29,5,9,16
147,"F",10.2,5,8,37,1,1,NA,NA,NA,32,13,20,29,5,9,16
147,"F",10.2,5,8,41,1,1,NA,NA,NA,32,13,20,29,5,9,16
147,"F",10.2,5,8,43,1,1,NA,NA,NA,32,13,20,29,5,9,16
147,"F",10.2,5,8,48,1,0,NA,NA,NA,32,13,20,29,5,9,16
147,"F",10.2,5,8,50,1,1,NA,NA,NA,32,13,20,29,5,9,16
147,"F",10.2,5,8,52,1,0,NA,NA,NA,32,13,20,29,5,9,16
147,"F",10.2,5,8,54,1,1,NA,NA,NA,32,13,20,29,5,9,16
147,"F",10.2,5,8,55,1,1,NA,NA,NA,32,13,20,29,5,9,16
147,"F",10.2,5,8,56,1,1,NA,NA,NA,32,13,20,29,5,9,16
147,"F",10.2,5,8,57,1,1,NA,NA,NA,32,13,20,29,5,9,16
147,"F",10.2,5,8,58,1,0,NA,NA,NA,32,13,20,29,5,9,16
147,"F",10.2,5,8,59,1,1,NA,NA,NA,32,13,20,29,5,9,16
147,"F",10.2,5,8,60,1,1,NA,NA,NA,32,13,20,29,5,9,16
147,"F",10.2,5,8,1,2,1,0,1,0,32,13,20,29,5,9,16
147,"F",10.2,5,8,4,2,0,1,0,0,32,13,20,29,5,9,16
147,"F",10.2,5,8,5,2,1,0,1,0,32,13,20,29,5,9,16
147,"F",10.2,5,8,7,2,1,0,1,0,32,13,20,29,5,9,16
147,"F",10.2,5,8,8,2,0,0,0,1,32,13,20,29,5,9,16
147,"F",10.2,5,8,9,2,1,0,0,1,32,13,20,29,5,9,16
147,"F",10.2,5,8,15,2,0,0,1,0,32,13,20,29,5,9,16
147,"F",10.2,5,8,16,2,1,0,0,1,32,13,20,29,5,9,16
147,"F",10.2,5,8,17,2,1,0,1,0,32,13,20,29,5,9,16
147,"F",10.2,5,8,19,2,0,1,0,0,32,13,20,29,5,9,16
147,"F",10.2,5,8,20,2,0,1,0,0,32,13,20,29,5,9,16
147,"F",10.2,5,8,21,2,0,0,1,0,32,13,20,29,5,9,16
147,"F",10.2,5,8,23,2,0,0,0,1,32,13,20,29,5,9,16
147,"F",10.2,5,8,24,2,1,0,1,0,32,13,20,29,5,9,16
147,"F",10.2,5,8,25,2,0,1,0,0,32,13,20,29,5,9,16
147,"F",10.2,5,8,27,2,0,0,0,1,32,13,20,29,5,9,16
147,"F",10.2,5,8,32,2,0,0,1,0,32,13,20,29,5,9,16
147,"F",10.2,5,8,34,2,0,0,1,0,32,13,20,29,5,9,16
147,"F",10.2,5,8,36,2,1,0,0,1,32,13,20,29,5,9,16
147,"F",10.2,5,8,38,2,1,0,1,0,32,13,20,29,5,9,16
147,"F",10.2,5,8,39,2,0,0,1,0,32,13,20,29,5,9,16
147,"F",10.2,5,8,40,2,0,1,0,0,32,13,20,29,5,9,16
147,"F",10.2,5,8,42,2,1,0,0,1,32,13,20,29,5,9,16
147,"F",10.2,5,8,44,2,1,0,1,0,32,13,20,29,5,9,16
147,"F",10.2,5,8,45,2,1,0,1,0,32,13,20,29,5,9,16
147,"F",10.2,5,8,46,2,0,1,0,0,32,13,20,29,5,9,16
147,"F",10.2,5,8,47,2,1,0,1,0,32,13,20,29,5,9,16
147,"F",10.2,5,8,49,2,0,0,0,1,32,13,20,29,5,9,16
147,"F",10.2,5,8,51,2,0,0,1,0,32,13,20,29,5,9,16
147,"F",10.2,5,8,53,2,1,0,0,1,32,13,20,29,5,9,16
148,"M",10.9,5,8,2,1,1,NA,NA,NA,40,17,31,28,8,7,10
148,"M",10.9,5,8,4,1,0,NA,NA,NA,40,17,31,28,8,7,10
148,"M",10.9,5,8,5,1,0,NA,NA,NA,40,17,31,28,8,7,10
148,"M",10.9,5,8,6,1,0,NA,NA,NA,40,17,31,28,8,7,10
148,"M",10.9,5,8,10,1,1,NA,NA,NA,40,17,31,28,8,7,10
148,"M",10.9,5,8,15,1,0,NA,NA,NA,40,17,31,28,8,7,10
148,"M",10.9,5,8,16,1,0,NA,NA,NA,40,17,31,28,8,7,10
148,"M",10.9,5,8,20,1,0,NA,NA,NA,40,17,31,28,8,7,10
148,"M",10.9,5,8,21,1,0,NA,NA,NA,40,17,31,28,8,7,10
148,"M",10.9,5,8,23,1,1,NA,NA,NA,40,17,31,28,8,7,10
148,"M",10.9,5,8,24,1,0,NA,NA,NA,40,17,31,28,8,7,10
148,"M",10.9,5,8,26,1,0,NA,NA,NA,40,17,31,28,8,7,10
148,"M",10.9,5,8,27,1,1,NA,NA,NA,40,17,31,28,8,7,10
148,"M",10.9,5,8,28,1,0,NA,NA,NA,40,17,31,28,8,7,10
148,"M",10.9,5,8,31,1,0,NA,NA,NA,40,17,31,28,8,7,10
148,"M",10.9,5,8,33,1,1,NA,NA,NA,40,17,31,28,8,7,10
148,"M",10.9,5,8,35,1,0,NA,NA,NA,40,17,31,28,8,7,10
148,"M",10.9,5,8,36,1,0,NA,NA,NA,40,17,31,28,8,7,10
148,"M",10.9,5,8,38,1,1,NA,NA,NA,40,17,31,28,8,7,10
148,"M",10.9,5,8,39,1,1,NA,NA,NA,40,17,31,28,8,7,10
148,"M",10.9,5,8,40,1,0,NA,NA,NA,40,17,31,28,8,7,10
148,"M",10.9,5,8,42,1,0,NA,NA,NA,40,17,31,28,8,7,10
148,"M",10.9,5,8,44,1,1,NA,NA,NA,40,17,31,28,8,7,10
148,"M",10.9,5,8,45,1,0,NA,NA,NA,40,17,31,28,8,7,10
148,"M",10.9,5,8,49,1,0,NA,NA,NA,40,17,31,28,8,7,10
148,"M",10.9,5,8,50,1,0,NA,NA,NA,40,17,31,28,8,7,10
148,"M",10.9,5,8,52,1,0,NA,NA,NA,40,17,31,28,8,7,10
148,"M",10.9,5,8,53,1,1,NA,NA,NA,40,17,31,28,8,7,10
148,"M",10.9,5,8,54,1,0,NA,NA,NA,40,17,31,28,8,7,10
148,"M",10.9,5,8,59,1,1,NA,NA,NA,40,17,31,28,8,7,10
148,"M",10.9,5,8,1,2,0,1,0,0,40,17,31,28,8,7,10
148,"M",10.9,5,8,3,2,0,1,0,0,40,17,31,28,8,7,10
148,"M",10.9,5,8,7,2,0,1,0,0,40,17,31,28,8,7,10
148,"M",10.9,5,8,8,2,0,1,0,0,40,17,31,28,8,7,10
148,"M",10.9,5,8,9,2,1,0,1,0,40,17,31,28,8,7,10
148,"M",10.9,5,8,11,2,0,1,0,0,40,17,31,28,8,7,10
148,"M",10.9,5,8,12,2,0,1,0,0,40,17,31,28,8,7,10
148,"M",10.9,5,8,13,2,0,0,0,1,40,17,31,28,8,7,10
148,"M",10.9,5,8,14,2,0,1,0,0,40,17,31,28,8,7,10
148,"M",10.9,5,8,17,2,0,1,0,0,40,17,31,28,8,7,10
148,"M",10.9,5,8,18,2,0,1,0,0,40,17,31,28,8,7,10
148,"M",10.9,5,8,19,2,0,1,0,0,40,17,31,28,8,7,10
148,"M",10.9,5,8,22,2,0,1,0,0,40,17,31,28,8,7,10
148,"M",10.9,5,8,25,2,0,1,0,0,40,17,31,28,8,7,10
148,"M",10.9,5,8,29,2,0,1,0,0,40,17,31,28,8,7,10
148,"M",10.9,5,8,30,2,0,0,1,0,40,17,31,28,8,7,10
148,"M",10.9,5,8,32,2,0,1,0,0,40,17,31,28,8,7,10
148,"M",10.9,5,8,34,2,1,0,1,0,40,17,31,28,8,7,10
148,"M",10.9,5,8,37,2,0,1,0,0,40,17,31,28,8,7,10
148,"M",10.9,5,8,41,2,0,0,1,0,40,17,31,28,8,7,10
148,"M",10.9,5,8,43,2,0,1,0,0,40,17,31,28,8,7,10
148,"M",10.9,5,8,46,2,0,1,0,0,40,17,31,28,8,7,10
148,"M",10.9,5,8,47,2,0,1,0,0,40,17,31,28,8,7,10
148,"M",10.9,5,8,48,2,0,0,1,0,40,17,31,28,8,7,10
148,"M",10.9,5,8,51,2,0,1,0,0,40,17,31,28,8,7,10
148,"M",10.9,5,8,55,2,0,0,1,0,40,17,31,28,8,7,10
148,"M",10.9,5,8,56,2,0,0,0,1,40,17,31,28,8,7,10
148,"M",10.9,5,8,57,2,0,1,0,0,40,17,31,28,8,7,10
148,"M",10.9,5,8,58,2,0,1,0,0,40,17,31,28,8,7,10
148,"M",10.9,5,8,60,2,0,0,1,0,40,17,31,28,8,7,10
149,"M",10.3,5,8,2,1,0,NA,NA,NA,29,11,36,21,9,4,12
149,"M",10.3,5,8,5,1,1,NA,NA,NA,29,11,36,21,9,4,12
149,"M",10.3,5,8,6,1,0,NA,NA,NA,29,11,36,21,9,4,12
149,"M",10.3,5,8,9,1,0,NA,NA,NA,29,11,36,21,9,4,12
149,"M",10.3,5,8,11,1,1,NA,NA,NA,29,11,36,21,9,4,12
149,"M",10.3,5,8,14,1,0,NA,NA,NA,29,11,36,21,9,4,12
149,"M",10.3,5,8,18,1,0,NA,NA,NA,29,11,36,21,9,4,12
149,"M",10.3,5,8,22,1,1,NA,NA,NA,29,11,36,21,9,4,12
149,"M",10.3,5,8,23,1,0,NA,NA,NA,29,11,36,21,9,4,12
149,"M",10.3,5,8,24,1,0,NA,NA,NA,29,11,36,21,9,4,12
149,"M",10.3,5,8,25,1,0,NA,NA,NA,29,11,36,21,9,4,12
149,"M",10.3,5,8,29,1,0,NA,NA,NA,29,11,36,21,9,4,12
149,"M",10.3,5,8,33,1,0,NA,NA,NA,29,11,36,21,9,4,12
149,"M",10.3,5,8,35,1,0,NA,NA,NA,29,11,36,21,9,4,12
149,"M",10.3,5,8,37,1,0,NA,NA,NA,29,11,36,21,9,4,12
149,"M",10.3,5,8,38,1,1,NA,NA,NA,29,11,36,21,9,4,12
149,"M",10.3,5,8,39,1,1,NA,NA,NA,29,11,36,21,9,4,12
149,"M",10.3,5,8,41,1,0,NA,NA,NA,29,11,36,21,9,4,12
149,"M",10.3,5,8,42,1,1,NA,NA,NA,29,11,36,21,9,4,12
149,"M",10.3,5,8,43,1,1,NA,NA,NA,29,11,36,21,9,4,12
149,"M",10.3,5,8,46,1,1,NA,NA,NA,29,11,36,21,9,4,12
149,"M",10.3,5,8,49,1,0,NA,NA,NA,29,11,36,21,9,4,12
149,"M",10.3,5,8,50,1,1,NA,NA,NA,29,11,36,21,9,4,12
149,"M",10.3,5,8,52,1,1,NA,NA,NA,29,11,36,21,9,4,12
149,"M",10.3,5,8,54,1,0,NA,NA,NA,29,11,36,21,9,4,12
149,"M",10.3,5,8,55,1,0,NA,NA,NA,29,11,36,21,9,4,12
149,"M",10.3,5,8,56,1,1,NA,NA,NA,29,11,36,21,9,4,12
149,"M",10.3,5,8,58,1,0,NA,NA,NA,29,11,36,21,9,4,12
149,"M",10.3,5,8,59,1,1,NA,NA,NA,29,11,36,21,9,4,12
149,"M",10.3,5,8,60,1,0,NA,NA,NA,29,11,36,21,9,4,12
149,"M",10.3,5,8,1,2,0,1,0,0,29,11,36,21,9,4,12
149,"M",10.3,5,8,3,2,0,1,0,0,29,11,36,21,9,4,12
149,"M",10.3,5,8,4,2,0,1,0,0,29,11,36,21,9,4,12
149,"M",10.3,5,8,7,2,0,1,0,0,29,11,36,21,9,4,12
149,"M",10.3,5,8,8,2,0,1,0,0,29,11,36,21,9,4,12
149,"M",10.3,5,8,10,2,0,1,0,0,29,11,36,21,9,4,12
149,"M",10.3,5,8,12,2,0,1,0,0,29,11,36,21,9,4,12
149,"M",10.3,5,8,13,2,0,1,0,0,29,11,36,21,9,4,12
149,"M",10.3,5,8,15,2,1,0,1,0,29,11,36,21,9,4,12
149,"M",10.3,5,8,16,2,0,1,0,0,29,11,36,21,9,4,12
149,"M",10.3,5,8,17,2,0,1,0,0,29,11,36,21,9,4,12
149,"M",10.3,5,8,19,2,0,1,0,0,29,11,36,21,9,4,12
149,"M",10.3,5,8,20,2,0,1,0,0,29,11,36,21,9,4,12
149,"M",10.3,5,8,21,2,0,1,0,0,29,11,36,21,9,4,12
149,"M",10.3,5,8,26,2,0,1,0,0,29,11,36,21,9,4,12
149,"M",10.3,5,8,27,2,0,1,0,0,29,11,36,21,9,4,12
149,"M",10.3,5,8,28,2,0,0,1,0,29,11,36,21,9,4,12
149,"M",10.3,5,8,30,2,0,1,0,0,29,11,36,21,9,4,12
149,"M",10.3,5,8,31,2,0,1,0,0,29,11,36,21,9,4,12
149,"M",10.3,5,8,32,2,0,1,0,0,29,11,36,21,9,4,12
149,"M",10.3,5,8,34,2,0,1,0,0,29,11,36,21,9,4,12
149,"M",10.3,5,8,36,2,0,1,0,0,29,11,36,21,9,4,12
149,"M",10.3,5,8,40,2,0,1,0,0,29,11,36,21,9,4,12
149,"M",10.3,5,8,44,2,0,1,0,0,29,11,36,21,9,4,12
149,"M",10.3,5,8,45,2,0,1,0,0,29,11,36,21,9,4,12
149,"M",10.3,5,8,47,2,0,1,0,0,29,11,36,21,9,4,12
149,"M",10.3,5,8,48,2,0,1,0,0,29,11,36,21,9,4,12
149,"M",10.3,5,8,51,2,0,1,0,0,29,11,36,21,9,4,12
149,"M",10.3,5,8,53,2,0,1,0,0,29,11,36,21,9,4,12
149,"M",10.3,5,8,57,2,0,1,0,0,29,11,36,21,9,4,12
150,"F",10.1,5,8,1,1,1,NA,NA,NA,28,15,28,15,9,4,20
150,"F",10.1,5,8,2,1,1,NA,NA,NA,28,15,28,15,9,4,20
150,"F",10.1,5,8,3,1,1,NA,NA,NA,28,15,28,15,9,4,20
150,"F",10.1,5,8,6,1,0,NA,NA,NA,28,15,28,15,9,4,20
150,"F",10.1,5,8,7,1,1,NA,NA,NA,28,15,28,15,9,4,20
150,"F",10.1,5,8,8,1,0,NA,NA,NA,28,15,28,15,9,4,20
150,"F",10.1,5,8,11,1,1,NA,NA,NA,28,15,28,15,9,4,20
150,"F",10.1,5,8,13,1,1,NA,NA,NA,28,15,28,15,9,4,20
150,"F",10.1,5,8,17,1,0,NA,NA,NA,28,15,28,15,9,4,20
150,"F",10.1,5,8,19,1,1,NA,NA,NA,28,15,28,15,9,4,20
150,"F",10.1,5,8,20,1,0,NA,NA,NA,28,15,28,15,9,4,20
150,"F",10.1,5,8,21,1,0,NA,NA,NA,28,15,28,15,9,4,20
150,"F",10.1,5,8,25,1,1,NA,NA,NA,28,15,28,15,9,4,20
150,"F",10.1,5,8,26,1,0,NA,NA,NA,28,15,28,15,9,4,20
150,"F",10.1,5,8,30,1,1,NA,NA,NA,28,15,28,15,9,4,20
150,"F",10.1,5,8,31,1,0,NA,NA,NA,28,15,28,15,9,4,20
150,"F",10.1,5,8,34,1,1,NA,NA,NA,28,15,28,15,9,4,20
150,"F",10.1,5,8,35,1,0,NA,NA,NA,28,15,28,15,9,4,20
150,"F",10.1,5,8,36,1,1,NA,NA,NA,28,15,28,15,9,4,20
150,"F",10.1,5,8,38,1,1,NA,NA,NA,28,15,28,15,9,4,20
150,"F",10.1,5,8,41,1,1,NA,NA,NA,28,15,28,15,9,4,20
150,"F",10.1,5,8,43,1,0,NA,NA,NA,28,15,28,15,9,4,20
150,"F",10.1,5,8,46,1,1,NA,NA,NA,28,15,28,15,9,4,20
150,"F",10.1,5,8,47,1,1,NA,NA,NA,28,15,28,15,9,4,20
150,"F",10.1,5,8,48,1,1,NA,NA,NA,28,15,28,15,9,4,20
150,"F",10.1,5,8,50,1,0,NA,NA,NA,28,15,28,15,9,4,20
150,"F",10.1,5,8,51,1,1,NA,NA,NA,28,15,28,15,9,4,20
150,"F",10.1,5,8,52,1,1,NA,NA,NA,28,15,28,15,9,4,20
150,"F",10.1,5,8,53,1,1,NA,NA,NA,28,15,28,15,9,4,20
150,"F",10.1,5,8,60,1,1,NA,NA,NA,28,15,28,15,9,4,20
150,"F",10.1,5,8,4,2,0,1,0,0,28,15,28,15,9,4,20
150,"F",10.1,5,8,5,2,1,0,0,1,28,15,28,15,9,4,20
150,"F",10.1,5,8,9,2,1,0,1,0,28,15,28,15,9,4,20
150,"F",10.1,5,8,10,2,0,1,0,0,28,15,28,15,9,4,20
150,"F",10.1,5,8,12,2,0,0,1,0,28,15,28,15,9,4,20
150,"F",10.1,5,8,14,2,1,0,0,1,28,15,28,15,9,4,20
150,"F",10.1,5,8,15,2,1,0,1,0,28,15,28,15,9,4,20
150,"F",10.1,5,8,16,2,0,0,1,0,28,15,28,15,9,4,20
150,"F",10.1,5,8,18,2,0,1,0,0,28,15,28,15,9,4,20
150,"F",10.1,5,8,22,2,0,0,0,1,28,15,28,15,9,4,20
150,"F",10.1,5,8,23,2,0,0,0,1,28,15,28,15,9,4,20
150,"F",10.1,5,8,24,2,0,1,0,0,28,15,28,15,9,4,20
150,"F",10.1,5,8,27,2,1,0,1,0,28,15,28,15,9,4,20
150,"F",10.1,5,8,28,2,0,1,0,0,28,15,28,15,9,4,20
150,"F",10.1,5,8,29,2,0,1,0,0,28,15,28,15,9,4,20
150,"F",10.1,5,8,32,2,0,0,0,1,28,15,28,15,9,4,20
150,"F",10.1,5,8,33,2,0,1,0,0,28,15,28,15,9,4,20
150,"F",10.1,5,8,37,2,1,0,0,1,28,15,28,15,9,4,20
150,"F",10.1,5,8,39,2,0,0,1,0,28,15,28,15,9,4,20
150,"F",10.1,5,8,40,2,1,0,0,1,28,15,28,15,9,4,20
150,"F",10.1,5,8,42,2,0,1,0,0,28,15,28,15,9,4,20
150,"F",10.1,5,8,44,2,0,1,0,0,28,15,28,15,9,4,20
150,"F",10.1,5,8,45,2,1,0,1,0,28,15,28,15,9,4,20
150,"F",10.1,5,8,49,2,0,1,0,0,28,15,28,15,9,4,20
150,"F",10.1,5,8,54,2,0,1,0,0,28,15,28,15,9,4,20
150,"F",10.1,5,8,55,2,0,0,0,1,28,15,28,15,9,4,20
150,"F",10.1,5,8,56,2,1,0,0,1,28,15,28,15,9,4,20
150,"F",10.1,5,8,57,2,1,0,0,1,28,15,28,15,9,4,20
150,"F",10.1,5,8,58,2,0,1,0,0,28,15,28,15,9,4,20
150,"F",10.1,5,8,59,2,1,0,0,1,28,15,28,15,9,4,20
151,"F",10.7,5,8,1,1,0,NA,NA,NA,17,13,13,32,8,8,5
151,"F",10.7,5,8,2,1,0,NA,NA,NA,17,13,13,32,8,8,5
151,"F",10.7,5,8,4,1,0,NA,NA,NA,17,13,13,32,8,8,5
151,"F",10.7,5,8,6,1,0,NA,NA,NA,17,13,13,32,8,8,5
151,"F",10.7,5,8,7,1,0,NA,NA,NA,17,13,13,32,8,8,5
151,"F",10.7,5,8,10,1,1,NA,NA,NA,17,13,13,32,8,8,5
151,"F",10.7,5,8,13,1,0,NA,NA,NA,17,13,13,32,8,8,5
151,"F",10.7,5,8,14,1,0,NA,NA,NA,17,13,13,32,8,8,5
151,"F",10.7,5,8,15,1,0,NA,NA,NA,17,13,13,32,8,8,5
151,"F",10.7,5,8,20,1,0,NA,NA,NA,17,13,13,32,8,8,5
151,"F",10.7,5,8,21,1,0,NA,NA,NA,17,13,13,32,8,8,5
151,"F",10.7,5,8,25,1,0,NA,NA,NA,17,13,13,32,8,8,5
151,"F",10.7,5,8,28,1,0,NA,NA,NA,17,13,13,32,8,8,5
151,"F",10.7,5,8,31,1,0,NA,NA,NA,17,13,13,32,8,8,5
151,"F",10.7,5,8,32,1,0,NA,NA,NA,17,13,13,32,8,8,5
151,"F",10.7,5,8,33,1,1,NA,NA,NA,17,13,13,32,8,8,5
151,"F",10.7,5,8,34,1,0,NA,NA,NA,17,13,13,32,8,8,5
151,"F",10.7,5,8,36,1,0,NA,NA,NA,17,13,13,32,8,8,5
151,"F",10.7,5,8,37,1,1,NA,NA,NA,17,13,13,32,8,8,5
151,"F",10.7,5,8,38,1,0,NA,NA,NA,17,13,13,32,8,8,5
151,"F",10.7,5,8,40,1,0,NA,NA,NA,17,13,13,32,8,8,5
151,"F",10.7,5,8,42,1,0,NA,NA,NA,17,13,13,32,8,8,5
151,"F",10.7,5,8,46,1,1,NA,NA,NA,17,13,13,32,8,8,5
151,"F",10.7,5,8,49,1,0,NA,NA,NA,17,13,13,32,8,8,5
151,"F",10.7,5,8,50,1,0,NA,NA,NA,17,13,13,32,8,8,5
151,"F",10.7,5,8,52,1,0,NA,NA,NA,17,13,13,32,8,8,5
151,"F",10.7,5,8,54,1,0,NA,NA,NA,17,13,13,32,8,8,5
151,"F",10.7,5,8,55,1,0,NA,NA,NA,17,13,13,32,8,8,5
151,"F",10.7,5,8,56,1,1,NA,NA,NA,17,13,13,32,8,8,5
151,"F",10.7,5,8,59,1,0,NA,NA,NA,17,13,13,32,8,8,5
151,"F",10.7,5,8,3,2,1,0,0,1,17,13,13,32,8,8,5
151,"F",10.7,5,8,5,2,0,0,0,1,17,13,13,32,8,8,5
151,"F",10.7,5,8,8,2,0,0,0,1,17,13,13,32,8,8,5
151,"F",10.7,5,8,9,2,0,0,0,1,17,13,13,32,8,8,5
151,"F",10.7,5,8,11,2,1,0,1,0,17,13,13,32,8,8,5
151,"F",10.7,5,8,12,2,1,0,0,1,17,13,13,32,8,8,5
151,"F",10.7,5,8,16,2,0,0,0,1,17,13,13,32,8,8,5
151,"F",10.7,5,8,17,2,1,0,1,0,17,13,13,32,8,8,5
151,"F",10.7,5,8,18,2,0,0,1,0,17,13,13,32,8,8,5
151,"F",10.7,5,8,19,2,1,0,0,1,17,13,13,32,8,8,5
151,"F",10.7,5,8,22,2,0,0,0,1,17,13,13,32,8,8,5
151,"F",10.7,5,8,23,2,0,0,1,0,17,13,13,32,8,8,5
151,"F",10.7,5,8,24,2,0,0,0,1,17,13,13,32,8,8,5
151,"F",10.7,5,8,26,2,0,0,1,0,17,13,13,32,8,8,5
151,"F",10.7,5,8,27,2,0,0,0,1,17,13,13,32,8,8,5
151,"F",10.7,5,8,29,2,0,0,1,0,17,13,13,32,8,8,5
151,"F",10.7,5,8,30,2,0,0,0,1,17,13,13,32,8,8,5
151,"F",10.7,5,8,35,2,0,0,0,1,17,13,13,32,8,8,5
151,"F",10.7,5,8,39,2,0,0,1,0,17,13,13,32,8,8,5
151,"F",10.7,5,8,41,2,0,0,1,0,17,13,13,32,8,8,5
151,"F",10.7,5,8,43,2,0,0,0,1,17,13,13,32,8,8,5
151,"F",10.7,5,8,44,2,0,0,0,1,17,13,13,32,8,8,5
151,"F",10.7,5,8,45,2,0,1,0,0,17,13,13,32,8,8,5
151,"F",10.7,5,8,47,2,1,0,0,1,17,13,13,32,8,8,5
151,"F",10.7,5,8,48,2,0,0,1,0,17,13,13,32,8,8,5
151,"F",10.7,5,8,51,2,0,0,0,1,17,13,13,32,8,8,5
151,"F",10.7,5,8,53,2,0,0,1,0,17,13,13,32,8,8,5
151,"F",10.7,5,8,57,2,1,0,1,0,17,13,13,32,8,8,5
151,"F",10.7,5,8,58,2,0,0,1,0,17,13,13,32,8,8,5
151,"F",10.7,5,8,60,2,1,0,0,1,17,13,13,32,8,8,5
152,"M",10.3,5,8,2,1,0,NA,NA,NA,33,11,37,15,10,6,12
152,"M",10.3,5,8,4,1,0,NA,NA,NA,33,11,37,15,10,6,12
152,"M",10.3,5,8,5,1,1,NA,NA,NA,33,11,37,15,10,6,12
152,"M",10.3,5,8,8,1,0,NA,NA,NA,33,11,37,15,10,6,12
152,"M",10.3,5,8,9,1,1,NA,NA,NA,33,11,37,15,10,6,12
152,"M",10.3,5,8,13,1,0,NA,NA,NA,33,11,37,15,10,6,12
152,"M",10.3,5,8,15,1,0,NA,NA,NA,33,11,37,15,10,6,12
152,"M",10.3,5,8,16,1,0,NA,NA,NA,33,11,37,15,10,6,12
152,"M",10.3,5,8,19,1,0,NA,NA,NA,33,11,37,15,10,6,12
152,"M",10.3,5,8,20,1,1,NA,NA,NA,33,11,37,15,10,6,12
152,"M",10.3,5,8,22,1,0,NA,NA,NA,33,11,37,15,10,6,12
152,"M",10.3,5,8,23,1,0,NA,NA,NA,33,11,37,15,10,6,12
152,"M",10.3,5,8,28,1,0,NA,NA,NA,33,11,37,15,10,6,12
152,"M",10.3,5,8,29,1,1,NA,NA,NA,33,11,37,15,10,6,12
152,"M",10.3,5,8,32,1,0,NA,NA,NA,33,11,37,15,10,6,12
152,"M",10.3,5,8,35,1,0,NA,NA,NA,33,11,37,15,10,6,12
152,"M",10.3,5,8,36,1,1,NA,NA,NA,33,11,37,15,10,6,12
152,"M",10.3,5,8,37,1,0,NA,NA,NA,33,11,37,15,10,6,12
152,"M",10.3,5,8,39,1,1,NA,NA,NA,33,11,37,15,10,6,12
152,"M",10.3,5,8,40,1,1,NA,NA,NA,33,11,37,15,10,6,12
152,"M",10.3,5,8,43,1,1,NA,NA,NA,33,11,37,15,10,6,12
152,"M",10.3,5,8,45,1,1,NA,NA,NA,33,11,37,15,10,6,12
152,"M",10.3,5,8,49,1,0,NA,NA,NA,33,11,37,15,10,6,12
152,"M",10.3,5,8,51,1,0,NA,NA,NA,33,11,37,15,10,6,12
152,"M",10.3,5,8,52,1,1,NA,NA,NA,33,11,37,15,10,6,12
152,"M",10.3,5,8,54,1,0,NA,NA,NA,33,11,37,15,10,6,12
152,"M",10.3,5,8,55,1,0,NA,NA,NA,33,11,37,15,10,6,12
152,"M",10.3,5,8,57,1,1,NA,NA,NA,33,11,37,15,10,6,12
152,"M",10.3,5,8,58,1,1,NA,NA,NA,33,11,37,15,10,6,12
152,"M",10.3,5,8,60,1,0,NA,NA,NA,33,11,37,15,10,6,12
152,"M",10.3,5,8,1,2,0,1,0,0,33,11,37,15,10,6,12
152,"M",10.3,5,8,3,2,0,0,0,1,33,11,37,15,10,6,12
152,"M",10.3,5,8,6,2,0,1,0,0,33,11,37,15,10,6,12
152,"M",10.3,5,8,7,2,0,1,0,0,33,11,37,15,10,6,12
152,"M",10.3,5,8,10,2,0,1,0,0,33,11,37,15,10,6,12
152,"M",10.3,5,8,11,2,0,1,0,0,33,11,37,15,10,6,12
152,"M",10.3,5,8,12,2,0,1,0,0,33,11,37,15,10,6,12
152,"M",10.3,5,8,14,2,0,1,0,0,33,11,37,15,10,6,12
152,"M",10.3,5,8,17,2,0,1,0,0,33,11,37,15,10,6,12
152,"M",10.3,5,8,18,2,0,1,0,0,33,11,37,15,10,6,12
152,"M",10.3,5,8,21,2,0,1,0,0,33,11,37,15,10,6,12
152,"M",10.3,5,8,24,2,0,1,0,0,33,11,37,15,10,6,12
152,"M",10.3,5,8,25,2,0,1,0,0,33,11,37,15,10,6,12
152,"M",10.3,5,8,26,2,0,1,0,0,33,11,37,15,10,6,12
152,"M",10.3,5,8,27,2,0,1,0,0,33,11,37,15,10,6,12
152,"M",10.3,5,8,30,2,0,1,0,0,33,11,37,15,10,6,12
152,"M",10.3,5,8,31,2,0,1,0,0,33,11,37,15,10,6,12
152,"M",10.3,5,8,33,2,0,1,0,0,33,11,37,15,10,6,12
152,"M",10.3,5,8,34,2,0,1,0,0,33,11,37,15,10,6,12
152,"M",10.3,5,8,38,2,0,1,0,0,33,11,37,15,10,6,12
152,"M",10.3,5,8,41,2,0,1,0,0,33,11,37,15,10,6,12
152,"M",10.3,5,8,42,2,0,1,0,0,33,11,37,15,10,6,12
152,"M",10.3,5,8,44,2,0,1,0,0,33,11,37,15,10,6,12
152,"M",10.3,5,8,46,2,0,1,0,0,33,11,37,15,10,6,12
152,"M",10.3,5,8,47,2,0,1,0,0,33,11,37,15,10,6,12
152,"M",10.3,5,8,48,2,0,1,0,0,33,11,37,15,10,6,12
152,"M",10.3,5,8,50,2,0,1,0,0,33,11,37,15,10,6,12
152,"M",10.3,5,8,53,2,0,1,0,0,33,11,37,15,10,6,12
152,"M",10.3,5,8,56,2,0,1,0,0,33,11,37,15,10,6,12
152,"M",10.3,5,8,59,2,0,1,0,0,33,11,37,15,10,6,12
153,"F",10.8,5,8,1,1,1,NA,NA,NA,32,7,37,23,6,7,18
153,"F",10.8,5,8,2,1,1,NA,NA,NA,32,7,37,23,6,7,18
153,"F",10.8,5,8,3,1,0,NA,NA,NA,32,7,37,23,6,7,18
153,"F",10.8,5,8,7,1,1,NA,NA,NA,32,7,37,23,6,7,18
153,"F",10.8,5,8,8,1,0,NA,NA,NA,32,7,37,23,6,7,18
153,"F",10.8,5,8,9,1,1,NA,NA,NA,32,7,37,23,6,7,18
153,"F",10.8,5,8,11,1,1,NA,NA,NA,32,7,37,23,6,7,18
153,"F",10.8,5,8,13,1,0,NA,NA,NA,32,7,37,23,6,7,18
153,"F",10.8,5,8,15,1,0,NA,NA,NA,32,7,37,23,6,7,18
153,"F",10.8,5,8,18,1,0,NA,NA,NA,32,7,37,23,6,7,18
153,"F",10.8,5,8,20,1,0,NA,NA,NA,32,7,37,23,6,7,18
153,"F",10.8,5,8,23,1,1,NA,NA,NA,32,7,37,23,6,7,18
153,"F",10.8,5,8,24,1,1,NA,NA,NA,32,7,37,23,6,7,18
153,"F",10.8,5,8,27,1,1,NA,NA,NA,32,7,37,23,6,7,18
153,"F",10.8,5,8,28,1,0,NA,NA,NA,32,7,37,23,6,7,18
153,"F",10.8,5,8,29,1,0,NA,NA,NA,32,7,37,23,6,7,18
153,"F",10.8,5,8,33,1,1,NA,NA,NA,32,7,37,23,6,7,18
153,"F",10.8,5,8,34,1,0,NA,NA,NA,32,7,37,23,6,7,18
153,"F",10.8,5,8,38,1,0,NA,NA,NA,32,7,37,23,6,7,18
153,"F",10.8,5,8,39,1,1,NA,NA,NA,32,7,37,23,6,7,18
153,"F",10.8,5,8,41,1,1,NA,NA,NA,32,7,37,23,6,7,18
153,"F",10.8,5,8,43,1,1,NA,NA,NA,32,7,37,23,6,7,18
153,"F",10.8,5,8,44,1,1,NA,NA,NA,32,7,37,23,6,7,18
153,"F",10.8,5,8,47,1,1,NA,NA,NA,32,7,37,23,6,7,18
153,"F",10.8,5,8,48,1,1,NA,NA,NA,32,7,37,23,6,7,18
153,"F",10.8,5,8,49,1,0,NA,NA,NA,32,7,37,23,6,7,18
153,"F",10.8,5,8,53,1,1,NA,NA,NA,32,7,37,23,6,7,18
153,"F",10.8,5,8,55,1,0,NA,NA,NA,32,7,37,23,6,7,18
153,"F",10.8,5,8,56,1,1,NA,NA,NA,32,7,37,23,6,7,18
153,"F",10.8,5,8,58,1,1,NA,NA,NA,32,7,37,23,6,7,18
153,"F",10.8,5,8,4,2,0,1,0,0,32,7,37,23,6,7,18
153,"F",10.8,5,8,5,2,0,1,0,0,32,7,37,23,6,7,18
153,"F",10.8,5,8,6,2,0,1,0,0,32,7,37,23,6,7,18
153,"F",10.8,5,8,10,2,0,1,0,0,32,7,37,23,6,7,18
153,"F",10.8,5,8,12,2,0,1,0,0,32,7,37,23,6,7,18
153,"F",10.8,5,8,14,2,0,1,0,0,32,7,37,23,6,7,18
153,"F",10.8,5,8,16,2,0,1,0,0,32,7,37,23,6,7,18
153,"F",10.8,5,8,17,2,0,1,0,0,32,7,37,23,6,7,18
153,"F",10.8,5,8,19,2,0,1,0,0,32,7,37,23,6,7,18
153,"F",10.8,5,8,21,2,0,1,0,0,32,7,37,23,6,7,18
153,"F",10.8,5,8,22,2,0,1,0,0,32,7,37,23,6,7,18
153,"F",10.8,5,8,25,2,0,1,0,0,32,7,37,23,6,7,18
153,"F",10.8,5,8,26,2,0,1,0,0,32,7,37,23,6,7,18
153,"F",10.8,5,8,30,2,0,1,0,0,32,7,37,23,6,7,18
153,"F",10.8,5,8,31,2,0,0,0,1,32,7,37,23,6,7,18
153,"F",10.8,5,8,32,2,0,1,0,0,32,7,37,23,6,7,18
153,"F",10.8,5,8,35,2,0,1,0,0,32,7,37,23,6,7,18
153,"F",10.8,5,8,36,2,0,0,1,0,32,7,37,23,6,7,18
153,"F",10.8,5,8,37,2,0,1,0,0,32,7,37,23,6,7,18
153,"F",10.8,5,8,40,2,0,1,0,0,32,7,37,23,6,7,18
153,"F",10.8,5,8,42,2,0,1,0,0,32,7,37,23,6,7,18
153,"F",10.8,5,8,45,2,0,1,0,0,32,7,37,23,6,7,18
153,"F",10.8,5,8,46,2,0,1,0,0,32,7,37,23,6,7,18
153,"F",10.8,5,8,50,2,0,1,0,0,32,7,37,23,6,7,18
153,"F",10.8,5,8,51,2,0,1,0,0,32,7,37,23,6,7,18
153,"F",10.8,5,8,52,2,0,1,0,0,32,7,37,23,6,7,18
153,"F",10.8,5,8,54,2,0,1,0,0,32,7,37,23,6,7,18
153,"F",10.8,5,8,57,2,0,1,0,0,32,7,37,23,6,7,18
153,"F",10.8,5,8,59,2,0,1,0,0,32,7,37,23,6,7,18
153,"F",10.8,5,8,60,2,0,1,0,0,32,7,37,23,6,7,18
154,"F",10.4,5,8,1,1,0,NA,NA,NA,34,8,26,23,8,6,7
154,"F",10.4,5,8,2,1,1,NA,NA,NA,34,8,26,23,8,6,7
154,"F",10.4,5,8,5,1,0,NA,NA,NA,34,8,26,23,8,6,7
154,"F",10.4,5,8,9,1,0,NA,NA,NA,34,8,26,23,8,6,7
154,"F",10.4,5,8,10,1,0,NA,NA,NA,34,8,26,23,8,6,7
154,"F",10.4,5,8,13,1,0,NA,NA,NA,34,8,26,23,8,6,7
154,"F",10.4,5,8,17,1,1,NA,NA,NA,34,8,26,23,8,6,7
154,"F",10.4,5,8,19,1,0,NA,NA,NA,34,8,26,23,8,6,7
154,"F",10.4,5,8,23,1,1,NA,NA,NA,34,8,26,23,8,6,7
154,"F",10.4,5,8,24,1,0,NA,NA,NA,34,8,26,23,8,6,7
154,"F",10.4,5,8,25,1,0,NA,NA,NA,34,8,26,23,8,6,7
154,"F",10.4,5,8,26,1,0,NA,NA,NA,34,8,26,23,8,6,7
154,"F",10.4,5,8,27,1,0,NA,NA,NA,34,8,26,23,8,6,7
154,"F",10.4,5,8,30,1,0,NA,NA,NA,34,8,26,23,8,6,7
154,"F",10.4,5,8,31,1,0,NA,NA,NA,34,8,26,23,8,6,7
154,"F",10.4,5,8,33,1,0,NA,NA,NA,34,8,26,23,8,6,7
154,"F",10.4,5,8,34,1,0,NA,NA,NA,34,8,26,23,8,6,7
154,"F",10.4,5,8,35,1,0,NA,NA,NA,34,8,26,23,8,6,7
154,"F",10.4,5,8,37,1,0,NA,NA,NA,34,8,26,23,8,6,7
154,"F",10.4,5,8,41,1,0,NA,NA,NA,34,8,26,23,8,6,7
154,"F",10.4,5,8,43,1,0,NA,NA,NA,34,8,26,23,8,6,7
154,"F",10.4,5,8,45,1,1,NA,NA,NA,34,8,26,23,8,6,7
154,"F",10.4,5,8,47,1,1,NA,NA,NA,34,8,26,23,8,6,7
154,"F",10.4,5,8,49,1,0,NA,NA,NA,34,8,26,23,8,6,7
154,"F",10.4,5,8,51,1,0,NA,NA,NA,34,8,26,23,8,6,7
154,"F",10.4,5,8,52,1,0,NA,NA,NA,34,8,26,23,8,6,7
154,"F",10.4,5,8,54,1,0,NA,NA,NA,34,8,26,23,8,6,7
154,"F",10.4,5,8,55,1,0,NA,NA,NA,34,8,26,23,8,6,7
154,"F",10.4,5,8,56,1,1,NA,NA,NA,34,8,26,23,8,6,7
154,"F",10.4,5,8,58,1,1,NA,NA,NA,34,8,26,23,8,6,7
154,"F",10.4,5,8,3,2,0,0,1,0,34,8,26,23,8,6,7
154,"F",10.4,5,8,4,2,0,1,0,0,34,8,26,23,8,6,7
154,"F",10.4,5,8,6,2,0,1,0,0,34,8,26,23,8,6,7
154,"F",10.4,5,8,7,2,0,1,0,0,34,8,26,23,8,6,7
154,"F",10.4,5,8,8,2,0,1,0,0,34,8,26,23,8,6,7
154,"F",10.4,5,8,11,2,0,1,0,0,34,8,26,23,8,6,7
154,"F",10.4,5,8,12,2,0,0,1,0,34,8,26,23,8,6,7
154,"F",10.4,5,8,14,2,0,1,0,0,34,8,26,23,8,6,7
154,"F",10.4,5,8,15,2,0,0,1,0,34,8,26,23,8,6,7
154,"F",10.4,5,8,16,2,0,0,1,0,34,8,26,23,8,6,7
154,"F",10.4,5,8,18,2,0,0,1,0,34,8,26,23,8,6,7
154,"F",10.4,5,8,20,2,0,1,0,0,34,8,26,23,8,6,7
154,"F",10.4,5,8,21,2,0,0,1,0,34,8,26,23,8,6,7
154,"F",10.4,5,8,22,2,1,0,1,0,34,8,26,23,8,6,7
154,"F",10.4,5,8,28,2,0,1,0,0,34,8,26,23,8,6,7
154,"F",10.4,5,8,29,2,0,1,0,0,34,8,26,23,8,6,7
154,"F",10.4,5,8,32,2,0,1,0,0,34,8,26,23,8,6,7
154,"F",10.4,5,8,36,2,1,0,0,1,34,8,26,23,8,6,7
154,"F",10.4,5,8,38,2,0,1,0,0,34,8,26,23,8,6,7
154,"F",10.4,5,8,39,2,0,1,0,0,34,8,26,23,8,6,7
154,"F",10.4,5,8,40,2,0,1,0,0,34,8,26,23,8,6,7
154,"F",10.4,5,8,42,2,0,1,0,0,34,8,26,23,8,6,7
154,"F",10.4,5,8,44,2,0,0,1,0,34,8,26,23,8,6,7
154,"F",10.4,5,8,46,2,1,0,1,0,34,8,26,23,8,6,7
154,"F",10.4,5,8,48,2,1,0,1,0,34,8,26,23,8,6,7
154,"F",10.4,5,8,50,2,0,0,0,1,34,8,26,23,8,6,7
154,"F",10.4,5,8,53,2,0,1,0,0,34,8,26,23,8,6,7
154,"F",10.4,5,8,57,2,0,1,0,0,34,8,26,23,8,6,7
154,"F",10.4,5,8,59,2,1,0,0,1,34,8,26,23,8,6,7
154,"F",10.4,5,8,60,2,0,1,0,0,34,8,26,23,8,6,7
155,"M",10.7,5,8,1,1,0,NA,NA,NA,15,24,20,35,4,9,18
155,"M",10.7,5,8,2,1,0,NA,NA,NA,15,24,20,35,4,9,18
155,"M",10.7,5,8,3,1,0,NA,NA,NA,15,24,20,35,4,9,18
155,"M",10.7,5,8,7,1,1,NA,NA,NA,15,24,20,35,4,9,18
155,"M",10.7,5,8,9,1,1,NA,NA,NA,15,24,20,35,4,9,18
155,"M",10.7,5,8,10,1,1,NA,NA,NA,15,24,20,35,4,9,18
155,"M",10.7,5,8,11,1,1,NA,NA,NA,15,24,20,35,4,9,18
155,"M",10.7,5,8,12,1,0,NA,NA,NA,15,24,20,35,4,9,18
155,"M",10.7,5,8,14,1,0,NA,NA,NA,15,24,20,35,4,9,18
155,"M",10.7,5,8,15,1,1,NA,NA,NA,15,24,20,35,4,9,18
155,"M",10.7,5,8,17,1,0,NA,NA,NA,15,24,20,35,4,9,18
155,"M",10.7,5,8,19,1,0,NA,NA,NA,15,24,20,35,4,9,18
155,"M",10.7,5,8,25,1,1,NA,NA,NA,15,24,20,35,4,9,18
155,"M",10.7,5,8,26,1,0,NA,NA,NA,15,24,20,35,4,9,18
155,"M",10.7,5,8,28,1,1,NA,NA,NA,15,24,20,35,4,9,18
155,"M",10.7,5,8,29,1,1,NA,NA,NA,15,24,20,35,4,9,18
155,"M",10.7,5,8,31,1,0,NA,NA,NA,15,24,20,35,4,9,18
155,"M",10.7,5,8,32,1,0,NA,NA,NA,15,24,20,35,4,9,18
155,"M",10.7,5,8,33,1,1,NA,NA,NA,15,24,20,35,4,9,18
155,"M",10.7,5,8,34,1,1,NA,NA,NA,15,24,20,35,4,9,18
155,"M",10.7,5,8,38,1,1,NA,NA,NA,15,24,20,35,4,9,18
155,"M",10.7,5,8,40,1,0,NA,NA,NA,15,24,20,35,4,9,18
155,"M",10.7,5,8,43,1,1,NA,NA,NA,15,24,20,35,4,9,18
155,"M",10.7,5,8,45,1,1,NA,NA,NA,15,24,20,35,4,9,18
155,"M",10.7,5,8,47,1,1,NA,NA,NA,15,24,20,35,4,9,18
155,"M",10.7,5,8,49,1,1,NA,NA,NA,15,24,20,35,4,9,18
155,"M",10.7,5,8,52,1,0,NA,NA,NA,15,24,20,35,4,9,18
155,"M",10.7,5,8,53,1,1,NA,NA,NA,15,24,20,35,4,9,18
155,"M",10.7,5,8,54,1,1,NA,NA,NA,15,24,20,35,4,9,18
155,"M",10.7,5,8,58,1,1,NA,NA,NA,15,24,20,35,4,9,18
155,"M",10.7,5,8,4,2,1,0,0,1,15,24,20,35,4,9,18
155,"M",10.7,5,8,5,2,1,0,0,1,15,24,20,35,4,9,18
155,"M",10.7,5,8,6,2,0,0,1,0,15,24,20,35,4,9,18
155,"M",10.7,5,8,8,2,0,0,0,1,15,24,20,35,4,9,18
155,"M",10.7,5,8,13,2,0,0,0,1,15,24,20,35,4,9,18
155,"M",10.7,5,8,16,2,1,0,0,1,15,24,20,35,4,9,18
155,"M",10.7,5,8,18,2,0,0,0,1,15,24,20,35,4,9,18
155,"M",10.7,5,8,20,2,0,0,0,1,15,24,20,35,4,9,18
155,"M",10.7,5,8,21,2,0,0,0,1,15,24,20,35,4,9,18
155,"M",10.7,5,8,22,2,0,0,0,1,15,24,20,35,4,9,18
155,"M",10.7,5,8,23,2,0,0,1,0,15,24,20,35,4,9,18
155,"M",10.7,5,8,24,2,1,0,0,1,15,24,20,35,4,9,18
155,"M",10.7,5,8,27,2,1,0,0,1,15,24,20,35,4,9,18
155,"M",10.7,5,8,30,2,1,0,0,1,15,24,20,35,4,9,18
155,"M",10.7,5,8,35,2,0,0,0,1,15,24,20,35,4,9,18
155,"M",10.7,5,8,36,2,1,0,1,0,15,24,20,35,4,9,18
155,"M",10.7,5,8,37,2,1,0,1,0,15,24,20,35,4,9,18
155,"M",10.7,5,8,39,2,1,0,0,1,15,24,20,35,4,9,18
155,"M",10.7,5,8,41,2,1,0,0,1,15,24,20,35,4,9,18
155,"M",10.7,5,8,42,2,0,0,0,1,15,24,20,35,4,9,18
155,"M",10.7,5,8,44,2,0,0,0,1,15,24,20,35,4,9,18
155,"M",10.7,5,8,46,2,1,0,0,1,15,24,20,35,4,9,18
155,"M",10.7,5,8,48,2,0,0,0,1,15,24,20,35,4,9,18
155,"M",10.7,5,8,50,2,0,0,0,1,15,24,20,35,4,9,18
155,"M",10.7,5,8,51,2,0,0,1,0,15,24,20,35,4,9,18
155,"M",10.7,5,8,55,2,1,0,1,0,15,24,20,35,4,9,18
155,"M",10.7,5,8,56,2,1,0,0,1,15,24,20,35,4,9,18
155,"M",10.7,5,8,57,2,1,0,1,0,15,24,20,35,4,9,18
155,"M",10.7,5,8,59,2,1,0,0,1,15,24,20,35,4,9,18
155,"M",10.7,5,8,60,2,0,0,0,1,15,24,20,35,4,9,18
156,"M",10.8,5,8,1,1,0,NA,NA,NA,31,24,26,35,6,9,13
156,"M",10.8,5,8,3,1,0,NA,NA,NA,31,24,26,35,6,9,13
156,"M",10.8,5,8,4,1,0,NA,NA,NA,31,24,26,35,6,9,13
156,"M",10.8,5,8,8,1,0,NA,NA,NA,31,24,26,35,6,9,13
156,"M",10.8,5,8,10,1,1,NA,NA,NA,31,24,26,35,6,9,13
156,"M",10.8,5,8,13,1,0,NA,NA,NA,31,24,26,35,6,9,13
156,"M",10.8,5,8,15,1,1,NA,NA,NA,31,24,26,35,6,9,13
156,"M",10.8,5,8,18,1,0,NA,NA,NA,31,24,26,35,6,9,13
156,"M",10.8,5,8,20,1,0,NA,NA,NA,31,24,26,35,6,9,13
156,"M",10.8,5,8,21,1,1,NA,NA,NA,31,24,26,35,6,9,13
156,"M",10.8,5,8,22,1,0,NA,NA,NA,31,24,26,35,6,9,13
156,"M",10.8,5,8,23,1,0,NA,NA,NA,31,24,26,35,6,9,13
156,"M",10.8,5,8,24,1,1,NA,NA,NA,31,24,26,35,6,9,13
156,"M",10.8,5,8,25,1,1,NA,NA,NA,31,24,26,35,6,9,13
156,"M",10.8,5,8,29,1,0,NA,NA,NA,31,24,26,35,6,9,13
156,"M",10.8,5,8,30,1,0,NA,NA,NA,31,24,26,35,6,9,13
156,"M",10.8,5,8,32,1,0,NA,NA,NA,31,24,26,35,6,9,13
156,"M",10.8,5,8,35,1,0,NA,NA,NA,31,24,26,35,6,9,13
156,"M",10.8,5,8,36,1,1,NA,NA,NA,31,24,26,35,6,9,13
156,"M",10.8,5,8,40,1,1,NA,NA,NA,31,24,26,35,6,9,13
156,"M",10.8,5,8,42,1,1,NA,NA,NA,31,24,26,35,6,9,13
156,"M",10.8,5,8,44,1,0,NA,NA,NA,31,24,26,35,6,9,13
156,"M",10.8,5,8,46,1,1,NA,NA,NA,31,24,26,35,6,9,13
156,"M",10.8,5,8,47,1,1,NA,NA,NA,31,24,26,35,6,9,13
156,"M",10.8,5,8,51,1,0,NA,NA,NA,31,24,26,35,6,9,13
156,"M",10.8,5,8,52,1,0,NA,NA,NA,31,24,26,35,6,9,13
156,"M",10.8,5,8,53,1,1,NA,NA,NA,31,24,26,35,6,9,13
156,"M",10.8,5,8,56,1,1,NA,NA,NA,31,24,26,35,6,9,13
156,"M",10.8,5,8,58,1,0,NA,NA,NA,31,24,26,35,6,9,13
156,"M",10.8,5,8,59,1,1,NA,NA,NA,31,24,26,35,6,9,13
156,"M",10.8,5,8,2,2,0,0,0,1,31,24,26,35,6,9,13
156,"M",10.8,5,8,5,2,0,0,0,1,31,24,26,35,6,9,13
156,"M",10.8,5,8,6,2,0,0,0,1,31,24,26,35,6,9,13
156,"M",10.8,5,8,7,2,0,1,0,0,31,24,26,35,6,9,13
156,"M",10.8,5,8,9,2,0,0,1,0,31,24,26,35,6,9,13
156,"M",10.8,5,8,11,2,0,0,1,0,31,24,26,35,6,9,13
156,"M",10.8,5,8,12,2,0,0,1,0,31,24,26,35,6,9,13
156,"M",10.8,5,8,14,2,0,1,0,0,31,24,26,35,6,9,13
156,"M",10.8,5,8,16,2,1,0,0,1,31,24,26,35,6,9,13
156,"M",10.8,5,8,17,2,0,0,0,1,31,24,26,35,6,9,13
156,"M",10.8,5,8,19,2,0,0,0,1,31,24,26,35,6,9,13
156,"M",10.8,5,8,26,2,1,0,0,1,31,24,26,35,6,9,13
156,"M",10.8,5,8,27,2,1,0,1,0,31,24,26,35,6,9,13
156,"M",10.8,5,8,28,2,0,1,0,0,31,24,26,35,6,9,13
156,"M",10.8,5,8,31,2,0,1,0,0,31,24,26,35,6,9,13
156,"M",10.8,5,8,33,2,0,0,0,1,31,24,26,35,6,9,13
156,"M",10.8,5,8,34,2,0,0,0,1,31,24,26,35,6,9,13
156,"M",10.8,5,8,37,2,1,0,0,1,31,24,26,35,6,9,13
156,"M",10.8,5,8,38,2,0,0,1,0,31,24,26,35,6,9,13
156,"M",10.8,5,8,39,2,0,0,1,0,31,24,26,35,6,9,13
156,"M",10.8,5,8,41,2,0,0,1,0,31,24,26,35,6,9,13
156,"M",10.8,5,8,43,2,1,0,1,0,31,24,26,35,6,9,13
156,"M",10.8,5,8,45,2,1,0,0,1,31,24,26,35,6,9,13
156,"M",10.8,5,8,48,2,0,1,0,0,31,24,26,35,6,9,13
156,"M",10.8,5,8,49,2,0,0,1,0,31,24,26,35,6,9,13
156,"M",10.8,5,8,50,2,0,0,0,1,31,24,26,35,6,9,13
156,"M",10.8,5,8,54,2,0,0,0,1,31,24,26,35,6,9,13
156,"M",10.8,5,8,55,2,0,0,0,1,31,24,26,35,6,9,13
156,"M",10.8,5,8,57,2,0,0,0,1,31,24,26,35,6,9,13
156,"M",10.8,5,8,60,2,0,0,0,1,31,24,26,35,6,9,13
157,"M",10.2,5,8,2,1,1,NA,NA,NA,22,14,30,16,8,6,24
157,"M",10.2,5,8,3,1,1,NA,NA,NA,22,14,30,16,8,6,24
157,"M",10.2,5,8,4,1,1,NA,NA,NA,22,14,30,16,8,6,24
157,"M",10.2,5,8,5,1,0,NA,NA,NA,22,14,30,16,8,6,24
157,"M",10.2,5,8,10,1,1,NA,NA,NA,22,14,30,16,8,6,24
157,"M",10.2,5,8,11,1,1,NA,NA,NA,22,14,30,16,8,6,24
157,"M",10.2,5,8,14,1,0,NA,NA,NA,22,14,30,16,8,6,24
157,"M",10.2,5,8,16,1,0,NA,NA,NA,22,14,30,16,8,6,24
157,"M",10.2,5,8,17,1,1,NA,NA,NA,22,14,30,16,8,6,24
157,"M",10.2,5,8,19,1,1,NA,NA,NA,22,14,30,16,8,6,24
157,"M",10.2,5,8,20,1,1,NA,NA,NA,22,14,30,16,8,6,24
157,"M",10.2,5,8,22,1,1,NA,NA,NA,22,14,30,16,8,6,24
157,"M",10.2,5,8,23,1,1,NA,NA,NA,22,14,30,16,8,6,24
157,"M",10.2,5,8,24,1,1,NA,NA,NA,22,14,30,16,8,6,24
157,"M",10.2,5,8,25,1,1,NA,NA,NA,22,14,30,16,8,6,24
157,"M",10.2,5,8,29,1,1,NA,NA,NA,22,14,30,16,8,6,24
157,"M",10.2,5,8,34,1,0,NA,NA,NA,22,14,30,16,8,6,24
157,"M",10.2,5,8,35,1,1,NA,NA,NA,22,14,30,16,8,6,24
157,"M",10.2,5,8,44,1,0,NA,NA,NA,22,14,30,16,8,6,24
157,"M",10.2,5,8,45,1,1,NA,NA,NA,22,14,30,16,8,6,24
157,"M",10.2,5,8,47,1,1,NA,NA,NA,22,14,30,16,8,6,24
157,"M",10.2,5,8,50,1,1,NA,NA,NA,22,14,30,16,8,6,24
157,"M",10.2,5,8,51,1,1,NA,NA,NA,22,14,30,16,8,6,24
157,"M",10.2,5,8,52,1,1,NA,NA,NA,22,14,30,16,8,6,24
157,"M",10.2,5,8,53,1,1,NA,NA,NA,22,14,30,16,8,6,24
157,"M",10.2,5,8,54,1,1,NA,NA,NA,22,14,30,16,8,6,24
157,"M",10.2,5,8,55,1,0,NA,NA,NA,22,14,30,16,8,6,24
157,"M",10.2,5,8,56,1,1,NA,NA,NA,22,14,30,16,8,6,24
157,"M",10.2,5,8,58,1,1,NA,NA,NA,22,14,30,16,8,6,24
157,"M",10.2,5,8,59,1,1,NA,NA,NA,22,14,30,16,8,6,24
157,"M",10.2,5,8,1,2,0,1,0,0,22,14,30,16,8,6,24
157,"M",10.2,5,8,6,2,1,0,0,1,22,14,30,16,8,6,24
157,"M",10.2,5,8,7,2,1,0,0,1,22,14,30,16,8,6,24
157,"M",10.2,5,8,8,2,0,1,0,0,22,14,30,16,8,6,24
157,"M",10.2,5,8,9,2,1,0,1,0,22,14,30,16,8,6,24
157,"M",10.2,5,8,12,2,0,1,0,0,22,14,30,16,8,6,24
157,"M",10.2,5,8,13,2,0,0,0,1,22,14,30,16,8,6,24
157,"M",10.2,5,8,15,2,0,1,0,0,22,14,30,16,8,6,24
157,"M",10.2,5,8,18,2,0,0,0,1,22,14,30,16,8,6,24
157,"M",10.2,5,8,21,2,0,1,0,0,22,14,30,16,8,6,24
157,"M",10.2,5,8,26,2,0,0,0,1,22,14,30,16,8,6,24
157,"M",10.2,5,8,27,2,0,1,0,0,22,14,30,16,8,6,24
157,"M",10.2,5,8,28,2,0,0,0,1,22,14,30,16,8,6,24
157,"M",10.2,5,8,30,2,0,0,0,1,22,14,30,16,8,6,24
157,"M",10.2,5,8,31,2,1,0,0,1,22,14,30,16,8,6,24
157,"M",10.2,5,8,32,2,0,1,0,0,22,14,30,16,8,6,24
157,"M",10.2,5,8,33,2,0,1,0,0,22,14,30,16,8,6,24
157,"M",10.2,5,8,36,2,0,1,0,0,22,14,30,16,8,6,24
157,"M",10.2,5,8,37,2,1,0,0,1,22,14,30,16,8,6,24
157,"M",10.2,5,8,38,2,0,1,0,0,22,14,30,16,8,6,24
157,"M",10.2,5,8,39,2,0,1,0,0,22,14,30,16,8,6,24
157,"M",10.2,5,8,40,2,1,0,0,1,22,14,30,16,8,6,24
157,"M",10.2,5,8,41,2,0,1,0,0,22,14,30,16,8,6,24
157,"M",10.2,5,8,42,2,1,0,0,1,22,14,30,16,8,6,24
157,"M",10.2,5,8,43,2,1,0,1,0,22,14,30,16,8,6,24
157,"M",10.2,5,8,46,2,0,1,0,0,22,14,30,16,8,6,24
157,"M",10.2,5,8,48,2,1,0,0,1,22,14,30,16,8,6,24
157,"M",10.2,5,8,49,2,1,0,0,1,22,14,30,16,8,6,24
157,"M",10.2,5,8,57,2,0,1,0,0,22,14,30,16,8,6,24
157,"M",10.2,5,8,60,2,0,1,0,0,22,14,30,16,8,6,24
158,"F",10,5,8,1,1,1,NA,NA,NA,35,11,37,23,10,8,20
158,"F",10,5,8,2,1,1,NA,NA,NA,35,11,37,23,10,8,20
158,"F",10,5,8,3,1,0,NA,NA,NA,35,11,37,23,10,8,20
158,"F",10,5,8,4,1,0,NA,NA,NA,35,11,37,23,10,8,20
158,"F",10,5,8,8,1,0,NA,NA,NA,35,11,37,23,10,8,20
158,"F",10,5,8,11,1,1,NA,NA,NA,35,11,37,23,10,8,20
158,"F",10,5,8,12,1,1,NA,NA,NA,35,11,37,23,10,8,20
158,"F",10,5,8,14,1,1,NA,NA,NA,35,11,37,23,10,8,20
158,"F",10,5,8,15,1,0,NA,NA,NA,35,11,37,23,10,8,20
158,"F",10,5,8,17,1,1,NA,NA,NA,35,11,37,23,10,8,20
158,"F",10,5,8,19,1,1,NA,NA,NA,35,11,37,23,10,8,20
158,"F",10,5,8,20,1,1,NA,NA,NA,35,11,37,23,10,8,20
158,"F",10,5,8,26,1,0,NA,NA,NA,35,11,37,23,10,8,20
158,"F",10,5,8,27,1,0,NA,NA,NA,35,11,37,23,10,8,20
158,"F",10,5,8,28,1,1,NA,NA,NA,35,11,37,23,10,8,20
158,"F",10,5,8,31,1,0,NA,NA,NA,35,11,37,23,10,8,20
158,"F",10,5,8,33,1,1,NA,NA,NA,35,11,37,23,10,8,20
158,"F",10,5,8,38,1,0,NA,NA,NA,35,11,37,23,10,8,20
158,"F",10,5,8,40,1,1,NA,NA,NA,35,11,37,23,10,8,20
158,"F",10,5,8,41,1,1,NA,NA,NA,35,11,37,23,10,8,20
158,"F",10,5,8,42,1,1,NA,NA,NA,35,11,37,23,10,8,20
158,"F",10,5,8,43,1,1,NA,NA,NA,35,11,37,23,10,8,20
158,"F",10,5,8,48,1,1,NA,NA,NA,35,11,37,23,10,8,20
158,"F",10,5,8,49,1,1,NA,NA,NA,35,11,37,23,10,8,20
158,"F",10,5,8,52,1,0,NA,NA,NA,35,11,37,23,10,8,20
158,"F",10,5,8,54,1,1,NA,NA,NA,35,11,37,23,10,8,20
158,"F",10,5,8,57,1,1,NA,NA,NA,35,11,37,23,10,8,20
158,"F",10,5,8,58,1,0,NA,NA,NA,35,11,37,23,10,8,20
158,"F",10,5,8,59,1,1,NA,NA,NA,35,11,37,23,10,8,20
158,"F",10,5,8,60,1,1,NA,NA,NA,35,11,37,23,10,8,20
158,"F",10,5,8,5,2,1,0,1,0,35,11,37,23,10,8,20
158,"F",10,5,8,6,2,0,1,0,0,35,11,37,23,10,8,20
158,"F",10,5,8,7,2,0,1,0,0,35,11,37,23,10,8,20
158,"F",10,5,8,9,2,0,1,0,0,35,11,37,23,10,8,20
158,"F",10,5,8,10,2,0,1,0,0,35,11,37,23,10,8,20
158,"F",10,5,8,13,2,0,1,0,0,35,11,37,23,10,8,20
158,"F",10,5,8,16,2,0,1,0,0,35,11,37,23,10,8,20
158,"F",10,5,8,18,2,0,1,0,0,35,11,37,23,10,8,20
158,"F",10,5,8,21,2,0,1,0,0,35,11,37,23,10,8,20
158,"F",10,5,8,22,2,0,1,0,0,35,11,37,23,10,8,20
158,"F",10,5,8,23,2,0,1,0,0,35,11,37,23,10,8,20
158,"F",10,5,8,24,2,0,1,0,0,35,11,37,23,10,8,20
158,"F",10,5,8,25,2,0,1,0,0,35,11,37,23,10,8,20
158,"F",10,5,8,29,2,0,1,0,0,35,11,37,23,10,8,20
158,"F",10,5,8,30,2,0,1,0,0,35,11,37,23,10,8,20
158,"F",10,5,8,32,2,0,1,0,0,35,11,37,23,10,8,20
158,"F",10,5,8,34,2,0,1,0,0,35,11,37,23,10,8,20
158,"F",10,5,8,35,2,0,1,0,0,35,11,37,23,10,8,20
158,"F",10,5,8,36,2,0,1,0,0,35,11,37,23,10,8,20
158,"F",10,5,8,37,2,0,1,0,0,35,11,37,23,10,8,20
158,"F",10,5,8,39,2,0,1,0,0,35,11,37,23,10,8,20
158,"F",10,5,8,44,2,0,1,0,0,35,11,37,23,10,8,20
158,"F",10,5,8,45,2,1,0,1,0,35,11,37,23,10,8,20
158,"F",10,5,8,46,2,1,0,0,1,35,11,37,23,10,8,20
158,"F",10,5,8,47,2,1,0,0,1,35,11,37,23,10,8,20
158,"F",10,5,8,50,2,0,1,0,0,35,11,37,23,10,8,20
158,"F",10,5,8,51,2,0,1,0,0,35,11,37,23,10,8,20
158,"F",10,5,8,53,2,0,1,0,0,35,11,37,23,10,8,20
158,"F",10,5,8,55,2,0,1,0,0,35,11,37,23,10,8,20
158,"F",10,5,8,56,2,0,1,0,0,35,11,37,23,10,8,20
159,"M",10.1,5,8,3,1,1,NA,NA,NA,14,25,17,30,6,8,30
159,"M",10.1,5,8,7,1,1,NA,NA,NA,14,25,17,30,6,8,30
159,"M",10.1,5,8,9,1,1,NA,NA,NA,14,25,17,30,6,8,30
159,"M",10.1,5,8,10,1,1,NA,NA,NA,14,25,17,30,6,8,30
159,"M",10.1,5,8,11,1,1,NA,NA,NA,14,25,17,30,6,8,30
159,"M",10.1,5,8,12,1,1,NA,NA,NA,14,25,17,30,6,8,30
159,"M",10.1,5,8,15,1,1,NA,NA,NA,14,25,17,30,6,8,30
159,"M",10.1,5,8,16,1,1,NA,NA,NA,14,25,17,30,6,8,30
159,"M",10.1,5,8,17,1,1,NA,NA,NA,14,25,17,30,6,8,30
159,"M",10.1,5,8,18,1,1,NA,NA,NA,14,25,17,30,6,8,30
159,"M",10.1,5,8,19,1,1,NA,NA,NA,14,25,17,30,6,8,30
159,"M",10.1,5,8,20,1,1,NA,NA,NA,14,25,17,30,6,8,30
159,"M",10.1,5,8,21,1,1,NA,NA,NA,14,25,17,30,6,8,30
159,"M",10.1,5,8,24,1,1,NA,NA,NA,14,25,17,30,6,8,30
159,"M",10.1,5,8,26,1,1,NA,NA,NA,14,25,17,30,6,8,30
159,"M",10.1,5,8,27,1,1,NA,NA,NA,14,25,17,30,6,8,30
159,"M",10.1,5,8,28,1,1,NA,NA,NA,14,25,17,30,6,8,30
159,"M",10.1,5,8,30,1,1,NA,NA,NA,14,25,17,30,6,8,30
159,"M",10.1,5,8,32,1,1,NA,NA,NA,14,25,17,30,6,8,30
159,"M",10.1,5,8,33,1,1,NA,NA,NA,14,25,17,30,6,8,30
159,"M",10.1,5,8,36,1,1,NA,NA,NA,14,25,17,30,6,8,30
159,"M",10.1,5,8,37,1,1,NA,NA,NA,14,25,17,30,6,8,30
159,"M",10.1,5,8,38,1,1,NA,NA,NA,14,25,17,30,6,8,30
159,"M",10.1,5,8,39,1,1,NA,NA,NA,14,25,17,30,6,8,30
159,"M",10.1,5,8,45,1,1,NA,NA,NA,14,25,17,30,6,8,30
159,"M",10.1,5,8,47,1,1,NA,NA,NA,14,25,17,30,6,8,30
159,"M",10.1,5,8,53,1,1,NA,NA,NA,14,25,17,30,6,8,30
159,"M",10.1,5,8,54,1,1,NA,NA,NA,14,25,17,30,6,8,30
159,"M",10.1,5,8,57,1,1,NA,NA,NA,14,25,17,30,6,8,30
159,"M",10.1,5,8,58,1,1,NA,NA,NA,14,25,17,30,6,8,30
159,"M",10.1,5,8,1,2,1,0,0,1,14,25,17,30,6,8,30
159,"M",10.1,5,8,2,2,1,0,0,1,14,25,17,30,6,8,30
159,"M",10.1,5,8,4,2,0,0,0,1,14,25,17,30,6,8,30
159,"M",10.1,5,8,5,2,1,0,0,1,14,25,17,30,6,8,30
159,"M",10.1,5,8,6,2,0,0,0,1,14,25,17,30,6,8,30
159,"M",10.1,5,8,8,2,1,0,0,1,14,25,17,30,6,8,30
159,"M",10.1,5,8,13,2,1,0,0,1,14,25,17,30,6,8,30
159,"M",10.1,5,8,14,2,1,0,0,1,14,25,17,30,6,8,30
159,"M",10.1,5,8,22,2,1,0,0,1,14,25,17,30,6,8,30
159,"M",10.1,5,8,23,2,1,0,0,1,14,25,17,30,6,8,30
159,"M",10.1,5,8,25,2,1,0,0,1,14,25,17,30,6,8,30
159,"M",10.1,5,8,29,2,1,0,0,1,14,25,17,30,6,8,30
159,"M",10.1,5,8,31,2,1,0,0,1,14,25,17,30,6,8,30
159,"M",10.1,5,8,34,2,1,0,0,1,14,25,17,30,6,8,30
159,"M",10.1,5,8,35,2,1,0,0,1,14,25,17,30,6,8,30
159,"M",10.1,5,8,40,2,1,0,0,1,14,25,17,30,6,8,30
159,"M",10.1,5,8,41,2,1,0,1,0,14,25,17,30,6,8,30
159,"M",10.1,5,8,42,2,1,0,0,1,14,25,17,30,6,8,30
159,"M",10.1,5,8,43,2,1,0,1,0,14,25,17,30,6,8,30
159,"M",10.1,5,8,44,2,1,0,1,0,14,25,17,30,6,8,30
159,"M",10.1,5,8,46,2,1,0,0,1,14,25,17,30,6,8,30
159,"M",10.1,5,8,48,2,1,0,0,1,14,25,17,30,6,8,30
159,"M",10.1,5,8,49,2,1,0,0,1,14,25,17,30,6,8,30
159,"M",10.1,5,8,50,2,1,0,0,1,14,25,17,30,6,8,30
159,"M",10.1,5,8,51,2,0,0,0,1,14,25,17,30,6,8,30
159,"M",10.1,5,8,52,2,1,0,0,1,14,25,17,30,6,8,30
159,"M",10.1,5,8,55,2,1,0,1,0,14,25,17,30,6,8,30
159,"M",10.1,5,8,56,2,1,0,1,0,14,25,17,30,6,8,30
159,"M",10.1,5,8,59,2,1,0,0,1,14,25,17,30,6,8,30
159,"M",10.1,5,8,60,2,1,0,0,1,14,25,17,30,6,8,30
160,"M",10.7,5,8,1,1,1,NA,NA,NA,40,6,38,11,12,3,8
160,"M",10.7,5,8,2,1,0,NA,NA,NA,40,6,38,11,12,3,8
160,"M",10.7,5,8,3,1,0,NA,NA,NA,40,6,38,11,12,3,8
160,"M",10.7,5,8,6,1,0,NA,NA,NA,40,6,38,11,12,3,8
160,"M",10.7,5,8,7,1,0,NA,NA,NA,40,6,38,11,12,3,8
160,"M",10.7,5,8,8,1,1,NA,NA,NA,40,6,38,11,12,3,8
160,"M",10.7,5,8,10,1,0,NA,NA,NA,40,6,38,11,12,3,8
160,"M",10.7,5,8,11,1,1,NA,NA,NA,40,6,38,11,12,3,8
160,"M",10.7,5,8,13,1,0,NA,NA,NA,40,6,38,11,12,3,8
160,"M",10.7,5,8,14,1,0,NA,NA,NA,40,6,38,11,12,3,8
160,"M",10.7,5,8,16,1,0,NA,NA,NA,40,6,38,11,12,3,8
160,"M",10.7,5,8,18,1,0,NA,NA,NA,40,6,38,11,12,3,8
160,"M",10.7,5,8,20,1,0,NA,NA,NA,40,6,38,11,12,3,8
160,"M",10.7,5,8,23,1,0,NA,NA,NA,40,6,38,11,12,3,8
160,"M",10.7,5,8,24,1,0,NA,NA,NA,40,6,38,11,12,3,8
160,"M",10.7,5,8,25,1,0,NA,NA,NA,40,6,38,11,12,3,8
160,"M",10.7,5,8,26,1,0,NA,NA,NA,40,6,38,11,12,3,8
160,"M",10.7,5,8,29,1,1,NA,NA,NA,40,6,38,11,12,3,8
160,"M",10.7,5,8,30,1,0,NA,NA,NA,40,6,38,11,12,3,8
160,"M",10.7,5,8,31,1,0,NA,NA,NA,40,6,38,11,12,3,8
160,"M",10.7,5,8,32,1,1,NA,NA,NA,40,6,38,11,12,3,8
160,"M",10.7,5,8,33,1,1,NA,NA,NA,40,6,38,11,12,3,8
160,"M",10.7,5,8,37,1,0,NA,NA,NA,40,6,38,11,12,3,8
160,"M",10.7,5,8,38,1,0,NA,NA,NA,40,6,38,11,12,3,8
160,"M",10.7,5,8,41,1,0,NA,NA,NA,40,6,38,11,12,3,8
160,"M",10.7,5,8,43,1,0,NA,NA,NA,40,6,38,11,12,3,8
160,"M",10.7,5,8,45,1,1,NA,NA,NA,40,6,38,11,12,3,8
160,"M",10.7,5,8,46,1,0,NA,NA,NA,40,6,38,11,12,3,8
160,"M",10.7,5,8,47,1,1,NA,NA,NA,40,6,38,11,12,3,8
160,"M",10.7,5,8,52,1,0,NA,NA,NA,40,6,38,11,12,3,8
160,"M",10.7,5,8,4,2,0,1,0,0,40,6,38,11,12,3,8
160,"M",10.7,5,8,5,2,0,1,0,0,40,6,38,11,12,3,8
160,"M",10.7,5,8,9,2,0,1,0,0,40,6,38,11,12,3,8
160,"M",10.7,5,8,12,2,0,0,1,0,40,6,38,11,12,3,8
160,"M",10.7,5,8,15,2,0,1,0,0,40,6,38,11,12,3,8
160,"M",10.7,5,8,17,2,0,1,0,0,40,6,38,11,12,3,8
160,"M",10.7,5,8,19,2,0,1,0,0,40,6,38,11,12,3,8
160,"M",10.7,5,8,21,2,0,1,0,0,40,6,38,11,12,3,8
160,"M",10.7,5,8,22,2,0,1,0,0,40,6,38,11,12,3,8
160,"M",10.7,5,8,27,2,0,1,0,0,40,6,38,11,12,3,8
160,"M",10.7,5,8,28,2,0,1,0,0,40,6,38,11,12,3,8
160,"M",10.7,5,8,34,2,0,1,0,0,40,6,38,11,12,3,8
160,"M",10.7,5,8,35,2,0,1,0,0,40,6,38,11,12,3,8
160,"M",10.7,5,8,36,2,0,1,0,0,40,6,38,11,12,3,8
160,"M",10.7,5,8,39,2,0,0,1,0,40,6,38,11,12,3,8
160,"M",10.7,5,8,40,2,0,1,0,0,40,6,38,11,12,3,8
160,"M",10.7,5,8,42,2,0,1,0,0,40,6,38,11,12,3,8
160,"M",10.7,5,8,44,2,0,1,0,0,40,6,38,11,12,3,8
160,"M",10.7,5,8,48,2,0,1,0,0,40,6,38,11,12,3,8
160,"M",10.7,5,8,49,2,0,1,0,0,40,6,38,11,12,3,8
160,"M",10.7,5,8,50,2,0,1,0,0,40,6,38,11,12,3,8
160,"M",10.7,5,8,51,2,0,1,0,0,40,6,38,11,12,3,8
160,"M",10.7,5,8,53,2,0,1,0,0,40,6,38,11,12,3,8
160,"M",10.7,5,8,54,2,0,1,0,0,40,6,38,11,12,3,8
160,"M",10.7,5,8,55,2,0,1,0,0,40,6,38,11,12,3,8
160,"M",10.7,5,8,56,2,0,1,0,0,40,6,38,11,12,3,8
160,"M",10.7,5,8,57,2,0,1,0,0,40,6,38,11,12,3,8
160,"M",10.7,5,8,58,2,0,1,0,0,40,6,38,11,12,3,8
160,"M",10.7,5,8,59,2,0,1,0,0,40,6,38,11,12,3,8
160,"M",10.7,5,8,60,2,0,1,0,0,40,6,38,11,12,3,8
161,"F",10.9,5,9,6,1,0,NA,NA,NA,17,26,17,37,4,11,18
161,"F",10.9,5,9,9,1,0,NA,NA,NA,17,26,17,37,4,11,18
161,"F",10.9,5,9,13,1,0,NA,NA,NA,17,26,17,37,4,11,18
161,"F",10.9,5,9,14,1,0,NA,NA,NA,17,26,17,37,4,11,18
161,"F",10.9,5,9,15,1,0,NA,NA,NA,17,26,17,37,4,11,18
161,"F",10.9,5,9,16,1,1,NA,NA,NA,17,26,17,37,4,11,18
161,"F",10.9,5,9,17,1,1,NA,NA,NA,17,26,17,37,4,11,18
161,"F",10.9,5,9,18,1,1,NA,NA,NA,17,26,17,37,4,11,18
161,"F",10.9,5,9,20,1,1,NA,NA,NA,17,26,17,37,4,11,18
161,"F",10.9,5,9,21,1,1,NA,NA,NA,17,26,17,37,4,11,18
161,"F",10.9,5,9,23,1,1,NA,NA,NA,17,26,17,37,4,11,18
161,"F",10.9,5,9,25,1,0,NA,NA,NA,17,26,17,37,4,11,18
161,"F",10.9,5,9,27,1,1,NA,NA,NA,17,26,17,37,4,11,18
161,"F",10.9,5,9,30,1,1,NA,NA,NA,17,26,17,37,4,11,18
161,"F",10.9,5,9,32,1,0,NA,NA,NA,17,26,17,37,4,11,18
161,"F",10.9,5,9,34,1,1,NA,NA,NA,17,26,17,37,4,11,18
161,"F",10.9,5,9,35,1,0,NA,NA,NA,17,26,17,37,4,11,18
161,"F",10.9,5,9,37,1,1,NA,NA,NA,17,26,17,37,4,11,18
161,"F",10.9,5,9,38,1,0,NA,NA,NA,17,26,17,37,4,11,18
161,"F",10.9,5,9,41,1,1,NA,NA,NA,17,26,17,37,4,11,18
161,"F",10.9,5,9,42,1,0,NA,NA,NA,17,26,17,37,4,11,18
161,"F",10.9,5,9,43,1,1,NA,NA,NA,17,26,17,37,4,11,18
161,"F",10.9,5,9,45,1,0,NA,NA,NA,17,26,17,37,4,11,18
161,"F",10.9,5,9,50,1,1,NA,NA,NA,17,26,17,37,4,11,18
161,"F",10.9,5,9,51,1,1,NA,NA,NA,17,26,17,37,4,11,18
161,"F",10.9,5,9,52,1,0,NA,NA,NA,17,26,17,37,4,11,18
161,"F",10.9,5,9,53,1,1,NA,NA,NA,17,26,17,37,4,11,18
161,"F",10.9,5,9,56,1,1,NA,NA,NA,17,26,17,37,4,11,18
161,"F",10.9,5,9,57,1,1,NA,NA,NA,17,26,17,37,4,11,18
161,"F",10.9,5,9,59,1,1,NA,NA,NA,17,26,17,37,4,11,18
161,"F",10.9,5,9,1,2,1,0,0,1,17,26,17,37,4,11,18
161,"F",10.9,5,9,2,2,0,1,0,0,17,26,17,37,4,11,18
161,"F",10.9,5,9,3,2,0,0,0,1,17,26,17,37,4,11,18
161,"F",10.9,5,9,4,2,0,0,0,1,17,26,17,37,4,11,18
161,"F",10.9,5,9,5,2,1,0,0,1,17,26,17,37,4,11,18
161,"F",10.9,5,9,7,2,1,0,0,1,17,26,17,37,4,11,18
161,"F",10.9,5,9,8,2,0,0,0,1,17,26,17,37,4,11,18
161,"F",10.9,5,9,10,2,1,0,0,1,17,26,17,37,4,11,18
161,"F",10.9,5,9,11,2,1,0,0,1,17,26,17,37,4,11,18
161,"F",10.9,5,9,12,2,1,0,0,1,17,26,17,37,4,11,18
161,"F",10.9,5,9,19,2,1,0,0,1,17,26,17,37,4,11,18
161,"F",10.9,5,9,22,2,1,0,0,1,17,26,17,37,4,11,18
161,"F",10.9,5,9,24,2,1,0,0,1,17,26,17,37,4,11,18
161,"F",10.9,5,9,26,2,0,0,0,1,17,26,17,37,4,11,18
161,"F",10.9,5,9,28,2,1,0,0,1,17,26,17,37,4,11,18
161,"F",10.9,5,9,29,2,1,0,1,0,17,26,17,37,4,11,18
161,"F",10.9,5,9,31,2,1,0,0,1,17,26,17,37,4,11,18
161,"F",10.9,5,9,33,2,1,0,1,0,17,26,17,37,4,11,18
161,"F",10.9,5,9,36,2,1,0,0,1,17,26,17,37,4,11,18
161,"F",10.9,5,9,39,2,1,0,0,1,17,26,17,37,4,11,18
161,"F",10.9,5,9,40,2,0,0,1,0,17,26,17,37,4,11,18
161,"F",10.9,5,9,44,2,1,0,0,1,17,26,17,37,4,11,18
161,"F",10.9,5,9,46,2,1,0,0,1,17,26,17,37,4,11,18
161,"F",10.9,5,9,47,2,1,0,1,0,17,26,17,37,4,11,18
161,"F",10.9,5,9,48,2,1,0,1,0,17,26,17,37,4,11,18
161,"F",10.9,5,9,49,2,1,0,1,0,17,26,17,37,4,11,18
161,"F",10.9,5,9,54,2,1,0,0,1,17,26,17,37,4,11,18
161,"F",10.9,5,9,55,2,1,0,0,1,17,26,17,37,4,11,18
161,"F",10.9,5,9,58,2,0,0,0,1,17,26,17,37,4,11,18
161,"F",10.9,5,9,60,2,1,0,1,0,17,26,17,37,4,11,18
162,"M",10.6,5,9,1,1,1,NA,NA,NA,29,19,18,21,6,8,26
162,"M",10.6,5,9,3,1,1,NA,NA,NA,29,19,18,21,6,8,26
162,"M",10.6,5,9,4,1,1,NA,NA,NA,29,19,18,21,6,8,26
162,"M",10.6,5,9,5,1,1,NA,NA,NA,29,19,18,21,6,8,26
162,"M",10.6,5,9,6,1,1,NA,NA,NA,29,19,18,21,6,8,26
162,"M",10.6,5,9,8,1,1,NA,NA,NA,29,19,18,21,6,8,26
162,"M",10.6,5,9,9,1,1,NA,NA,NA,29,19,18,21,6,8,26
162,"M",10.6,5,9,11,1,1,NA,NA,NA,29,19,18,21,6,8,26
162,"M",10.6,5,9,13,1,1,NA,NA,NA,29,19,18,21,6,8,26
162,"M",10.6,5,9,14,1,1,NA,NA,NA,29,19,18,21,6,8,26
162,"M",10.6,5,9,19,1,1,NA,NA,NA,29,19,18,21,6,8,26
162,"M",10.6,5,9,23,1,1,NA,NA,NA,29,19,18,21,6,8,26
162,"M",10.6,5,9,24,1,0,NA,NA,NA,29,19,18,21,6,8,26
162,"M",10.6,5,9,25,1,1,NA,NA,NA,29,19,18,21,6,8,26
162,"M",10.6,5,9,27,1,1,NA,NA,NA,29,19,18,21,6,8,26
162,"M",10.6,5,9,30,1,1,NA,NA,NA,29,19,18,21,6,8,26
162,"M",10.6,5,9,31,1,1,NA,NA,NA,29,19,18,21,6,8,26
162,"M",10.6,5,9,33,1,1,NA,NA,NA,29,19,18,21,6,8,26
162,"M",10.6,5,9,34,1,0,NA,NA,NA,29,19,18,21,6,8,26
162,"M",10.6,5,9,35,1,1,NA,NA,NA,29,19,18,21,6,8,26
162,"M",10.6,5,9,37,1,1,NA,NA,NA,29,19,18,21,6,8,26
162,"M",10.6,5,9,40,1,1,NA,NA,NA,29,19,18,21,6,8,26
162,"M",10.6,5,9,41,1,0,NA,NA,NA,29,19,18,21,6,8,26
162,"M",10.6,5,9,45,1,1,NA,NA,NA,29,19,18,21,6,8,26
162,"M",10.6,5,9,46,1,1,NA,NA,NA,29,19,18,21,6,8,26
162,"M",10.6,5,9,47,1,1,NA,NA,NA,29,19,18,21,6,8,26
162,"M",10.6,5,9,48,1,1,NA,NA,NA,29,19,18,21,6,8,26
162,"M",10.6,5,9,49,1,1,NA,NA,NA,29,19,18,21,6,8,26
162,"M",10.6,5,9,50,1,1,NA,NA,NA,29,19,18,21,6,8,26
162,"M",10.6,5,9,55,1,0,NA,NA,NA,29,19,18,21,6,8,26
162,"M",10.6,5,9,2,2,1,0,0,1,29,19,18,21,6,8,26
162,"M",10.6,5,9,7,2,1,0,1,0,29,19,18,21,6,8,26
162,"M",10.6,5,9,10,2,1,0,1,0,29,19,18,21,6,8,26
162,"M",10.6,5,9,12,2,1,0,1,0,29,19,18,21,6,8,26
162,"M",10.6,5,9,15,2,1,0,1,0,29,19,18,21,6,8,26
162,"M",10.6,5,9,16,2,0,1,0,0,29,19,18,21,6,8,26
162,"M",10.6,5,9,17,2,1,0,0,1,29,19,18,21,6,8,26
162,"M",10.6,5,9,18,2,1,0,0,1,29,19,18,21,6,8,26
162,"M",10.6,5,9,20,2,1,0,1,0,29,19,18,21,6,8,26
162,"M",10.6,5,9,21,2,1,0,0,1,29,19,18,21,6,8,26
162,"M",10.6,5,9,22,2,0,1,0,0,29,19,18,21,6,8,26
162,"M",10.6,5,9,26,2,1,0,0,1,29,19,18,21,6,8,26
162,"M",10.6,5,9,28,2,1,0,1,0,29,19,18,21,6,8,26
162,"M",10.6,5,9,29,2,0,0,1,0,29,19,18,21,6,8,26
162,"M",10.6,5,9,32,2,1,0,1,0,29,19,18,21,6,8,26
162,"M",10.6,5,9,36,2,1,0,1,0,29,19,18,21,6,8,26
162,"M",10.6,5,9,38,2,1,0,1,0,29,19,18,21,6,8,26
162,"M",10.6,5,9,39,2,1,0,0,1,29,19,18,21,6,8,26
162,"M",10.6,5,9,42,2,1,0,1,0,29,19,18,21,6,8,26
162,"M",10.6,5,9,43,2,1,0,0,1,29,19,18,21,6,8,26
162,"M",10.6,5,9,44,2,1,0,1,0,29,19,18,21,6,8,26
162,"M",10.6,5,9,51,2,1,0,1,0,29,19,18,21,6,8,26
162,"M",10.6,5,9,52,2,1,0,0,1,29,19,18,21,6,8,26
162,"M",10.6,5,9,53,2,1,0,1,0,29,19,18,21,6,8,26
162,"M",10.6,5,9,54,2,1,0,1,0,29,19,18,21,6,8,26
162,"M",10.6,5,9,56,2,1,0,0,1,29,19,18,21,6,8,26
162,"M",10.6,5,9,57,2,0,1,0,0,29,19,18,21,6,8,26
162,"M",10.6,5,9,58,2,1,0,1,0,29,19,18,21,6,8,26
162,"M",10.6,5,9,59,2,1,0,0,1,29,19,18,21,6,8,26
162,"M",10.6,5,9,60,2,0,0,1,0,29,19,18,21,6,8,26
163,"F",10.6,5,9,2,1,0,NA,NA,NA,25,17,21,24,5,5,16
163,"F",10.6,5,9,3,1,0,NA,NA,NA,25,17,21,24,5,5,16
163,"F",10.6,5,9,7,1,1,NA,NA,NA,25,17,21,24,5,5,16
163,"F",10.6,5,9,8,1,0,NA,NA,NA,25,17,21,24,5,5,16
163,"F",10.6,5,9,9,1,1,NA,NA,NA,25,17,21,24,5,5,16
163,"F",10.6,5,9,10,1,1,NA,NA,NA,25,17,21,24,5,5,16
163,"F",10.6,5,9,11,1,1,NA,NA,NA,25,17,21,24,5,5,16
163,"F",10.6,5,9,12,1,1,NA,NA,NA,25,17,21,24,5,5,16
163,"F",10.6,5,9,16,1,0,NA,NA,NA,25,17,21,24,5,5,16
163,"F",10.6,5,9,19,1,1,NA,NA,NA,25,17,21,24,5,5,16
163,"F",10.6,5,9,22,1,1,NA,NA,NA,25,17,21,24,5,5,16
163,"F",10.6,5,9,24,1,0,NA,NA,NA,25,17,21,24,5,5,16
163,"F",10.6,5,9,26,1,1,NA,NA,NA,25,17,21,24,5,5,16
163,"F",10.6,5,9,27,1,1,NA,NA,NA,25,17,21,24,5,5,16
163,"F",10.6,5,9,28,1,0,NA,NA,NA,25,17,21,24,5,5,16
163,"F",10.6,5,9,29,1,0,NA,NA,NA,25,17,21,24,5,5,16
163,"F",10.6,5,9,31,1,1,NA,NA,NA,25,17,21,24,5,5,16
163,"F",10.6,5,9,35,1,0,NA,NA,NA,25,17,21,24,5,5,16
163,"F",10.6,5,9,36,1,1,NA,NA,NA,25,17,21,24,5,5,16
163,"F",10.6,5,9,38,1,1,NA,NA,NA,25,17,21,24,5,5,16
163,"F",10.6,5,9,44,1,1,NA,NA,NA,25,17,21,24,5,5,16
163,"F",10.6,5,9,46,1,1,NA,NA,NA,25,17,21,24,5,5,16
163,"F",10.6,5,9,47,1,1,NA,NA,NA,25,17,21,24,5,5,16
163,"F",10.6,5,9,48,1,0,NA,NA,NA,25,17,21,24,5,5,16
163,"F",10.6,5,9,49,1,0,NA,NA,NA,25,17,21,24,5,5,16
163,"F",10.6,5,9,52,1,0,NA,NA,NA,25,17,21,24,5,5,16
163,"F",10.6,5,9,53,1,1,NA,NA,NA,25,17,21,24,5,5,16
163,"F",10.6,5,9,54,1,0,NA,NA,NA,25,17,21,24,5,5,16
163,"F",10.6,5,9,55,1,0,NA,NA,NA,25,17,21,24,5,5,16
163,"F",10.6,5,9,60,1,0,NA,NA,NA,25,17,21,24,5,5,16
163,"F",10.6,5,9,1,2,1,0,0,1,25,17,21,24,5,5,16
163,"F",10.6,5,9,4,2,1,0,1,0,25,17,21,24,5,5,16
163,"F",10.6,5,9,5,2,1,0,1,0,25,17,21,24,5,5,16
163,"F",10.6,5,9,6,2,0,0,1,0,25,17,21,24,5,5,16
163,"F",10.6,5,9,13,2,0,0,0,1,25,17,21,24,5,5,16
163,"F",10.6,5,9,14,2,0,0,0,1,25,17,21,24,5,5,16
163,"F",10.6,5,9,15,2,0,1,0,0,25,17,21,24,5,5,16
163,"F",10.6,5,9,17,2,1,0,0,1,25,17,21,24,5,5,16
163,"F",10.6,5,9,18,2,0,0,1,0,25,17,21,24,5,5,16
163,"F",10.6,5,9,20,2,0,1,0,0,25,17,21,24,5,5,16
163,"F",10.6,5,9,21,2,0,0,0,1,25,17,21,24,5,5,16
163,"F",10.6,5,9,23,2,1,0,1,0,25,17,21,24,5,5,16
163,"F",10.6,5,9,25,2,1,0,0,1,25,17,21,24,5,5,16
163,"F",10.6,5,9,30,2,0,1,0,0,25,17,21,24,5,5,16
163,"F",10.6,5,9,32,2,1,0,1,0,25,17,21,24,5,5,16
163,"F",10.6,5,9,33,2,1,0,0,1,25,17,21,24,5,5,16
163,"F",10.6,5,9,34,2,1,0,0,1,25,17,21,24,5,5,16
163,"F",10.6,5,9,37,2,0,0,0,1,25,17,21,24,5,5,16
163,"F",10.6,5,9,39,2,1,0,1,0,25,17,21,24,5,5,16
163,"F",10.6,5,9,40,2,1,0,0,1,25,17,21,24,5,5,16
163,"F",10.6,5,9,41,2,0,0,0,1,25,17,21,24,5,5,16
163,"F",10.6,5,9,42,2,1,0,1,0,25,17,21,24,5,5,16
163,"F",10.6,5,9,43,2,1,0,0,1,25,17,21,24,5,5,16
163,"F",10.6,5,9,45,2,0,1,0,0,25,17,21,24,5,5,16
163,"F",10.6,5,9,50,2,1,0,0,1,25,17,21,24,5,5,16
163,"F",10.6,5,9,51,2,1,0,0,1,25,17,21,24,5,5,16
163,"F",10.6,5,9,56,2,1,0,1,0,25,17,21,24,5,5,16
163,"F",10.6,5,9,57,2,0,0,0,1,25,17,21,24,5,5,16
163,"F",10.6,5,9,58,2,0,0,0,1,25,17,21,24,5,5,16
163,"F",10.6,5,9,59,2,0,0,0,1,25,17,21,24,5,5,16
164,"F",10.2,5,9,2,1,0,NA,NA,NA,27,14,16,27,7,8,10
164,"F",10.2,5,9,9,1,1,NA,NA,NA,27,14,16,27,7,8,10
164,"F",10.2,5,9,11,1,0,NA,NA,NA,27,14,16,27,7,8,10
164,"F",10.2,5,9,13,1,0,NA,NA,NA,27,14,16,27,7,8,10
164,"F",10.2,5,9,14,1,0,NA,NA,NA,27,14,16,27,7,8,10
164,"F",10.2,5,9,16,1,0,NA,NA,NA,27,14,16,27,7,8,10
164,"F",10.2,5,9,17,1,0,NA,NA,NA,27,14,16,27,7,8,10
164,"F",10.2,5,9,19,1,1,NA,NA,NA,27,14,16,27,7,8,10
164,"F",10.2,5,9,21,1,1,NA,NA,NA,27,14,16,27,7,8,10
164,"F",10.2,5,9,25,1,1,NA,NA,NA,27,14,16,27,7,8,10
164,"F",10.2,5,9,26,1,0,NA,NA,NA,27,14,16,27,7,8,10
164,"F",10.2,5,9,29,1,0,NA,NA,NA,27,14,16,27,7,8,10
164,"F",10.2,5,9,31,1,0,NA,NA,NA,27,14,16,27,7,8,10
164,"F",10.2,5,9,32,1,0,NA,NA,NA,27,14,16,27,7,8,10
164,"F",10.2,5,9,33,1,0,NA,NA,NA,27,14,16,27,7,8,10
164,"F",10.2,5,9,34,1,0,NA,NA,NA,27,14,16,27,7,8,10
164,"F",10.2,5,9,35,1,0,NA,NA,NA,27,14,16,27,7,8,10
164,"F",10.2,5,9,36,1,1,NA,NA,NA,27,14,16,27,7,8,10
164,"F",10.2,5,9,38,1,0,NA,NA,NA,27,14,16,27,7,8,10
164,"F",10.2,5,9,41,1,1,NA,NA,NA,27,14,16,27,7,8,10
164,"F",10.2,5,9,42,1,0,NA,NA,NA,27,14,16,27,7,8,10
164,"F",10.2,5,9,45,1,1,NA,NA,NA,27,14,16,27,7,8,10
164,"F",10.2,5,9,47,1,1,NA,NA,NA,27,14,16,27,7,8,10
164,"F",10.2,5,9,49,1,0,NA,NA,NA,27,14,16,27,7,8,10
164,"F",10.2,5,9,51,1,0,NA,NA,NA,27,14,16,27,7,8,10
164,"F",10.2,5,9,54,1,0,NA,NA,NA,27,14,16,27,7,8,10
164,"F",10.2,5,9,56,1,1,NA,NA,NA,27,14,16,27,7,8,10
164,"F",10.2,5,9,57,1,0,NA,NA,NA,27,14,16,27,7,8,10
164,"F",10.2,5,9,59,1,1,NA,NA,NA,27,14,16,27,7,8,10
164,"F",10.2,5,9,60,1,0,NA,NA,NA,27,14,16,27,7,8,10
164,"F",10.2,5,9,1,2,1,0,1,0,27,14,16,27,7,8,10
164,"F",10.2,5,9,3,2,0,0,1,0,27,14,16,27,7,8,10
164,"F",10.2,5,9,4,2,0,0,0,1,27,14,16,27,7,8,10
164,"F",10.2,5,9,5,2,0,0,0,1,27,14,16,27,7,8,10
164,"F",10.2,5,9,6,2,0,0,0,1,27,14,16,27,7,8,10
164,"F",10.2,5,9,7,2,1,0,1,0,27,14,16,27,7,8,10
164,"F",10.2,5,9,8,2,0,0,1,0,27,14,16,27,7,8,10
164,"F",10.2,5,9,10,2,0,1,0,0,27,14,16,27,7,8,10
164,"F",10.2,5,9,12,2,0,0,1,0,27,14,16,27,7,8,10
164,"F",10.2,5,9,15,2,0,0,0,1,27,14,16,27,7,8,10
164,"F",10.2,5,9,18,2,0,0,0,1,27,14,16,27,7,8,10
164,"F",10.2,5,9,20,2,0,1,0,0,27,14,16,27,7,8,10
164,"F",10.2,5,9,22,2,0,0,1,0,27,14,16,27,7,8,10
164,"F",10.2,5,9,23,2,0,0,1,0,27,14,16,27,7,8,10
164,"F",10.2,5,9,24,2,0,0,1,0,27,14,16,27,7,8,10
164,"F",10.2,5,9,27,2,0,0,1,0,27,14,16,27,7,8,10
164,"F",10.2,5,9,28,2,0,0,1,0,27,14,16,27,7,8,10
164,"F",10.2,5,9,30,2,0,0,1,0,27,14,16,27,7,8,10
164,"F",10.2,5,9,37,2,0,0,0,1,27,14,16,27,7,8,10
164,"F",10.2,5,9,39,2,0,0,1,0,27,14,16,27,7,8,10
164,"F",10.2,5,9,40,2,1,0,1,0,27,14,16,27,7,8,10
164,"F",10.2,5,9,43,2,1,0,1,0,27,14,16,27,7,8,10
164,"F",10.2,5,9,44,2,0,0,0,1,27,14,16,27,7,8,10
164,"F",10.2,5,9,46,2,1,0,1,0,27,14,16,27,7,8,10
164,"F",10.2,5,9,48,2,0,0,1,0,27,14,16,27,7,8,10
164,"F",10.2,5,9,50,2,0,0,0,1,27,14,16,27,7,8,10
164,"F",10.2,5,9,52,2,1,0,1,0,27,14,16,27,7,8,10
164,"F",10.2,5,9,53,2,0,0,0,1,27,14,16,27,7,8,10
164,"F",10.2,5,9,55,2,1,0,1,0,27,14,16,27,7,8,10
164,"F",10.2,5,9,58,2,1,0,1,0,27,14,16,27,7,8,10
165,"F",10.5,5,9,1,1,1,NA,NA,NA,20,14,20,19,7,10,16
165,"F",10.5,5,9,2,1,0,NA,NA,NA,20,14,20,19,7,10,16
165,"F",10.5,5,9,3,1,0,NA,NA,NA,20,14,20,19,7,10,16
165,"F",10.5,5,9,5,1,0,NA,NA,NA,20,14,20,19,7,10,16
165,"F",10.5,5,9,6,1,0,NA,NA,NA,20,14,20,19,7,10,16
165,"F",10.5,5,9,7,1,1,NA,NA,NA,20,14,20,19,7,10,16
165,"F",10.5,5,9,9,1,1,NA,NA,NA,20,14,20,19,7,10,16
165,"F",10.5,5,9,10,1,1,NA,NA,NA,20,14,20,19,7,10,16
165,"F",10.5,5,9,12,1,1,NA,NA,NA,20,14,20,19,7,10,16
165,"F",10.5,5,9,14,1,0,NA,NA,NA,20,14,20,19,7,10,16
165,"F",10.5,5,9,16,1,0,NA,NA,NA,20,14,20,19,7,10,16
165,"F",10.5,5,9,17,1,1,NA,NA,NA,20,14,20,19,7,10,16
165,"F",10.5,5,9,20,1,1,NA,NA,NA,20,14,20,19,7,10,16
165,"F",10.5,5,9,26,1,0,NA,NA,NA,20,14,20,19,7,10,16
165,"F",10.5,5,9,27,1,0,NA,NA,NA,20,14,20,19,7,10,16
165,"F",10.5,5,9,28,1,0,NA,NA,NA,20,14,20,19,7,10,16
165,"F",10.5,5,9,34,1,0,NA,NA,NA,20,14,20,19,7,10,16
165,"F",10.5,5,9,36,1,1,NA,NA,NA,20,14,20,19,7,10,16
165,"F",10.5,5,9,38,1,0,NA,NA,NA,20,14,20,19,7,10,16
165,"F",10.5,5,9,40,1,1,NA,NA,NA,20,14,20,19,7,10,16
165,"F",10.5,5,9,44,1,1,NA,NA,NA,20,14,20,19,7,10,16
165,"F",10.5,5,9,45,1,1,NA,NA,NA,20,14,20,19,7,10,16
165,"F",10.5,5,9,46,1,1,NA,NA,NA,20,14,20,19,7,10,16
165,"F",10.5,5,9,47,1,1,NA,NA,NA,20,14,20,19,7,10,16
165,"F",10.5,5,9,54,1,0,NA,NA,NA,20,14,20,19,7,10,16
165,"F",10.5,5,9,56,1,0,NA,NA,NA,20,14,20,19,7,10,16
165,"F",10.5,5,9,57,1,1,NA,NA,NA,20,14,20,19,7,10,16
165,"F",10.5,5,9,58,1,1,NA,NA,NA,20,14,20,19,7,10,16
165,"F",10.5,5,9,59,1,1,NA,NA,NA,20,14,20,19,7,10,16
165,"F",10.5,5,9,60,1,0,NA,NA,NA,20,14,20,19,7,10,16
165,"F",10.5,5,9,4,2,0,0,1,0,20,14,20,19,7,10,16
165,"F",10.5,5,9,8,2,0,0,1,0,20,14,20,19,7,10,16
165,"F",10.5,5,9,11,2,1,0,0,1,20,14,20,19,7,10,16
165,"F",10.5,5,9,13,2,0,0,0,1,20,14,20,19,7,10,16
165,"F",10.5,5,9,15,2,0,0,0,1,20,14,20,19,7,10,16
165,"F",10.5,5,9,18,2,0,0,1,0,20,14,20,19,7,10,16
165,"F",10.5,5,9,19,2,0,0,0,1,20,14,20,19,7,10,16
165,"F",10.5,5,9,21,2,0,0,0,1,20,14,20,19,7,10,16
165,"F",10.5,5,9,22,2,0,0,0,1,20,14,20,19,7,10,16
165,"F",10.5,5,9,23,2,0,1,0,0,20,14,20,19,7,10,16
165,"F",10.5,5,9,24,2,0,1,0,0,20,14,20,19,7,10,16
165,"F",10.5,5,9,25,2,0,0,0,1,20,14,20,19,7,10,16
165,"F",10.5,5,9,29,2,0,0,0,1,20,14,20,19,7,10,16
165,"F",10.5,5,9,30,2,0,0,0,1,20,14,20,19,7,10,16
165,"F",10.5,5,9,31,2,0,0,0,1,20,14,20,19,7,10,16
165,"F",10.5,5,9,32,2,1,0,0,1,20,14,20,19,7,10,16
165,"F",10.5,5,9,33,2,0,0,0,1,20,14,20,19,7,10,16
165,"F",10.5,5,9,35,2,0,0,1,0,20,14,20,19,7,10,16
165,"F",10.5,5,9,37,2,1,0,1,0,20,14,20,19,7,10,16
165,"F",10.5,5,9,39,2,1,0,1,0,20,14,20,19,7,10,16
165,"F",10.5,5,9,41,2,0,1,0,0,20,14,20,19,7,10,16
165,"F",10.5,5,9,42,2,1,0,0,1,20,14,20,19,7,10,16
165,"F",10.5,5,9,43,2,1,0,1,0,20,14,20,19,7,10,16
165,"F",10.5,5,9,48,2,0,0,0,1,20,14,20,19,7,10,16
165,"F",10.5,5,9,49,2,0,0,0,1,20,14,20,19,7,10,16
165,"F",10.5,5,9,50,2,0,1,0,0,20,14,20,19,7,10,16
165,"F",10.5,5,9,51,2,0,0,0,1,20,14,20,19,7,10,16
165,"F",10.5,5,9,52,2,0,0,0,1,20,14,20,19,7,10,16
165,"F",10.5,5,9,53,2,0,0,1,0,20,14,20,19,7,10,16
165,"F",10.5,5,9,55,2,0,0,0,1,20,14,20,19,7,10,16
166,"M",10.2,5,9,1,1,1,NA,NA,NA,37,13,29,24,10,7,14
166,"M",10.2,5,9,4,1,0,NA,NA,NA,37,13,29,24,10,7,14
166,"M",10.2,5,9,5,1,0,NA,NA,NA,37,13,29,24,10,7,14
166,"M",10.2,5,9,6,1,0,NA,NA,NA,37,13,29,24,10,7,14
166,"M",10.2,5,9,7,1,1,NA,NA,NA,37,13,29,24,10,7,14
166,"M",10.2,5,9,8,1,0,NA,NA,NA,37,13,29,24,10,7,14
166,"M",10.2,5,9,9,1,1,NA,NA,NA,37,13,29,24,10,7,14
166,"M",10.2,5,9,10,1,1,NA,NA,NA,37,13,29,24,10,7,14
166,"M",10.2,5,9,12,1,1,NA,NA,NA,37,13,29,24,10,7,14
166,"M",10.2,5,9,13,1,0,NA,NA,NA,37,13,29,24,10,7,14
166,"M",10.2,5,9,14,1,0,NA,NA,NA,37,13,29,24,10,7,14
166,"M",10.2,5,9,15,1,0,NA,NA,NA,37,13,29,24,10,7,14
166,"M",10.2,5,9,16,1,1,NA,NA,NA,37,13,29,24,10,7,14
166,"M",10.2,5,9,21,1,0,NA,NA,NA,37,13,29,24,10,7,14
166,"M",10.2,5,9,24,1,1,NA,NA,NA,37,13,29,24,10,7,14
166,"M",10.2,5,9,26,1,1,NA,NA,NA,37,13,29,24,10,7,14
166,"M",10.2,5,9,30,1,0,NA,NA,NA,37,13,29,24,10,7,14
166,"M",10.2,5,9,32,1,0,NA,NA,NA,37,13,29,24,10,7,14
166,"M",10.2,5,9,33,1,0,NA,NA,NA,37,13,29,24,10,7,14
166,"M",10.2,5,9,37,1,0,NA,NA,NA,37,13,29,24,10,7,14
166,"M",10.2,5,9,39,1,1,NA,NA,NA,37,13,29,24,10,7,14
166,"M",10.2,5,9,41,1,0,NA,NA,NA,37,13,29,24,10,7,14
166,"M",10.2,5,9,42,1,0,NA,NA,NA,37,13,29,24,10,7,14
166,"M",10.2,5,9,47,1,1,NA,NA,NA,37,13,29,24,10,7,14
166,"M",10.2,5,9,48,1,0,NA,NA,NA,37,13,29,24,10,7,14
166,"M",10.2,5,9,49,1,0,NA,NA,NA,37,13,29,24,10,7,14
166,"M",10.2,5,9,50,1,1,NA,NA,NA,37,13,29,24,10,7,14
166,"M",10.2,5,9,53,1,1,NA,NA,NA,37,13,29,24,10,7,14
166,"M",10.2,5,9,58,1,1,NA,NA,NA,37,13,29,24,10,7,14
166,"M",10.2,5,9,60,1,1,NA,NA,NA,37,13,29,24,10,7,14
166,"M",10.2,5,9,2,2,0,1,0,0,37,13,29,24,10,7,14
166,"M",10.2,5,9,3,2,0,1,0,0,37,13,29,24,10,7,14
166,"M",10.2,5,9,11,2,0,1,0,0,37,13,29,24,10,7,14
166,"M",10.2,5,9,17,2,0,0,1,0,37,13,29,24,10,7,14
166,"M",10.2,5,9,18,2,1,0,1,0,37,13,29,24,10,7,14
166,"M",10.2,5,9,19,2,0,1,0,0,37,13,29,24,10,7,14
166,"M",10.2,5,9,20,2,0,1,0,0,37,13,29,24,10,7,14
166,"M",10.2,5,9,22,2,0,0,0,1,37,13,29,24,10,7,14
166,"M",10.2,5,9,23,2,0,0,1,0,37,13,29,24,10,7,14
166,"M",10.2,5,9,25,2,1,0,0,1,37,13,29,24,10,7,14
166,"M",10.2,5,9,27,2,1,0,1,0,37,13,29,24,10,7,14
166,"M",10.2,5,9,28,2,0,1,0,0,37,13,29,24,10,7,14
166,"M",10.2,5,9,29,2,0,1,0,0,37,13,29,24,10,7,14
166,"M",10.2,5,9,31,2,0,1,0,0,37,13,29,24,10,7,14
166,"M",10.2,5,9,34,2,0,1,0,0,37,13,29,24,10,7,14
166,"M",10.2,5,9,35,2,0,0,0,1,37,13,29,24,10,7,14
166,"M",10.2,5,9,36,2,0,0,1,0,37,13,29,24,10,7,14
166,"M",10.2,5,9,38,2,0,0,1,0,37,13,29,24,10,7,14
166,"M",10.2,5,9,40,2,0,1,0,0,37,13,29,24,10,7,14
166,"M",10.2,5,9,43,2,0,1,0,0,37,13,29,24,10,7,14
166,"M",10.2,5,9,44,2,0,1,0,0,37,13,29,24,10,7,14
166,"M",10.2,5,9,45,2,0,1,0,0,37,13,29,24,10,7,14
166,"M",10.2,5,9,46,2,0,0,0,1,37,13,29,24,10,7,14
166,"M",10.2,5,9,51,2,0,1,0,0,37,13,29,24,10,7,14
166,"M",10.2,5,9,52,2,0,0,1,0,37,13,29,24,10,7,14
166,"M",10.2,5,9,54,2,0,1,0,0,37,13,29,24,10,7,14
166,"M",10.2,5,9,55,2,0,1,0,0,37,13,29,24,10,7,14
166,"M",10.2,5,9,56,2,0,0,1,0,37,13,29,24,10,7,14
166,"M",10.2,5,9,57,2,0,1,0,0,37,13,29,24,10,7,14
166,"M",10.2,5,9,59,2,1,0,1,0,37,13,29,24,10,7,14
167,"M",10.5,5,9,3,1,0,NA,NA,NA,21,18,19,19,6,10,19
167,"M",10.5,5,9,4,1,1,NA,NA,NA,21,18,19,19,6,10,19
167,"M",10.5,5,9,5,1,1,NA,NA,NA,21,18,19,19,6,10,19
167,"M",10.5,5,9,6,1,0,NA,NA,NA,21,18,19,19,6,10,19
167,"M",10.5,5,9,8,1,0,NA,NA,NA,21,18,19,19,6,10,19
167,"M",10.5,5,9,9,1,1,NA,NA,NA,21,18,19,19,6,10,19
167,"M",10.5,5,9,16,1,1,NA,NA,NA,21,18,19,19,6,10,19
167,"M",10.5,5,9,17,1,1,NA,NA,NA,21,18,19,19,6,10,19
167,"M",10.5,5,9,25,1,1,NA,NA,NA,21,18,19,19,6,10,19
167,"M",10.5,5,9,26,1,0,NA,NA,NA,21,18,19,19,6,10,19
167,"M",10.5,5,9,27,1,1,NA,NA,NA,21,18,19,19,6,10,19
167,"M",10.5,5,9,30,1,1,NA,NA,NA,21,18,19,19,6,10,19
167,"M",10.5,5,9,31,1,0,NA,NA,NA,21,18,19,19,6,10,19
167,"M",10.5,5,9,34,1,0,NA,NA,NA,21,18,19,19,6,10,19
167,"M",10.5,5,9,37,1,1,NA,NA,NA,21,18,19,19,6,10,19
167,"M",10.5,5,9,38,1,0,NA,NA,NA,21,18,19,19,6,10,19
167,"M",10.5,5,9,39,1,1,NA,NA,NA,21,18,19,19,6,10,19
167,"M",10.5,5,9,40,1,1,NA,NA,NA,21,18,19,19,6,10,19
167,"M",10.5,5,9,42,1,1,NA,NA,NA,21,18,19,19,6,10,19
167,"M",10.5,5,9,43,1,1,NA,NA,NA,21,18,19,19,6,10,19
167,"M",10.5,5,9,44,1,1,NA,NA,NA,21,18,19,19,6,10,19
167,"M",10.5,5,9,45,1,1,NA,NA,NA,21,18,19,19,6,10,19
167,"M",10.5,5,9,49,1,1,NA,NA,NA,21,18,19,19,6,10,19
167,"M",10.5,5,9,50,1,1,NA,NA,NA,21,18,19,19,6,10,19
167,"M",10.5,5,9,53,1,1,NA,NA,NA,21,18,19,19,6,10,19
167,"M",10.5,5,9,55,1,0,NA,NA,NA,21,18,19,19,6,10,19
167,"M",10.5,5,9,56,1,1,NA,NA,NA,21,18,19,19,6,10,19
167,"M",10.5,5,9,57,1,0,NA,NA,NA,21,18,19,19,6,10,19
167,"M",10.5,5,9,59,1,0,NA,NA,NA,21,18,19,19,6,10,19
167,"M",10.5,5,9,60,1,0,NA,NA,NA,21,18,19,19,6,10,19
167,"M",10.5,5,9,1,2,0,1,0,0,21,18,19,19,6,10,19
167,"M",10.5,5,9,2,2,1,0,0,1,21,18,19,19,6,10,19
167,"M",10.5,5,9,7,2,1,0,0,1,21,18,19,19,6,10,19
167,"M",10.5,5,9,10,2,1,0,0,1,21,18,19,19,6,10,19
167,"M",10.5,5,9,11,2,1,0,0,1,21,18,19,19,6,10,19
167,"M",10.5,5,9,12,2,0,0,0,1,21,18,19,19,6,10,19
167,"M",10.5,5,9,13,2,0,0,0,1,21,18,19,19,6,10,19
167,"M",10.5,5,9,14,2,1,0,0,1,21,18,19,19,6,10,19
167,"M",10.5,5,9,15,2,0,0,0,1,21,18,19,19,6,10,19
167,"M",10.5,5,9,18,2,1,0,0,1,21,18,19,19,6,10,19
167,"M",10.5,5,9,19,2,0,0,0,1,21,18,19,19,6,10,19
167,"M",10.5,5,9,20,2,0,0,0,1,21,18,19,19,6,10,19
167,"M",10.5,5,9,21,2,0,0,0,1,21,18,19,19,6,10,19
167,"M",10.5,5,9,22,2,1,0,0,1,21,18,19,19,6,10,19
167,"M",10.5,5,9,23,2,0,1,0,0,21,18,19,19,6,10,19
167,"M",10.5,5,9,24,2,0,0,0,1,21,18,19,19,6,10,19
167,"M",10.5,5,9,28,2,0,0,0,1,21,18,19,19,6,10,19
167,"M",10.5,5,9,29,2,1,0,1,0,21,18,19,19,6,10,19
167,"M",10.5,5,9,32,2,0,0,1,0,21,18,19,19,6,10,19
167,"M",10.5,5,9,33,2,1,0,1,0,21,18,19,19,6,10,19
167,"M",10.5,5,9,35,2,1,0,0,1,21,18,19,19,6,10,19
167,"M",10.5,5,9,36,2,0,1,0,0,21,18,19,19,6,10,19
167,"M",10.5,5,9,41,2,0,0,0,1,21,18,19,19,6,10,19
167,"M",10.5,5,9,46,2,1,0,0,1,21,18,19,19,6,10,19
167,"M",10.5,5,9,47,2,0,1,0,0,21,18,19,19,6,10,19
167,"M",10.5,5,9,48,2,0,0,0,1,21,18,19,19,6,10,19
167,"M",10.5,5,9,51,2,1,0,1,0,21,18,19,19,6,10,19
167,"M",10.5,5,9,52,2,1,0,1,0,21,18,19,19,6,10,19
167,"M",10.5,5,9,54,2,1,0,0,1,21,18,19,19,6,10,19
167,"M",10.5,5,9,58,2,0,0,0,1,21,18,19,19,6,10,19
168,"F",10.3,5,9,2,1,0,NA,NA,NA,15,23,15,32,5,11,19
168,"F",10.3,5,9,3,1,0,NA,NA,NA,15,23,15,32,5,11,19
168,"F",10.3,5,9,9,1,0,NA,NA,NA,15,23,15,32,5,11,19
168,"F",10.3,5,9,13,1,0,NA,NA,NA,15,23,15,32,5,11,19
168,"F",10.3,5,9,15,1,0,NA,NA,NA,15,23,15,32,5,11,19
168,"F",10.3,5,9,18,1,1,NA,NA,NA,15,23,15,32,5,11,19
168,"F",10.3,5,9,19,1,0,NA,NA,NA,15,23,15,32,5,11,19
168,"F",10.3,5,9,20,1,1,NA,NA,NA,15,23,15,32,5,11,19
168,"F",10.3,5,9,21,1,1,NA,NA,NA,15,23,15,32,5,11,19
168,"F",10.3,5,9,22,1,0,NA,NA,NA,15,23,15,32,5,11,19
168,"F",10.3,5,9,23,1,1,NA,NA,NA,15,23,15,32,5,11,19
168,"F",10.3,5,9,24,1,1,NA,NA,NA,15,23,15,32,5,11,19
168,"F",10.3,5,9,25,1,1,NA,NA,NA,15,23,15,32,5,11,19
168,"F",10.3,5,9,26,1,1,NA,NA,NA,15,23,15,32,5,11,19
168,"F",10.3,5,9,27,1,1,NA,NA,NA,15,23,15,32,5,11,19
168,"F",10.3,5,9,29,1,0,NA,NA,NA,15,23,15,32,5,11,19
168,"F",10.3,5,9,34,1,1,NA,NA,NA,15,23,15,32,5,11,19
168,"F",10.3,5,9,36,1,0,NA,NA,NA,15,23,15,32,5,11,19
168,"F",10.3,5,9,40,1,1,NA,NA,NA,15,23,15,32,5,11,19
168,"F",10.3,5,9,41,1,1,NA,NA,NA,15,23,15,32,5,11,19
168,"F",10.3,5,9,42,1,1,NA,NA,NA,15,23,15,32,5,11,19
168,"F",10.3,5,9,45,1,1,NA,NA,NA,15,23,15,32,5,11,19
168,"F",10.3,5,9,47,1,1,NA,NA,NA,15,23,15,32,5,11,19
168,"F",10.3,5,9,51,1,0,NA,NA,NA,15,23,15,32,5,11,19
168,"F",10.3,5,9,53,1,1,NA,NA,NA,15,23,15,32,5,11,19
168,"F",10.3,5,9,55,1,1,NA,NA,NA,15,23,15,32,5,11,19
168,"F",10.3,5,9,57,1,1,NA,NA,NA,15,23,15,32,5,11,19
168,"F",10.3,5,9,58,1,0,NA,NA,NA,15,23,15,32,5,11,19
168,"F",10.3,5,9,59,1,1,NA,NA,NA,15,23,15,32,5,11,19
168,"F",10.3,5,9,60,1,1,NA,NA,NA,15,23,15,32,5,11,19
168,"F",10.3,5,9,1,2,0,0,0,1,15,23,15,32,5,11,19
168,"F",10.3,5,9,4,2,1,0,0,1,15,23,15,32,5,11,19
168,"F",10.3,5,9,5,2,0,0,0,1,15,23,15,32,5,11,19
168,"F",10.3,5,9,6,2,1,0,1,0,15,23,15,32,5,11,19
168,"F",10.3,5,9,7,2,1,0,0,1,15,23,15,32,5,11,19
168,"F",10.3,5,9,8,2,1,0,0,1,15,23,15,32,5,11,19
168,"F",10.3,5,9,10,2,1,0,0,1,15,23,15,32,5,11,19
168,"F",10.3,5,9,11,2,1,0,0,1,15,23,15,32,5,11,19
168,"F",10.3,5,9,12,2,1,0,0,1,15,23,15,32,5,11,19
168,"F",10.3,5,9,14,2,1,0,0,1,15,23,15,32,5,11,19
168,"F",10.3,5,9,16,2,0,0,0,1,15,23,15,32,5,11,19
168,"F",10.3,5,9,17,2,1,0,0,1,15,23,15,32,5,11,19
168,"F",10.3,5,9,28,2,0,0,0,1,15,23,15,32,5,11,19
168,"F",10.3,5,9,30,2,1,0,0,1,15,23,15,32,5,11,19
168,"F",10.3,5,9,31,2,1,0,0,1,15,23,15,32,5,11,19
168,"F",10.3,5,9,32,2,0,0,0,1,15,23,15,32,5,11,19
168,"F",10.3,5,9,33,2,1,0,0,1,15,23,15,32,5,11,19
168,"F",10.3,5,9,35,2,1,0,1,0,15,23,15,32,5,11,19
168,"F",10.3,5,9,37,2,1,0,0,1,15,23,15,32,5,11,19
168,"F",10.3,5,9,38,2,1,0,0,1,15,23,15,32,5,11,19
168,"F",10.3,5,9,39,2,1,0,0,1,15,23,15,32,5,11,19
168,"F",10.3,5,9,43,2,1,0,0,1,15,23,15,32,5,11,19
168,"F",10.3,5,9,44,2,0,0,0,1,15,23,15,32,5,11,19
168,"F",10.3,5,9,46,2,1,0,0,1,15,23,15,32,5,11,19
168,"F",10.3,5,9,48,2,1,0,1,0,15,23,15,32,5,11,19
168,"F",10.3,5,9,49,2,1,0,1,0,15,23,15,32,5,11,19
168,"F",10.3,5,9,50,2,0,0,0,1,15,23,15,32,5,11,19
168,"F",10.3,5,9,52,2,1,0,0,1,15,23,15,32,5,11,19
168,"F",10.3,5,9,54,2,1,0,0,1,15,23,15,32,5,11,19
168,"F",10.3,5,9,56,2,1,0,0,1,15,23,15,32,5,11,19
169,"M",10.1,5,9,3,1,0,NA,NA,NA,41,18,25,19,7,8,6
169,"M",10.1,5,9,4,1,0,NA,NA,NA,41,18,25,19,7,8,6
169,"M",10.1,5,9,5,1,0,NA,NA,NA,41,18,25,19,7,8,6
169,"M",10.1,5,9,7,1,0,NA,NA,NA,41,18,25,19,7,8,6
169,"M",10.1,5,9,11,1,0,NA,NA,NA,41,18,25,19,7,8,6
169,"M",10.1,5,9,17,1,0,NA,NA,NA,41,18,25,19,7,8,6
169,"M",10.1,5,9,19,1,0,NA,NA,NA,41,18,25,19,7,8,6
169,"M",10.1,5,9,21,1,0,NA,NA,NA,41,18,25,19,7,8,6
169,"M",10.1,5,9,22,1,0,NA,NA,NA,41,18,25,19,7,8,6
169,"M",10.1,5,9,23,1,0,NA,NA,NA,41,18,25,19,7,8,6
169,"M",10.1,5,9,25,1,0,NA,NA,NA,41,18,25,19,7,8,6
169,"M",10.1,5,9,31,1,1,NA,NA,NA,41,18,25,19,7,8,6
169,"M",10.1,5,9,32,1,0,NA,NA,NA,41,18,25,19,7,8,6
169,"M",10.1,5,9,33,1,0,NA,NA,NA,41,18,25,19,7,8,6
169,"M",10.1,5,9,36,1,0,NA,NA,NA,41,18,25,19,7,8,6
169,"M",10.1,5,9,37,1,0,NA,NA,NA,41,18,25,19,7,8,6
169,"M",10.1,5,9,40,1,1,NA,NA,NA,41,18,25,19,7,8,6
169,"M",10.1,5,9,42,1,0,NA,NA,NA,41,18,25,19,7,8,6
169,"M",10.1,5,9,43,1,1,NA,NA,NA,41,18,25,19,7,8,6
169,"M",10.1,5,9,46,1,1,NA,NA,NA,41,18,25,19,7,8,6
169,"M",10.1,5,9,47,1,0,NA,NA,NA,41,18,25,19,7,8,6
169,"M",10.1,5,9,49,1,0,NA,NA,NA,41,18,25,19,7,8,6
169,"M",10.1,5,9,51,1,0,NA,NA,NA,41,18,25,19,7,8,6
169,"M",10.1,5,9,52,1,0,NA,NA,NA,41,18,25,19,7,8,6
169,"M",10.1,5,9,53,1,0,NA,NA,NA,41,18,25,19,7,8,6
169,"M",10.1,5,9,55,1,0,NA,NA,NA,41,18,25,19,7,8,6
169,"M",10.1,5,9,56,1,1,NA,NA,NA,41,18,25,19,7,8,6
169,"M",10.1,5,9,57,1,0,NA,NA,NA,41,18,25,19,7,8,6
169,"M",10.1,5,9,59,1,1,NA,NA,NA,41,18,25,19,7,8,6
169,"M",10.1,5,9,60,1,0,NA,NA,NA,41,18,25,19,7,8,6
169,"M",10.1,5,9,1,2,0,0,0,1,41,18,25,19,7,8,6
169,"M",10.1,5,9,2,2,0,1,0,0,41,18,25,19,7,8,6
169,"M",10.1,5,9,6,2,0,1,0,0,41,18,25,19,7,8,6
169,"M",10.1,5,9,8,2,0,0,1,0,41,18,25,19,7,8,6
169,"M",10.1,5,9,9,2,1,0,1,0,41,18,25,19,7,8,6
169,"M",10.1,5,9,10,2,0,0,1,0,41,18,25,19,7,8,6
169,"M",10.1,5,9,12,2,0,0,1,0,41,18,25,19,7,8,6
169,"M",10.1,5,9,13,2,0,1,0,0,41,18,25,19,7,8,6
169,"M",10.1,5,9,14,2,0,1,0,0,41,18,25,19,7,8,6
169,"M",10.1,5,9,15,2,0,0,1,0,41,18,25,19,7,8,6
169,"M",10.1,5,9,16,2,0,1,0,0,41,18,25,19,7,8,6
169,"M",10.1,5,9,18,2,0,1,0,0,41,18,25,19,7,8,6
169,"M",10.1,5,9,20,2,1,0,1,0,41,18,25,19,7,8,6
169,"M",10.1,5,9,24,2,0,0,0,1,41,18,25,19,7,8,6
169,"M",10.1,5,9,26,2,0,0,1,0,41,18,25,19,7,8,6
169,"M",10.1,5,9,27,2,0,0,1,0,41,18,25,19,7,8,6
169,"M",10.1,5,9,28,2,0,1,0,0,41,18,25,19,7,8,6
169,"M",10.1,5,9,29,2,0,1,0,0,41,18,25,19,7,8,6
169,"M",10.1,5,9,30,2,0,1,0,0,41,18,25,19,7,8,6
169,"M",10.1,5,9,34,2,0,0,1,0,41,18,25,19,7,8,6
169,"M",10.1,5,9,35,2,0,0,0,1,41,18,25,19,7,8,6
169,"M",10.1,5,9,38,2,0,1,0,0,41,18,25,19,7,8,6
169,"M",10.1,5,9,39,2,1,0,1,0,41,18,25,19,7,8,6
169,"M",10.1,5,9,41,2,0,1,0,0,41,18,25,19,7,8,6
169,"M",10.1,5,9,44,2,0,0,1,0,41,18,25,19,7,8,6
169,"M",10.1,5,9,45,2,1,0,1,0,41,18,25,19,7,8,6
169,"M",10.1,5,9,48,2,0,1,0,0,41,18,25,19,7,8,6
169,"M",10.1,5,9,50,2,0,0,0,1,41,18,25,19,7,8,6
169,"M",10.1,5,9,54,2,1,0,1,0,41,18,25,19,7,8,6
169,"M",10.1,5,9,58,2,0,1,0,0,41,18,25,19,7,8,6
170,"F",10.2,5,9,1,1,0,NA,NA,NA,28,22,23,28,10,7,12
170,"F",10.2,5,9,3,1,0,NA,NA,NA,28,22,23,28,10,7,12
170,"F",10.2,5,9,5,1,0,NA,NA,NA,28,22,23,28,10,7,12
170,"F",10.2,5,9,6,1,0,NA,NA,NA,28,22,23,28,10,7,12
170,"F",10.2,5,9,9,1,0,NA,NA,NA,28,22,23,28,10,7,12
170,"F",10.2,5,9,13,1,0,NA,NA,NA,28,22,23,28,10,7,12
170,"F",10.2,5,9,16,1,1,NA,NA,NA,28,22,23,28,10,7,12
170,"F",10.2,5,9,18,1,1,NA,NA,NA,28,22,23,28,10,7,12
170,"F",10.2,5,9,25,1,0,NA,NA,NA,28,22,23,28,10,7,12
170,"F",10.2,5,9,26,1,1,NA,NA,NA,28,22,23,28,10,7,12
170,"F",10.2,5,9,27,1,0,NA,NA,NA,28,22,23,28,10,7,12
170,"F",10.2,5,9,31,1,1,NA,NA,NA,28,22,23,28,10,7,12
170,"F",10.2,5,9,32,1,0,NA,NA,NA,28,22,23,28,10,7,12
170,"F",10.2,5,9,36,1,0,NA,NA,NA,28,22,23,28,10,7,12
170,"F",10.2,5,9,38,1,0,NA,NA,NA,28,22,23,28,10,7,12
170,"F",10.2,5,9,39,1,0,NA,NA,NA,28,22,23,28,10,7,12
170,"F",10.2,5,9,40,1,0,NA,NA,NA,28,22,23,28,10,7,12
170,"F",10.2,5,9,41,1,1,NA,NA,NA,28,22,23,28,10,7,12
170,"F",10.2,5,9,44,1,0,NA,NA,NA,28,22,23,28,10,7,12
170,"F",10.2,5,9,45,1,1,NA,NA,NA,28,22,23,28,10,7,12
170,"F",10.2,5,9,46,1,1,NA,NA,NA,28,22,23,28,10,7,12
170,"F",10.2,5,9,47,1,1,NA,NA,NA,28,22,23,28,10,7,12
170,"F",10.2,5,9,49,1,1,NA,NA,NA,28,22,23,28,10,7,12
170,"F",10.2,5,9,50,1,0,NA,NA,NA,28,22,23,28,10,7,12
170,"F",10.2,5,9,52,1,1,NA,NA,NA,28,22,23,28,10,7,12
170,"F",10.2,5,9,53,1,1,NA,NA,NA,28,22,23,28,10,7,12
170,"F",10.2,5,9,54,1,0,NA,NA,NA,28,22,23,28,10,7,12
170,"F",10.2,5,9,57,1,1,NA,NA,NA,28,22,23,28,10,7,12
170,"F",10.2,5,9,58,1,0,NA,NA,NA,28,22,23,28,10,7,12
170,"F",10.2,5,9,60,1,0,NA,NA,NA,28,22,23,28,10,7,12
170,"F",10.2,5,9,2,2,0,1,0,0,28,22,23,28,10,7,12
170,"F",10.2,5,9,4,2,0,0,1,0,28,22,23,28,10,7,12
170,"F",10.2,5,9,7,2,1,0,1,0,28,22,23,28,10,7,12
170,"F",10.2,5,9,8,2,0,0,0,1,28,22,23,28,10,7,12
170,"F",10.2,5,9,10,2,1,0,0,1,28,22,23,28,10,7,12
170,"F",10.2,5,9,11,2,0,0,1,0,28,22,23,28,10,7,12
170,"F",10.2,5,9,12,2,1,0,0,1,28,22,23,28,10,7,12
170,"F",10.2,5,9,14,2,0,0,0,1,28,22,23,28,10,7,12
170,"F",10.2,5,9,15,2,0,0,1,0,28,22,23,28,10,7,12
170,"F",10.2,5,9,17,2,1,0,0,1,28,22,23,28,10,7,12
170,"F",10.2,5,9,19,2,0,0,0,1,28,22,23,28,10,7,12
170,"F",10.2,5,9,20,2,0,1,0,0,28,22,23,28,10,7,12
170,"F",10.2,5,9,21,2,0,0,0,1,28,22,23,28,10,7,12
170,"F",10.2,5,9,22,2,0,0,0,1,28,22,23,28,10,7,12
170,"F",10.2,5,9,23,2,0,0,1,0,28,22,23,28,10,7,12
170,"F",10.2,5,9,24,2,0,0,0,1,28,22,23,28,10,7,12
170,"F",10.2,5,9,28,2,0,0,0,1,28,22,23,28,10,7,12
170,"F",10.2,5,9,29,2,0,0,1,0,28,22,23,28,10,7,12
170,"F",10.2,5,9,30,2,0,0,0,1,28,22,23,28,10,7,12
170,"F",10.2,5,9,33,2,0,0,0,1,28,22,23,28,10,7,12
170,"F",10.2,5,9,34,2,0,0,0,1,28,22,23,28,10,7,12
170,"F",10.2,5,9,35,2,0,0,0,1,28,22,23,28,10,7,12
170,"F",10.2,5,9,37,2,1,0,1,0,28,22,23,28,10,7,12
170,"F",10.2,5,9,42,2,1,0,0,1,28,22,23,28,10,7,12
170,"F",10.2,5,9,43,2,1,0,0,1,28,22,23,28,10,7,12
170,"F",10.2,5,9,48,2,0,0,0,1,28,22,23,28,10,7,12
170,"F",10.2,5,9,51,2,0,0,1,0,28,22,23,28,10,7,12
170,"F",10.2,5,9,55,2,1,0,0,1,28,22,23,28,10,7,12
170,"F",10.2,5,9,56,2,1,0,0,1,28,22,23,28,10,7,12
170,"F",10.2,5,9,59,2,0,0,0,1,28,22,23,28,10,7,12
171,"M",10.7,5,9,1,1,0,NA,NA,NA,23,15,26,25,10,9,18
171,"M",10.7,5,9,2,1,0,NA,NA,NA,23,15,26,25,10,9,18
171,"M",10.7,5,9,4,1,0,NA,NA,NA,23,15,26,25,10,9,18
171,"M",10.7,5,9,6,1,0,NA,NA,NA,23,15,26,25,10,9,18
171,"M",10.7,5,9,7,1,1,NA,NA,NA,23,15,26,25,10,9,18
171,"M",10.7,5,9,8,1,1,NA,NA,NA,23,15,26,25,10,9,18
171,"M",10.7,5,9,9,1,1,NA,NA,NA,23,15,26,25,10,9,18
171,"M",10.7,5,9,10,1,1,NA,NA,NA,23,15,26,25,10,9,18
171,"M",10.7,5,9,14,1,0,NA,NA,NA,23,15,26,25,10,9,18
171,"M",10.7,5,9,17,1,1,NA,NA,NA,23,15,26,25,10,9,18
171,"M",10.7,5,9,19,1,1,NA,NA,NA,23,15,26,25,10,9,18
171,"M",10.7,5,9,21,1,1,NA,NA,NA,23,15,26,25,10,9,18
171,"M",10.7,5,9,22,1,1,NA,NA,NA,23,15,26,25,10,9,18
171,"M",10.7,5,9,23,1,1,NA,NA,NA,23,15,26,25,10,9,18
171,"M",10.7,5,9,25,1,1,NA,NA,NA,23,15,26,25,10,9,18
171,"M",10.7,5,9,26,1,0,NA,NA,NA,23,15,26,25,10,9,18
171,"M",10.7,5,9,30,1,0,NA,NA,NA,23,15,26,25,10,9,18
171,"M",10.7,5,9,32,1,1,NA,NA,NA,23,15,26,25,10,9,18
171,"M",10.7,5,9,33,1,1,NA,NA,NA,23,15,26,25,10,9,18
171,"M",10.7,5,9,38,1,0,NA,NA,NA,23,15,26,25,10,9,18
171,"M",10.7,5,9,39,1,1,NA,NA,NA,23,15,26,25,10,9,18
171,"M",10.7,5,9,40,1,0,NA,NA,NA,23,15,26,25,10,9,18
171,"M",10.7,5,9,41,1,0,NA,NA,NA,23,15,26,25,10,9,18
171,"M",10.7,5,9,43,1,1,NA,NA,NA,23,15,26,25,10,9,18
171,"M",10.7,5,9,44,1,0,NA,NA,NA,23,15,26,25,10,9,18
171,"M",10.7,5,9,45,1,0,NA,NA,NA,23,15,26,25,10,9,18
171,"M",10.7,5,9,51,1,1,NA,NA,NA,23,15,26,25,10,9,18
171,"M",10.7,5,9,54,1,1,NA,NA,NA,23,15,26,25,10,9,18
171,"M",10.7,5,9,57,1,1,NA,NA,NA,23,15,26,25,10,9,18
171,"M",10.7,5,9,59,1,1,NA,NA,NA,23,15,26,25,10,9,18
171,"M",10.7,5,9,3,2,1,0,0,1,23,15,26,25,10,9,18
171,"M",10.7,5,9,5,2,0,0,1,0,23,15,26,25,10,9,18
171,"M",10.7,5,9,11,2,1,0,0,1,23,15,26,25,10,9,18
171,"M",10.7,5,9,12,2,1,0,0,1,23,15,26,25,10,9,18
171,"M",10.7,5,9,13,2,0,1,0,0,23,15,26,25,10,9,18
171,"M",10.7,5,9,15,2,0,0,1,0,23,15,26,25,10,9,18
171,"M",10.7,5,9,16,2,0,1,0,0,23,15,26,25,10,9,18
171,"M",10.7,5,9,18,2,0,1,0,0,23,15,26,25,10,9,18
171,"M",10.7,5,9,20,2,0,0,0,1,23,15,26,25,10,9,18
171,"M",10.7,5,9,24,2,1,0,0,1,23,15,26,25,10,9,18
171,"M",10.7,5,9,27,2,0,0,0,1,23,15,26,25,10,9,18
171,"M",10.7,5,9,28,2,0,0,0,1,23,15,26,25,10,9,18
171,"M",10.7,5,9,29,2,0,0,0,1,23,15,26,25,10,9,18
171,"M",10.7,5,9,31,2,0,0,0,1,23,15,26,25,10,9,18
171,"M",10.7,5,9,34,2,0,0,0,1,23,15,26,25,10,9,18
171,"M",10.7,5,9,35,2,0,0,0,1,23,15,26,25,10,9,18
171,"M",10.7,5,9,36,2,0,0,1,0,23,15,26,25,10,9,18
171,"M",10.7,5,9,37,2,0,1,0,0,23,15,26,25,10,9,18
171,"M",10.7,5,9,42,2,1,0,0,1,23,15,26,25,10,9,18
171,"M",10.7,5,9,46,2,0,0,1,0,23,15,26,25,10,9,18
171,"M",10.7,5,9,47,2,1,0,0,1,23,15,26,25,10,9,18
171,"M",10.7,5,9,48,2,0,0,0,1,23,15,26,25,10,9,18
171,"M",10.7,5,9,49,2,0,0,0,1,23,15,26,25,10,9,18
171,"M",10.7,5,9,50,2,0,0,0,1,23,15,26,25,10,9,18
171,"M",10.7,5,9,52,2,0,0,0,1,23,15,26,25,10,9,18
171,"M",10.7,5,9,53,2,0,0,1,0,23,15,26,25,10,9,18
171,"M",10.7,5,9,55,2,0,0,1,0,23,15,26,25,10,9,18
171,"M",10.7,5,9,56,2,0,0,1,0,23,15,26,25,10,9,18
171,"M",10.7,5,9,58,2,0,0,0,1,23,15,26,25,10,9,18
171,"M",10.7,5,9,60,2,0,0,1,0,23,15,26,25,10,9,18
172,"F",10.4,5,9,2,1,0,NA,NA,NA,23,17,28,27,9,7,7
172,"F",10.4,5,9,3,1,0,NA,NA,NA,23,17,28,27,9,7,7
172,"F",10.4,5,9,4,1,0,NA,NA,NA,23,17,28,27,9,7,7
172,"F",10.4,5,9,8,1,0,NA,NA,NA,23,17,28,27,9,7,7
172,"F",10.4,5,9,9,1,0,NA,NA,NA,23,17,28,27,9,7,7
172,"F",10.4,5,9,12,1,0,NA,NA,NA,23,17,28,27,9,7,7
172,"F",10.4,5,9,15,1,0,NA,NA,NA,23,17,28,27,9,7,7
172,"F",10.4,5,9,17,1,0,NA,NA,NA,23,17,28,27,9,7,7
172,"F",10.4,5,9,19,1,0,NA,NA,NA,23,17,28,27,9,7,7
172,"F",10.4,5,9,20,1,1,NA,NA,NA,23,17,28,27,9,7,7
172,"F",10.4,5,9,21,1,0,NA,NA,NA,23,17,28,27,9,7,7
172,"F",10.4,5,9,22,1,0,NA,NA,NA,23,17,28,27,9,7,7
172,"F",10.4,5,9,23,1,1,NA,NA,NA,23,17,28,27,9,7,7
172,"F",10.4,5,9,26,1,0,NA,NA,NA,23,17,28,27,9,7,7
172,"F",10.4,5,9,27,1,1,NA,NA,NA,23,17,28,27,9,7,7
172,"F",10.4,5,9,28,1,0,NA,NA,NA,23,17,28,27,9,7,7
172,"F",10.4,5,9,30,1,0,NA,NA,NA,23,17,28,27,9,7,7
172,"F",10.4,5,9,34,1,0,NA,NA,NA,23,17,28,27,9,7,7
172,"F",10.4,5,9,38,1,0,NA,NA,NA,23,17,28,27,9,7,7
172,"F",10.4,5,9,40,1,0,NA,NA,NA,23,17,28,27,9,7,7
172,"F",10.4,5,9,41,1,0,NA,NA,NA,23,17,28,27,9,7,7
172,"F",10.4,5,9,42,1,1,NA,NA,NA,23,17,28,27,9,7,7
172,"F",10.4,5,9,47,1,0,NA,NA,NA,23,17,28,27,9,7,7
172,"F",10.4,5,9,48,1,0,NA,NA,NA,23,17,28,27,9,7,7
172,"F",10.4,5,9,50,1,0,NA,NA,NA,23,17,28,27,9,7,7
172,"F",10.4,5,9,51,1,1,NA,NA,NA,23,17,28,27,9,7,7
172,"F",10.4,5,9,52,1,1,NA,NA,NA,23,17,28,27,9,7,7
172,"F",10.4,5,9,53,1,1,NA,NA,NA,23,17,28,27,9,7,7
172,"F",10.4,5,9,55,1,0,NA,NA,NA,23,17,28,27,9,7,7
172,"F",10.4,5,9,59,1,0,NA,NA,NA,23,17,28,27,9,7,7
172,"F",10.4,5,9,1,2,1,0,0,1,23,17,28,27,9,7,7
172,"F",10.4,5,9,5,2,0,0,0,1,23,17,28,27,9,7,7
172,"F",10.4,5,9,6,2,1,0,1,0,23,17,28,27,9,7,7
172,"F",10.4,5,9,7,2,0,0,0,1,23,17,28,27,9,7,7
172,"F",10.4,5,9,10,2,1,0,1,0,23,17,28,27,9,7,7
172,"F",10.4,5,9,11,2,0,0,0,1,23,17,28,27,9,7,7
172,"F",10.4,5,9,13,2,0,0,0,1,23,17,28,27,9,7,7
172,"F",10.4,5,9,14,2,1,0,0,1,23,17,28,27,9,7,7
172,"F",10.4,5,9,16,2,0,1,0,0,23,17,28,27,9,7,7
172,"F",10.4,5,9,18,2,0,1,0,0,23,17,28,27,9,7,7
172,"F",10.4,5,9,24,2,0,0,0,1,23,17,28,27,9,7,7
172,"F",10.4,5,9,25,2,0,1,0,0,23,17,28,27,9,7,7
172,"F",10.4,5,9,29,2,0,0,0,1,23,17,28,27,9,7,7
172,"F",10.4,5,9,31,2,0,1,0,0,23,17,28,27,9,7,7
172,"F",10.4,5,9,32,2,0,1,0,0,23,17,28,27,9,7,7
172,"F",10.4,5,9,33,2,1,0,0,1,23,17,28,27,9,7,7
172,"F",10.4,5,9,35,2,0,0,0,1,23,17,28,27,9,7,7
172,"F",10.4,5,9,36,2,0,0,1,0,23,17,28,27,9,7,7
172,"F",10.4,5,9,37,2,0,0,1,0,23,17,28,27,9,7,7
172,"F",10.4,5,9,39,2,0,0,0,1,23,17,28,27,9,7,7
172,"F",10.4,5,9,43,2,0,0,0,1,23,17,28,27,9,7,7
172,"F",10.4,5,9,44,2,0,1,0,0,23,17,28,27,9,7,7
172,"F",10.4,5,9,45,2,0,0,1,0,23,17,28,27,9,7,7
172,"F",10.4,5,9,46,2,1,0,0,1,23,17,28,27,9,7,7
172,"F",10.4,5,9,49,2,0,0,0,1,23,17,28,27,9,7,7
172,"F",10.4,5,9,54,2,0,1,0,0,23,17,28,27,9,7,7
172,"F",10.4,5,9,56,2,0,1,0,0,23,17,28,27,9,7,7
172,"F",10.4,5,9,57,2,0,1,0,0,23,17,28,27,9,7,7
172,"F",10.4,5,9,58,2,1,0,0,1,23,17,28,27,9,7,7
172,"F",10.4,5,9,60,2,0,0,0,1,23,17,28,27,9,7,7
173,"F",10.4,5,9,1,1,1,NA,NA,NA,21,20,14,24,9,4,18
173,"F",10.4,5,9,2,1,0,NA,NA,NA,21,20,14,24,9,4,18
173,"F",10.4,5,9,4,1,0,NA,NA,NA,21,20,14,24,9,4,18
173,"F",10.4,5,9,5,1,0,NA,NA,NA,21,20,14,24,9,4,18
173,"F",10.4,5,9,6,1,1,NA,NA,NA,21,20,14,24,9,4,18
173,"F",10.4,5,9,13,1,0,NA,NA,NA,21,20,14,24,9,4,18
173,"F",10.4,5,9,16,1,1,NA,NA,NA,21,20,14,24,9,4,18
173,"F",10.4,5,9,17,1,1,NA,NA,NA,21,20,14,24,9,4,18
173,"F",10.4,5,9,18,1,0,NA,NA,NA,21,20,14,24,9,4,18
173,"F",10.4,5,9,19,1,1,NA,NA,NA,21,20,14,24,9,4,18
173,"F",10.4,5,9,27,1,0,NA,NA,NA,21,20,14,24,9,4,18
173,"F",10.4,5,9,28,1,0,NA,NA,NA,21,20,14,24,9,4,18
173,"F",10.4,5,9,29,1,1,NA,NA,NA,21,20,14,24,9,4,18
173,"F",10.4,5,9,34,1,0,NA,NA,NA,21,20,14,24,9,4,18
173,"F",10.4,5,9,35,1,0,NA,NA,NA,21,20,14,24,9,4,18
173,"F",10.4,5,9,38,1,0,NA,NA,NA,21,20,14,24,9,4,18
173,"F",10.4,5,9,39,1,1,NA,NA,NA,21,20,14,24,9,4,18
173,"F",10.4,5,9,40,1,1,NA,NA,NA,21,20,14,24,9,4,18
173,"F",10.4,5,9,41,1,0,NA,NA,NA,21,20,14,24,9,4,18
173,"F",10.4,5,9,45,1,1,NA,NA,NA,21,20,14,24,9,4,18
173,"F",10.4,5,9,46,1,1,NA,NA,NA,21,20,14,24,9,4,18
173,"F",10.4,5,9,47,1,1,NA,NA,NA,21,20,14,24,9,4,18
173,"F",10.4,5,9,48,1,1,NA,NA,NA,21,20,14,24,9,4,18
173,"F",10.4,5,9,49,1,1,NA,NA,NA,21,20,14,24,9,4,18
173,"F",10.4,5,9,50,1,1,NA,NA,NA,21,20,14,24,9,4,18
173,"F",10.4,5,9,52,1,1,NA,NA,NA,21,20,14,24,9,4,18
173,"F",10.4,5,9,56,1,1,NA,NA,NA,21,20,14,24,9,4,18
173,"F",10.4,5,9,57,1,1,NA,NA,NA,21,20,14,24,9,4,18
173,"F",10.4,5,9,58,1,0,NA,NA,NA,21,20,14,24,9,4,18
173,"F",10.4,5,9,60,1,1,NA,NA,NA,21,20,14,24,9,4,18
173,"F",10.4,5,9,3,2,0,0,1,0,21,20,14,24,9,4,18
173,"F",10.4,5,9,7,2,1,0,0,1,21,20,14,24,9,4,18
173,"F",10.4,5,9,8,2,1,0,1,0,21,20,14,24,9,4,18
173,"F",10.4,5,9,9,2,1,0,0,1,21,20,14,24,9,4,18
173,"F",10.4,5,9,10,2,1,0,1,0,21,20,14,24,9,4,18
173,"F",10.4,5,9,11,2,1,0,1,0,21,20,14,24,9,4,18
173,"F",10.4,5,9,12,2,0,0,0,1,21,20,14,24,9,4,18
173,"F",10.4,5,9,14,2,0,0,0,1,21,20,14,24,9,4,18
173,"F",10.4,5,9,15,2,0,0,1,0,21,20,14,24,9,4,18
173,"F",10.4,5,9,20,2,0,0,1,0,21,20,14,24,9,4,18
173,"F",10.4,5,9,21,2,1,0,0,1,21,20,14,24,9,4,18
173,"F",10.4,5,9,22,2,1,0,0,1,21,20,14,24,9,4,18
173,"F",10.4,5,9,23,2,0,0,0,1,21,20,14,24,9,4,18
173,"F",10.4,5,9,24,2,0,0,0,1,21,20,14,24,9,4,18
173,"F",10.4,5,9,25,2,1,0,1,0,21,20,14,24,9,4,18
173,"F",10.4,5,9,26,2,1,0,0,1,21,20,14,24,9,4,18
173,"F",10.4,5,9,30,2,1,0,0,1,21,20,14,24,9,4,18
173,"F",10.4,5,9,31,2,1,0,0,1,21,20,14,24,9,4,18
173,"F",10.4,5,9,32,2,1,0,1,0,21,20,14,24,9,4,18
173,"F",10.4,5,9,33,2,1,0,1,0,21,20,14,24,9,4,18
173,"F",10.4,5,9,36,2,0,0,0,1,21,20,14,24,9,4,18
173,"F",10.4,5,9,37,2,1,0,0,1,21,20,14,24,9,4,18
173,"F",10.4,5,9,42,2,0,1,0,0,21,20,14,24,9,4,18
173,"F",10.4,5,9,43,2,1,0,0,1,21,20,14,24,9,4,18
173,"F",10.4,5,9,44,2,1,0,0,1,21,20,14,24,9,4,18
173,"F",10.4,5,9,51,2,0,1,0,0,21,20,14,24,9,4,18
173,"F",10.4,5,9,53,2,1,0,0,1,21,20,14,24,9,4,18
173,"F",10.4,5,9,54,2,1,0,0,1,21,20,14,24,9,4,18
173,"F",10.4,5,9,55,2,1,0,0,1,21,20,14,24,9,4,18
173,"F",10.4,5,9,59,2,1,0,0,1,21,20,14,24,9,4,18
174,"M",10.5,5,9,2,1,0,NA,NA,NA,16,14,21,12,11,5,5
174,"M",10.5,5,9,4,1,0,NA,NA,NA,16,14,21,12,11,5,5
174,"M",10.5,5,9,5,1,0,NA,NA,NA,16,14,21,12,11,5,5
174,"M",10.5,5,9,6,1,0,NA,NA,NA,16,14,21,12,11,5,5
174,"M",10.5,5,9,9,1,1,NA,NA,NA,16,14,21,12,11,5,5
174,"M",10.5,5,9,11,1,1,NA,NA,NA,16,14,21,12,11,5,5
174,"M",10.5,5,9,12,1,0,NA,NA,NA,16,14,21,12,11,5,5
174,"M",10.5,5,9,13,1,0,NA,NA,NA,16,14,21,12,11,5,5
174,"M",10.5,5,9,15,1,0,NA,NA,NA,16,14,21,12,11,5,5
174,"M",10.5,5,9,16,1,0,NA,NA,NA,16,14,21,12,11,5,5
174,"M",10.5,5,9,23,1,0,NA,NA,NA,16,14,21,12,11,5,5
174,"M",10.5,5,9,26,1,0,NA,NA,NA,16,14,21,12,11,5,5
174,"M",10.5,5,9,27,1,0,NA,NA,NA,16,14,21,12,11,5,5
174,"M",10.5,5,9,28,1,0,NA,NA,NA,16,14,21,12,11,5,5
174,"M",10.5,5,9,29,1,0,NA,NA,NA,16,14,21,12,11,5,5
174,"M",10.5,5,9,35,1,0,NA,NA,NA,16,14,21,12,11,5,5
174,"M",10.5,5,9,36,1,0,NA,NA,NA,16,14,21,12,11,5,5
174,"M",10.5,5,9,37,1,0,NA,NA,NA,16,14,21,12,11,5,5
174,"M",10.5,5,9,38,1,0,NA,NA,NA,16,14,21,12,11,5,5
174,"M",10.5,5,9,39,1,0,NA,NA,NA,16,14,21,12,11,5,5
174,"M",10.5,5,9,40,1,0,NA,NA,NA,16,14,21,12,11,5,5
174,"M",10.5,5,9,42,1,0,NA,NA,NA,16,14,21,12,11,5,5
174,"M",10.5,5,9,43,1,1,NA,NA,NA,16,14,21,12,11,5,5
174,"M",10.5,5,9,44,1,0,NA,NA,NA,16,14,21,12,11,5,5
174,"M",10.5,5,9,45,1,0,NA,NA,NA,16,14,21,12,11,5,5
174,"M",10.5,5,9,46,1,1,NA,NA,NA,16,14,21,12,11,5,5
174,"M",10.5,5,9,49,1,0,NA,NA,NA,16,14,21,12,11,5,5
174,"M",10.5,5,9,55,1,0,NA,NA,NA,16,14,21,12,11,5,5
174,"M",10.5,5,9,58,1,1,NA,NA,NA,16,14,21,12,11,5,5
174,"M",10.5,5,9,60,1,0,NA,NA,NA,16,14,21,12,11,5,5
174,"M",10.5,5,9,1,2,0,0,0,1,16,14,21,12,11,5,5
174,"M",10.5,5,9,3,2,0,0,0,1,16,14,21,12,11,5,5
174,"M",10.5,5,9,7,2,0,0,0,1,16,14,21,12,11,5,5
174,"M",10.5,5,9,8,2,0,1,0,0,16,14,21,12,11,5,5
174,"M",10.5,5,9,10,2,1,0,0,1,16,14,21,12,11,5,5
174,"M",10.5,5,9,14,2,1,0,0,1,16,14,21,12,11,5,5
174,"M",10.5,5,9,17,2,0,1,0,0,16,14,21,12,11,5,5
174,"M",10.5,5,9,18,2,0,0,0,1,16,14,21,12,11,5,5
174,"M",10.5,5,9,19,2,0,0,0,1,16,14,21,12,11,5,5
174,"M",10.5,5,9,20,2,0,0,0,1,16,14,21,12,11,5,5
174,"M",10.5,5,9,21,2,0,0,0,1,16,14,21,12,11,5,5
174,"M",10.5,5,9,22,2,0,1,0,0,16,14,21,12,11,5,5
174,"M",10.5,5,9,24,2,0,0,0,1,16,14,21,12,11,5,5
174,"M",10.5,5,9,25,2,0,0,0,1,16,14,21,12,11,5,5
174,"M",10.5,5,9,30,2,0,0,0,1,16,14,21,12,11,5,5
174,"M",10.5,5,9,31,2,0,0,0,1,16,14,21,12,11,5,5
174,"M",10.5,5,9,32,2,0,0,0,1,16,14,21,12,11,5,5
174,"M",10.5,5,9,33,2,0,0,0,1,16,14,21,12,11,5,5
174,"M",10.5,5,9,34,2,0,0,0,1,16,14,21,12,11,5,5
174,"M",10.5,5,9,41,2,1,0,0,1,16,14,21,12,11,5,5
174,"M",10.5,5,9,47,2,0,1,0,0,16,14,21,12,11,5,5
174,"M",10.5,5,9,48,2,0,0,0,1,16,14,21,12,11,5,5
174,"M",10.5,5,9,50,2,0,0,0,1,16,14,21,12,11,5,5
174,"M",10.5,5,9,51,2,0,0,0,1,16,14,21,12,11,5,5
174,"M",10.5,5,9,52,2,0,0,0,1,16,14,21,12,11,5,5
174,"M",10.5,5,9,53,2,0,0,1,0,16,14,21,12,11,5,5
174,"M",10.5,5,9,54,2,0,0,0,1,16,14,21,12,11,5,5
174,"M",10.5,5,9,56,2,0,0,0,1,16,14,21,12,11,5,5
174,"M",10.5,5,9,57,2,0,0,0,1,16,14,21,12,11,5,5
174,"M",10.5,5,9,59,2,0,0,0,1,16,14,21,12,11,5,5
175,"M",10.4,5,9,4,1,0,NA,NA,NA,15,26,18,35,7,11,19
175,"M",10.4,5,9,5,1,0,NA,NA,NA,15,26,18,35,7,11,19
175,"M",10.4,5,9,7,1,1,NA,NA,NA,15,26,18,35,7,11,19
175,"M",10.4,5,9,8,1,0,NA,NA,NA,15,26,18,35,7,11,19
175,"M",10.4,5,9,10,1,1,NA,NA,NA,15,26,18,35,7,11,19
175,"M",10.4,5,9,12,1,1,NA,NA,NA,15,26,18,35,7,11,19
175,"M",10.4,5,9,15,1,1,NA,NA,NA,15,26,18,35,7,11,19
175,"M",10.4,5,9,17,1,1,NA,NA,NA,15,26,18,35,7,11,19
175,"M",10.4,5,9,23,1,1,NA,NA,NA,15,26,18,35,7,11,19
175,"M",10.4,5,9,24,1,0,NA,NA,NA,15,26,18,35,7,11,19
175,"M",10.4,5,9,25,1,1,NA,NA,NA,15,26,18,35,7,11,19
175,"M",10.4,5,9,28,1,0,NA,NA,NA,15,26,18,35,7,11,19
175,"M",10.4,5,9,32,1,0,NA,NA,NA,15,26,18,35,7,11,19
175,"M",10.4,5,9,35,1,1,NA,NA,NA,15,26,18,35,7,11,19
175,"M",10.4,5,9,36,1,0,NA,NA,NA,15,26,18,35,7,11,19
175,"M",10.4,5,9,38,1,1,NA,NA,NA,15,26,18,35,7,11,19
175,"M",10.4,5,9,39,1,1,NA,NA,NA,15,26,18,35,7,11,19
175,"M",10.4,5,9,41,1,1,NA,NA,NA,15,26,18,35,7,11,19
175,"M",10.4,5,9,42,1,0,NA,NA,NA,15,26,18,35,7,11,19
175,"M",10.4,5,9,43,1,1,NA,NA,NA,15,26,18,35,7,11,19
175,"M",10.4,5,9,46,1,1,NA,NA,NA,15,26,18,35,7,11,19
175,"M",10.4,5,9,47,1,1,NA,NA,NA,15,26,18,35,7,11,19
175,"M",10.4,5,9,48,1,0,NA,NA,NA,15,26,18,35,7,11,19
175,"M",10.4,5,9,51,1,0,NA,NA,NA,15,26,18,35,7,11,19
175,"M",10.4,5,9,52,1,0,NA,NA,NA,15,26,18,35,7,11,19
175,"M",10.4,5,9,54,1,1,NA,NA,NA,15,26,18,35,7,11,19
175,"M",10.4,5,9,56,1,1,NA,NA,NA,15,26,18,35,7,11,19
175,"M",10.4,5,9,57,1,1,NA,NA,NA,15,26,18,35,7,11,19
175,"M",10.4,5,9,58,1,1,NA,NA,NA,15,26,18,35,7,11,19
175,"M",10.4,5,9,60,1,1,NA,NA,NA,15,26,18,35,7,11,19
175,"M",10.4,5,9,1,2,0,0,0,1,15,26,18,35,7,11,19
175,"M",10.4,5,9,2,2,0,0,0,1,15,26,18,35,7,11,19
175,"M",10.4,5,9,3,2,0,0,0,1,15,26,18,35,7,11,19
175,"M",10.4,5,9,6,2,0,0,0,1,15,26,18,35,7,11,19
175,"M",10.4,5,9,9,2,1,0,0,1,15,26,18,35,7,11,19
175,"M",10.4,5,9,11,2,1,0,0,1,15,26,18,35,7,11,19
175,"M",10.4,5,9,13,2,0,0,0,1,15,26,18,35,7,11,19
175,"M",10.4,5,9,14,2,0,0,0,1,15,26,18,35,7,11,19
175,"M",10.4,5,9,16,2,0,0,1,0,15,26,18,35,7,11,19
175,"M",10.4,5,9,18,2,1,0,0,1,15,26,18,35,7,11,19
175,"M",10.4,5,9,19,2,1,0,0,1,15,26,18,35,7,11,19
175,"M",10.4,5,9,20,2,0,0,0,1,15,26,18,35,7,11,19
175,"M",10.4,5,9,21,2,0,0,0,1,15,26,18,35,7,11,19
175,"M",10.4,5,9,22,2,0,0,0,1,15,26,18,35,7,11,19
175,"M",10.4,5,9,26,2,0,0,0,1,15,26,18,35,7,11,19
175,"M",10.4,5,9,27,2,1,0,0,1,15,26,18,35,7,11,19
175,"M",10.4,5,9,29,2,0,0,0,1,15,26,18,35,7,11,19
175,"M",10.4,5,9,30,2,1,0,0,1,15,26,18,35,7,11,19
175,"M",10.4,5,9,31,2,1,0,1,0,15,26,18,35,7,11,19
175,"M",10.4,5,9,33,2,1,0,0,1,15,26,18,35,7,11,19
175,"M",10.4,5,9,34,2,0,0,0,1,15,26,18,35,7,11,19
175,"M",10.4,5,9,37,2,1,0,0,1,15,26,18,35,7,11,19
175,"M",10.4,5,9,40,2,1,0,0,1,15,26,18,35,7,11,19
175,"M",10.4,5,9,44,2,0,0,1,0,15,26,18,35,7,11,19
175,"M",10.4,5,9,45,2,0,0,0,1,15,26,18,35,7,11,19
175,"M",10.4,5,9,49,2,0,0,1,0,15,26,18,35,7,11,19
175,"M",10.4,5,9,50,2,1,0,1,0,15,26,18,35,7,11,19
175,"M",10.4,5,9,53,2,1,0,0,1,15,26,18,35,7,11,19
175,"M",10.4,5,9,55,2,1,0,1,0,15,26,18,35,7,11,19
175,"M",10.4,5,9,59,2,1,0,0,1,15,26,18,35,7,11,19
176,"F",10.1,5,9,1,1,0,NA,NA,NA,16,19,20,34,7,10,13
176,"F",10.1,5,9,5,1,0,NA,NA,NA,16,19,20,34,7,10,13
176,"F",10.1,5,9,7,1,1,NA,NA,NA,16,19,20,34,7,10,13
176,"F",10.1,5,9,9,1,1,NA,NA,NA,16,19,20,34,7,10,13
176,"F",10.1,5,9,11,1,1,NA,NA,NA,16,19,20,34,7,10,13
176,"F",10.1,5,9,12,1,1,NA,NA,NA,16,19,20,34,7,10,13
176,"F",10.1,5,9,13,1,0,NA,NA,NA,16,19,20,34,7,10,13
176,"F",10.1,5,9,14,1,0,NA,NA,NA,16,19,20,34,7,10,13
176,"F",10.1,5,9,15,1,0,NA,NA,NA,16,19,20,34,7,10,13
176,"F",10.1,5,9,16,1,0,NA,NA,NA,16,19,20,34,7,10,13
176,"F",10.1,5,9,18,1,0,NA,NA,NA,16,19,20,34,7,10,13
176,"F",10.1,5,9,19,1,1,NA,NA,NA,16,19,20,34,7,10,13
176,"F",10.1,5,9,30,1,0,NA,NA,NA,16,19,20,34,7,10,13
176,"F",10.1,5,9,31,1,0,NA,NA,NA,16,19,20,34,7,10,13
176,"F",10.1,5,9,32,1,0,NA,NA,NA,16,19,20,34,7,10,13
176,"F",10.1,5,9,34,1,0,NA,NA,NA,16,19,20,34,7,10,13
176,"F",10.1,5,9,35,1,0,NA,NA,NA,16,19,20,34,7,10,13
176,"F",10.1,5,9,36,1,1,NA,NA,NA,16,19,20,34,7,10,13
176,"F",10.1,5,9,41,1,0,NA,NA,NA,16,19,20,34,7,10,13
176,"F",10.1,5,9,42,1,0,NA,NA,NA,16,19,20,34,7,10,13
176,"F",10.1,5,9,43,1,1,NA,NA,NA,16,19,20,34,7,10,13
176,"F",10.1,5,9,45,1,1,NA,NA,NA,16,19,20,34,7,10,13
176,"F",10.1,5,9,47,1,1,NA,NA,NA,16,19,20,34,7,10,13
176,"F",10.1,5,9,49,1,1,NA,NA,NA,16,19,20,34,7,10,13
176,"F",10.1,5,9,50,1,0,NA,NA,NA,16,19,20,34,7,10,13
176,"F",10.1,5,9,52,1,1,NA,NA,NA,16,19,20,34,7,10,13
176,"F",10.1,5,9,55,1,0,NA,NA,NA,16,19,20,34,7,10,13
176,"F",10.1,5,9,56,1,1,NA,NA,NA,16,19,20,34,7,10,13
176,"F",10.1,5,9,58,1,1,NA,NA,NA,16,19,20,34,7,10,13
176,"F",10.1,5,9,60,1,0,NA,NA,NA,16,19,20,34,7,10,13
176,"F",10.1,5,9,2,2,1,0,0,1,16,19,20,34,7,10,13
176,"F",10.1,5,9,3,2,0,0,0,1,16,19,20,34,7,10,13
176,"F",10.1,5,9,4,2,1,0,0,1,16,19,20,34,7,10,13
176,"F",10.1,5,9,6,2,0,1,0,0,16,19,20,34,7,10,13
176,"F",10.1,5,9,8,2,0,0,1,0,16,19,20,34,7,10,13
176,"F",10.1,5,9,10,2,1,0,0,1,16,19,20,34,7,10,13
176,"F",10.1,5,9,17,2,0,0,0,1,16,19,20,34,7,10,13
176,"F",10.1,5,9,20,2,0,0,0,1,16,19,20,34,7,10,13
176,"F",10.1,5,9,21,2,0,0,0,1,16,19,20,34,7,10,13
176,"F",10.1,5,9,22,2,0,0,0,1,16,19,20,34,7,10,13
176,"F",10.1,5,9,23,2,1,0,1,0,16,19,20,34,7,10,13
176,"F",10.1,5,9,24,2,0,0,1,0,16,19,20,34,7,10,13
176,"F",10.1,5,9,25,2,1,0,0,1,16,19,20,34,7,10,13
176,"F",10.1,5,9,26,2,0,0,0,1,16,19,20,34,7,10,13
176,"F",10.1,5,9,27,2,0,0,0,1,16,19,20,34,7,10,13
176,"F",10.1,5,9,28,2,1,0,1,0,16,19,20,34,7,10,13
176,"F",10.1,5,9,29,2,0,0,1,0,16,19,20,34,7,10,13
176,"F",10.1,5,9,33,2,1,0,1,0,16,19,20,34,7,10,13
176,"F",10.1,5,9,37,2,1,0,1,0,16,19,20,34,7,10,13
176,"F",10.1,5,9,38,2,0,0,0,1,16,19,20,34,7,10,13
176,"F",10.1,5,9,39,2,1,0,0,1,16,19,20,34,7,10,13
176,"F",10.1,5,9,40,2,1,0,0,1,16,19,20,34,7,10,13
176,"F",10.1,5,9,44,2,0,0,0,1,16,19,20,34,7,10,13
176,"F",10.1,5,9,46,2,0,0,0,1,16,19,20,34,7,10,13
176,"F",10.1,5,9,48,2,0,0,0,1,16,19,20,34,7,10,13
176,"F",10.1,5,9,51,2,0,0,0,1,16,19,20,34,7,10,13
176,"F",10.1,5,9,53,2,0,1,0,0,16,19,20,34,7,10,13
176,"F",10.1,5,9,54,2,1,0,1,0,16,19,20,34,7,10,13
176,"F",10.1,5,9,57,2,1,0,0,1,16,19,20,34,7,10,13
176,"F",10.1,5,9,59,2,1,0,0,1,16,19,20,34,7,10,13
177,"M",10.8,5,9,2,1,1,NA,NA,NA,24,12,23,26,10,5,13
177,"M",10.8,5,9,3,1,0,NA,NA,NA,24,12,23,26,10,5,13
177,"M",10.8,5,9,7,1,1,NA,NA,NA,24,12,23,26,10,5,13
177,"M",10.8,5,9,10,1,1,NA,NA,NA,24,12,23,26,10,5,13
177,"M",10.8,5,9,14,1,0,NA,NA,NA,24,12,23,26,10,5,13
177,"M",10.8,5,9,15,1,0,NA,NA,NA,24,12,23,26,10,5,13
177,"M",10.8,5,9,16,1,0,NA,NA,NA,24,12,23,26,10,5,13
177,"M",10.8,5,9,19,1,0,NA,NA,NA,24,12,23,26,10,5,13
177,"M",10.8,5,9,20,1,0,NA,NA,NA,24,12,23,26,10,5,13
177,"M",10.8,5,9,23,1,1,NA,NA,NA,24,12,23,26,10,5,13
177,"M",10.8,5,9,25,1,1,NA,NA,NA,24,12,23,26,10,5,13
177,"M",10.8,5,9,27,1,0,NA,NA,NA,24,12,23,26,10,5,13
177,"M",10.8,5,9,28,1,0,NA,NA,NA,24,12,23,26,10,5,13
177,"M",10.8,5,9,30,1,1,NA,NA,NA,24,12,23,26,10,5,13
177,"M",10.8,5,9,31,1,1,NA,NA,NA,24,12,23,26,10,5,13
177,"M",10.8,5,9,32,1,0,NA,NA,NA,24,12,23,26,10,5,13
177,"M",10.8,5,9,34,1,0,NA,NA,NA,24,12,23,26,10,5,13
177,"M",10.8,5,9,36,1,1,NA,NA,NA,24,12,23,26,10,5,13
177,"M",10.8,5,9,37,1,0,NA,NA,NA,24,12,23,26,10,5,13
177,"M",10.8,5,9,39,1,1,NA,NA,NA,24,12,23,26,10,5,13
177,"M",10.8,5,9,42,1,0,NA,NA,NA,24,12,23,26,10,5,13
177,"M",10.8,5,9,43,1,1,NA,NA,NA,24,12,23,26,10,5,13
177,"M",10.8,5,9,44,1,0,NA,NA,NA,24,12,23,26,10,5,13
177,"M",10.8,5,9,46,1,0,NA,NA,NA,24,12,23,26,10,5,13
177,"M",10.8,5,9,49,1,0,NA,NA,NA,24,12,23,26,10,5,13
177,"M",10.8,5,9,50,1,0,NA,NA,NA,24,12,23,26,10,5,13
177,"M",10.8,5,9,51,1,1,NA,NA,NA,24,12,23,26,10,5,13
177,"M",10.8,5,9,52,1,0,NA,NA,NA,24,12,23,26,10,5,13
177,"M",10.8,5,9,56,1,1,NA,NA,NA,24,12,23,26,10,5,13
177,"M",10.8,5,9,59,1,1,NA,NA,NA,24,12,23,26,10,5,13
177,"M",10.8,5,9,1,2,0,0,1,0,24,12,23,26,10,5,13
177,"M",10.8,5,9,4,2,1,0,0,1,24,12,23,26,10,5,13
177,"M",10.8,5,9,5,2,0,0,1,0,24,12,23,26,10,5,13
177,"M",10.8,5,9,6,2,0,0,0,1,24,12,23,26,10,5,13
177,"M",10.8,5,9,8,2,0,0,0,1,24,12,23,26,10,5,13
177,"M",10.8,5,9,9,2,1,0,1,0,24,12,23,26,10,5,13
177,"M",10.8,5,9,11,2,0,1,0,0,24,12,23,26,10,5,13
177,"M",10.8,5,9,12,2,0,0,1,0,24,12,23,26,10,5,13
177,"M",10.8,5,9,13,2,0,1,0,0,24,12,23,26,10,5,13
177,"M",10.8,5,9,17,2,0,0,1,0,24,12,23,26,10,5,13
177,"M",10.8,5,9,18,2,0,0,1,0,24,12,23,26,10,5,13
177,"M",10.8,5,9,21,2,0,1,0,0,24,12,23,26,10,5,13
177,"M",10.8,5,9,22,2,0,0,1,0,24,12,23,26,10,5,13
177,"M",10.8,5,9,24,2,0,0,0,1,24,12,23,26,10,5,13
177,"M",10.8,5,9,26,2,0,0,1,0,24,12,23,26,10,5,13
177,"M",10.8,5,9,29,2,0,0,0,1,24,12,23,26,10,5,13
177,"M",10.8,5,9,33,2,1,0,1,0,24,12,23,26,10,5,13
177,"M",10.8,5,9,35,2,0,0,1,0,24,12,23,26,10,5,13
177,"M",10.8,5,9,38,2,0,0,0,1,24,12,23,26,10,5,13
177,"M",10.8,5,9,40,2,0,1,0,0,24,12,23,26,10,5,13
177,"M",10.8,5,9,41,2,0,0,1,0,24,12,23,26,10,5,13
177,"M",10.8,5,9,45,2,0,1,0,0,24,12,23,26,10,5,13
177,"M",10.8,5,9,47,2,1,0,1,0,24,12,23,26,10,5,13
177,"M",10.8,5,9,48,2,0,0,1,0,24,12,23,26,10,5,13
177,"M",10.8,5,9,53,2,0,1,0,0,24,12,23,26,10,5,13
177,"M",10.8,5,9,54,2,0,1,0,0,24,12,23,26,10,5,13
177,"M",10.8,5,9,55,2,0,0,0,1,24,12,23,26,10,5,13
177,"M",10.8,5,9,57,2,0,1,0,0,24,12,23,26,10,5,13
177,"M",10.8,5,9,58,2,0,0,1,0,24,12,23,26,10,5,13
177,"M",10.8,5,9,60,2,0,0,1,0,24,12,23,26,10,5,13
178,"M",10.6,5,9,1,1,1,NA,NA,NA,29,14,29,20,6,7,17
178,"M",10.6,5,9,4,1,1,NA,NA,NA,29,14,29,20,6,7,17
178,"M",10.6,5,9,6,1,0,NA,NA,NA,29,14,29,20,6,7,17
178,"M",10.6,5,9,9,1,0,NA,NA,NA,29,14,29,20,6,7,17
178,"M",10.6,5,9,11,1,0,NA,NA,NA,29,14,29,20,6,7,17
178,"M",10.6,5,9,12,1,1,NA,NA,NA,29,14,29,20,6,7,17
178,"M",10.6,5,9,14,1,1,NA,NA,NA,29,14,29,20,6,7,17
178,"M",10.6,5,9,16,1,0,NA,NA,NA,29,14,29,20,6,7,17
178,"M",10.6,5,9,19,1,0,NA,NA,NA,29,14,29,20,6,7,17
178,"M",10.6,5,9,20,1,1,NA,NA,NA,29,14,29,20,6,7,17
178,"M",10.6,5,9,21,1,0,NA,NA,NA,29,14,29,20,6,7,17
178,"M",10.6,5,9,22,1,1,NA,NA,NA,29,14,29,20,6,7,17
178,"M",10.6,5,9,25,1,1,NA,NA,NA,29,14,29,20,6,7,17
178,"M",10.6,5,9,28,1,1,NA,NA,NA,29,14,29,20,6,7,17
178,"M",10.6,5,9,29,1,0,NA,NA,NA,29,14,29,20,6,7,17
178,"M",10.6,5,9,30,1,0,NA,NA,NA,29,14,29,20,6,7,17
178,"M",10.6,5,9,31,1,1,NA,NA,NA,29,14,29,20,6,7,17
178,"M",10.6,5,9,32,1,0,NA,NA,NA,29,14,29,20,6,7,17
178,"M",10.6,5,9,35,1,0,NA,NA,NA,29,14,29,20,6,7,17
178,"M",10.6,5,9,36,1,1,NA,NA,NA,29,14,29,20,6,7,17
178,"M",10.6,5,9,37,1,1,NA,NA,NA,29,14,29,20,6,7,17
178,"M",10.6,5,9,38,1,1,NA,NA,NA,29,14,29,20,6,7,17
178,"M",10.6,5,9,40,1,1,NA,NA,NA,29,14,29,20,6,7,17
178,"M",10.6,5,9,43,1,1,NA,NA,NA,29,14,29,20,6,7,17
178,"M",10.6,5,9,45,1,1,NA,NA,NA,29,14,29,20,6,7,17
178,"M",10.6,5,9,47,1,1,NA,NA,NA,29,14,29,20,6,7,17
178,"M",10.6,5,9,48,1,0,NA,NA,NA,29,14,29,20,6,7,17
178,"M",10.6,5,9,52,1,0,NA,NA,NA,29,14,29,20,6,7,17
178,"M",10.6,5,9,53,1,1,NA,NA,NA,29,14,29,20,6,7,17
178,"M",10.6,5,9,55,1,0,NA,NA,NA,29,14,29,20,6,7,17
178,"M",10.6,5,9,2,2,0,1,0,0,29,14,29,20,6,7,17
178,"M",10.6,5,9,3,2,1,0,0,1,29,14,29,20,6,7,17
178,"M",10.6,5,9,5,2,0,1,0,0,29,14,29,20,6,7,17
178,"M",10.6,5,9,7,2,0,1,0,0,29,14,29,20,6,7,17
178,"M",10.6,5,9,8,2,0,0,1,0,29,14,29,20,6,7,17
178,"M",10.6,5,9,10,2,0,1,0,0,29,14,29,20,6,7,17
178,"M",10.6,5,9,13,2,0,1,0,0,29,14,29,20,6,7,17
178,"M",10.6,5,9,15,2,0,0,0,1,29,14,29,20,6,7,17
178,"M",10.6,5,9,17,2,0,1,0,0,29,14,29,20,6,7,17
178,"M",10.6,5,9,18,2,0,0,1,0,29,14,29,20,6,7,17
178,"M",10.6,5,9,23,2,1,0,1,0,29,14,29,20,6,7,17
178,"M",10.6,5,9,24,2,0,1,0,0,29,14,29,20,6,7,17
178,"M",10.6,5,9,26,2,1,0,1,0,29,14,29,20,6,7,17
178,"M",10.6,5,9,27,2,0,1,0,0,29,14,29,20,6,7,17
178,"M",10.6,5,9,33,2,0,0,1,0,29,14,29,20,6,7,17
178,"M",10.6,5,9,34,2,0,1,0,0,29,14,29,20,6,7,17
178,"M",10.6,5,9,39,2,0,1,0,0,29,14,29,20,6,7,17
178,"M",10.6,5,9,41,2,0,0,0,1,29,14,29,20,6,7,17
178,"M",10.6,5,9,42,2,0,1,0,0,29,14,29,20,6,7,17
178,"M",10.6,5,9,44,2,0,0,1,0,29,14,29,20,6,7,17
178,"M",10.6,5,9,46,2,0,1,0,0,29,14,29,20,6,7,17
178,"M",10.6,5,9,49,2,0,0,0,1,29,14,29,20,6,7,17
178,"M",10.6,5,9,50,2,0,1,0,0,29,14,29,20,6,7,17
178,"M",10.6,5,9,51,2,0,1,0,0,29,14,29,20,6,7,17
178,"M",10.6,5,9,54,2,0,0,0,1,29,14,29,20,6,7,17
178,"M",10.6,5,9,56,2,0,1,0,0,29,14,29,20,6,7,17
178,"M",10.6,5,9,57,2,0,1,0,0,29,14,29,20,6,7,17
178,"M",10.6,5,9,58,2,1,0,0,1,29,14,29,20,6,7,17
178,"M",10.6,5,9,59,2,0,1,0,0,29,14,29,20,6,7,17
178,"M",10.6,5,9,60,2,0,0,1,0,29,14,29,20,6,7,17
179,"F",10.8,5,9,1,1,1,NA,NA,NA,41,11,31,17,8,5,17
179,"F",10.8,5,9,2,1,0,NA,NA,NA,41,11,31,17,8,5,17
179,"F",10.8,5,9,4,1,0,NA,NA,NA,41,11,31,17,8,5,17
179,"F",10.8,5,9,8,1,0,NA,NA,NA,41,11,31,17,8,5,17
179,"F",10.8,5,9,9,1,0,NA,NA,NA,41,11,31,17,8,5,17
179,"F",10.8,5,9,10,1,1,NA,NA,NA,41,11,31,17,8,5,17
179,"F",10.8,5,9,12,1,1,NA,NA,NA,41,11,31,17,8,5,17
179,"F",10.8,5,9,13,1,0,NA,NA,NA,41,11,31,17,8,5,17
179,"F",10.8,5,9,14,1,0,NA,NA,NA,41,11,31,17,8,5,17
179,"F",10.8,5,9,19,1,1,NA,NA,NA,41,11,31,17,8,5,17
179,"F",10.8,5,9,20,1,0,NA,NA,NA,41,11,31,17,8,5,17
179,"F",10.8,5,9,24,1,1,NA,NA,NA,41,11,31,17,8,5,17
179,"F",10.8,5,9,25,1,1,NA,NA,NA,41,11,31,17,8,5,17
179,"F",10.8,5,9,28,1,0,NA,NA,NA,41,11,31,17,8,5,17
179,"F",10.8,5,9,32,1,1,NA,NA,NA,41,11,31,17,8,5,17
179,"F",10.8,5,9,33,1,1,NA,NA,NA,41,11,31,17,8,5,17
179,"F",10.8,5,9,37,1,1,NA,NA,NA,41,11,31,17,8,5,17
179,"F",10.8,5,9,38,1,0,NA,NA,NA,41,11,31,17,8,5,17
179,"F",10.8,5,9,41,1,0,NA,NA,NA,41,11,31,17,8,5,17
179,"F",10.8,5,9,45,1,1,NA,NA,NA,41,11,31,17,8,5,17
179,"F",10.8,5,9,46,1,1,NA,NA,NA,41,11,31,17,8,5,17
179,"F",10.8,5,9,48,1,0,NA,NA,NA,41,11,31,17,8,5,17
179,"F",10.8,5,9,51,1,1,NA,NA,NA,41,11,31,17,8,5,17
179,"F",10.8,5,9,54,1,1,NA,NA,NA,41,11,31,17,8,5,17
179,"F",10.8,5,9,55,1,0,NA,NA,NA,41,11,31,17,8,5,17
179,"F",10.8,5,9,56,1,1,NA,NA,NA,41,11,31,17,8,5,17
179,"F",10.8,5,9,57,1,1,NA,NA,NA,41,11,31,17,8,5,17
179,"F",10.8,5,9,58,1,1,NA,NA,NA,41,11,31,17,8,5,17
179,"F",10.8,5,9,59,1,1,NA,NA,NA,41,11,31,17,8,5,17
179,"F",10.8,5,9,60,1,0,NA,NA,NA,41,11,31,17,8,5,17
179,"F",10.8,5,9,3,2,0,1,0,0,41,11,31,17,8,5,17
179,"F",10.8,5,9,5,2,0,1,0,0,41,11,31,17,8,5,17
179,"F",10.8,5,9,6,2,0,1,0,0,41,11,31,17,8,5,17
179,"F",10.8,5,9,7,2,0,1,0,0,41,11,31,17,8,5,17
179,"F",10.8,5,9,11,2,1,0,0,1,41,11,31,17,8,5,17
179,"F",10.8,5,9,15,2,0,0,0,1,41,11,31,17,8,5,17
179,"F",10.8,5,9,16,2,0,1,0,0,41,11,31,17,8,5,17
179,"F",10.8,5,9,17,2,0,1,0,0,41,11,31,17,8,5,17
179,"F",10.8,5,9,18,2,1,0,1,0,41,11,31,17,8,5,17
179,"F",10.8,5,9,21,2,0,1,0,0,41,11,31,17,8,5,17
179,"F",10.8,5,9,22,2,0,0,1,0,41,11,31,17,8,5,17
179,"F",10.8,5,9,23,2,0,1,0,0,41,11,31,17,8,5,17
179,"F",10.8,5,9,26,2,0,1,0,0,41,11,31,17,8,5,17
179,"F",10.8,5,9,27,2,0,1,0,0,41,11,31,17,8,5,17
179,"F",10.8,5,9,29,2,0,1,0,0,41,11,31,17,8,5,17
179,"F",10.8,5,9,30,2,0,1,0,0,41,11,31,17,8,5,17
179,"F",10.8,5,9,31,2,0,1,0,0,41,11,31,17,8,5,17
179,"F",10.8,5,9,34,2,0,0,1,0,41,11,31,17,8,5,17
179,"F",10.8,5,9,35,2,0,1,0,0,41,11,31,17,8,5,17
179,"F",10.8,5,9,36,2,0,0,1,0,41,11,31,17,8,5,17
179,"F",10.8,5,9,39,2,1,0,1,0,41,11,31,17,8,5,17
179,"F",10.8,5,9,40,2,0,1,0,0,41,11,31,17,8,5,17
179,"F",10.8,5,9,42,2,0,1,0,0,41,11,31,17,8,5,17
179,"F",10.8,5,9,43,2,1,0,1,0,41,11,31,17,8,5,17
179,"F",10.8,5,9,44,2,0,1,0,0,41,11,31,17,8,5,17
179,"F",10.8,5,9,47,2,0,1,0,0,41,11,31,17,8,5,17
179,"F",10.8,5,9,49,2,0,1,0,0,41,11,31,17,8,5,17
179,"F",10.8,5,9,50,2,0,1,0,0,41,11,31,17,8,5,17
179,"F",10.8,5,9,52,2,0,1,0,0,41,11,31,17,8,5,17
179,"F",10.8,5,9,53,2,0,1,0,0,41,11,31,17,8,5,17
180,"F",10.8,5,9,1,1,0,NA,NA,NA,19,22,15,18,5,9,23
180,"F",10.8,5,9,3,1,0,NA,NA,NA,19,22,15,18,5,9,23
180,"F",10.8,5,9,6,1,0,NA,NA,NA,19,22,15,18,5,9,23
180,"F",10.8,5,9,7,1,1,NA,NA,NA,19,22,15,18,5,9,23
180,"F",10.8,5,9,8,1,1,NA,NA,NA,19,22,15,18,5,9,23
180,"F",10.8,5,9,9,1,1,NA,NA,NA,19,22,15,18,5,9,23
180,"F",10.8,5,9,12,1,1,NA,NA,NA,19,22,15,18,5,9,23
180,"F",10.8,5,9,17,1,1,NA,NA,NA,19,22,15,18,5,9,23
180,"F",10.8,5,9,19,1,1,NA,NA,NA,19,22,15,18,5,9,23
180,"F",10.8,5,9,20,1,1,NA,NA,NA,19,22,15,18,5,9,23
180,"F",10.8,5,9,21,1,1,NA,NA,NA,19,22,15,18,5,9,23
180,"F",10.8,5,9,22,1,0,NA,NA,NA,19,22,15,18,5,9,23
180,"F",10.8,5,9,23,1,0,NA,NA,NA,19,22,15,18,5,9,23
180,"F",10.8,5,9,27,1,1,NA,NA,NA,19,22,15,18,5,9,23
180,"F",10.8,5,9,28,1,1,NA,NA,NA,19,22,15,18,5,9,23
180,"F",10.8,5,9,35,1,0,NA,NA,NA,19,22,15,18,5,9,23
180,"F",10.8,5,9,38,1,1,NA,NA,NA,19,22,15,18,5,9,23
180,"F",10.8,5,9,39,1,1,NA,NA,NA,19,22,15,18,5,9,23
180,"F",10.8,5,9,41,1,1,NA,NA,NA,19,22,15,18,5,9,23
180,"F",10.8,5,9,42,1,1,NA,NA,NA,19,22,15,18,5,9,23
180,"F",10.8,5,9,43,1,1,NA,NA,NA,19,22,15,18,5,9,23
180,"F",10.8,5,9,46,1,1,NA,NA,NA,19,22,15,18,5,9,23
180,"F",10.8,5,9,47,1,1,NA,NA,NA,19,22,15,18,5,9,23
180,"F",10.8,5,9,50,1,1,NA,NA,NA,19,22,15,18,5,9,23
180,"F",10.8,5,9,52,1,0,NA,NA,NA,19,22,15,18,5,9,23
180,"F",10.8,5,9,53,1,1,NA,NA,NA,19,22,15,18,5,9,23
180,"F",10.8,5,9,55,1,1,NA,NA,NA,19,22,15,18,5,9,23
180,"F",10.8,5,9,57,1,1,NA,NA,NA,19,22,15,18,5,9,23
180,"F",10.8,5,9,58,1,1,NA,NA,NA,19,22,15,18,5,9,23
180,"F",10.8,5,9,59,1,1,NA,NA,NA,19,22,15,18,5,9,23
180,"F",10.8,5,9,2,2,1,0,0,1,19,22,15,18,5,9,23
180,"F",10.8,5,9,4,2,0,0,0,1,19,22,15,18,5,9,23
180,"F",10.8,5,9,5,2,1,0,0,1,19,22,15,18,5,9,23
180,"F",10.8,5,9,10,2,1,0,1,0,19,22,15,18,5,9,23
180,"F",10.8,5,9,11,2,1,0,0,1,19,22,15,18,5,9,23
180,"F",10.8,5,9,13,2,0,0,0,1,19,22,15,18,5,9,23
180,"F",10.8,5,9,14,2,1,0,0,1,19,22,15,18,5,9,23
180,"F",10.8,5,9,15,2,0,0,1,0,19,22,15,18,5,9,23
180,"F",10.8,5,9,16,2,0,0,0,1,19,22,15,18,5,9,23
180,"F",10.8,5,9,18,2,0,0,1,0,19,22,15,18,5,9,23
180,"F",10.8,5,9,24,2,0,0,1,0,19,22,15,18,5,9,23
180,"F",10.8,5,9,25,2,1,0,0,1,19,22,15,18,5,9,23
180,"F",10.8,5,9,26,2,1,0,0,1,19,22,15,18,5,9,23
180,"F",10.8,5,9,29,2,1,0,1,0,19,22,15,18,5,9,23
180,"F",10.8,5,9,30,2,1,0,0,1,19,22,15,18,5,9,23
180,"F",10.8,5,9,31,2,1,0,0,1,19,22,15,18,5,9,23
180,"F",10.8,5,9,32,2,0,0,1,0,19,22,15,18,5,9,23
180,"F",10.8,5,9,33,2,1,0,0,1,19,22,15,18,5,9,23
180,"F",10.8,5,9,34,2,1,0,0,1,19,22,15,18,5,9,23
180,"F",10.8,5,9,36,2,1,0,0,1,19,22,15,18,5,9,23
180,"F",10.8,5,9,37,2,0,0,0,1,19,22,15,18,5,9,23
180,"F",10.8,5,9,40,2,1,0,1,0,19,22,15,18,5,9,23
180,"F",10.8,5,9,44,2,1,0,0,1,19,22,15,18,5,9,23
180,"F",10.8,5,9,45,2,1,0,0,1,19,22,15,18,5,9,23
180,"F",10.8,5,9,48,2,0,0,0,1,19,22,15,18,5,9,23
180,"F",10.8,5,9,49,2,1,0,0,1,19,22,15,18,5,9,23
180,"F",10.8,5,9,51,2,0,0,0,1,19,22,15,18,5,9,23
180,"F",10.8,5,9,54,2,0,0,1,0,19,22,15,18,5,9,23
180,"F",10.8,5,9,56,2,1,0,0,1,19,22,15,18,5,9,23
180,"F",10.8,5,9,60,2,0,0,1,0,19,22,15,18,5,9,23
181,"F",10.9,5,10,1,1,0,NA,NA,NA,29,11,33,35,11,5,15
181,"F",10.9,5,10,6,1,0,NA,NA,NA,29,11,33,35,11,5,15
181,"F",10.9,5,10,7,1,1,NA,NA,NA,29,11,33,35,11,5,15
181,"F",10.9,5,10,8,1,0,NA,NA,NA,29,11,33,35,11,5,15
181,"F",10.9,5,10,9,1,1,NA,NA,NA,29,11,33,35,11,5,15
181,"F",10.9,5,10,10,1,1,NA,NA,NA,29,11,33,35,11,5,15
181,"F",10.9,5,10,19,1,1,NA,NA,NA,29,11,33,35,11,5,15
181,"F",10.9,5,10,23,1,1,NA,NA,NA,29,11,33,35,11,5,15
181,"F",10.9,5,10,24,1,0,NA,NA,NA,29,11,33,35,11,5,15
181,"F",10.9,5,10,26,1,0,NA,NA,NA,29,11,33,35,11,5,15
181,"F",10.9,5,10,27,1,1,NA,NA,NA,29,11,33,35,11,5,15
181,"F",10.9,5,10,28,1,0,NA,NA,NA,29,11,33,35,11,5,15
181,"F",10.9,5,10,30,1,0,NA,NA,NA,29,11,33,35,11,5,15
181,"F",10.9,5,10,32,1,1,NA,NA,NA,29,11,33,35,11,5,15
181,"F",10.9,5,10,33,1,1,NA,NA,NA,29,11,33,35,11,5,15
181,"F",10.9,5,10,34,1,0,NA,NA,NA,29,11,33,35,11,5,15
181,"F",10.9,5,10,36,1,1,NA,NA,NA,29,11,33,35,11,5,15
181,"F",10.9,5,10,37,1,0,NA,NA,NA,29,11,33,35,11,5,15
181,"F",10.9,5,10,38,1,1,NA,NA,NA,29,11,33,35,11,5,15
181,"F",10.9,5,10,40,1,1,NA,NA,NA,29,11,33,35,11,5,15
181,"F",10.9,5,10,41,1,0,NA,NA,NA,29,11,33,35,11,5,15
181,"F",10.9,5,10,45,1,0,NA,NA,NA,29,11,33,35,11,5,15
181,"F",10.9,5,10,46,1,1,NA,NA,NA,29,11,33,35,11,5,15
181,"F",10.9,5,10,50,1,1,NA,NA,NA,29,11,33,35,11,5,15
181,"F",10.9,5,10,51,1,0,NA,NA,NA,29,11,33,35,11,5,15
181,"F",10.9,5,10,52,1,0,NA,NA,NA,29,11,33,35,11,5,15
181,"F",10.9,5,10,55,1,0,NA,NA,NA,29,11,33,35,11,5,15
181,"F",10.9,5,10,56,1,1,NA,NA,NA,29,11,33,35,11,5,15
181,"F",10.9,5,10,59,1,1,NA,NA,NA,29,11,33,35,11,5,15
181,"F",10.9,5,10,60,1,0,NA,NA,NA,29,11,33,35,11,5,15
181,"F",10.9,5,10,2,2,0,1,0,0,29,11,33,35,11,5,15
181,"F",10.9,5,10,3,2,0,1,0,0,29,11,33,35,11,5,15
181,"F",10.9,5,10,4,2,0,1,0,0,29,11,33,35,11,5,15
181,"F",10.9,5,10,5,2,0,1,0,0,29,11,33,35,11,5,15
181,"F",10.9,5,10,11,2,0,1,0,0,29,11,33,35,11,5,15
181,"F",10.9,5,10,12,2,0,1,0,0,29,11,33,35,11,5,15
181,"F",10.9,5,10,13,2,0,0,1,0,29,11,33,35,11,5,15
181,"F",10.9,5,10,14,2,0,1,0,0,29,11,33,35,11,5,15
181,"F",10.9,5,10,15,2,0,1,0,0,29,11,33,35,11,5,15
181,"F",10.9,5,10,16,2,0,1,0,0,29,11,33,35,11,5,15
181,"F",10.9,5,10,17,2,0,1,0,0,29,11,33,35,11,5,15
181,"F",10.9,5,10,18,2,0,1,0,0,29,11,33,35,11,5,15
181,"F",10.9,5,10,20,2,0,1,0,0,29,11,33,35,11,5,15
181,"F",10.9,5,10,21,2,0,1,0,0,29,11,33,35,11,5,15
181,"F",10.9,5,10,22,2,0,1,0,0,29,11,33,35,11,5,15
181,"F",10.9,5,10,25,2,0,1,0,0,29,11,33,35,11,5,15
181,"F",10.9,5,10,29,2,0,1,0,0,29,11,33,35,11,5,15
181,"F",10.9,5,10,31,2,0,1,0,0,29,11,33,35,11,5,15
181,"F",10.9,5,10,35,2,0,1,0,0,29,11,33,35,11,5,15
181,"F",10.9,5,10,39,2,0,1,0,0,29,11,33,35,11,5,15
181,"F",10.9,5,10,42,2,0,1,0,0,29,11,33,35,11,5,15
181,"F",10.9,5,10,43,2,0,1,0,0,29,11,33,35,11,5,15
181,"F",10.9,5,10,44,2,0,0,0,1,29,11,33,35,11,5,15
181,"F",10.9,5,10,47,2,0,1,0,0,29,11,33,35,11,5,15
181,"F",10.9,5,10,48,2,1,0,1,0,29,11,33,35,11,5,15
181,"F",10.9,5,10,49,2,0,1,0,0,29,11,33,35,11,5,15
181,"F",10.9,5,10,53,2,0,1,0,0,29,11,33,35,11,5,15
181,"F",10.9,5,10,54,2,0,0,1,0,29,11,33,35,11,5,15
181,"F",10.9,5,10,57,2,0,1,0,0,29,11,33,35,11,5,15
181,"F",10.9,5,10,58,2,0,1,0,0,29,11,33,35,11,5,15
182,"F",10.9,5,10,2,1,0,NA,NA,NA,22,18,20,23,5,7,3
182,"F",10.9,5,10,4,1,0,NA,NA,NA,22,18,20,23,5,7,3
182,"F",10.9,5,10,5,1,0,NA,NA,NA,22,18,20,23,5,7,3
182,"F",10.9,5,10,12,1,0,NA,NA,NA,22,18,20,23,5,7,3
182,"F",10.9,5,10,15,1,0,NA,NA,NA,22,18,20,23,5,7,3
182,"F",10.9,5,10,17,1,0,NA,NA,NA,22,18,20,23,5,7,3
182,"F",10.9,5,10,19,1,0,NA,NA,NA,22,18,20,23,5,7,3
182,"F",10.9,5,10,20,1,0,NA,NA,NA,22,18,20,23,5,7,3
182,"F",10.9,5,10,23,1,0,NA,NA,NA,22,18,20,23,5,7,3
182,"F",10.9,5,10,24,1,0,NA,NA,NA,22,18,20,23,5,7,3
182,"F",10.9,5,10,25,1,0,NA,NA,NA,22,18,20,23,5,7,3
182,"F",10.9,5,10,26,1,0,NA,NA,NA,22,18,20,23,5,7,3
182,"F",10.9,5,10,27,1,0,NA,NA,NA,22,18,20,23,5,7,3
182,"F",10.9,5,10,34,1,0,NA,NA,NA,22,18,20,23,5,7,3
182,"F",10.9,5,10,35,1,0,NA,NA,NA,22,18,20,23,5,7,3
182,"F",10.9,5,10,40,1,0,NA,NA,NA,22,18,20,23,5,7,3
182,"F",10.9,5,10,41,1,0,NA,NA,NA,22,18,20,23,5,7,3
182,"F",10.9,5,10,42,1,0,NA,NA,NA,22,18,20,23,5,7,3
182,"F",10.9,5,10,45,1,0,NA,NA,NA,22,18,20,23,5,7,3
182,"F",10.9,5,10,46,1,1,NA,NA,NA,22,18,20,23,5,7,3
182,"F",10.9,5,10,47,1,1,NA,NA,NA,22,18,20,23,5,7,3
182,"F",10.9,5,10,48,1,0,NA,NA,NA,22,18,20,23,5,7,3
182,"F",10.9,5,10,49,1,0,NA,NA,NA,22,18,20,23,5,7,3
182,"F",10.9,5,10,50,1,0,NA,NA,NA,22,18,20,23,5,7,3
182,"F",10.9,5,10,53,1,0,NA,NA,NA,22,18,20,23,5,7,3
182,"F",10.9,5,10,56,1,1,NA,NA,NA,22,18,20,23,5,7,3
182,"F",10.9,5,10,57,1,0,NA,NA,NA,22,18,20,23,5,7,3
182,"F",10.9,5,10,58,1,0,NA,NA,NA,22,18,20,23,5,7,3
182,"F",10.9,5,10,59,1,0,NA,NA,NA,22,18,20,23,5,7,3
182,"F",10.9,5,10,60,1,0,NA,NA,NA,22,18,20,23,5,7,3
182,"F",10.9,5,10,1,2,0,1,0,0,22,18,20,23,5,7,3
182,"F",10.9,5,10,3,2,0,0,0,1,22,18,20,23,5,7,3
182,"F",10.9,5,10,6,2,0,0,1,0,22,18,20,23,5,7,3
182,"F",10.9,5,10,7,2,1,0,0,1,22,18,20,23,5,7,3
182,"F",10.9,5,10,8,2,1,0,0,1,22,18,20,23,5,7,3
182,"F",10.9,5,10,9,2,0,0,0,1,22,18,20,23,5,7,3
182,"F",10.9,5,10,10,2,0,0,0,1,22,18,20,23,5,7,3
182,"F",10.9,5,10,11,2,1,0,0,1,22,18,20,23,5,7,3
182,"F",10.9,5,10,13,2,0,0,0,1,22,18,20,23,5,7,3
182,"F",10.9,5,10,14,2,0,0,1,0,22,18,20,23,5,7,3
182,"F",10.9,5,10,16,2,0,0,0,1,22,18,20,23,5,7,3
182,"F",10.9,5,10,18,2,1,0,0,1,22,18,20,23,5,7,3
182,"F",10.9,5,10,21,2,0,0,1,0,22,18,20,23,5,7,3
182,"F",10.9,5,10,22,2,0,0,0,1,22,18,20,23,5,7,3
182,"F",10.9,5,10,28,2,1,0,0,1,22,18,20,23,5,7,3
182,"F",10.9,5,10,29,2,0,0,0,1,22,18,20,23,5,7,3
182,"F",10.9,5,10,30,2,0,0,0,1,22,18,20,23,5,7,3
182,"F",10.9,5,10,31,2,0,1,0,0,22,18,20,23,5,7,3
182,"F",10.9,5,10,32,2,0,0,1,0,22,18,20,23,5,7,3
182,"F",10.9,5,10,33,2,0,0,1,0,22,18,20,23,5,7,3
182,"F",10.9,5,10,36,2,0,0,0,1,22,18,20,23,5,7,3
182,"F",10.9,5,10,37,2,0,0,0,1,22,18,20,23,5,7,3
182,"F",10.9,5,10,38,2,0,0,0,1,22,18,20,23,5,7,3
182,"F",10.9,5,10,39,2,1,0,0,1,22,18,20,23,5,7,3
182,"F",10.9,5,10,43,2,1,0,0,1,22,18,20,23,5,7,3
182,"F",10.9,5,10,44,2,1,0,1,0,22,18,20,23,5,7,3
182,"F",10.9,5,10,51,2,0,0,1,0,22,18,20,23,5,7,3
182,"F",10.9,5,10,52,2,1,0,0,1,22,18,20,23,5,7,3
182,"F",10.9,5,10,54,2,0,0,0,1,22,18,20,23,5,7,3
182,"F",10.9,5,10,55,2,0,0,0,1,22,18,20,23,5,7,3
183,"F",10.3,5,10,1,1,1,NA,NA,NA,14,16,17,35,5,7,11
183,"F",10.3,5,10,3,1,0,NA,NA,NA,14,16,17,35,5,7,11
183,"F",10.3,5,10,4,1,0,NA,NA,NA,14,16,17,35,5,7,11
183,"F",10.3,5,10,10,1,0,NA,NA,NA,14,16,17,35,5,7,11
183,"F",10.3,5,10,11,1,1,NA,NA,NA,14,16,17,35,5,7,11
183,"F",10.3,5,10,12,1,1,NA,NA,NA,14,16,17,35,5,7,11
183,"F",10.3,5,10,15,1,0,NA,NA,NA,14,16,17,35,5,7,11
183,"F",10.3,5,10,19,1,0,NA,NA,NA,14,16,17,35,5,7,11
183,"F",10.3,5,10,21,1,0,NA,NA,NA,14,16,17,35,5,7,11
183,"F",10.3,5,10,22,1,0,NA,NA,NA,14,16,17,35,5,7,11
183,"F",10.3,5,10,23,1,0,NA,NA,NA,14,16,17,35,5,7,11
183,"F",10.3,5,10,24,1,0,NA,NA,NA,14,16,17,35,5,7,11
183,"F",10.3,5,10,27,1,0,NA,NA,NA,14,16,17,35,5,7,11
183,"F",10.3,5,10,29,1,1,NA,NA,NA,14,16,17,35,5,7,11
183,"F",10.3,5,10,32,1,1,NA,NA,NA,14,16,17,35,5,7,11
183,"F",10.3,5,10,36,1,0,NA,NA,NA,14,16,17,35,5,7,11
183,"F",10.3,5,10,37,1,0,NA,NA,NA,14,16,17,35,5,7,11
183,"F",10.3,5,10,38,1,1,NA,NA,NA,14,16,17,35,5,7,11
183,"F",10.3,5,10,41,1,0,NA,NA,NA,14,16,17,35,5,7,11
183,"F",10.3,5,10,46,1,1,NA,NA,NA,14,16,17,35,5,7,11
183,"F",10.3,5,10,48,1,0,NA,NA,NA,14,16,17,35,5,7,11
183,"F",10.3,5,10,51,1,1,NA,NA,NA,14,16,17,35,5,7,11
183,"F",10.3,5,10,53,1,0,NA,NA,NA,14,16,17,35,5,7,11
183,"F",10.3,5,10,54,1,0,NA,NA,NA,14,16,17,35,5,7,11
183,"F",10.3,5,10,55,1,0,NA,NA,NA,14,16,17,35,5,7,11
183,"F",10.3,5,10,56,1,1,NA,NA,NA,14,16,17,35,5,7,11
183,"F",10.3,5,10,57,1,0,NA,NA,NA,14,16,17,35,5,7,11
183,"F",10.3,5,10,58,1,0,NA,NA,NA,14,16,17,35,5,7,11
183,"F",10.3,5,10,59,1,1,NA,NA,NA,14,16,17,35,5,7,11
183,"F",10.3,5,10,60,1,1,NA,NA,NA,14,16,17,35,5,7,11
183,"F",10.3,5,10,2,2,0,0,1,0,14,16,17,35,5,7,11
183,"F",10.3,5,10,5,2,1,0,0,1,14,16,17,35,5,7,11
183,"F",10.3,5,10,6,2,0,0,0,1,14,16,17,35,5,7,11
183,"F",10.3,5,10,7,2,1,0,0,1,14,16,17,35,5,7,11
183,"F",10.3,5,10,8,2,0,0,1,0,14,16,17,35,5,7,11
183,"F",10.3,5,10,9,2,0,0,0,1,14,16,17,35,5,7,11
183,"F",10.3,5,10,13,2,0,0,0,1,14,16,17,35,5,7,11
183,"F",10.3,5,10,14,2,1,0,0,1,14,16,17,35,5,7,11
183,"F",10.3,5,10,16,2,0,0,0,1,14,16,17,35,5,7,11
183,"F",10.3,5,10,17,2,0,0,0,1,14,16,17,35,5,7,11
183,"F",10.3,5,10,18,2,0,0,1,0,14,16,17,35,5,7,11
183,"F",10.3,5,10,20,2,0,0,0,1,14,16,17,35,5,7,11
183,"F",10.3,5,10,25,2,0,0,0,1,14,16,17,35,5,7,11
183,"F",10.3,5,10,26,2,0,0,0,1,14,16,17,35,5,7,11
183,"F",10.3,5,10,28,2,0,0,0,1,14,16,17,35,5,7,11
183,"F",10.3,5,10,30,2,0,0,1,0,14,16,17,35,5,7,11
183,"F",10.3,5,10,31,2,0,0,0,1,14,16,17,35,5,7,11
183,"F",10.3,5,10,33,2,0,0,1,0,14,16,17,35,5,7,11
183,"F",10.3,5,10,34,2,1,0,0,1,14,16,17,35,5,7,11
183,"F",10.3,5,10,35,2,0,0,0,1,14,16,17,35,5,7,11
183,"F",10.3,5,10,39,2,0,0,0,1,14,16,17,35,5,7,11
183,"F",10.3,5,10,40,2,0,0,1,0,14,16,17,35,5,7,11
183,"F",10.3,5,10,42,2,1,0,0,1,14,16,17,35,5,7,11
183,"F",10.3,5,10,43,2,1,0,1,0,14,16,17,35,5,7,11
183,"F",10.3,5,10,44,2,0,0,0,1,14,16,17,35,5,7,11
183,"F",10.3,5,10,45,2,1,0,0,1,14,16,17,35,5,7,11
183,"F",10.3,5,10,47,2,1,0,0,1,14,16,17,35,5,7,11
183,"F",10.3,5,10,49,2,0,0,0,1,14,16,17,35,5,7,11
183,"F",10.3,5,10,50,2,0,0,0,1,14,16,17,35,5,7,11
183,"F",10.3,5,10,52,2,0,0,0,1,14,16,17,35,5,7,11
184,"M",10.3,5,10,1,1,0,NA,NA,NA,11,12,21,27,6,8,11
184,"M",10.3,5,10,2,1,0,NA,NA,NA,11,12,21,27,6,8,11
184,"M",10.3,5,10,3,1,0,NA,NA,NA,11,12,21,27,6,8,11
184,"M",10.3,5,10,7,1,1,NA,NA,NA,11,12,21,27,6,8,11
184,"M",10.3,5,10,11,1,0,NA,NA,NA,11,12,21,27,6,8,11
184,"M",10.3,5,10,13,1,0,NA,NA,NA,11,12,21,27,6,8,11
184,"M",10.3,5,10,15,1,0,NA,NA,NA,11,12,21,27,6,8,11
184,"M",10.3,5,10,22,1,0,NA,NA,NA,11,12,21,27,6,8,11
184,"M",10.3,5,10,23,1,0,NA,NA,NA,11,12,21,27,6,8,11
184,"M",10.3,5,10,25,1,0,NA,NA,NA,11,12,21,27,6,8,11
184,"M",10.3,5,10,26,1,0,NA,NA,NA,11,12,21,27,6,8,11
184,"M",10.3,5,10,27,1,0,NA,NA,NA,11,12,21,27,6,8,11
184,"M",10.3,5,10,28,1,1,NA,NA,NA,11,12,21,27,6,8,11
184,"M",10.3,5,10,30,1,1,NA,NA,NA,11,12,21,27,6,8,11
184,"M",10.3,5,10,31,1,0,NA,NA,NA,11,12,21,27,6,8,11
184,"M",10.3,5,10,33,1,0,NA,NA,NA,11,12,21,27,6,8,11
184,"M",10.3,5,10,37,1,0,NA,NA,NA,11,12,21,27,6,8,11
184,"M",10.3,5,10,38,1,0,NA,NA,NA,11,12,21,27,6,8,11
184,"M",10.3,5,10,39,1,1,NA,NA,NA,11,12,21,27,6,8,11
184,"M",10.3,5,10,40,1,0,NA,NA,NA,11,12,21,27,6,8,11
184,"M",10.3,5,10,41,1,1,NA,NA,NA,11,12,21,27,6,8,11
184,"M",10.3,5,10,45,1,1,NA,NA,NA,11,12,21,27,6,8,11
184,"M",10.3,5,10,46,1,0,NA,NA,NA,11,12,21,27,6,8,11
184,"M",10.3,5,10,47,1,1,NA,NA,NA,11,12,21,27,6,8,11
184,"M",10.3,5,10,48,1,0,NA,NA,NA,11,12,21,27,6,8,11
184,"M",10.3,5,10,49,1,1,NA,NA,NA,11,12,21,27,6,8,11
184,"M",10.3,5,10,53,1,1,NA,NA,NA,11,12,21,27,6,8,11
184,"M",10.3,5,10,54,1,0,NA,NA,NA,11,12,21,27,6,8,11
184,"M",10.3,5,10,58,1,1,NA,NA,NA,11,12,21,27,6,8,11
184,"M",10.3,5,10,59,1,1,NA,NA,NA,11,12,21,27,6,8,11
184,"M",10.3,5,10,4,2,0,0,0,1,11,12,21,27,6,8,11
184,"M",10.3,5,10,5,2,0,0,0,1,11,12,21,27,6,8,11
184,"M",10.3,5,10,6,2,0,0,0,1,11,12,21,27,6,8,11
184,"M",10.3,5,10,8,2,0,0,1,0,11,12,21,27,6,8,11
184,"M",10.3,5,10,9,2,0,0,0,1,11,12,21,27,6,8,11
184,"M",10.3,5,10,10,2,1,0,0,1,11,12,21,27,6,8,11
184,"M",10.3,5,10,12,2,0,0,0,1,11,12,21,27,6,8,11
184,"M",10.3,5,10,14,2,0,0,0,1,11,12,21,27,6,8,11
184,"M",10.3,5,10,16,2,0,0,1,0,11,12,21,27,6,8,11
184,"M",10.3,5,10,17,2,0,0,0,1,11,12,21,27,6,8,11
184,"M",10.3,5,10,18,2,0,0,0,1,11,12,21,27,6,8,11
184,"M",10.3,5,10,19,2,0,0,1,0,11,12,21,27,6,8,11
184,"M",10.3,5,10,20,2,0,0,0,1,11,12,21,27,6,8,11
184,"M",10.3,5,10,21,2,0,1,0,0,11,12,21,27,6,8,11
184,"M",10.3,5,10,24,2,1,0,0,1,11,12,21,27,6,8,11
184,"M",10.3,5,10,29,2,0,0,0,1,11,12,21,27,6,8,11
184,"M",10.3,5,10,32,2,0,0,0,1,11,12,21,27,6,8,11
184,"M",10.3,5,10,34,2,0,0,0,1,11,12,21,27,6,8,11
184,"M",10.3,5,10,35,2,0,0,0,1,11,12,21,27,6,8,11
184,"M",10.3,5,10,36,2,0,0,0,1,11,12,21,27,6,8,11
184,"M",10.3,5,10,42,2,0,0,0,1,11,12,21,27,6,8,11
184,"M",10.3,5,10,43,2,1,0,1,0,11,12,21,27,6,8,11
184,"M",10.3,5,10,44,2,0,0,0,1,11,12,21,27,6,8,11
184,"M",10.3,5,10,50,2,0,0,0,1,11,12,21,27,6,8,11
184,"M",10.3,5,10,51,2,0,0,0,1,11,12,21,27,6,8,11
184,"M",10.3,5,10,52,2,1,0,0,1,11,12,21,27,6,8,11
184,"M",10.3,5,10,55,2,0,0,0,1,11,12,21,27,6,8,11
184,"M",10.3,5,10,56,2,0,0,0,1,11,12,21,27,6,8,11
184,"M",10.3,5,10,57,2,0,0,0,1,11,12,21,27,6,8,11
184,"M",10.3,5,10,60,2,0,0,0,1,11,12,21,27,6,8,11
185,"F",10.7,5,10,2,1,0,NA,NA,NA,33,13,36,35,6,6,21
185,"F",10.7,5,10,4,1,1,NA,NA,NA,33,13,36,35,6,6,21
185,"F",10.7,5,10,5,1,1,NA,NA,NA,33,13,36,35,6,6,21
185,"F",10.7,5,10,9,1,1,NA,NA,NA,33,13,36,35,6,6,21
185,"F",10.7,5,10,10,1,1,NA,NA,NA,33,13,36,35,6,6,21
185,"F",10.7,5,10,12,1,0,NA,NA,NA,33,13,36,35,6,6,21
185,"F",10.7,5,10,13,1,0,NA,NA,NA,33,13,36,35,6,6,21
185,"F",10.7,5,10,15,1,0,NA,NA,NA,33,13,36,35,6,6,21
185,"F",10.7,5,10,16,1,1,NA,NA,NA,33,13,36,35,6,6,21
185,"F",10.7,5,10,18,1,1,NA,NA,NA,33,13,36,35,6,6,21
185,"F",10.7,5,10,19,1,1,NA,NA,NA,33,13,36,35,6,6,21
185,"F",10.7,5,10,20,1,1,NA,NA,NA,33,13,36,35,6,6,21
185,"F",10.7,5,10,22,1,0,NA,NA,NA,33,13,36,35,6,6,21
185,"F",10.7,5,10,23,1,1,NA,NA,NA,33,13,36,35,6,6,21
185,"F",10.7,5,10,24,1,1,NA,NA,NA,33,13,36,35,6,6,21
185,"F",10.7,5,10,27,1,1,NA,NA,NA,33,13,36,35,6,6,21
185,"F",10.7,5,10,28,1,0,NA,NA,NA,33,13,36,35,6,6,21
185,"F",10.7,5,10,29,1,0,NA,NA,NA,33,13,36,35,6,6,21
185,"F",10.7,5,10,32,1,0,NA,NA,NA,33,13,36,35,6,6,21
185,"F",10.7,5,10,36,1,1,NA,NA,NA,33,13,36,35,6,6,21
185,"F",10.7,5,10,39,1,1,NA,NA,NA,33,13,36,35,6,6,21
185,"F",10.7,5,10,41,1,1,NA,NA,NA,33,13,36,35,6,6,21
185,"F",10.7,5,10,42,1,1,NA,NA,NA,33,13,36,35,6,6,21
185,"F",10.7,5,10,46,1,1,NA,NA,NA,33,13,36,35,6,6,21
185,"F",10.7,5,10,48,1,1,NA,NA,NA,33,13,36,35,6,6,21
185,"F",10.7,5,10,50,1,0,NA,NA,NA,33,13,36,35,6,6,21
185,"F",10.7,5,10,52,1,1,NA,NA,NA,33,13,36,35,6,6,21
185,"F",10.7,5,10,56,1,1,NA,NA,NA,33,13,36,35,6,6,21
185,"F",10.7,5,10,58,1,1,NA,NA,NA,33,13,36,35,6,6,21
185,"F",10.7,5,10,59,1,1,NA,NA,NA,33,13,36,35,6,6,21
185,"F",10.7,5,10,1,2,1,0,1,0,33,13,36,35,6,6,21
185,"F",10.7,5,10,3,2,0,1,0,0,33,13,36,35,6,6,21
185,"F",10.7,5,10,6,2,0,1,0,0,33,13,36,35,6,6,21
185,"F",10.7,5,10,7,2,0,1,0,0,33,13,36,35,6,6,21
185,"F",10.7,5,10,8,2,0,0,0,1,33,13,36,35,6,6,21
185,"F",10.7,5,10,11,2,1,0,0,1,33,13,36,35,6,6,21
185,"F",10.7,5,10,14,2,0,1,0,0,33,13,36,35,6,6,21
185,"F",10.7,5,10,17,2,1,0,1,0,33,13,36,35,6,6,21
185,"F",10.7,5,10,21,2,0,1,0,0,33,13,36,35,6,6,21
185,"F",10.7,5,10,25,2,0,1,0,0,33,13,36,35,6,6,21
185,"F",10.7,5,10,26,2,0,1,0,0,33,13,36,35,6,6,21
185,"F",10.7,5,10,30,2,0,1,0,0,33,13,36,35,6,6,21
185,"F",10.7,5,10,31,2,0,1,0,0,33,13,36,35,6,6,21
185,"F",10.7,5,10,33,2,0,1,0,0,33,13,36,35,6,6,21
185,"F",10.7,5,10,34,2,0,1,0,0,33,13,36,35,6,6,21
185,"F",10.7,5,10,35,2,0,1,0,0,33,13,36,35,6,6,21
185,"F",10.7,5,10,37,2,0,1,0,0,33,13,36,35,6,6,21
185,"F",10.7,5,10,38,2,0,1,0,0,33,13,36,35,6,6,21
185,"F",10.7,5,10,40,2,0,1,0,0,33,13,36,35,6,6,21
185,"F",10.7,5,10,43,2,0,1,0,0,33,13,36,35,6,6,21
185,"F",10.7,5,10,44,2,0,1,0,0,33,13,36,35,6,6,21
185,"F",10.7,5,10,45,2,0,1,0,0,33,13,36,35,6,6,21
185,"F",10.7,5,10,47,2,1,0,1,0,33,13,36,35,6,6,21
185,"F",10.7,5,10,49,2,0,1,0,0,33,13,36,35,6,6,21
185,"F",10.7,5,10,51,2,0,0,0,1,33,13,36,35,6,6,21
185,"F",10.7,5,10,53,2,0,1,0,0,33,13,36,35,6,6,21
185,"F",10.7,5,10,54,2,0,1,0,0,33,13,36,35,6,6,21
185,"F",10.7,5,10,55,2,1,0,0,1,33,13,36,35,6,6,21
185,"F",10.7,5,10,57,2,0,1,0,0,33,13,36,35,6,6,21
185,"F",10.7,5,10,60,2,0,1,0,0,33,13,36,35,6,6,21
186,"M",10.7,5,10,1,1,0,NA,NA,NA,20,17,13,35,7,11,10
186,"M",10.7,5,10,2,1,0,NA,NA,NA,20,17,13,35,7,11,10
186,"M",10.7,5,10,4,1,0,NA,NA,NA,20,17,13,35,7,11,10
186,"M",10.7,5,10,6,1,0,NA,NA,NA,20,17,13,35,7,11,10
186,"M",10.7,5,10,8,1,0,NA,NA,NA,20,17,13,35,7,11,10
186,"M",10.7,5,10,14,1,1,NA,NA,NA,20,17,13,35,7,11,10
186,"M",10.7,5,10,15,1,0,NA,NA,NA,20,17,13,35,7,11,10
186,"M",10.7,5,10,20,1,0,NA,NA,NA,20,17,13,35,7,11,10
186,"M",10.7,5,10,21,1,0,NA,NA,NA,20,17,13,35,7,11,10
186,"M",10.7,5,10,22,1,0,NA,NA,NA,20,17,13,35,7,11,10
186,"M",10.7,5,10,23,1,1,NA,NA,NA,20,17,13,35,7,11,10
186,"M",10.7,5,10,24,1,0,NA,NA,NA,20,17,13,35,7,11,10
186,"M",10.7,5,10,25,1,1,NA,NA,NA,20,17,13,35,7,11,10
186,"M",10.7,5,10,29,1,1,NA,NA,NA,20,17,13,35,7,11,10
186,"M",10.7,5,10,30,1,1,NA,NA,NA,20,17,13,35,7,11,10
186,"M",10.7,5,10,31,1,0,NA,NA,NA,20,17,13,35,7,11,10
186,"M",10.7,5,10,32,1,0,NA,NA,NA,20,17,13,35,7,11,10
186,"M",10.7,5,10,34,1,0,NA,NA,NA,20,17,13,35,7,11,10
186,"M",10.7,5,10,36,1,1,NA,NA,NA,20,17,13,35,7,11,10
186,"M",10.7,5,10,37,1,1,NA,NA,NA,20,17,13,35,7,11,10
186,"M",10.7,5,10,38,1,1,NA,NA,NA,20,17,13,35,7,11,10
186,"M",10.7,5,10,39,1,0,NA,NA,NA,20,17,13,35,7,11,10
186,"M",10.7,5,10,41,1,0,NA,NA,NA,20,17,13,35,7,11,10
186,"M",10.7,5,10,43,1,1,NA,NA,NA,20,17,13,35,7,11,10
186,"M",10.7,5,10,46,1,0,NA,NA,NA,20,17,13,35,7,11,10
186,"M",10.7,5,10,48,1,0,NA,NA,NA,20,17,13,35,7,11,10
186,"M",10.7,5,10,52,1,1,NA,NA,NA,20,17,13,35,7,11,10
186,"M",10.7,5,10,53,1,0,NA,NA,NA,20,17,13,35,7,11,10
186,"M",10.7,5,10,55,1,0,NA,NA,NA,20,17,13,35,7,11,10
186,"M",10.7,5,10,59,1,0,NA,NA,NA,20,17,13,35,7,11,10
186,"M",10.7,5,10,3,2,1,0,1,0,20,17,13,35,7,11,10
186,"M",10.7,5,10,5,2,1,0,0,1,20,17,13,35,7,11,10
186,"M",10.7,5,10,7,2,1,0,0,1,20,17,13,35,7,11,10
186,"M",10.7,5,10,9,2,1,0,0,1,20,17,13,35,7,11,10
186,"M",10.7,5,10,10,2,0,0,0,1,20,17,13,35,7,11,10
186,"M",10.7,5,10,11,2,0,0,0,1,20,17,13,35,7,11,10
186,"M",10.7,5,10,12,2,0,0,0,1,20,17,13,35,7,11,10
186,"M",10.7,5,10,13,2,0,0,0,1,20,17,13,35,7,11,10
186,"M",10.7,5,10,16,2,0,0,0,1,20,17,13,35,7,11,10
186,"M",10.7,5,10,17,2,0,0,1,0,20,17,13,35,7,11,10
186,"M",10.7,5,10,18,2,0,0,1,0,20,17,13,35,7,11,10
186,"M",10.7,5,10,19,2,0,0,1,0,20,17,13,35,7,11,10
186,"M",10.7,5,10,26,2,0,0,1,0,20,17,13,35,7,11,10
186,"M",10.7,5,10,27,2,0,0,1,0,20,17,13,35,7,11,10
186,"M",10.7,5,10,28,2,0,0,0,1,20,17,13,35,7,11,10
186,"M",10.7,5,10,33,2,0,0,0,1,20,17,13,35,7,11,10
186,"M",10.7,5,10,35,2,0,0,1,0,20,17,13,35,7,11,10
186,"M",10.7,5,10,40,2,1,0,0,1,20,17,13,35,7,11,10
186,"M",10.7,5,10,42,2,1,0,1,0,20,17,13,35,7,11,10
186,"M",10.7,5,10,44,2,0,0,0,1,20,17,13,35,7,11,10
186,"M",10.7,5,10,45,2,0,0,0,1,20,17,13,35,7,11,10
186,"M",10.7,5,10,47,2,0,0,1,0,20,17,13,35,7,11,10
186,"M",10.7,5,10,49,2,0,0,1,0,20,17,13,35,7,11,10
186,"M",10.7,5,10,50,2,0,0,0,1,20,17,13,35,7,11,10
186,"M",10.7,5,10,51,2,0,0,1,0,20,17,13,35,7,11,10
186,"M",10.7,5,10,54,2,1,0,0,1,20,17,13,35,7,11,10
186,"M",10.7,5,10,56,2,0,0,1,0,20,17,13,35,7,11,10
186,"M",10.7,5,10,57,2,1,0,0,1,20,17,13,35,7,11,10
186,"M",10.7,5,10,58,2,0,0,1,0,20,17,13,35,7,11,10
186,"M",10.7,5,10,60,2,0,0,0,1,20,17,13,35,7,11,10
187,"M",10.9,5,10,2,1,0,NA,NA,NA,21,20,17,33,9,9,16
187,"M",10.9,5,10,5,1,1,NA,NA,NA,21,20,17,33,9,9,16
187,"M",10.9,5,10,6,1,1,NA,NA,NA,21,20,17,33,9,9,16
187,"M",10.9,5,10,8,1,0,NA,NA,NA,21,20,17,33,9,9,16
187,"M",10.9,5,10,11,1,1,NA,NA,NA,21,20,17,33,9,9,16
187,"M",10.9,5,10,12,1,0,NA,NA,NA,21,20,17,33,9,9,16
187,"M",10.9,5,10,13,1,0,NA,NA,NA,21,20,17,33,9,9,16
187,"M",10.9,5,10,16,1,1,NA,NA,NA,21,20,17,33,9,9,16
187,"M",10.9,5,10,23,1,1,NA,NA,NA,21,20,17,33,9,9,16
187,"M",10.9,5,10,24,1,1,NA,NA,NA,21,20,17,33,9,9,16
187,"M",10.9,5,10,25,1,0,NA,NA,NA,21,20,17,33,9,9,16
187,"M",10.9,5,10,28,1,0,NA,NA,NA,21,20,17,33,9,9,16
187,"M",10.9,5,10,30,1,0,NA,NA,NA,21,20,17,33,9,9,16
187,"M",10.9,5,10,31,1,1,NA,NA,NA,21,20,17,33,9,9,16
187,"M",10.9,5,10,32,1,1,NA,NA,NA,21,20,17,33,9,9,16
187,"M",10.9,5,10,34,1,0,NA,NA,NA,21,20,17,33,9,9,16
187,"M",10.9,5,10,36,1,1,NA,NA,NA,21,20,17,33,9,9,16
187,"M",10.9,5,10,37,1,1,NA,NA,NA,21,20,17,33,9,9,16
187,"M",10.9,5,10,40,1,1,NA,NA,NA,21,20,17,33,9,9,16
187,"M",10.9,5,10,42,1,0,NA,NA,NA,21,20,17,33,9,9,16
187,"M",10.9,5,10,45,1,1,NA,NA,NA,21,20,17,33,9,9,16
187,"M",10.9,5,10,47,1,1,NA,NA,NA,21,20,17,33,9,9,16
187,"M",10.9,5,10,48,1,0,NA,NA,NA,21,20,17,33,9,9,16
187,"M",10.9,5,10,49,1,0,NA,NA,NA,21,20,17,33,9,9,16
187,"M",10.9,5,10,50,1,1,NA,NA,NA,21,20,17,33,9,9,16
187,"M",10.9,5,10,51,1,0,NA,NA,NA,21,20,17,33,9,9,16
187,"M",10.9,5,10,53,1,1,NA,NA,NA,21,20,17,33,9,9,16
187,"M",10.9,5,10,55,1,0,NA,NA,NA,21,20,17,33,9,9,16
187,"M",10.9,5,10,57,1,0,NA,NA,NA,21,20,17,33,9,9,16
187,"M",10.9,5,10,59,1,1,NA,NA,NA,21,20,17,33,9,9,16
187,"M",10.9,5,10,1,2,1,0,0,1,21,20,17,33,9,9,16
187,"M",10.9,5,10,3,2,0,0,0,1,21,20,17,33,9,9,16
187,"M",10.9,5,10,4,2,0,0,1,0,21,20,17,33,9,9,16
187,"M",10.9,5,10,7,2,1,0,1,0,21,20,17,33,9,9,16
187,"M",10.9,5,10,9,2,1,0,0,1,21,20,17,33,9,9,16
187,"M",10.9,5,10,10,2,1,0,1,0,21,20,17,33,9,9,16
187,"M",10.9,5,10,14,2,1,0,0,1,21,20,17,33,9,9,16
187,"M",10.9,5,10,15,2,1,0,1,0,21,20,17,33,9,9,16
187,"M",10.9,5,10,17,2,1,0,0,1,21,20,17,33,9,9,16
187,"M",10.9,5,10,18,2,0,0,0,1,21,20,17,33,9,9,16
187,"M",10.9,5,10,19,2,1,0,1,0,21,20,17,33,9,9,16
187,"M",10.9,5,10,20,2,1,0,0,1,21,20,17,33,9,9,16
187,"M",10.9,5,10,21,2,0,0,0,1,21,20,17,33,9,9,16
187,"M",10.9,5,10,22,2,1,0,0,1,21,20,17,33,9,9,16
187,"M",10.9,5,10,26,2,1,0,0,1,21,20,17,33,9,9,16
187,"M",10.9,5,10,27,2,0,0,1,0,21,20,17,33,9,9,16
187,"M",10.9,5,10,29,2,0,0,0,1,21,20,17,33,9,9,16
187,"M",10.9,5,10,33,2,0,1,0,0,21,20,17,33,9,9,16
187,"M",10.9,5,10,35,2,0,0,0,1,21,20,17,33,9,9,16
187,"M",10.9,5,10,38,2,0,0,0,1,21,20,17,33,9,9,16
187,"M",10.9,5,10,39,2,0,0,1,0,21,20,17,33,9,9,16
187,"M",10.9,5,10,41,2,0,0,0,1,21,20,17,33,9,9,16
187,"M",10.9,5,10,43,2,0,0,1,0,21,20,17,33,9,9,16
187,"M",10.9,5,10,44,2,1,0,0,1,21,20,17,33,9,9,16
187,"M",10.9,5,10,46,2,1,0,0,1,21,20,17,33,9,9,16
187,"M",10.9,5,10,52,2,0,0,1,0,21,20,17,33,9,9,16
187,"M",10.9,5,10,54,2,1,0,0,1,21,20,17,33,9,9,16
187,"M",10.9,5,10,56,2,1,0,0,1,21,20,17,33,9,9,16
187,"M",10.9,5,10,58,2,1,0,0,1,21,20,17,33,9,9,16
187,"M",10.9,5,10,60,2,1,0,1,0,21,20,17,33,9,9,16
188,"M",10.8,5,10,1,1,0,NA,NA,NA,21,19,17,33,8,10,9
188,"M",10.8,5,10,5,1,0,NA,NA,NA,21,19,17,33,8,10,9
188,"M",10.8,5,10,8,1,0,NA,NA,NA,21,19,17,33,8,10,9
188,"M",10.8,5,10,9,1,1,NA,NA,NA,21,19,17,33,8,10,9
188,"M",10.8,5,10,10,1,1,NA,NA,NA,21,19,17,33,8,10,9
188,"M",10.8,5,10,11,1,0,NA,NA,NA,21,19,17,33,8,10,9
188,"M",10.8,5,10,15,1,0,NA,NA,NA,21,19,17,33,8,10,9
188,"M",10.8,5,10,17,1,0,NA,NA,NA,21,19,17,33,8,10,9
188,"M",10.8,5,10,19,1,0,NA,NA,NA,21,19,17,33,8,10,9
188,"M",10.8,5,10,20,1,0,NA,NA,NA,21,19,17,33,8,10,9
188,"M",10.8,5,10,21,1,1,NA,NA,NA,21,19,17,33,8,10,9
188,"M",10.8,5,10,22,1,0,NA,NA,NA,21,19,17,33,8,10,9
188,"M",10.8,5,10,24,1,0,NA,NA,NA,21,19,17,33,8,10,9
188,"M",10.8,5,10,28,1,0,NA,NA,NA,21,19,17,33,8,10,9
188,"M",10.8,5,10,29,1,0,NA,NA,NA,21,19,17,33,8,10,9
188,"M",10.8,5,10,30,1,0,NA,NA,NA,21,19,17,33,8,10,9
188,"M",10.8,5,10,34,1,0,NA,NA,NA,21,19,17,33,8,10,9
188,"M",10.8,5,10,35,1,0,NA,NA,NA,21,19,17,33,8,10,9
188,"M",10.8,5,10,38,1,0,NA,NA,NA,21,19,17,33,8,10,9
188,"M",10.8,5,10,40,1,0,NA,NA,NA,21,19,17,33,8,10,9
188,"M",10.8,5,10,41,1,1,NA,NA,NA,21,19,17,33,8,10,9
188,"M",10.8,5,10,43,1,1,NA,NA,NA,21,19,17,33,8,10,9
188,"M",10.8,5,10,45,1,1,NA,NA,NA,21,19,17,33,8,10,9
188,"M",10.8,5,10,47,1,1,NA,NA,NA,21,19,17,33,8,10,9
188,"M",10.8,5,10,48,1,0,NA,NA,NA,21,19,17,33,8,10,9
188,"M",10.8,5,10,50,1,1,NA,NA,NA,21,19,17,33,8,10,9
188,"M",10.8,5,10,51,1,0,NA,NA,NA,21,19,17,33,8,10,9
188,"M",10.8,5,10,54,1,0,NA,NA,NA,21,19,17,33,8,10,9
188,"M",10.8,5,10,55,1,0,NA,NA,NA,21,19,17,33,8,10,9
188,"M",10.8,5,10,57,1,1,NA,NA,NA,21,19,17,33,8,10,9
188,"M",10.8,5,10,2,2,0,0,0,1,21,19,17,33,8,10,9
188,"M",10.8,5,10,3,2,0,0,1,0,21,19,17,33,8,10,9
188,"M",10.8,5,10,4,2,0,0,0,1,21,19,17,33,8,10,9
188,"M",10.8,5,10,6,2,0,0,0,1,21,19,17,33,8,10,9
188,"M",10.8,5,10,7,2,0,0,0,1,21,19,17,33,8,10,9
188,"M",10.8,5,10,12,2,0,0,0,1,21,19,17,33,8,10,9
188,"M",10.8,5,10,13,2,0,0,1,0,21,19,17,33,8,10,9
188,"M",10.8,5,10,14,2,0,0,0,1,21,19,17,33,8,10,9
188,"M",10.8,5,10,16,2,0,0,0,1,21,19,17,33,8,10,9
188,"M",10.8,5,10,18,2,0,0,0,1,21,19,17,33,8,10,9
188,"M",10.8,5,10,23,2,0,0,0,1,21,19,17,33,8,10,9
188,"M",10.8,5,10,25,2,0,0,1,0,21,19,17,33,8,10,9
188,"M",10.8,5,10,26,2,0,0,0,1,21,19,17,33,8,10,9
188,"M",10.8,5,10,27,2,0,0,0,1,21,19,17,33,8,10,9
188,"M",10.8,5,10,31,2,0,0,0,1,21,19,17,33,8,10,9
188,"M",10.8,5,10,32,2,0,0,0,1,21,19,17,33,8,10,9
188,"M",10.8,5,10,33,2,0,0,0,1,21,19,17,33,8,10,9
188,"M",10.8,5,10,36,2,0,0,0,1,21,19,17,33,8,10,9
188,"M",10.8,5,10,37,2,1,0,0,1,21,19,17,33,8,10,9
188,"M",10.8,5,10,39,2,1,0,1,0,21,19,17,33,8,10,9
188,"M",10.8,5,10,42,2,0,0,0,1,21,19,17,33,8,10,9
188,"M",10.8,5,10,44,2,0,0,1,0,21,19,17,33,8,10,9
188,"M",10.8,5,10,46,2,1,0,0,1,21,19,17,33,8,10,9
188,"M",10.8,5,10,49,2,0,0,0,1,21,19,17,33,8,10,9
188,"M",10.8,5,10,52,2,0,0,0,1,21,19,17,33,8,10,9
188,"M",10.8,5,10,53,2,0,0,0,1,21,19,17,33,8,10,9
188,"M",10.8,5,10,56,2,0,0,0,1,21,19,17,33,8,10,9
188,"M",10.8,5,10,58,2,0,0,1,0,21,19,17,33,8,10,9
188,"M",10.8,5,10,59,2,0,0,0,1,21,19,17,33,8,10,9
188,"M",10.8,5,10,60,2,0,0,0,1,21,19,17,33,8,10,9
189,"F",10.1,5,10,3,1,0,NA,NA,NA,25,8,26,14,6,4,13
189,"F",10.1,5,10,4,1,0,NA,NA,NA,25,8,26,14,6,4,13
189,"F",10.1,5,10,7,1,1,NA,NA,NA,25,8,26,14,6,4,13
189,"F",10.1,5,10,11,1,0,NA,NA,NA,25,8,26,14,6,4,13
189,"F",10.1,5,10,16,1,1,NA,NA,NA,25,8,26,14,6,4,13
189,"F",10.1,5,10,17,1,1,NA,NA,NA,25,8,26,14,6,4,13
189,"F",10.1,5,10,18,1,0,NA,NA,NA,25,8,26,14,6,4,13
189,"F",10.1,5,10,22,1,0,NA,NA,NA,25,8,26,14,6,4,13
189,"F",10.1,5,10,23,1,1,NA,NA,NA,25,8,26,14,6,4,13
189,"F",10.1,5,10,24,1,0,NA,NA,NA,25,8,26,14,6,4,13
189,"F",10.1,5,10,29,1,1,NA,NA,NA,25,8,26,14,6,4,13
189,"F",10.1,5,10,30,1,0,NA,NA,NA,25,8,26,14,6,4,13
189,"F",10.1,5,10,31,1,1,NA,NA,NA,25,8,26,14,6,4,13
189,"F",10.1,5,10,34,1,0,NA,NA,NA,25,8,26,14,6,4,13
189,"F",10.1,5,10,36,1,1,NA,NA,NA,25,8,26,14,6,4,13
189,"F",10.1,5,10,37,1,0,NA,NA,NA,25,8,26,14,6,4,13
189,"F",10.1,5,10,38,1,0,NA,NA,NA,25,8,26,14,6,4,13
189,"F",10.1,5,10,39,1,0,NA,NA,NA,25,8,26,14,6,4,13
189,"F",10.1,5,10,42,1,0,NA,NA,NA,25,8,26,14,6,4,13
189,"F",10.1,5,10,43,1,0,NA,NA,NA,25,8,26,14,6,4,13
189,"F",10.1,5,10,44,1,0,NA,NA,NA,25,8,26,14,6,4,13
189,"F",10.1,5,10,45,1,1,NA,NA,NA,25,8,26,14,6,4,13
189,"F",10.1,5,10,46,1,0,NA,NA,NA,25,8,26,14,6,4,13
189,"F",10.1,5,10,48,1,1,NA,NA,NA,25,8,26,14,6,4,13
189,"F",10.1,5,10,50,1,1,NA,NA,NA,25,8,26,14,6,4,13
189,"F",10.1,5,10,55,1,0,NA,NA,NA,25,8,26,14,6,4,13
189,"F",10.1,5,10,56,1,1,NA,NA,NA,25,8,26,14,6,4,13
189,"F",10.1,5,10,57,1,1,NA,NA,NA,25,8,26,14,6,4,13
189,"F",10.1,5,10,59,1,1,NA,NA,NA,25,8,26,14,6,4,13
189,"F",10.1,5,10,60,1,0,NA,NA,NA,25,8,26,14,6,4,13
189,"F",10.1,5,10,1,2,1,0,1,0,25,8,26,14,6,4,13
189,"F",10.1,5,10,2,2,0,1,0,0,25,8,26,14,6,4,13
189,"F",10.1,5,10,5,2,0,1,0,0,25,8,26,14,6,4,13
189,"F",10.1,5,10,6,2,0,1,0,0,25,8,26,14,6,4,13
189,"F",10.1,5,10,8,2,1,0,1,0,25,8,26,14,6,4,13
189,"F",10.1,5,10,9,2,0,0,1,0,25,8,26,14,6,4,13
189,"F",10.1,5,10,10,2,0,1,0,0,25,8,26,14,6,4,13
189,"F",10.1,5,10,12,2,0,1,0,0,25,8,26,14,6,4,13
189,"F",10.1,5,10,13,2,0,1,0,0,25,8,26,14,6,4,13
189,"F",10.1,5,10,14,2,0,1,0,0,25,8,26,14,6,4,13
189,"F",10.1,5,10,15,2,0,0,0,1,25,8,26,14,6,4,13
189,"F",10.1,5,10,19,2,0,0,0,1,25,8,26,14,6,4,13
189,"F",10.1,5,10,20,2,0,0,0,1,25,8,26,14,6,4,13
189,"F",10.1,5,10,21,2,0,1,0,0,25,8,26,14,6,4,13
189,"F",10.1,5,10,25,2,0,0,1,0,25,8,26,14,6,4,13
189,"F",10.1,5,10,26,2,0,0,0,1,25,8,26,14,6,4,13
189,"F",10.1,5,10,27,2,0,0,1,0,25,8,26,14,6,4,13
189,"F",10.1,5,10,28,2,0,1,0,0,25,8,26,14,6,4,13
189,"F",10.1,5,10,32,2,1,0,1,0,25,8,26,14,6,4,13
189,"F",10.1,5,10,33,2,0,1,0,0,25,8,26,14,6,4,13
189,"F",10.1,5,10,35,2,0,0,0,1,25,8,26,14,6,4,13
189,"F",10.1,5,10,40,2,0,1,0,0,25,8,26,14,6,4,13
189,"F",10.1,5,10,41,2,0,1,0,0,25,8,26,14,6,4,13
189,"F",10.1,5,10,47,2,0,1,0,0,25,8,26,14,6,4,13
189,"F",10.1,5,10,49,2,0,0,1,0,25,8,26,14,6,4,13
189,"F",10.1,5,10,51,2,0,0,1,0,25,8,26,14,6,4,13
189,"F",10.1,5,10,52,2,0,0,0,1,25,8,26,14,6,4,13
189,"F",10.1,5,10,53,2,0,1,0,0,25,8,26,14,6,4,13
189,"F",10.1,5,10,54,2,0,1,0,0,25,8,26,14,6,4,13
189,"F",10.1,5,10,58,2,0,0,0,1,25,8,26,14,6,4,13
190,"F",10.3,5,10,1,1,1,NA,NA,NA,31,11,35,19,8,7,22
190,"F",10.3,5,10,2,1,1,NA,NA,NA,31,11,35,19,8,7,22
190,"F",10.3,5,10,6,1,0,NA,NA,NA,31,11,35,19,8,7,22
190,"F",10.3,5,10,8,1,0,NA,NA,NA,31,11,35,19,8,7,22
190,"F",10.3,5,10,9,1,1,NA,NA,NA,31,11,35,19,8,7,22
190,"F",10.3,5,10,10,1,1,NA,NA,NA,31,11,35,19,8,7,22
190,"F",10.3,5,10,11,1,1,NA,NA,NA,31,11,35,19,8,7,22
190,"F",10.3,5,10,15,1,0,NA,NA,NA,31,11,35,19,8,7,22
190,"F",10.3,5,10,16,1,0,NA,NA,NA,31,11,35,19,8,7,22
190,"F",10.3,5,10,17,1,1,NA,NA,NA,31,11,35,19,8,7,22
190,"F",10.3,5,10,19,1,1,NA,NA,NA,31,11,35,19,8,7,22
190,"F",10.3,5,10,23,1,0,NA,NA,NA,31,11,35,19,8,7,22
190,"F",10.3,5,10,24,1,1,NA,NA,NA,31,11,35,19,8,7,22
190,"F",10.3,5,10,26,1,1,NA,NA,NA,31,11,35,19,8,7,22
190,"F",10.3,5,10,27,1,1,NA,NA,NA,31,11,35,19,8,7,22
190,"F",10.3,5,10,28,1,0,NA,NA,NA,31,11,35,19,8,7,22
190,"F",10.3,5,10,30,1,1,NA,NA,NA,31,11,35,19,8,7,22
190,"F",10.3,5,10,31,1,1,NA,NA,NA,31,11,35,19,8,7,22
190,"F",10.3,5,10,32,1,1,NA,NA,NA,31,11,35,19,8,7,22
190,"F",10.3,5,10,36,1,1,NA,NA,NA,31,11,35,19,8,7,22
190,"F",10.3,5,10,37,1,1,NA,NA,NA,31,11,35,19,8,7,22
190,"F",10.3,5,10,40,1,1,NA,NA,NA,31,11,35,19,8,7,22
190,"F",10.3,5,10,43,1,1,NA,NA,NA,31,11,35,19,8,7,22
190,"F",10.3,5,10,45,1,1,NA,NA,NA,31,11,35,19,8,7,22
190,"F",10.3,5,10,47,1,1,NA,NA,NA,31,11,35,19,8,7,22
190,"F",10.3,5,10,48,1,1,NA,NA,NA,31,11,35,19,8,7,22
190,"F",10.3,5,10,52,1,0,NA,NA,NA,31,11,35,19,8,7,22
190,"F",10.3,5,10,53,1,1,NA,NA,NA,31,11,35,19,8,7,22
190,"F",10.3,5,10,57,1,1,NA,NA,NA,31,11,35,19,8,7,22
190,"F",10.3,5,10,60,1,0,NA,NA,NA,31,11,35,19,8,7,22
190,"F",10.3,5,10,3,2,0,1,0,0,31,11,35,19,8,7,22
190,"F",10.3,5,10,4,2,0,0,0,1,31,11,35,19,8,7,22
190,"F",10.3,5,10,5,2,0,1,0,0,31,11,35,19,8,7,22
190,"F",10.3,5,10,7,2,0,1,0,0,31,11,35,19,8,7,22
190,"F",10.3,5,10,12,2,0,1,0,0,31,11,35,19,8,7,22
190,"F",10.3,5,10,13,2,0,1,0,0,31,11,35,19,8,7,22
190,"F",10.3,5,10,14,2,0,1,0,0,31,11,35,19,8,7,22
190,"F",10.3,5,10,18,2,0,1,0,0,31,11,35,19,8,7,22
190,"F",10.3,5,10,20,2,1,0,1,0,31,11,35,19,8,7,22
190,"F",10.3,5,10,21,2,1,0,0,1,31,11,35,19,8,7,22
190,"F",10.3,5,10,22,2,0,1,0,0,31,11,35,19,8,7,22
190,"F",10.3,5,10,25,2,1,0,1,0,31,11,35,19,8,7,22
190,"F",10.3,5,10,29,2,0,1,0,0,31,11,35,19,8,7,22
190,"F",10.3,5,10,33,2,1,0,0,1,31,11,35,19,8,7,22
190,"F",10.3,5,10,34,2,0,1,0,0,31,11,35,19,8,7,22
190,"F",10.3,5,10,35,2,0,1,0,0,31,11,35,19,8,7,22
190,"F",10.3,5,10,38,2,0,1,0,0,31,11,35,19,8,7,22
190,"F",10.3,5,10,39,2,0,1,0,0,31,11,35,19,8,7,22
190,"F",10.3,5,10,41,2,0,1,0,0,31,11,35,19,8,7,22
190,"F",10.3,5,10,42,2,0,1,0,0,31,11,35,19,8,7,22
190,"F",10.3,5,10,44,2,0,1,0,0,31,11,35,19,8,7,22
190,"F",10.3,5,10,46,2,0,1,0,0,31,11,35,19,8,7,22
190,"F",10.3,5,10,49,2,0,1,0,0,31,11,35,19,8,7,22
190,"F",10.3,5,10,50,2,0,1,0,0,31,11,35,19,8,7,22
190,"F",10.3,5,10,51,2,0,1,0,0,31,11,35,19,8,7,22
190,"F",10.3,5,10,54,2,0,1,0,0,31,11,35,19,8,7,22
190,"F",10.3,5,10,55,2,0,1,0,0,31,11,35,19,8,7,22
190,"F",10.3,5,10,56,2,1,0,1,0,31,11,35,19,8,7,22
190,"F",10.3,5,10,58,2,0,1,0,0,31,11,35,19,8,7,22
190,"F",10.3,5,10,59,2,1,0,1,0,31,11,35,19,8,7,22
191,"F",10.2,5,10,3,1,0,NA,NA,NA,17,17,18,34,5,8,11
191,"F",10.2,5,10,7,1,1,NA,NA,NA,17,17,18,34,5,8,11
191,"F",10.2,5,10,12,1,0,NA,NA,NA,17,17,18,34,5,8,11
191,"F",10.2,5,10,13,1,0,NA,NA,NA,17,17,18,34,5,8,11
191,"F",10.2,5,10,15,1,0,NA,NA,NA,17,17,18,34,5,8,11
191,"F",10.2,5,10,16,1,0,NA,NA,NA,17,17,18,34,5,8,11
191,"F",10.2,5,10,17,1,1,NA,NA,NA,17,17,18,34,5,8,11
191,"F",10.2,5,10,20,1,1,NA,NA,NA,17,17,18,34,5,8,11
191,"F",10.2,5,10,22,1,0,NA,NA,NA,17,17,18,34,5,8,11
191,"F",10.2,5,10,24,1,0,NA,NA,NA,17,17,18,34,5,8,11
191,"F",10.2,5,10,26,1,0,NA,NA,NA,17,17,18,34,5,8,11
191,"F",10.2,5,10,28,1,0,NA,NA,NA,17,17,18,34,5,8,11
191,"F",10.2,5,10,30,1,0,NA,NA,NA,17,17,18,34,5,8,11
191,"F",10.2,5,10,35,1,0,NA,NA,NA,17,17,18,34,5,8,11
191,"F",10.2,5,10,37,1,1,NA,NA,NA,17,17,18,34,5,8,11
191,"F",10.2,5,10,40,1,1,NA,NA,NA,17,17,18,34,5,8,11
191,"F",10.2,5,10,42,1,0,NA,NA,NA,17,17,18,34,5,8,11
191,"F",10.2,5,10,43,1,1,NA,NA,NA,17,17,18,34,5,8,11
191,"F",10.2,5,10,44,1,0,NA,NA,NA,17,17,18,34,5,8,11
191,"F",10.2,5,10,46,1,1,NA,NA,NA,17,17,18,34,5,8,11
191,"F",10.2,5,10,47,1,1,NA,NA,NA,17,17,18,34,5,8,11
191,"F",10.2,5,10,48,1,0,NA,NA,NA,17,17,18,34,5,8,11
191,"F",10.2,5,10,49,1,0,NA,NA,NA,17,17,18,34,5,8,11
191,"F",10.2,5,10,51,1,0,NA,NA,NA,17,17,18,34,5,8,11
191,"F",10.2,5,10,52,1,0,NA,NA,NA,17,17,18,34,5,8,11
191,"F",10.2,5,10,53,1,1,NA,NA,NA,17,17,18,34,5,8,11
191,"F",10.2,5,10,54,1,0,NA,NA,NA,17,17,18,34,5,8,11
191,"F",10.2,5,10,55,1,0,NA,NA,NA,17,17,18,34,5,8,11
191,"F",10.2,5,10,57,1,1,NA,NA,NA,17,17,18,34,5,8,11
191,"F",10.2,5,10,59,1,1,NA,NA,NA,17,17,18,34,5,8,11
191,"F",10.2,5,10,1,2,0,0,1,0,17,17,18,34,5,8,11
191,"F",10.2,5,10,2,2,1,0,0,1,17,17,18,34,5,8,11
191,"F",10.2,5,10,4,2,0,0,1,0,17,17,18,34,5,8,11
191,"F",10.2,5,10,5,2,1,0,0,1,17,17,18,34,5,8,11
191,"F",10.2,5,10,6,2,0,0,1,0,17,17,18,34,5,8,11
191,"F",10.2,5,10,8,2,0,0,0,1,17,17,18,34,5,8,11
191,"F",10.2,5,10,9,2,1,0,1,0,17,17,18,34,5,8,11
191,"F",10.2,5,10,10,2,1,0,0,1,17,17,18,34,5,8,11
191,"F",10.2,5,10,11,2,1,0,1,0,17,17,18,34,5,8,11
191,"F",10.2,5,10,14,2,0,0,0,1,17,17,18,34,5,8,11
191,"F",10.2,5,10,18,2,1,0,0,1,17,17,18,34,5,8,11
191,"F",10.2,5,10,19,2,1,0,0,1,17,17,18,34,5,8,11
191,"F",10.2,5,10,21,2,1,0,0,1,17,17,18,34,5,8,11
191,"F",10.2,5,10,23,2,0,0,0,1,17,17,18,34,5,8,11
191,"F",10.2,5,10,25,2,1,0,1,0,17,17,18,34,5,8,11
191,"F",10.2,5,10,27,2,0,0,0,1,17,17,18,34,5,8,11
191,"F",10.2,5,10,29,2,0,0,0,1,17,17,18,34,5,8,11
191,"F",10.2,5,10,31,2,0,0,0,1,17,17,18,34,5,8,11
191,"F",10.2,5,10,32,2,0,0,0,1,17,17,18,34,5,8,11
191,"F",10.2,5,10,33,2,0,0,0,1,17,17,18,34,5,8,11
191,"F",10.2,5,10,34,2,0,0,0,1,17,17,18,34,5,8,11
191,"F",10.2,5,10,36,2,0,0,0,1,17,17,18,34,5,8,11
191,"F",10.2,5,10,38,2,0,0,0,1,17,17,18,34,5,8,11
191,"F",10.2,5,10,39,2,0,0,0,1,17,17,18,34,5,8,11
191,"F",10.2,5,10,41,2,0,0,0,1,17,17,18,34,5,8,11
191,"F",10.2,5,10,45,2,1,0,1,0,17,17,18,34,5,8,11
191,"F",10.2,5,10,50,2,0,0,1,0,17,17,18,34,5,8,11
191,"F",10.2,5,10,56,2,1,0,1,0,17,17,18,34,5,8,11
191,"F",10.2,5,10,58,2,1,0,0,1,17,17,18,34,5,8,11
191,"F",10.2,5,10,60,2,1,0,0,1,17,17,18,34,5,8,11
192,"M",10.8,5,10,3,1,0,NA,NA,NA,26,11,27,19,7,8,12
192,"M",10.8,5,10,4,1,0,NA,NA,NA,26,11,27,19,7,8,12
192,"M",10.8,5,10,6,1,0,NA,NA,NA,26,11,27,19,7,8,12
192,"M",10.8,5,10,9,1,0,NA,NA,NA,26,11,27,19,7,8,12
192,"M",10.8,5,10,10,1,1,NA,NA,NA,26,11,27,19,7,8,12
192,"M",10.8,5,10,11,1,1,NA,NA,NA,26,11,27,19,7,8,12
192,"M",10.8,5,10,16,1,1,NA,NA,NA,26,11,27,19,7,8,12
192,"M",10.8,5,10,19,1,0,NA,NA,NA,26,11,27,19,7,8,12
192,"M",10.8,5,10,21,1,0,NA,NA,NA,26,11,27,19,7,8,12
192,"M",10.8,5,10,22,1,0,NA,NA,NA,26,11,27,19,7,8,12
192,"M",10.8,5,10,23,1,0,NA,NA,NA,26,11,27,19,7,8,12
192,"M",10.8,5,10,26,1,0,NA,NA,NA,26,11,27,19,7,8,12
192,"M",10.8,5,10,27,1,0,NA,NA,NA,26,11,27,19,7,8,12
192,"M",10.8,5,10,28,1,1,NA,NA,NA,26,11,27,19,7,8,12
192,"M",10.8,5,10,32,1,0,NA,NA,NA,26,11,27,19,7,8,12
192,"M",10.8,5,10,33,1,1,NA,NA,NA,26,11,27,19,7,8,12
192,"M",10.8,5,10,34,1,1,NA,NA,NA,26,11,27,19,7,8,12
192,"M",10.8,5,10,35,1,0,NA,NA,NA,26,11,27,19,7,8,12
192,"M",10.8,5,10,38,1,1,NA,NA,NA,26,11,27,19,7,8,12
192,"M",10.8,5,10,40,1,0,NA,NA,NA,26,11,27,19,7,8,12
192,"M",10.8,5,10,42,1,1,NA,NA,NA,26,11,27,19,7,8,12
192,"M",10.8,5,10,43,1,1,NA,NA,NA,26,11,27,19,7,8,12
192,"M",10.8,5,10,44,1,1,NA,NA,NA,26,11,27,19,7,8,12
192,"M",10.8,5,10,45,1,0,NA,NA,NA,26,11,27,19,7,8,12
192,"M",10.8,5,10,46,1,1,NA,NA,NA,26,11,27,19,7,8,12
192,"M",10.8,5,10,47,1,0,NA,NA,NA,26,11,27,19,7,8,12
192,"M",10.8,5,10,48,1,0,NA,NA,NA,26,11,27,19,7,8,12
192,"M",10.8,5,10,49,1,0,NA,NA,NA,26,11,27,19,7,8,12
192,"M",10.8,5,10,51,1,0,NA,NA,NA,26,11,27,19,7,8,12
192,"M",10.8,5,10,53,1,1,NA,NA,NA,26,11,27,19,7,8,12
192,"M",10.8,5,10,1,2,0,1,0,0,26,11,27,19,7,8,12
192,"M",10.8,5,10,2,2,0,0,0,1,26,11,27,19,7,8,12
192,"M",10.8,5,10,5,2,1,0,0,1,26,11,27,19,7,8,12
192,"M",10.8,5,10,7,2,1,0,1,0,26,11,27,19,7,8,12
192,"M",10.8,5,10,8,2,0,1,0,0,26,11,27,19,7,8,12
192,"M",10.8,5,10,12,2,0,0,1,0,26,11,27,19,7,8,12
192,"M",10.8,5,10,13,2,0,1,0,0,26,11,27,19,7,8,12
192,"M",10.8,5,10,14,2,0,1,0,0,26,11,27,19,7,8,12
192,"M",10.8,5,10,15,2,0,1,0,0,26,11,27,19,7,8,12
192,"M",10.8,5,10,17,2,0,1,0,0,26,11,27,19,7,8,12
192,"M",10.8,5,10,18,2,0,1,0,0,26,11,27,19,7,8,12
192,"M",10.8,5,10,20,2,0,1,0,0,26,11,27,19,7,8,12
192,"M",10.8,5,10,24,2,0,0,1,0,26,11,27,19,7,8,12
192,"M",10.8,5,10,25,2,0,0,1,0,26,11,27,19,7,8,12
192,"M",10.8,5,10,29,2,0,1,0,0,26,11,27,19,7,8,12
192,"M",10.8,5,10,30,2,0,1,0,0,26,11,27,19,7,8,12
192,"M",10.8,5,10,31,2,0,1,0,0,26,11,27,19,7,8,12
192,"M",10.8,5,10,36,2,0,1,0,0,26,11,27,19,7,8,12
192,"M",10.8,5,10,37,2,0,0,1,0,26,11,27,19,7,8,12
192,"M",10.8,5,10,39,2,0,1,0,0,26,11,27,19,7,8,12
192,"M",10.8,5,10,41,2,0,0,1,0,26,11,27,19,7,8,12
192,"M",10.8,5,10,50,2,0,0,1,0,26,11,27,19,7,8,12
192,"M",10.8,5,10,52,2,0,0,0,1,26,11,27,19,7,8,12
192,"M",10.8,5,10,54,2,0,0,0,1,26,11,27,19,7,8,12
192,"M",10.8,5,10,55,2,0,1,0,0,26,11,27,19,7,8,12
192,"M",10.8,5,10,56,2,1,0,0,1,26,11,27,19,7,8,12
192,"M",10.8,5,10,57,2,0,1,0,0,26,11,27,19,7,8,12
192,"M",10.8,5,10,58,2,0,0,0,1,26,11,27,19,7,8,12
192,"M",10.8,5,10,59,2,1,0,0,1,26,11,27,19,7,8,12
192,"M",10.8,5,10,60,2,0,0,0,1,26,11,27,19,7,8,12
193,"F",10.1,5,10,1,1,1,NA,NA,NA,22,18,28,34,7,7,18
193,"F",10.1,5,10,3,1,0,NA,NA,NA,22,18,28,34,7,7,18
193,"F",10.1,5,10,4,1,1,NA,NA,NA,22,18,28,34,7,7,18
193,"F",10.1,5,10,6,1,1,NA,NA,NA,22,18,28,34,7,7,18
193,"F",10.1,5,10,7,1,0,NA,NA,NA,22,18,28,34,7,7,18
193,"F",10.1,5,10,10,1,1,NA,NA,NA,22,18,28,34,7,7,18
193,"F",10.1,5,10,12,1,0,NA,NA,NA,22,18,28,34,7,7,18
193,"F",10.1,5,10,13,1,0,NA,NA,NA,22,18,28,34,7,7,18
193,"F",10.1,5,10,14,1,1,NA,NA,NA,22,18,28,34,7,7,18
193,"F",10.1,5,10,15,1,0,NA,NA,NA,22,18,28,34,7,7,18
193,"F",10.1,5,10,17,1,1,NA,NA,NA,22,18,28,34,7,7,18
193,"F",10.1,5,10,18,1,1,NA,NA,NA,22,18,28,34,7,7,18
193,"F",10.1,5,10,20,1,0,NA,NA,NA,22,18,28,34,7,7,18
193,"F",10.1,5,10,22,1,0,NA,NA,NA,22,18,28,34,7,7,18
193,"F",10.1,5,10,25,1,1,NA,NA,NA,22,18,28,34,7,7,18
193,"F",10.1,5,10,27,1,1,NA,NA,NA,22,18,28,34,7,7,18
193,"F",10.1,5,10,28,1,1,NA,NA,NA,22,18,28,34,7,7,18
193,"F",10.1,5,10,29,1,1,NA,NA,NA,22,18,28,34,7,7,18
193,"F",10.1,5,10,31,1,1,NA,NA,NA,22,18,28,34,7,7,18
193,"F",10.1,5,10,36,1,1,NA,NA,NA,22,18,28,34,7,7,18
193,"F",10.1,5,10,37,1,1,NA,NA,NA,22,18,28,34,7,7,18
193,"F",10.1,5,10,39,1,1,NA,NA,NA,22,18,28,34,7,7,18
193,"F",10.1,5,10,43,1,0,NA,NA,NA,22,18,28,34,7,7,18
193,"F",10.1,5,10,45,1,1,NA,NA,NA,22,18,28,34,7,7,18
193,"F",10.1,5,10,47,1,1,NA,NA,NA,22,18,28,34,7,7,18
193,"F",10.1,5,10,52,1,0,NA,NA,NA,22,18,28,34,7,7,18
193,"F",10.1,5,10,54,1,0,NA,NA,NA,22,18,28,34,7,7,18
193,"F",10.1,5,10,56,1,0,NA,NA,NA,22,18,28,34,7,7,18
193,"F",10.1,5,10,57,1,1,NA,NA,NA,22,18,28,34,7,7,18
193,"F",10.1,5,10,60,1,0,NA,NA,NA,22,18,28,34,7,7,18
193,"F",10.1,5,10,2,2,0,0,1,0,22,18,28,34,7,7,18
193,"F",10.1,5,10,5,2,1,0,0,1,22,18,28,34,7,7,18
193,"F",10.1,5,10,8,2,0,0,0,1,22,18,28,34,7,7,18
193,"F",10.1,5,10,9,2,0,1,0,0,22,18,28,34,7,7,18
193,"F",10.1,5,10,11,2,1,0,1,0,22,18,28,34,7,7,18
193,"F",10.1,5,10,16,2,0,1,0,0,22,18,28,34,7,7,18
193,"F",10.1,5,10,19,2,0,1,0,0,22,18,28,34,7,7,18
193,"F",10.1,5,10,21,2,0,0,0,1,22,18,28,34,7,7,18
193,"F",10.1,5,10,23,2,1,0,1,0,22,18,28,34,7,7,18
193,"F",10.1,5,10,24,2,1,0,0,1,22,18,28,34,7,7,18
193,"F",10.1,5,10,26,2,0,0,1,0,22,18,28,34,7,7,18
193,"F",10.1,5,10,30,2,1,0,0,1,22,18,28,34,7,7,18
193,"F",10.1,5,10,32,2,1,0,1,0,22,18,28,34,7,7,18
193,"F",10.1,5,10,33,2,0,1,0,0,22,18,28,34,7,7,18
193,"F",10.1,5,10,34,2,1,0,0,1,22,18,28,34,7,7,18
193,"F",10.1,5,10,35,2,0,1,0,0,22,18,28,34,7,7,18
193,"F",10.1,5,10,38,2,0,0,0,1,22,18,28,34,7,7,18
193,"F",10.1,5,10,40,2,1,0,0,1,22,18,28,34,7,7,18
193,"F",10.1,5,10,41,2,0,0,1,0,22,18,28,34,7,7,18
193,"F",10.1,5,10,42,2,0,1,0,0,22,18,28,34,7,7,18
193,"F",10.1,5,10,44,2,1,0,1,0,22,18,28,34,7,7,18
193,"F",10.1,5,10,46,2,1,0,0,1,22,18,28,34,7,7,18
193,"F",10.1,5,10,48,2,0,0,0,1,22,18,28,34,7,7,18
193,"F",10.1,5,10,49,2,0,0,1,0,22,18,28,34,7,7,18
193,"F",10.1,5,10,50,2,1,0,0,1,22,18,28,34,7,7,18
193,"F",10.1,5,10,51,2,0,0,0,1,22,18,28,34,7,7,18
193,"F",10.1,5,10,53,2,1,0,1,0,22,18,28,34,7,7,18
193,"F",10.1,5,10,55,2,0,0,1,0,22,18,28,34,7,7,18
193,"F",10.1,5,10,58,2,1,0,1,0,22,18,28,34,7,7,18
193,"F",10.1,5,10,59,2,0,0,0,1,22,18,28,34,7,7,18
194,"M",10.1,5,10,1,1,1,NA,NA,NA,20,24,16,27,4,8,22
194,"M",10.1,5,10,5,1,1,NA,NA,NA,20,24,16,27,4,8,22
194,"M",10.1,5,10,6,1,0,NA,NA,NA,20,24,16,27,4,8,22
194,"M",10.1,5,10,8,1,0,NA,NA,NA,20,24,16,27,4,8,22
194,"M",10.1,5,10,13,1,1,NA,NA,NA,20,24,16,27,4,8,22
194,"M",10.1,5,10,14,1,0,NA,NA,NA,20,24,16,27,4,8,22
194,"M",10.1,5,10,15,1,1,NA,NA,NA,20,24,16,27,4,8,22
194,"M",10.1,5,10,17,1,1,NA,NA,NA,20,24,16,27,4,8,22
194,"M",10.1,5,10,19,1,1,NA,NA,NA,20,24,16,27,4,8,22
194,"M",10.1,5,10,20,1,0,NA,NA,NA,20,24,16,27,4,8,22
194,"M",10.1,5,10,23,1,1,NA,NA,NA,20,24,16,27,4,8,22
194,"M",10.1,5,10,26,1,1,NA,NA,NA,20,24,16,27,4,8,22
194,"M",10.1,5,10,28,1,1,NA,NA,NA,20,24,16,27,4,8,22
194,"M",10.1,5,10,29,1,1,NA,NA,NA,20,24,16,27,4,8,22
194,"M",10.1,5,10,32,1,0,NA,NA,NA,20,24,16,27,4,8,22
194,"M",10.1,5,10,33,1,1,NA,NA,NA,20,24,16,27,4,8,22
194,"M",10.1,5,10,36,1,1,NA,NA,NA,20,24,16,27,4,8,22
194,"M",10.1,5,10,38,1,1,NA,NA,NA,20,24,16,27,4,8,22
194,"M",10.1,5,10,39,1,1,NA,NA,NA,20,24,16,27,4,8,22
194,"M",10.1,5,10,40,1,1,NA,NA,NA,20,24,16,27,4,8,22
194,"M",10.1,5,10,41,1,1,NA,NA,NA,20,24,16,27,4,8,22
194,"M",10.1,5,10,43,1,1,NA,NA,NA,20,24,16,27,4,8,22
194,"M",10.1,5,10,44,1,1,NA,NA,NA,20,24,16,27,4,8,22
194,"M",10.1,5,10,45,1,1,NA,NA,NA,20,24,16,27,4,8,22
194,"M",10.1,5,10,46,1,1,NA,NA,NA,20,24,16,27,4,8,22
194,"M",10.1,5,10,47,1,1,NA,NA,NA,20,24,16,27,4,8,22
194,"M",10.1,5,10,48,1,1,NA,NA,NA,20,24,16,27,4,8,22
194,"M",10.1,5,10,49,1,0,NA,NA,NA,20,24,16,27,4,8,22
194,"M",10.1,5,10,51,1,0,NA,NA,NA,20,24,16,27,4,8,22
194,"M",10.1,5,10,60,1,0,NA,NA,NA,20,24,16,27,4,8,22
194,"M",10.1,5,10,2,2,0,0,0,1,20,24,16,27,4,8,22
194,"M",10.1,5,10,3,2,0,0,0,1,20,24,16,27,4,8,22
194,"M",10.1,5,10,4,2,0,1,0,0,20,24,16,27,4,8,22
194,"M",10.1,5,10,7,2,1,0,0,1,20,24,16,27,4,8,22
194,"M",10.1,5,10,9,2,1,0,0,1,20,24,16,27,4,8,22
194,"M",10.1,5,10,10,2,1,0,0,1,20,24,16,27,4,8,22
194,"M",10.1,5,10,11,2,1,0,0,1,20,24,16,27,4,8,22
194,"M",10.1,5,10,12,2,1,0,0,1,20,24,16,27,4,8,22
194,"M",10.1,5,10,16,2,0,0,0,1,20,24,16,27,4,8,22
194,"M",10.1,5,10,18,2,0,0,0,1,20,24,16,27,4,8,22
194,"M",10.1,5,10,21,2,0,0,1,0,20,24,16,27,4,8,22
194,"M",10.1,5,10,22,2,1,0,0,1,20,24,16,27,4,8,22
194,"M",10.1,5,10,24,2,1,0,0,1,20,24,16,27,4,8,22
194,"M",10.1,5,10,25,2,1,0,0,1,20,24,16,27,4,8,22
194,"M",10.1,5,10,27,2,1,0,0,1,20,24,16,27,4,8,22
194,"M",10.1,5,10,30,2,1,0,0,1,20,24,16,27,4,8,22
194,"M",10.1,5,10,31,2,0,0,0,1,20,24,16,27,4,8,22
194,"M",10.1,5,10,34,2,0,0,0,1,20,24,16,27,4,8,22
194,"M",10.1,5,10,35,2,1,0,0,1,20,24,16,27,4,8,22
194,"M",10.1,5,10,37,2,1,0,1,0,20,24,16,27,4,8,22
194,"M",10.1,5,10,42,2,1,0,0,1,20,24,16,27,4,8,22
194,"M",10.1,5,10,50,2,1,0,1,0,20,24,16,27,4,8,22
194,"M",10.1,5,10,52,2,1,0,0,1,20,24,16,27,4,8,22
194,"M",10.1,5,10,53,2,1,0,0,1,20,24,16,27,4,8,22
194,"M",10.1,5,10,54,2,1,0,1,0,20,24,16,27,4,8,22
194,"M",10.1,5,10,55,2,1,0,0,1,20,24,16,27,4,8,22
194,"M",10.1,5,10,56,2,1,0,0,1,20,24,16,27,4,8,22
194,"M",10.1,5,10,57,2,1,0,0,1,20,24,16,27,4,8,22
194,"M",10.1,5,10,58,2,1,0,1,0,20,24,16,27,4,8,22
194,"M",10.1,5,10,59,2,1,0,0,1,20,24,16,27,4,8,22
195,"F",10.1,5,10,3,1,0,NA,NA,NA,22,24,25,12,8,5,19
195,"F",10.1,5,10,7,1,1,NA,NA,NA,22,24,25,12,8,5,19
195,"F",10.1,5,10,9,1,1,NA,NA,NA,22,24,25,12,8,5,19
195,"F",10.1,5,10,11,1,1,NA,NA,NA,22,24,25,12,8,5,19
195,"F",10.1,5,10,14,1,1,NA,NA,NA,22,24,25,12,8,5,19
195,"F",10.1,5,10,23,1,0,NA,NA,NA,22,24,25,12,8,5,19
195,"F",10.1,5,10,26,1,1,NA,NA,NA,22,24,25,12,8,5,19
195,"F",10.1,5,10,28,1,0,NA,NA,NA,22,24,25,12,8,5,19
195,"F",10.1,5,10,33,1,0,NA,NA,NA,22,24,25,12,8,5,19
195,"F",10.1,5,10,34,1,0,NA,NA,NA,22,24,25,12,8,5,19
195,"F",10.1,5,10,35,1,0,NA,NA,NA,22,24,25,12,8,5,19
195,"F",10.1,5,10,37,1,1,NA,NA,NA,22,24,25,12,8,5,19
195,"F",10.1,5,10,38,1,0,NA,NA,NA,22,24,25,12,8,5,19
195,"F",10.1,5,10,40,1,1,NA,NA,NA,22,24,25,12,8,5,19
195,"F",10.1,5,10,41,1,0,NA,NA,NA,22,24,25,12,8,5,19
195,"F",10.1,5,10,42,1,1,NA,NA,NA,22,24,25,12,8,5,19
195,"F",10.1,5,10,43,1,1,NA,NA,NA,22,24,25,12,8,5,19
195,"F",10.1,5,10,46,1,1,NA,NA,NA,22,24,25,12,8,5,19
195,"F",10.1,5,10,47,1,1,NA,NA,NA,22,24,25,12,8,5,19
195,"F",10.1,5,10,48,1,1,NA,NA,NA,22,24,25,12,8,5,19
195,"F",10.1,5,10,49,1,1,NA,NA,NA,22,24,25,12,8,5,19
195,"F",10.1,5,10,51,1,0,NA,NA,NA,22,24,25,12,8,5,19
195,"F",10.1,5,10,52,1,1,NA,NA,NA,22,24,25,12,8,5,19
195,"F",10.1,5,10,53,1,1,NA,NA,NA,22,24,25,12,8,5,19
195,"F",10.1,5,10,54,1,1,NA,NA,NA,22,24,25,12,8,5,19
195,"F",10.1,5,10,55,1,0,NA,NA,NA,22,24,25,12,8,5,19
195,"F",10.1,5,10,56,1,1,NA,NA,NA,22,24,25,12,8,5,19
195,"F",10.1,5,10,57,1,0,NA,NA,NA,22,24,25,12,8,5,19
195,"F",10.1,5,10,58,1,1,NA,NA,NA,22,24,25,12,8,5,19
195,"F",10.1,5,10,59,1,1,NA,NA,NA,22,24,25,12,8,5,19
195,"F",10.1,5,10,1,2,1,0,0,1,22,24,25,12,8,5,19
195,"F",10.1,5,10,2,2,0,0,0,1,22,24,25,12,8,5,19
195,"F",10.1,5,10,4,2,0,0,0,1,22,24,25,12,8,5,19
195,"F",10.1,5,10,5,2,0,0,0,1,22,24,25,12,8,5,19
195,"F",10.1,5,10,6,2,0,0,0,1,22,24,25,12,8,5,19
195,"F",10.1,5,10,8,2,0,0,0,1,22,24,25,12,8,5,19
195,"F",10.1,5,10,10,2,1,0,1,0,22,24,25,12,8,5,19
195,"F",10.1,5,10,12,2,0,0,0,1,22,24,25,12,8,5,19
195,"F",10.1,5,10,13,2,0,0,0,1,22,24,25,12,8,5,19
195,"F",10.1,5,10,15,2,0,0,0,1,22,24,25,12,8,5,19
195,"F",10.1,5,10,16,2,0,0,0,1,22,24,25,12,8,5,19
195,"F",10.1,5,10,17,2,0,0,0,1,22,24,25,12,8,5,19
195,"F",10.1,5,10,18,2,0,0,1,0,22,24,25,12,8,5,19
195,"F",10.1,5,10,19,2,1,0,0,1,22,24,25,12,8,5,19
195,"F",10.1,5,10,20,2,1,0,0,1,22,24,25,12,8,5,19
195,"F",10.1,5,10,21,2,0,0,0,1,22,24,25,12,8,5,19
195,"F",10.1,5,10,22,2,0,0,0,1,22,24,25,12,8,5,19
195,"F",10.1,5,10,24,2,0,0,0,1,22,24,25,12,8,5,19
195,"F",10.1,5,10,25,2,0,0,0,1,22,24,25,12,8,5,19
195,"F",10.1,5,10,27,2,1,0,0,1,22,24,25,12,8,5,19
195,"F",10.1,5,10,29,2,1,0,0,1,22,24,25,12,8,5,19
195,"F",10.1,5,10,30,2,0,1,0,0,22,24,25,12,8,5,19
195,"F",10.1,5,10,31,2,1,0,0,1,22,24,25,12,8,5,19
195,"F",10.1,5,10,32,2,0,0,0,1,22,24,25,12,8,5,19
195,"F",10.1,5,10,36,2,0,0,1,0,22,24,25,12,8,5,19
195,"F",10.1,5,10,39,2,1,0,0,1,22,24,25,12,8,5,19
195,"F",10.1,5,10,44,2,1,0,0,1,22,24,25,12,8,5,19
195,"F",10.1,5,10,45,2,1,0,0,1,22,24,25,12,8,5,19
195,"F",10.1,5,10,50,2,0,1,0,0,22,24,25,12,8,5,19
195,"F",10.1,5,10,60,2,0,0,1,0,22,24,25,12,8,5,19
196,"F",10.1,5,10,3,1,0,NA,NA,NA,35,15,20,20,8,8,14
196,"F",10.1,5,10,5,1,1,NA,NA,NA,35,15,20,20,8,8,14
196,"F",10.1,5,10,7,1,1,NA,NA,NA,35,15,20,20,8,8,14
196,"F",10.1,5,10,10,1,1,NA,NA,NA,35,15,20,20,8,8,14
196,"F",10.1,5,10,12,1,1,NA,NA,NA,35,15,20,20,8,8,14
196,"F",10.1,5,10,13,1,0,NA,NA,NA,35,15,20,20,8,8,14
196,"F",10.1,5,10,14,1,1,NA,NA,NA,35,15,20,20,8,8,14
196,"F",10.1,5,10,15,1,1,NA,NA,NA,35,15,20,20,8,8,14
196,"F",10.1,5,10,16,1,0,NA,NA,NA,35,15,20,20,8,8,14
196,"F",10.1,5,10,18,1,0,NA,NA,NA,35,15,20,20,8,8,14
196,"F",10.1,5,10,23,1,1,NA,NA,NA,35,15,20,20,8,8,14
196,"F",10.1,5,10,25,1,0,NA,NA,NA,35,15,20,20,8,8,14
196,"F",10.1,5,10,27,1,0,NA,NA,NA,35,15,20,20,8,8,14
196,"F",10.1,5,10,28,1,0,NA,NA,NA,35,15,20,20,8,8,14
196,"F",10.1,5,10,31,1,0,NA,NA,NA,35,15,20,20,8,8,14
196,"F",10.1,5,10,34,1,0,NA,NA,NA,35,15,20,20,8,8,14
196,"F",10.1,5,10,35,1,1,NA,NA,NA,35,15,20,20,8,8,14
196,"F",10.1,5,10,36,1,1,NA,NA,NA,35,15,20,20,8,8,14
196,"F",10.1,5,10,38,1,0,NA,NA,NA,35,15,20,20,8,8,14
196,"F",10.1,5,10,39,1,1,NA,NA,NA,35,15,20,20,8,8,14
196,"F",10.1,5,10,41,1,0,NA,NA,NA,35,15,20,20,8,8,14
196,"F",10.1,5,10,44,1,0,NA,NA,NA,35,15,20,20,8,8,14
196,"F",10.1,5,10,47,1,1,NA,NA,NA,35,15,20,20,8,8,14
196,"F",10.1,5,10,49,1,0,NA,NA,NA,35,15,20,20,8,8,14
196,"F",10.1,5,10,50,1,0,NA,NA,NA,35,15,20,20,8,8,14
196,"F",10.1,5,10,51,1,0,NA,NA,NA,35,15,20,20,8,8,14
196,"F",10.1,5,10,54,1,1,NA,NA,NA,35,15,20,20,8,8,14
196,"F",10.1,5,10,55,1,0,NA,NA,NA,35,15,20,20,8,8,14
196,"F",10.1,5,10,59,1,1,NA,NA,NA,35,15,20,20,8,8,14
196,"F",10.1,5,10,60,1,1,NA,NA,NA,35,15,20,20,8,8,14
196,"F",10.1,5,10,1,2,0,1,0,0,35,15,20,20,8,8,14
196,"F",10.1,5,10,2,2,0,0,1,0,35,15,20,20,8,8,14
196,"F",10.1,5,10,4,2,0,0,0,1,35,15,20,20,8,8,14
196,"F",10.1,5,10,6,2,0,0,1,0,35,15,20,20,8,8,14
196,"F",10.1,5,10,8,2,0,0,1,0,35,15,20,20,8,8,14
196,"F",10.1,5,10,9,2,1,0,0,1,35,15,20,20,8,8,14
196,"F",10.1,5,10,11,2,1,0,1,0,35,15,20,20,8,8,14
196,"F",10.1,5,10,17,2,1,0,1,0,35,15,20,20,8,8,14
196,"F",10.1,5,10,19,2,0,0,1,0,35,15,20,20,8,8,14
196,"F",10.1,5,10,20,2,1,0,1,0,35,15,20,20,8,8,14
196,"F",10.1,5,10,21,2,1,0,1,0,35,15,20,20,8,8,14
196,"F",10.1,5,10,22,2,1,0,1,0,35,15,20,20,8,8,14
196,"F",10.1,5,10,24,2,0,1,0,0,35,15,20,20,8,8,14
196,"F",10.1,5,10,26,2,0,0,1,0,35,15,20,20,8,8,14
196,"F",10.1,5,10,29,2,0,1,0,0,35,15,20,20,8,8,14
196,"F",10.1,5,10,30,2,1,0,0,1,35,15,20,20,8,8,14
196,"F",10.1,5,10,32,2,0,1,0,0,35,15,20,20,8,8,14
196,"F",10.1,5,10,33,2,1,0,1,0,35,15,20,20,8,8,14
196,"F",10.1,5,10,37,2,1,0,1,0,35,15,20,20,8,8,14
196,"F",10.1,5,10,40,2,1,0,0,1,35,15,20,20,8,8,14
196,"F",10.1,5,10,42,2,1,0,1,0,35,15,20,20,8,8,14
196,"F",10.1,5,10,43,2,1,0,0,1,35,15,20,20,8,8,14
196,"F",10.1,5,10,45,2,1,0,1,0,35,15,20,20,8,8,14
196,"F",10.1,5,10,46,2,1,0,1,0,35,15,20,20,8,8,14
196,"F",10.1,5,10,48,2,1,0,1,0,35,15,20,20,8,8,14
196,"F",10.1,5,10,52,2,1,0,0,1,35,15,20,20,8,8,14
196,"F",10.1,5,10,53,2,1,0,1,0,35,15,20,20,8,8,14
196,"F",10.1,5,10,56,2,1,0,1,0,35,15,20,20,8,8,14
196,"F",10.1,5,10,57,2,1,0,0,1,35,15,20,20,8,8,14
196,"F",10.1,5,10,58,2,1,0,0,1,35,15,20,20,8,8,14
197,"M",10.5,5,10,2,1,1,NA,NA,NA,18,10,24,13,5,5,17
197,"M",10.5,5,10,5,1,0,NA,NA,NA,18,10,24,13,5,5,17
197,"M",10.5,5,10,6,1,0,NA,NA,NA,18,10,24,13,5,5,17
197,"M",10.5,5,10,7,1,1,NA,NA,NA,18,10,24,13,5,5,17
197,"M",10.5,5,10,11,1,1,NA,NA,NA,18,10,24,13,5,5,17
197,"M",10.5,5,10,12,1,0,NA,NA,NA,18,10,24,13,5,5,17
197,"M",10.5,5,10,14,1,0,NA,NA,NA,18,10,24,13,5,5,17
197,"M",10.5,5,10,15,1,1,NA,NA,NA,18,10,24,13,5,5,17
197,"M",10.5,5,10,16,1,0,NA,NA,NA,18,10,24,13,5,5,17
197,"M",10.5,5,10,21,1,0,NA,NA,NA,18,10,24,13,5,5,17
197,"M",10.5,5,10,22,1,0,NA,NA,NA,18,10,24,13,5,5,17
197,"M",10.5,5,10,23,1,1,NA,NA,NA,18,10,24,13,5,5,17
197,"M",10.5,5,10,25,1,1,NA,NA,NA,18,10,24,13,5,5,17
197,"M",10.5,5,10,29,1,1,NA,NA,NA,18,10,24,13,5,5,17
197,"M",10.5,5,10,31,1,1,NA,NA,NA,18,10,24,13,5,5,17
197,"M",10.5,5,10,32,1,0,NA,NA,NA,18,10,24,13,5,5,17
197,"M",10.5,5,10,33,1,0,NA,NA,NA,18,10,24,13,5,5,17
197,"M",10.5,5,10,35,1,1,NA,NA,NA,18,10,24,13,5,5,17
197,"M",10.5,5,10,36,1,1,NA,NA,NA,18,10,24,13,5,5,17
197,"M",10.5,5,10,37,1,0,NA,NA,NA,18,10,24,13,5,5,17
197,"M",10.5,5,10,39,1,1,NA,NA,NA,18,10,24,13,5,5,17
197,"M",10.5,5,10,40,1,0,NA,NA,NA,18,10,24,13,5,5,17
197,"M",10.5,5,10,41,1,0,NA,NA,NA,18,10,24,13,5,5,17
197,"M",10.5,5,10,43,1,1,NA,NA,NA,18,10,24,13,5,5,17
197,"M",10.5,5,10,44,1,1,NA,NA,NA,18,10,24,13,5,5,17
197,"M",10.5,5,10,46,1,1,NA,NA,NA,18,10,24,13,5,5,17
197,"M",10.5,5,10,48,1,1,NA,NA,NA,18,10,24,13,5,5,17
197,"M",10.5,5,10,49,1,1,NA,NA,NA,18,10,24,13,5,5,17
197,"M",10.5,5,10,54,1,0,NA,NA,NA,18,10,24,13,5,5,17
197,"M",10.5,5,10,56,1,1,NA,NA,NA,18,10,24,13,5,5,17
197,"M",10.5,5,10,1,2,0,1,0,0,18,10,24,13,5,5,17
197,"M",10.5,5,10,3,2,0,0,0,1,18,10,24,13,5,5,17
197,"M",10.5,5,10,4,2,0,0,0,1,18,10,24,13,5,5,17
197,"M",10.5,5,10,8,2,1,0,0,1,18,10,24,13,5,5,17
197,"M",10.5,5,10,9,2,1,0,1,0,18,10,24,13,5,5,17
197,"M",10.5,5,10,10,2,1,0,0,1,18,10,24,13,5,5,17
197,"M",10.5,5,10,13,2,0,1,0,0,18,10,24,13,5,5,17
197,"M",10.5,5,10,17,2,0,1,0,0,18,10,24,13,5,5,17
197,"M",10.5,5,10,18,2,0,0,0,1,18,10,24,13,5,5,17
197,"M",10.5,5,10,19,2,1,0,1,0,18,10,24,13,5,5,17
197,"M",10.5,5,10,20,2,1,0,0,1,18,10,24,13,5,5,17
197,"M",10.5,5,10,24,2,1,0,0,1,18,10,24,13,5,5,17
197,"M",10.5,5,10,26,2,1,0,0,1,18,10,24,13,5,5,17
197,"M",10.5,5,10,27,2,1,0,0,1,18,10,24,13,5,5,17
197,"M",10.5,5,10,28,2,1,0,1,0,18,10,24,13,5,5,17
197,"M",10.5,5,10,30,2,0,1,0,0,18,10,24,13,5,5,17
197,"M",10.5,5,10,34,2,0,1,0,0,18,10,24,13,5,5,17
197,"M",10.5,5,10,38,2,1,0,0,1,18,10,24,13,5,5,17
197,"M",10.5,5,10,42,2,1,0,1,0,18,10,24,13,5,5,17
197,"M",10.5,5,10,45,2,1,0,0,1,18,10,24,13,5,5,17
197,"M",10.5,5,10,47,2,0,1,0,0,18,10,24,13,5,5,17
197,"M",10.5,5,10,50,2,0,0,0,1,18,10,24,13,5,5,17
197,"M",10.5,5,10,51,2,1,0,1,0,18,10,24,13,5,5,17
197,"M",10.5,5,10,52,2,0,1,0,0,18,10,24,13,5,5,17
197,"M",10.5,5,10,53,2,0,0,0,1,18,10,24,13,5,5,17
197,"M",10.5,5,10,55,2,1,0,0,1,18,10,24,13,5,5,17
197,"M",10.5,5,10,57,2,0,0,0,1,18,10,24,13,5,5,17
197,"M",10.5,5,10,58,2,1,0,0,1,18,10,24,13,5,5,17
197,"M",10.5,5,10,59,2,0,1,0,0,18,10,24,13,5,5,17
197,"M",10.5,5,10,60,2,0,0,0,1,18,10,24,13,5,5,17
198,"F",10.1,5,10,1,1,0,NA,NA,NA,18,12,19,23,8,8,8
198,"F",10.1,5,10,2,1,0,NA,NA,NA,18,12,19,23,8,8,8
198,"F",10.1,5,10,4,1,0,NA,NA,NA,18,12,19,23,8,8,8
198,"F",10.1,5,10,5,1,1,NA,NA,NA,18,12,19,23,8,8,8
198,"F",10.1,5,10,9,1,1,NA,NA,NA,18,12,19,23,8,8,8
198,"F",10.1,5,10,12,1,0,NA,NA,NA,18,12,19,23,8,8,8
198,"F",10.1,5,10,13,1,1,NA,NA,NA,18,12,19,23,8,8,8
198,"F",10.1,5,10,15,1,0,NA,NA,NA,18,12,19,23,8,8,8
198,"F",10.1,5,10,16,1,0,NA,NA,NA,18,12,19,23,8,8,8
198,"F",10.1,5,10,17,1,0,NA,NA,NA,18,12,19,23,8,8,8
198,"F",10.1,5,10,19,1,0,NA,NA,NA,18,12,19,23,8,8,8
198,"F",10.1,5,10,20,1,0,NA,NA,NA,18,12,19,23,8,8,8
198,"F",10.1,5,10,21,1,0,NA,NA,NA,18,12,19,23,8,8,8
198,"F",10.1,5,10,22,1,1,NA,NA,NA,18,12,19,23,8,8,8
198,"F",10.1,5,10,23,1,0,NA,NA,NA,18,12,19,23,8,8,8
198,"F",10.1,5,10,24,1,0,NA,NA,NA,18,12,19,23,8,8,8
198,"F",10.1,5,10,30,1,0,NA,NA,NA,18,12,19,23,8,8,8
198,"F",10.1,5,10,34,1,0,NA,NA,NA,18,12,19,23,8,8,8
198,"F",10.1,5,10,37,1,0,NA,NA,NA,18,12,19,23,8,8,8
198,"F",10.1,5,10,39,1,0,NA,NA,NA,18,12,19,23,8,8,8
198,"F",10.1,5,10,41,1,1,NA,NA,NA,18,12,19,23,8,8,8
198,"F",10.1,5,10,42,1,0,NA,NA,NA,18,12,19,23,8,8,8
198,"F",10.1,5,10,43,1,0,NA,NA,NA,18,12,19,23,8,8,8
198,"F",10.1,5,10,45,1,1,NA,NA,NA,18,12,19,23,8,8,8
198,"F",10.1,5,10,50,1,0,NA,NA,NA,18,12,19,23,8,8,8
198,"F",10.1,5,10,51,1,1,NA,NA,NA,18,12,19,23,8,8,8
198,"F",10.1,5,10,53,1,0,NA,NA,NA,18,12,19,23,8,8,8
198,"F",10.1,5,10,56,1,1,NA,NA,NA,18,12,19,23,8,8,8
198,"F",10.1,5,10,57,1,0,NA,NA,NA,18,12,19,23,8,8,8
198,"F",10.1,5,10,59,1,0,NA,NA,NA,18,12,19,23,8,8,8
198,"F",10.1,5,10,3,2,0,0,0,1,18,12,19,23,8,8,8
198,"F",10.1,5,10,6,2,0,0,0,1,18,12,19,23,8,8,8
198,"F",10.1,5,10,7,2,0,1,0,0,18,12,19,23,8,8,8
198,"F",10.1,5,10,8,2,0,0,1,0,18,12,19,23,8,8,8
198,"F",10.1,5,10,10,2,1,0,1,0,18,12,19,23,8,8,8
198,"F",10.1,5,10,11,2,0,0,0,1,18,12,19,23,8,8,8
198,"F",10.1,5,10,14,2,0,0,1,0,18,12,19,23,8,8,8
198,"F",10.1,5,10,18,2,0,0,1,0,18,12,19,23,8,8,8
198,"F",10.1,5,10,25,2,0,0,0,1,18,12,19,23,8,8,8
198,"F",10.1,5,10,26,2,1,0,1,0,18,12,19,23,8,8,8
198,"F",10.1,5,10,27,2,0,0,0,1,18,12,19,23,8,8,8
198,"F",10.1,5,10,28,2,0,1,0,0,18,12,19,23,8,8,8
198,"F",10.1,5,10,29,2,0,0,0,1,18,12,19,23,8,8,8
198,"F",10.1,5,10,31,2,0,0,0,1,18,12,19,23,8,8,8
198,"F",10.1,5,10,32,2,0,0,0,1,18,12,19,23,8,8,8
198,"F",10.1,5,10,33,2,0,0,1,0,18,12,19,23,8,8,8
198,"F",10.1,5,10,35,2,0,0,0,1,18,12,19,23,8,8,8
198,"F",10.1,5,10,36,2,0,1,0,0,18,12,19,23,8,8,8
198,"F",10.1,5,10,38,2,1,0,0,1,18,12,19,23,8,8,8
198,"F",10.1,5,10,40,2,1,0,1,0,18,12,19,23,8,8,8
198,"F",10.1,5,10,44,2,0,0,0,1,18,12,19,23,8,8,8
198,"F",10.1,5,10,46,2,0,1,0,0,18,12,19,23,8,8,8
198,"F",10.1,5,10,47,2,1,0,0,1,18,12,19,23,8,8,8
198,"F",10.1,5,10,48,2,1,0,1,0,18,12,19,23,8,8,8
198,"F",10.1,5,10,49,2,0,0,0,1,18,12,19,23,8,8,8
198,"F",10.1,5,10,52,2,1,0,1,0,18,12,19,23,8,8,8
198,"F",10.1,5,10,54,2,0,0,0,1,18,12,19,23,8,8,8
198,"F",10.1,5,10,55,2,0,1,0,0,18,12,19,23,8,8,8
198,"F",10.1,5,10,58,2,0,0,0,1,18,12,19,23,8,8,8
198,"F",10.1,5,10,60,2,0,1,0,0,18,12,19,23,8,8,8
199,"F",10.7,5,10,4,1,0,NA,NA,NA,39,14,27,14,9,9,15
199,"F",10.7,5,10,6,1,0,NA,NA,NA,39,14,27,14,9,9,15
199,"F",10.7,5,10,7,1,1,NA,NA,NA,39,14,27,14,9,9,15
199,"F",10.7,5,10,8,1,0,NA,NA,NA,39,14,27,14,9,9,15
199,"F",10.7,5,10,10,1,1,NA,NA,NA,39,14,27,14,9,9,15
199,"F",10.7,5,10,13,1,1,NA,NA,NA,39,14,27,14,9,9,15
199,"F",10.7,5,10,18,1,1,NA,NA,NA,39,14,27,14,9,9,15
199,"F",10.7,5,10,19,1,1,NA,NA,NA,39,14,27,14,9,9,15
199,"F",10.7,5,10,22,1,0,NA,NA,NA,39,14,27,14,9,9,15
199,"F",10.7,5,10,25,1,1,NA,NA,NA,39,14,27,14,9,9,15
199,"F",10.7,5,10,26,1,0,NA,NA,NA,39,14,27,14,9,9,15
199,"F",10.7,5,10,28,1,1,NA,NA,NA,39,14,27,14,9,9,15
199,"F",10.7,5,10,29,1,0,NA,NA,NA,39,14,27,14,9,9,15
199,"F",10.7,5,10,30,1,1,NA,NA,NA,39,14,27,14,9,9,15
199,"F",10.7,5,10,33,1,1,NA,NA,NA,39,14,27,14,9,9,15
199,"F",10.7,5,10,34,1,0,NA,NA,NA,39,14,27,14,9,9,15
199,"F",10.7,5,10,35,1,0,NA,NA,NA,39,14,27,14,9,9,15
199,"F",10.7,5,10,36,1,0,NA,NA,NA,39,14,27,14,9,9,15
199,"F",10.7,5,10,38,1,0,NA,NA,NA,39,14,27,14,9,9,15
199,"F",10.7,5,10,41,1,0,NA,NA,NA,39,14,27,14,9,9,15
199,"F",10.7,5,10,43,1,1,NA,NA,NA,39,14,27,14,9,9,15
199,"F",10.7,5,10,44,1,0,NA,NA,NA,39,14,27,14,9,9,15
199,"F",10.7,5,10,45,1,1,NA,NA,NA,39,14,27,14,9,9,15
199,"F",10.7,5,10,47,1,1,NA,NA,NA,39,14,27,14,9,9,15
199,"F",10.7,5,10,48,1,0,NA,NA,NA,39,14,27,14,9,9,15
199,"F",10.7,5,10,50,1,1,NA,NA,NA,39,14,27,14,9,9,15
199,"F",10.7,5,10,51,1,0,NA,NA,NA,39,14,27,14,9,9,15
199,"F",10.7,5,10,53,1,1,NA,NA,NA,39,14,27,14,9,9,15
199,"F",10.7,5,10,57,1,1,NA,NA,NA,39,14,27,14,9,9,15
199,"F",10.7,5,10,58,1,0,NA,NA,NA,39,14,27,14,9,9,15
199,"F",10.7,5,10,1,2,0,1,0,0,39,14,27,14,9,9,15
199,"F",10.7,5,10,2,2,1,0,1,0,39,14,27,14,9,9,15
199,"F",10.7,5,10,3,2,0,1,0,0,39,14,27,14,9,9,15
199,"F",10.7,5,10,5,2,0,1,0,0,39,14,27,14,9,9,15
199,"F",10.7,5,10,9,2,0,0,1,0,39,14,27,14,9,9,15
199,"F",10.7,5,10,11,2,0,1,0,0,39,14,27,14,9,9,15
199,"F",10.7,5,10,12,2,0,0,0,1,39,14,27,14,9,9,15
199,"F",10.7,5,10,14,2,1,0,1,0,39,14,27,14,9,9,15
199,"F",10.7,5,10,15,2,0,1,0,0,39,14,27,14,9,9,15
199,"F",10.7,5,10,16,2,1,0,1,0,39,14,27,14,9,9,15
199,"F",10.7,5,10,17,2,0,1,0,0,39,14,27,14,9,9,15
199,"F",10.7,5,10,20,2,0,1,0,0,39,14,27,14,9,9,15
199,"F",10.7,5,10,21,2,0,0,0,1,39,14,27,14,9,9,15
199,"F",10.7,5,10,23,2,1,0,1,0,39,14,27,14,9,9,15
199,"F",10.7,5,10,24,2,1,0,0,1,39,14,27,14,9,9,15
199,"F",10.7,5,10,27,2,0,1,0,0,39,14,27,14,9,9,15
199,"F",10.7,5,10,31,2,0,1,0,0,39,14,27,14,9,9,15
199,"F",10.7,5,10,32,2,0,1,0,0,39,14,27,14,9,9,15
199,"F",10.7,5,10,37,2,1,0,0,1,39,14,27,14,9,9,15
199,"F",10.7,5,10,39,2,1,0,1,0,39,14,27,14,9,9,15
199,"F",10.7,5,10,40,2,0,0,1,0,39,14,27,14,9,9,15
199,"F",10.7,5,10,42,2,1,0,1,0,39,14,27,14,9,9,15
199,"F",10.7,5,10,46,2,1,0,1,0,39,14,27,14,9,9,15
199,"F",10.7,5,10,49,2,1,0,1,0,39,14,27,14,9,9,15
199,"F",10.7,5,10,52,2,0,1,0,0,39,14,27,14,9,9,15
199,"F",10.7,5,10,54,2,0,1,0,0,39,14,27,14,9,9,15
199,"F",10.7,5,10,55,2,0,1,0,0,39,14,27,14,9,9,15
199,"F",10.7,5,10,56,2,1,0,1,0,39,14,27,14,9,9,15
199,"F",10.7,5,10,59,2,1,0,1,0,39,14,27,14,9,9,15
199,"F",10.7,5,10,60,2,0,0,1,0,39,14,27,14,9,9,15
200,"M",10.7,5,10,1,1,1,NA,NA,NA,36,16,35,34,10,10,15
200,"M",10.7,5,10,6,1,0,NA,NA,NA,36,16,35,34,10,10,15
200,"M",10.7,5,10,7,1,0,NA,NA,NA,36,16,35,34,10,10,15
200,"M",10.7,5,10,10,1,1,NA,NA,NA,36,16,35,34,10,10,15
200,"M",10.7,5,10,12,1,0,NA,NA,NA,36,16,35,34,10,10,15
200,"M",10.7,5,10,14,1,1,NA,NA,NA,36,16,35,34,10,10,15
200,"M",10.7,5,10,18,1,0,NA,NA,NA,36,16,35,34,10,10,15
200,"M",10.7,5,10,20,1,1,NA,NA,NA,36,16,35,34,10,10,15
200,"M",10.7,5,10,22,1,0,NA,NA,NA,36,16,35,34,10,10,15
200,"M",10.7,5,10,23,1,0,NA,NA,NA,36,16,35,34,10,10,15
200,"M",10.7,5,10,24,1,0,NA,NA,NA,36,16,35,34,10,10,15
200,"M",10.7,5,10,26,1,1,NA,NA,NA,36,16,35,34,10,10,15
200,"M",10.7,5,10,27,1,1,NA,NA,NA,36,16,35,34,10,10,15
200,"M",10.7,5,10,28,1,0,NA,NA,NA,36,16,35,34,10,10,15
200,"M",10.7,5,10,31,1,1,NA,NA,NA,36,16,35,34,10,10,15
200,"M",10.7,5,10,32,1,0,NA,NA,NA,36,16,35,34,10,10,15
200,"M",10.7,5,10,34,1,0,NA,NA,NA,36,16,35,34,10,10,15
200,"M",10.7,5,10,35,1,1,NA,NA,NA,36,16,35,34,10,10,15
200,"M",10.7,5,10,36,1,1,NA,NA,NA,36,16,35,34,10,10,15
200,"M",10.7,5,10,37,1,1,NA,NA,NA,36,16,35,34,10,10,15
200,"M",10.7,5,10,39,1,0,NA,NA,NA,36,16,35,34,10,10,15
200,"M",10.7,5,10,40,1,1,NA,NA,NA,36,16,35,34,10,10,15
200,"M",10.7,5,10,41,1,0,NA,NA,NA,36,16,35,34,10,10,15
200,"M",10.7,5,10,44,1,1,NA,NA,NA,36,16,35,34,10,10,15
200,"M",10.7,5,10,45,1,0,NA,NA,NA,36,16,35,34,10,10,15
200,"M",10.7,5,10,46,1,1,NA,NA,NA,36,16,35,34,10,10,15
200,"M",10.7,5,10,52,1,0,NA,NA,NA,36,16,35,34,10,10,15
200,"M",10.7,5,10,55,1,1,NA,NA,NA,36,16,35,34,10,10,15
200,"M",10.7,5,10,58,1,1,NA,NA,NA,36,16,35,34,10,10,15
200,"M",10.7,5,10,59,1,0,NA,NA,NA,36,16,35,34,10,10,15
200,"M",10.7,5,10,2,2,0,1,0,0,36,16,35,34,10,10,15
200,"M",10.7,5,10,3,2,0,0,1,0,36,16,35,34,10,10,15
200,"M",10.7,5,10,4,2,0,1,0,0,36,16,35,34,10,10,15
200,"M",10.7,5,10,5,2,0,1,0,0,36,16,35,34,10,10,15
200,"M",10.7,5,10,8,2,0,1,0,0,36,16,35,34,10,10,15
200,"M",10.7,5,10,9,2,0,1,0,0,36,16,35,34,10,10,15
200,"M",10.7,5,10,11,2,1,0,0,1,36,16,35,34,10,10,15
200,"M",10.7,5,10,13,2,0,1,0,0,36,16,35,34,10,10,15
200,"M",10.7,5,10,15,2,0,1,0,0,36,16,35,34,10,10,15
200,"M",10.7,5,10,16,2,0,1,0,0,36,16,35,34,10,10,15
200,"M",10.7,5,10,17,2,0,1,0,0,36,16,35,34,10,10,15
200,"M",10.7,5,10,19,2,0,1,0,0,36,16,35,34,10,10,15
200,"M",10.7,5,10,21,2,0,1,0,0,36,16,35,34,10,10,15
200,"M",10.7,5,10,25,2,0,1,0,0,36,16,35,34,10,10,15
200,"M",10.7,5,10,29,2,0,1,0,0,36,16,35,34,10,10,15
200,"M",10.7,5,10,30,2,0,0,1,0,36,16,35,34,10,10,15
200,"M",10.7,5,10,33,2,0,1,0,0,36,16,35,34,10,10,15
200,"M",10.7,5,10,38,2,0,1,0,0,36,16,35,34,10,10,15
200,"M",10.7,5,10,42,2,0,1,0,0,36,16,35,34,10,10,15
200,"M",10.7,5,10,43,2,0,1,0,0,36,16,35,34,10,10,15
200,"M",10.7,5,10,47,2,0,1,0,0,36,16,35,34,10,10,15
200,"M",10.7,5,10,48,2,0,1,0,0,36,16,35,34,10,10,15
200,"M",10.7,5,10,49,2,0,1,0,0,36,16,35,34,10,10,15
200,"M",10.7,5,10,50,2,0,1,0,0,36,16,35,34,10,10,15
200,"M",10.7,5,10,51,2,0,1,0,0,36,16,35,34,10,10,15
200,"M",10.7,5,10,53,2,0,1,0,0,36,16,35,34,10,10,15
200,"M",10.7,5,10,54,2,0,1,0,0,36,16,35,34,10,10,15
200,"M",10.7,5,10,56,2,0,1,0,0,36,16,35,34,10,10,15
200,"M",10.7,5,10,57,2,0,1,0,0,36,16,35,34,10,10,15
200,"M",10.7,5,10,60,2,1,0,0,1,36,16,35,34,10,10,15
201,"M",10.9,5,11,2,1,1,NA,NA,NA,33,9,23,20,5,7,21
201,"M",10.9,5,11,4,1,0,NA,NA,NA,33,9,23,20,5,7,21
201,"M",10.9,5,11,7,1,1,NA,NA,NA,33,9,23,20,5,7,21
201,"M",10.9,5,11,9,1,1,NA,NA,NA,33,9,23,20,5,7,21
201,"M",10.9,5,11,11,1,1,NA,NA,NA,33,9,23,20,5,7,21
201,"M",10.9,5,11,13,1,0,NA,NA,NA,33,9,23,20,5,7,21
201,"M",10.9,5,11,15,1,0,NA,NA,NA,33,9,23,20,5,7,21
201,"M",10.9,5,11,16,1,1,NA,NA,NA,33,9,23,20,5,7,21
201,"M",10.9,5,11,17,1,1,NA,NA,NA,33,9,23,20,5,7,21
201,"M",10.9,5,11,18,1,1,NA,NA,NA,33,9,23,20,5,7,21
201,"M",10.9,5,11,20,1,1,NA,NA,NA,33,9,23,20,5,7,21
201,"M",10.9,5,11,24,1,1,NA,NA,NA,33,9,23,20,5,7,21
201,"M",10.9,5,11,28,1,0,NA,NA,NA,33,9,23,20,5,7,21
201,"M",10.9,5,11,29,1,1,NA,NA,NA,33,9,23,20,5,7,21
201,"M",10.9,5,11,32,1,0,NA,NA,NA,33,9,23,20,5,7,21
201,"M",10.9,5,11,35,1,0,NA,NA,NA,33,9,23,20,5,7,21
201,"M",10.9,5,11,37,1,1,NA,NA,NA,33,9,23,20,5,7,21
201,"M",10.9,5,11,39,1,1,NA,NA,NA,33,9,23,20,5,7,21
201,"M",10.9,5,11,40,1,1,NA,NA,NA,33,9,23,20,5,7,21
201,"M",10.9,5,11,44,1,1,NA,NA,NA,33,9,23,20,5,7,21
201,"M",10.9,5,11,45,1,1,NA,NA,NA,33,9,23,20,5,7,21
201,"M",10.9,5,11,46,1,0,NA,NA,NA,33,9,23,20,5,7,21
201,"M",10.9,5,11,48,1,0,NA,NA,NA,33,9,23,20,5,7,21
201,"M",10.9,5,11,49,1,1,NA,NA,NA,33,9,23,20,5,7,21
201,"M",10.9,5,11,52,1,1,NA,NA,NA,33,9,23,20,5,7,21
201,"M",10.9,5,11,53,1,1,NA,NA,NA,33,9,23,20,5,7,21
201,"M",10.9,5,11,54,1,1,NA,NA,NA,33,9,23,20,5,7,21
201,"M",10.9,5,11,55,1,0,NA,NA,NA,33,9,23,20,5,7,21
201,"M",10.9,5,11,57,1,1,NA,NA,NA,33,9,23,20,5,7,21
201,"M",10.9,5,11,60,1,1,NA,NA,NA,33,9,23,20,5,7,21
201,"M",10.9,5,11,1,2,0,1,0,0,33,9,23,20,5,7,21
201,"M",10.9,5,11,3,2,0,0,0,1,33,9,23,20,5,7,21
201,"M",10.9,5,11,5,2,0,1,0,0,33,9,23,20,5,7,21
201,"M",10.9,5,11,6,2,0,1,0,0,33,9,23,20,5,7,21
201,"M",10.9,5,11,8,2,0,0,1,0,33,9,23,20,5,7,21
201,"M",10.9,5,11,10,2,0,1,0,0,33,9,23,20,5,7,21
201,"M",10.9,5,11,12,2,0,1,0,0,33,9,23,20,5,7,21
201,"M",10.9,5,11,14,2,1,0,0,1,33,9,23,20,5,7,21
201,"M",10.9,5,11,19,2,0,0,1,0,33,9,23,20,5,7,21
201,"M",10.9,5,11,21,2,0,0,1,0,33,9,23,20,5,7,21
201,"M",10.9,5,11,22,2,1,0,0,1,33,9,23,20,5,7,21
201,"M",10.9,5,11,23,2,1,0,1,0,33,9,23,20,5,7,21
201,"M",10.9,5,11,25,2,1,0,1,0,33,9,23,20,5,7,21
201,"M",10.9,5,11,26,2,1,0,0,1,33,9,23,20,5,7,21
201,"M",10.9,5,11,27,2,0,1,0,0,33,9,23,20,5,7,21
201,"M",10.9,5,11,30,2,0,1,0,0,33,9,23,20,5,7,21
201,"M",10.9,5,11,31,2,1,0,0,1,33,9,23,20,5,7,21
201,"M",10.9,5,11,33,2,0,1,0,0,33,9,23,20,5,7,21
201,"M",10.9,5,11,34,2,0,0,1,0,33,9,23,20,5,7,21
201,"M",10.9,5,11,36,2,0,1,0,0,33,9,23,20,5,7,21
201,"M",10.9,5,11,38,2,0,1,0,0,33,9,23,20,5,7,21
201,"M",10.9,5,11,41,2,1,0,1,0,33,9,23,20,5,7,21
201,"M",10.9,5,11,42,2,0,1,0,0,33,9,23,20,5,7,21
201,"M",10.9,5,11,43,2,1,0,1,0,33,9,23,20,5,7,21
201,"M",10.9,5,11,47,2,1,0,0,1,33,9,23,20,5,7,21
201,"M",10.9,5,11,50,2,1,0,1,0,33,9,23,20,5,7,21
201,"M",10.9,5,11,51,2,1,0,1,0,33,9,23,20,5,7,21
201,"M",10.9,5,11,56,2,1,0,1,0,33,9,23,20,5,7,21
201,"M",10.9,5,11,58,2,0,1,0,0,33,9,23,20,5,7,21
201,"M",10.9,5,11,59,2,0,1,0,0,33,9,23,20,5,7,21
202,"M",10.5,5,11,1,1,1,NA,NA,NA,20,18,29,23,10,9,17
202,"M",10.5,5,11,2,1,0,NA,NA,NA,20,18,29,23,10,9,17
202,"M",10.5,5,11,10,1,0,NA,NA,NA,20,18,29,23,10,9,17
202,"M",10.5,5,11,11,1,1,NA,NA,NA,20,18,29,23,10,9,17
202,"M",10.5,5,11,13,1,0,NA,NA,NA,20,18,29,23,10,9,17
202,"M",10.5,5,11,14,1,0,NA,NA,NA,20,18,29,23,10,9,17
202,"M",10.5,5,11,16,1,1,NA,NA,NA,20,18,29,23,10,9,17
202,"M",10.5,5,11,18,1,1,NA,NA,NA,20,18,29,23,10,9,17
202,"M",10.5,5,11,21,1,1,NA,NA,NA,20,18,29,23,10,9,17
202,"M",10.5,5,11,24,1,0,NA,NA,NA,20,18,29,23,10,9,17
202,"M",10.5,5,11,26,1,0,NA,NA,NA,20,18,29,23,10,9,17
202,"M",10.5,5,11,29,1,0,NA,NA,NA,20,18,29,23,10,9,17
202,"M",10.5,5,11,34,1,1,NA,NA,NA,20,18,29,23,10,9,17
202,"M",10.5,5,11,36,1,1,NA,NA,NA,20,18,29,23,10,9,17
202,"M",10.5,5,11,37,1,1,NA,NA,NA,20,18,29,23,10,9,17
202,"M",10.5,5,11,38,1,0,NA,NA,NA,20,18,29,23,10,9,17
202,"M",10.5,5,11,41,1,0,NA,NA,NA,20,18,29,23,10,9,17
202,"M",10.5,5,11,43,1,1,NA,NA,NA,20,18,29,23,10,9,17
202,"M",10.5,5,11,44,1,1,NA,NA,NA,20,18,29,23,10,9,17
202,"M",10.5,5,11,46,1,1,NA,NA,NA,20,18,29,23,10,9,17
202,"M",10.5,5,11,48,1,0,NA,NA,NA,20,18,29,23,10,9,17
202,"M",10.5,5,11,49,1,1,NA,NA,NA,20,18,29,23,10,9,17
202,"M",10.5,5,11,50,1,1,NA,NA,NA,20,18,29,23,10,9,17
202,"M",10.5,5,11,51,1,0,NA,NA,NA,20,18,29,23,10,9,17
202,"M",10.5,5,11,52,1,1,NA,NA,NA,20,18,29,23,10,9,17
202,"M",10.5,5,11,53,1,1,NA,NA,NA,20,18,29,23,10,9,17
202,"M",10.5,5,11,55,1,1,NA,NA,NA,20,18,29,23,10,9,17
202,"M",10.5,5,11,56,1,1,NA,NA,NA,20,18,29,23,10,9,17
202,"M",10.5,5,11,57,1,0,NA,NA,NA,20,18,29,23,10,9,17
202,"M",10.5,5,11,58,1,0,NA,NA,NA,20,18,29,23,10,9,17
202,"M",10.5,5,11,3,2,1,0,0,1,20,18,29,23,10,9,17
202,"M",10.5,5,11,4,2,0,0,1,0,20,18,29,23,10,9,17
202,"M",10.5,5,11,5,2,1,0,0,1,20,18,29,23,10,9,17
202,"M",10.5,5,11,6,2,0,0,0,1,20,18,29,23,10,9,17
202,"M",10.5,5,11,7,2,1,0,0,1,20,18,29,23,10,9,17
202,"M",10.5,5,11,8,2,0,0,0,1,20,18,29,23,10,9,17
202,"M",10.5,5,11,9,2,1,0,0,1,20,18,29,23,10,9,17
202,"M",10.5,5,11,12,2,0,1,0,0,20,18,29,23,10,9,17
202,"M",10.5,5,11,15,2,1,0,0,1,20,18,29,23,10,9,17
202,"M",10.5,5,11,17,2,0,1,0,0,20,18,29,23,10,9,17
202,"M",10.5,5,11,19,2,1,0,0,1,20,18,29,23,10,9,17
202,"M",10.5,5,11,20,2,1,0,0,1,20,18,29,23,10,9,17
202,"M",10.5,5,11,22,2,1,0,0,1,20,18,29,23,10,9,17
202,"M",10.5,5,11,23,2,0,0,0,1,20,18,29,23,10,9,17
202,"M",10.5,5,11,25,2,0,1,0,0,20,18,29,23,10,9,17
202,"M",10.5,5,11,27,2,1,0,0,1,20,18,29,23,10,9,17
202,"M",10.5,5,11,28,2,1,0,0,1,20,18,29,23,10,9,17
202,"M",10.5,5,11,30,2,1,0,0,1,20,18,29,23,10,9,17
202,"M",10.5,5,11,31,2,0,1,0,0,20,18,29,23,10,9,17
202,"M",10.5,5,11,32,2,1,0,0,1,20,18,29,23,10,9,17
202,"M",10.5,5,11,33,2,1,0,0,1,20,18,29,23,10,9,17
202,"M",10.5,5,11,35,2,0,1,0,0,20,18,29,23,10,9,17
202,"M",10.5,5,11,39,2,1,0,0,1,20,18,29,23,10,9,17
202,"M",10.5,5,11,40,2,1,0,0,1,20,18,29,23,10,9,17
202,"M",10.5,5,11,42,2,1,0,0,1,20,18,29,23,10,9,17
202,"M",10.5,5,11,45,2,1,0,0,1,20,18,29,23,10,9,17
202,"M",10.5,5,11,47,2,1,0,0,1,20,18,29,23,10,9,17
202,"M",10.5,5,11,54,2,1,0,0,1,20,18,29,23,10,9,17
202,"M",10.5,5,11,59,2,1,0,0,1,20,18,29,23,10,9,17
202,"M",10.5,5,11,60,2,1,0,1,0,20,18,29,23,10,9,17
203,"F",10.9,5,11,1,1,0,NA,NA,NA,24,17,26,16,8,7,18
203,"F",10.9,5,11,3,1,1,NA,NA,NA,24,17,26,16,8,7,18
203,"F",10.9,5,11,4,1,0,NA,NA,NA,24,17,26,16,8,7,18
203,"F",10.9,5,11,7,1,1,NA,NA,NA,24,17,26,16,8,7,18
203,"F",10.9,5,11,8,1,0,NA,NA,NA,24,17,26,16,8,7,18
203,"F",10.9,5,11,9,1,0,NA,NA,NA,24,17,26,16,8,7,18
203,"F",10.9,5,11,10,1,0,NA,NA,NA,24,17,26,16,8,7,18
203,"F",10.9,5,11,11,1,1,NA,NA,NA,24,17,26,16,8,7,18
203,"F",10.9,5,11,13,1,0,NA,NA,NA,24,17,26,16,8,7,18
203,"F",10.9,5,11,14,1,0,NA,NA,NA,24,17,26,16,8,7,18
203,"F",10.9,5,11,15,1,0,NA,NA,NA,24,17,26,16,8,7,18
203,"F",10.9,5,11,21,1,0,NA,NA,NA,24,17,26,16,8,7,18
203,"F",10.9,5,11,22,1,0,NA,NA,NA,24,17,26,16,8,7,18
203,"F",10.9,5,11,24,1,1,NA,NA,NA,24,17,26,16,8,7,18
203,"F",10.9,5,11,26,1,1,NA,NA,NA,24,17,26,16,8,7,18
203,"F",10.9,5,11,29,1,0,NA,NA,NA,24,17,26,16,8,7,18
203,"F",10.9,5,11,31,1,1,NA,NA,NA,24,17,26,16,8,7,18
203,"F",10.9,5,11,37,1,1,NA,NA,NA,24,17,26,16,8,7,18
203,"F",10.9,5,11,38,1,1,NA,NA,NA,24,17,26,16,8,7,18
203,"F",10.9,5,11,41,1,1,NA,NA,NA,24,17,26,16,8,7,18
203,"F",10.9,5,11,46,1,1,NA,NA,NA,24,17,26,16,8,7,18
203,"F",10.9,5,11,47,1,1,NA,NA,NA,24,17,26,16,8,7,18
203,"F",10.9,5,11,48,1,1,NA,NA,NA,24,17,26,16,8,7,18
203,"F",10.9,5,11,49,1,1,NA,NA,NA,24,17,26,16,8,7,18
203,"F",10.9,5,11,52,1,1,NA,NA,NA,24,17,26,16,8,7,18
203,"F",10.9,5,11,53,1,1,NA,NA,NA,24,17,26,16,8,7,18
203,"F",10.9,5,11,55,1,0,NA,NA,NA,24,17,26,16,8,7,18
203,"F",10.9,5,11,56,1,1,NA,NA,NA,24,17,26,16,8,7,18
203,"F",10.9,5,11,57,1,1,NA,NA,NA,24,17,26,16,8,7,18
203,"F",10.9,5,11,59,1,1,NA,NA,NA,24,17,26,16,8,7,18
203,"F",10.9,5,11,2,2,0,1,0,0,24,17,26,16,8,7,18
203,"F",10.9,5,11,5,2,0,0,1,0,24,17,26,16,8,7,18
203,"F",10.9,5,11,6,2,0,0,0,1,24,17,26,16,8,7,18
203,"F",10.9,5,11,12,2,1,0,1,0,24,17,26,16,8,7,18
203,"F",10.9,5,11,16,2,1,0,0,1,24,17,26,16,8,7,18
203,"F",10.9,5,11,17,2,0,0,0,1,24,17,26,16,8,7,18
203,"F",10.9,5,11,18,2,0,1,0,0,24,17,26,16,8,7,18
203,"F",10.9,5,11,19,2,0,1,0,0,24,17,26,16,8,7,18
203,"F",10.9,5,11,20,2,0,1,0,0,24,17,26,16,8,7,18
203,"F",10.9,5,11,23,2,0,1,0,0,24,17,26,16,8,7,18
203,"F",10.9,5,11,25,2,0,1,0,0,24,17,26,16,8,7,18
203,"F",10.9,5,11,27,2,1,0,0,1,24,17,26,16,8,7,18
203,"F",10.9,5,11,28,2,1,0,0,1,24,17,26,16,8,7,18
203,"F",10.9,5,11,30,2,1,0,0,1,24,17,26,16,8,7,18
203,"F",10.9,5,11,32,2,0,0,0,1,24,17,26,16,8,7,18
203,"F",10.9,5,11,33,2,0,0,0,1,24,17,26,16,8,7,18
203,"F",10.9,5,11,34,2,0,0,0,1,24,17,26,16,8,7,18
203,"F",10.9,5,11,35,2,0,0,0,1,24,17,26,16,8,7,18
203,"F",10.9,5,11,36,2,1,0,0,1,24,17,26,16,8,7,18
203,"F",10.9,5,11,39,2,0,0,0,1,24,17,26,16,8,7,18
203,"F",10.9,5,11,40,2,0,0,0,1,24,17,26,16,8,7,18
203,"F",10.9,5,11,42,2,0,0,1,0,24,17,26,16,8,7,18
203,"F",10.9,5,11,43,2,1,0,0,1,24,17,26,16,8,7,18
203,"F",10.9,5,11,44,2,1,0,0,1,24,17,26,16,8,7,18
203,"F",10.9,5,11,45,2,0,0,0,1,24,17,26,16,8,7,18
203,"F",10.9,5,11,50,2,1,0,1,0,24,17,26,16,8,7,18
203,"F",10.9,5,11,51,2,1,0,0,1,24,17,26,16,8,7,18
203,"F",10.9,5,11,54,2,1,0,0,1,24,17,26,16,8,7,18
203,"F",10.9,5,11,58,2,0,1,0,0,24,17,26,16,8,7,18
203,"F",10.9,5,11,60,2,0,0,0,1,24,17,26,16,8,7,18
204,"F",10.4,5,11,1,1,1,NA,NA,NA,29,8,24,21,5,7,14
204,"F",10.4,5,11,3,1,1,NA,NA,NA,29,8,24,21,5,7,14
204,"F",10.4,5,11,5,1,1,NA,NA,NA,29,8,24,21,5,7,14
204,"F",10.4,5,11,8,1,0,NA,NA,NA,29,8,24,21,5,7,14
204,"F",10.4,5,11,9,1,1,NA,NA,NA,29,8,24,21,5,7,14
204,"F",10.4,5,11,12,1,0,NA,NA,NA,29,8,24,21,5,7,14
204,"F",10.4,5,11,13,1,0,NA,NA,NA,29,8,24,21,5,7,14
204,"F",10.4,5,11,14,1,1,NA,NA,NA,29,8,24,21,5,7,14
204,"F",10.4,5,11,15,1,0,NA,NA,NA,29,8,24,21,5,7,14
204,"F",10.4,5,11,16,1,0,NA,NA,NA,29,8,24,21,5,7,14
204,"F",10.4,5,11,17,1,1,NA,NA,NA,29,8,24,21,5,7,14
204,"F",10.4,5,11,19,1,1,NA,NA,NA,29,8,24,21,5,7,14
204,"F",10.4,5,11,21,1,0,NA,NA,NA,29,8,24,21,5,7,14
204,"F",10.4,5,11,22,1,0,NA,NA,NA,29,8,24,21,5,7,14
204,"F",10.4,5,11,23,1,0,NA,NA,NA,29,8,24,21,5,7,14
204,"F",10.4,5,11,24,1,1,NA,NA,NA,29,8,24,21,5,7,14
204,"F",10.4,5,11,25,1,0,NA,NA,NA,29,8,24,21,5,7,14
204,"F",10.4,5,11,29,1,0,NA,NA,NA,29,8,24,21,5,7,14
204,"F",10.4,5,11,38,1,1,NA,NA,NA,29,8,24,21,5,7,14
204,"F",10.4,5,11,39,1,1,NA,NA,NA,29,8,24,21,5,7,14
204,"F",10.4,5,11,42,1,0,NA,NA,NA,29,8,24,21,5,7,14
204,"F",10.4,5,11,43,1,1,NA,NA,NA,29,8,24,21,5,7,14
204,"F",10.4,5,11,46,1,1,NA,NA,NA,29,8,24,21,5,7,14
204,"F",10.4,5,11,49,1,0,NA,NA,NA,29,8,24,21,5,7,14
204,"F",10.4,5,11,51,1,1,NA,NA,NA,29,8,24,21,5,7,14
204,"F",10.4,5,11,52,1,0,NA,NA,NA,29,8,24,21,5,7,14
204,"F",10.4,5,11,55,1,0,NA,NA,NA,29,8,24,21,5,7,14
204,"F",10.4,5,11,57,1,0,NA,NA,NA,29,8,24,21,5,7,14
204,"F",10.4,5,11,58,1,0,NA,NA,NA,29,8,24,21,5,7,14
204,"F",10.4,5,11,59,1,1,NA,NA,NA,29,8,24,21,5,7,14
204,"F",10.4,5,11,2,2,0,1,0,0,29,8,24,21,5,7,14
204,"F",10.4,5,11,4,2,0,0,1,0,29,8,24,21,5,7,14
204,"F",10.4,5,11,6,2,0,0,0,1,29,8,24,21,5,7,14
204,"F",10.4,5,11,7,2,1,0,1,0,29,8,24,21,5,7,14
204,"F",10.4,5,11,10,2,0,1,0,0,29,8,24,21,5,7,14
204,"F",10.4,5,11,11,2,0,0,1,0,29,8,24,21,5,7,14
204,"F",10.4,5,11,18,2,0,0,1,0,29,8,24,21,5,7,14
204,"F",10.4,5,11,20,2,0,1,0,0,29,8,24,21,5,7,14
204,"F",10.4,5,11,26,2,0,1,0,0,29,8,24,21,5,7,14
204,"F",10.4,5,11,27,2,0,1,0,0,29,8,24,21,5,7,14
204,"F",10.4,5,11,28,2,0,1,0,0,29,8,24,21,5,7,14
204,"F",10.4,5,11,30,2,1,0,0,1,29,8,24,21,5,7,14
204,"F",10.4,5,11,31,2,1,0,1,0,29,8,24,21,5,7,14
204,"F",10.4,5,11,32,2,1,0,1,0,29,8,24,21,5,7,14
204,"F",10.4,5,11,33,2,0,1,0,0,29,8,24,21,5,7,14
204,"F",10.4,5,11,34,2,0,1,0,0,29,8,24,21,5,7,14
204,"F",10.4,5,11,35,2,0,0,1,0,29,8,24,21,5,7,14
204,"F",10.4,5,11,36,2,0,0,0,1,29,8,24,21,5,7,14
204,"F",10.4,5,11,37,2,1,0,0,1,29,8,24,21,5,7,14
204,"F",10.4,5,11,40,2,0,1,0,0,29,8,24,21,5,7,14
204,"F",10.4,5,11,41,2,0,0,0,1,29,8,24,21,5,7,14
204,"F",10.4,5,11,44,2,0,1,0,0,29,8,24,21,5,7,14
204,"F",10.4,5,11,45,2,0,0,1,0,29,8,24,21,5,7,14
204,"F",10.4,5,11,47,2,0,1,0,0,29,8,24,21,5,7,14
204,"F",10.4,5,11,48,2,0,0,0,1,29,8,24,21,5,7,14
204,"F",10.4,5,11,50,2,0,1,0,0,29,8,24,21,5,7,14
204,"F",10.4,5,11,53,2,1,0,1,0,29,8,24,21,5,7,14
204,"F",10.4,5,11,54,2,0,1,0,0,29,8,24,21,5,7,14
204,"F",10.4,5,11,56,2,1,0,0,1,29,8,24,21,5,7,14
204,"F",10.4,5,11,60,2,1,0,1,0,29,8,24,21,5,7,14
205,"M",10.2,5,11,2,1,1,NA,NA,NA,35,10,13,37,5,8,13
205,"M",10.2,5,11,3,1,1,NA,NA,NA,35,10,13,37,5,8,13
205,"M",10.2,5,11,5,1,0,NA,NA,NA,35,10,13,37,5,8,13
205,"M",10.2,5,11,7,1,0,NA,NA,NA,35,10,13,37,5,8,13
205,"M",10.2,5,11,10,1,1,NA,NA,NA,35,10,13,37,5,8,13
205,"M",10.2,5,11,12,1,0,NA,NA,NA,35,10,13,37,5,8,13
205,"M",10.2,5,11,13,1,0,NA,NA,NA,35,10,13,37,5,8,13
205,"M",10.2,5,11,14,1,1,NA,NA,NA,35,10,13,37,5,8,13
205,"M",10.2,5,11,18,1,0,NA,NA,NA,35,10,13,37,5,8,13
205,"M",10.2,5,11,19,1,0,NA,NA,NA,35,10,13,37,5,8,13
205,"M",10.2,5,11,21,1,0,NA,NA,NA,35,10,13,37,5,8,13
205,"M",10.2,5,11,23,1,1,NA,NA,NA,35,10,13,37,5,8,13
205,"M",10.2,5,11,25,1,0,NA,NA,NA,35,10,13,37,5,8,13
205,"M",10.2,5,11,26,1,0,NA,NA,NA,35,10,13,37,5,8,13
205,"M",10.2,5,11,29,1,0,NA,NA,NA,35,10,13,37,5,8,13
205,"M",10.2,5,11,33,1,0,NA,NA,NA,35,10,13,37,5,8,13
205,"M",10.2,5,11,34,1,0,NA,NA,NA,35,10,13,37,5,8,13
205,"M",10.2,5,11,35,1,0,NA,NA,NA,35,10,13,37,5,8,13
205,"M",10.2,5,11,36,1,1,NA,NA,NA,35,10,13,37,5,8,13
205,"M",10.2,5,11,40,1,1,NA,NA,NA,35,10,13,37,5,8,13
205,"M",10.2,5,11,41,1,1,NA,NA,NA,35,10,13,37,5,8,13
205,"M",10.2,5,11,44,1,0,NA,NA,NA,35,10,13,37,5,8,13
205,"M",10.2,5,11,46,1,0,NA,NA,NA,35,10,13,37,5,8,13
205,"M",10.2,5,11,49,1,0,NA,NA,NA,35,10,13,37,5,8,13
205,"M",10.2,5,11,50,1,1,NA,NA,NA,35,10,13,37,5,8,13
205,"M",10.2,5,11,52,1,1,NA,NA,NA,35,10,13,37,5,8,13
205,"M",10.2,5,11,53,1,1,NA,NA,NA,35,10,13,37,5,8,13
205,"M",10.2,5,11,54,1,0,NA,NA,NA,35,10,13,37,5,8,13
205,"M",10.2,5,11,56,1,1,NA,NA,NA,35,10,13,37,5,8,13
205,"M",10.2,5,11,57,1,1,NA,NA,NA,35,10,13,37,5,8,13
205,"M",10.2,5,11,1,2,0,1,0,0,35,10,13,37,5,8,13
205,"M",10.2,5,11,4,2,0,0,1,0,35,10,13,37,5,8,13
205,"M",10.2,5,11,6,2,0,0,1,0,35,10,13,37,5,8,13
205,"M",10.2,5,11,8,2,0,0,1,0,35,10,13,37,5,8,13
205,"M",10.2,5,11,9,2,1,0,1,0,35,10,13,37,5,8,13
205,"M",10.2,5,11,11,2,0,1,0,0,35,10,13,37,5,8,13
205,"M",10.2,5,11,15,2,1,0,1,0,35,10,13,37,5,8,13
205,"M",10.2,5,11,16,2,0,0,0,1,35,10,13,37,5,8,13
205,"M",10.2,5,11,17,2,1,0,1,0,35,10,13,37,5,8,13
205,"M",10.2,5,11,20,2,0,0,1,0,35,10,13,37,5,8,13
205,"M",10.2,5,11,22,2,0,1,0,0,35,10,13,37,5,8,13
205,"M",10.2,5,11,24,2,0,0,1,0,35,10,13,37,5,8,13
205,"M",10.2,5,11,27,2,0,0,1,0,35,10,13,37,5,8,13
205,"M",10.2,5,11,28,2,0,0,1,0,35,10,13,37,5,8,13
205,"M",10.2,5,11,30,2,0,1,0,0,35,10,13,37,5,8,13
205,"M",10.2,5,11,31,2,0,0,1,0,35,10,13,37,5,8,13
205,"M",10.2,5,11,32,2,1,0,1,0,35,10,13,37,5,8,13
205,"M",10.2,5,11,37,2,1,0,1,0,35,10,13,37,5,8,13
205,"M",10.2,5,11,38,2,0,1,0,0,35,10,13,37,5,8,13
205,"M",10.2,5,11,39,2,1,0,1,0,35,10,13,37,5,8,13
205,"M",10.2,5,11,42,2,1,0,1,0,35,10,13,37,5,8,13
205,"M",10.2,5,11,43,2,1,0,1,0,35,10,13,37,5,8,13
205,"M",10.2,5,11,45,2,1,0,0,1,35,10,13,37,5,8,13
205,"M",10.2,5,11,47,2,0,1,0,0,35,10,13,37,5,8,13
205,"M",10.2,5,11,48,2,0,0,1,0,35,10,13,37,5,8,13
205,"M",10.2,5,11,51,2,0,0,1,0,35,10,13,37,5,8,13
205,"M",10.2,5,11,55,2,0,0,1,0,35,10,13,37,5,8,13
205,"M",10.2,5,11,58,2,0,1,0,0,35,10,13,37,5,8,13
205,"M",10.2,5,11,59,2,0,0,1,0,35,10,13,37,5,8,13
205,"M",10.2,5,11,60,2,0,0,1,0,35,10,13,37,5,8,13
206,"F",10.4,5,11,1,1,1,NA,NA,NA,15,15,33,32,7,9,19
206,"F",10.4,5,11,2,1,1,NA,NA,NA,15,15,33,32,7,9,19
206,"F",10.4,5,11,3,1,0,NA,NA,NA,15,15,33,32,7,9,19
206,"F",10.4,5,11,7,1,1,NA,NA,NA,15,15,33,32,7,9,19
206,"F",10.4,5,11,8,1,0,NA,NA,NA,15,15,33,32,7,9,19
206,"F",10.4,5,11,9,1,1,NA,NA,NA,15,15,33,32,7,9,19
206,"F",10.4,5,11,10,1,1,NA,NA,NA,15,15,33,32,7,9,19
206,"F",10.4,5,11,11,1,1,NA,NA,NA,15,15,33,32,7,9,19
206,"F",10.4,5,11,12,1,1,NA,NA,NA,15,15,33,32,7,9,19
206,"F",10.4,5,11,13,1,0,NA,NA,NA,15,15,33,32,7,9,19
206,"F",10.4,5,11,14,1,1,NA,NA,NA,15,15,33,32,7,9,19
206,"F",10.4,5,11,15,1,0,NA,NA,NA,15,15,33,32,7,9,19
206,"F",10.4,5,11,16,1,1,NA,NA,NA,15,15,33,32,7,9,19
206,"F",10.4,5,11,17,1,1,NA,NA,NA,15,15,33,32,7,9,19
206,"F",10.4,5,11,32,1,0,NA,NA,NA,15,15,33,32,7,9,19
206,"F",10.4,5,11,34,1,0,NA,NA,NA,15,15,33,32,7,9,19
206,"F",10.4,5,11,36,1,0,NA,NA,NA,15,15,33,32,7,9,19
206,"F",10.4,5,11,37,1,1,NA,NA,NA,15,15,33,32,7,9,19
206,"F",10.4,5,11,39,1,0,NA,NA,NA,15,15,33,32,7,9,19
206,"F",10.4,5,11,40,1,1,NA,NA,NA,15,15,33,32,7,9,19
206,"F",10.4,5,11,41,1,0,NA,NA,NA,15,15,33,32,7,9,19
206,"F",10.4,5,11,43,1,1,NA,NA,NA,15,15,33,32,7,9,19
206,"F",10.4,5,11,46,1,1,NA,NA,NA,15,15,33,32,7,9,19
206,"F",10.4,5,11,48,1,0,NA,NA,NA,15,15,33,32,7,9,19
206,"F",10.4,5,11,49,1,1,NA,NA,NA,15,15,33,32,7,9,19
206,"F",10.4,5,11,51,1,1,NA,NA,NA,15,15,33,32,7,9,19
206,"F",10.4,5,11,52,1,1,NA,NA,NA,15,15,33,32,7,9,19
206,"F",10.4,5,11,56,1,1,NA,NA,NA,15,15,33,32,7,9,19
206,"F",10.4,5,11,57,1,0,NA,NA,NA,15,15,33,32,7,9,19
206,"F",10.4,5,11,60,1,1,NA,NA,NA,15,15,33,32,7,9,19
206,"F",10.4,5,11,4,2,0,1,0,0,15,15,33,32,7,9,19
206,"F",10.4,5,11,5,2,1,0,0,1,15,15,33,32,7,9,19
206,"F",10.4,5,11,6,2,0,0,0,1,15,15,33,32,7,9,19
206,"F",10.4,5,11,18,2,0,1,0,0,15,15,33,32,7,9,19
206,"F",10.4,5,11,19,2,1,0,0,1,15,15,33,32,7,9,19
206,"F",10.4,5,11,20,2,0,1,0,0,15,15,33,32,7,9,19
206,"F",10.4,5,11,21,2,0,1,0,0,15,15,33,32,7,9,19
206,"F",10.4,5,11,22,2,0,0,0,1,15,15,33,32,7,9,19
206,"F",10.4,5,11,23,2,0,0,0,1,15,15,33,32,7,9,19
206,"F",10.4,5,11,24,2,1,0,0,1,15,15,33,32,7,9,19
206,"F",10.4,5,11,25,2,1,0,0,1,15,15,33,32,7,9,19
206,"F",10.4,5,11,26,2,0,0,0,1,15,15,33,32,7,9,19
206,"F",10.4,5,11,27,2,0,1,0,0,15,15,33,32,7,9,19
206,"F",10.4,5,11,28,2,1,0,0,1,15,15,33,32,7,9,19
206,"F",10.4,5,11,29,2,0,0,0,1,15,15,33,32,7,9,19
206,"F",10.4,5,11,30,2,0,1,0,0,15,15,33,32,7,9,19
206,"F",10.4,5,11,31,2,0,1,0,0,15,15,33,32,7,9,19
206,"F",10.4,5,11,33,2,1,0,0,1,15,15,33,32,7,9,19
206,"F",10.4,5,11,35,2,0,1,0,0,15,15,33,32,7,9,19
206,"F",10.4,5,11,38,2,1,0,0,1,15,15,33,32,7,9,19
206,"F",10.4,5,11,42,2,0,0,0,1,15,15,33,32,7,9,19
206,"F",10.4,5,11,44,2,0,0,0,1,15,15,33,32,7,9,19
206,"F",10.4,5,11,45,2,1,0,0,1,15,15,33,32,7,9,19
206,"F",10.4,5,11,47,2,1,0,0,1,15,15,33,32,7,9,19
206,"F",10.4,5,11,50,2,0,0,0,1,15,15,33,32,7,9,19
206,"F",10.4,5,11,53,2,1,0,0,1,15,15,33,32,7,9,19
206,"F",10.4,5,11,54,2,0,0,0,1,15,15,33,32,7,9,19
206,"F",10.4,5,11,55,2,0,1,0,0,15,15,33,32,7,9,19
206,"F",10.4,5,11,58,2,0,1,0,0,15,15,33,32,7,9,19
206,"F",10.4,5,11,59,2,1,0,0,1,15,15,33,32,7,9,19
207,"M",11,5,11,1,1,1,NA,NA,NA,39,24,32,19,12,8,10
207,"M",11,5,11,5,1,1,NA,NA,NA,39,24,32,19,12,8,10
207,"M",11,5,11,6,1,0,NA,NA,NA,39,24,32,19,12,8,10
207,"M",11,5,11,7,1,1,NA,NA,NA,39,24,32,19,12,8,10
207,"M",11,5,11,8,1,0,NA,NA,NA,39,24,32,19,12,8,10
207,"M",11,5,11,9,1,0,NA,NA,NA,39,24,32,19,12,8,10
207,"M",11,5,11,10,1,1,NA,NA,NA,39,24,32,19,12,8,10
207,"M",11,5,11,12,1,0,NA,NA,NA,39,24,32,19,12,8,10
207,"M",11,5,11,13,1,0,NA,NA,NA,39,24,32,19,12,8,10
207,"M",11,5,11,17,1,0,NA,NA,NA,39,24,32,19,12,8,10
207,"M",11,5,11,18,1,0,NA,NA,NA,39,24,32,19,12,8,10
207,"M",11,5,11,21,1,0,NA,NA,NA,39,24,32,19,12,8,10
207,"M",11,5,11,24,1,0,NA,NA,NA,39,24,32,19,12,8,10
207,"M",11,5,11,25,1,0,NA,NA,NA,39,24,32,19,12,8,10
207,"M",11,5,11,30,1,0,NA,NA,NA,39,24,32,19,12,8,10
207,"M",11,5,11,31,1,0,NA,NA,NA,39,24,32,19,12,8,10
207,"M",11,5,11,34,1,0,NA,NA,NA,39,24,32,19,12,8,10
207,"M",11,5,11,36,1,1,NA,NA,NA,39,24,32,19,12,8,10
207,"M",11,5,11,39,1,1,NA,NA,NA,39,24,32,19,12,8,10
207,"M",11,5,11,44,1,0,NA,NA,NA,39,24,32,19,12,8,10
207,"M",11,5,11,45,1,1,NA,NA,NA,39,24,32,19,12,8,10
207,"M",11,5,11,47,1,0,NA,NA,NA,39,24,32,19,12,8,10
207,"M",11,5,11,48,1,0,NA,NA,NA,39,24,32,19,12,8,10
207,"M",11,5,11,49,1,1,NA,NA,NA,39,24,32,19,12,8,10
207,"M",11,5,11,52,1,1,NA,NA,NA,39,24,32,19,12,8,10
207,"M",11,5,11,54,1,0,NA,NA,NA,39,24,32,19,12,8,10
207,"M",11,5,11,56,1,0,NA,NA,NA,39,24,32,19,12,8,10
207,"M",11,5,11,58,1,0,NA,NA,NA,39,24,32,19,12,8,10
207,"M",11,5,11,59,1,1,NA,NA,NA,39,24,32,19,12,8,10
207,"M",11,5,11,60,1,0,NA,NA,NA,39,24,32,19,12,8,10
207,"M",11,5,11,2,2,0,0,1,0,39,24,32,19,12,8,10
207,"M",11,5,11,3,2,0,0,0,1,39,24,32,19,12,8,10
207,"M",11,5,11,4,2,0,1,0,0,39,24,32,19,12,8,10
207,"M",11,5,11,11,2,1,0,1,0,39,24,32,19,12,8,10
207,"M",11,5,11,14,2,0,1,0,0,39,24,32,19,12,8,10
207,"M",11,5,11,15,2,0,1,0,0,39,24,32,19,12,8,10
207,"M",11,5,11,16,2,1,0,0,1,39,24,32,19,12,8,10
207,"M",11,5,11,19,2,0,0,0,1,39,24,32,19,12,8,10
207,"M",11,5,11,20,2,0,1,0,0,39,24,32,19,12,8,10
207,"M",11,5,11,22,2,0,1,0,0,39,24,32,19,12,8,10
207,"M",11,5,11,23,2,0,1,0,0,39,24,32,19,12,8,10
207,"M",11,5,11,26,2,0,1,0,0,39,24,32,19,12,8,10
207,"M",11,5,11,27,2,1,0,0,1,39,24,32,19,12,8,10
207,"M",11,5,11,28,2,0,1,0,0,39,24,32,19,12,8,10
207,"M",11,5,11,29,2,0,1,0,0,39,24,32,19,12,8,10
207,"M",11,5,11,32,2,0,1,0,0,39,24,32,19,12,8,10
207,"M",11,5,11,33,2,1,0,1,0,39,24,32,19,12,8,10
207,"M",11,5,11,35,2,0,0,0,1,39,24,32,19,12,8,10
207,"M",11,5,11,37,2,0,1,0,0,39,24,32,19,12,8,10
207,"M",11,5,11,38,2,0,0,1,0,39,24,32,19,12,8,10
207,"M",11,5,11,40,2,0,1,0,0,39,24,32,19,12,8,10
207,"M",11,5,11,41,2,0,0,1,0,39,24,32,19,12,8,10
207,"M",11,5,11,42,2,0,1,0,0,39,24,32,19,12,8,10
207,"M",11,5,11,43,2,1,0,1,0,39,24,32,19,12,8,10
207,"M",11,5,11,46,2,0,0,1,0,39,24,32,19,12,8,10
207,"M",11,5,11,50,2,0,0,1,0,39,24,32,19,12,8,10
207,"M",11,5,11,51,2,0,1,0,0,39,24,32,19,12,8,10
207,"M",11,5,11,53,2,0,1,0,0,39,24,32,19,12,8,10
207,"M",11,5,11,55,2,0,1,0,0,39,24,32,19,12,8,10
207,"M",11,5,11,57,2,0,1,0,0,39,24,32,19,12,8,10
208,"F",10.5,5,11,1,1,0,NA,NA,NA,39,8,27,26,10,6,15
208,"F",10.5,5,11,3,1,0,NA,NA,NA,39,8,27,26,10,6,15
208,"F",10.5,5,11,5,1,1,NA,NA,NA,39,8,27,26,10,6,15
208,"F",10.5,5,11,8,1,0,NA,NA,NA,39,8,27,26,10,6,15
208,"F",10.5,5,11,10,1,1,NA,NA,NA,39,8,27,26,10,6,15
208,"F",10.5,5,11,11,1,1,NA,NA,NA,39,8,27,26,10,6,15
208,"F",10.5,5,11,16,1,1,NA,NA,NA,39,8,27,26,10,6,15
208,"F",10.5,5,11,19,1,1,NA,NA,NA,39,8,27,26,10,6,15
208,"F",10.5,5,11,21,1,1,NA,NA,NA,39,8,27,26,10,6,15
208,"F",10.5,5,11,27,1,1,NA,NA,NA,39,8,27,26,10,6,15
208,"F",10.5,5,11,28,1,0,NA,NA,NA,39,8,27,26,10,6,15
208,"F",10.5,5,11,31,1,0,NA,NA,NA,39,8,27,26,10,6,15
208,"F",10.5,5,11,33,1,1,NA,NA,NA,39,8,27,26,10,6,15
208,"F",10.5,5,11,34,1,1,NA,NA,NA,39,8,27,26,10,6,15
208,"F",10.5,5,11,35,1,0,NA,NA,NA,39,8,27,26,10,6,15
208,"F",10.5,5,11,36,1,0,NA,NA,NA,39,8,27,26,10,6,15
208,"F",10.5,5,11,37,1,0,NA,NA,NA,39,8,27,26,10,6,15
208,"F",10.5,5,11,38,1,1,NA,NA,NA,39,8,27,26,10,6,15
208,"F",10.5,5,11,39,1,0,NA,NA,NA,39,8,27,26,10,6,15
208,"F",10.5,5,11,40,1,0,NA,NA,NA,39,8,27,26,10,6,15
208,"F",10.5,5,11,45,1,1,NA,NA,NA,39,8,27,26,10,6,15
208,"F",10.5,5,11,47,1,1,NA,NA,NA,39,8,27,26,10,6,15
208,"F",10.5,5,11,48,1,1,NA,NA,NA,39,8,27,26,10,6,15
208,"F",10.5,5,11,50,1,1,NA,NA,NA,39,8,27,26,10,6,15
208,"F",10.5,5,11,51,1,0,NA,NA,NA,39,8,27,26,10,6,15
208,"F",10.5,5,11,52,1,0,NA,NA,NA,39,8,27,26,10,6,15
208,"F",10.5,5,11,54,1,0,NA,NA,NA,39,8,27,26,10,6,15
208,"F",10.5,5,11,55,1,0,NA,NA,NA,39,8,27,26,10,6,15
208,"F",10.5,5,11,56,1,0,NA,NA,NA,39,8,27,26,10,6,15
208,"F",10.5,5,11,59,1,1,NA,NA,NA,39,8,27,26,10,6,15
208,"F",10.5,5,11,2,2,0,1,0,0,39,8,27,26,10,6,15
208,"F",10.5,5,11,4,2,0,1,0,0,39,8,27,26,10,6,15
208,"F",10.5,5,11,6,2,0,1,0,0,39,8,27,26,10,6,15
208,"F",10.5,5,11,7,2,0,1,0,0,39,8,27,26,10,6,15
208,"F",10.5,5,11,9,2,0,0,1,0,39,8,27,26,10,6,15
208,"F",10.5,5,11,12,2,0,1,0,0,39,8,27,26,10,6,15
208,"F",10.5,5,11,13,2,0,1,0,0,39,8,27,26,10,6,15
208,"F",10.5,5,11,14,2,0,0,1,0,39,8,27,26,10,6,15
208,"F",10.5,5,11,15,2,0,1,0,0,39,8,27,26,10,6,15
208,"F",10.5,5,11,17,2,0,1,0,0,39,8,27,26,10,6,15
208,"F",10.5,5,11,18,2,0,0,1,0,39,8,27,26,10,6,15
208,"F",10.5,5,11,20,2,0,0,1,0,39,8,27,26,10,6,15
208,"F",10.5,5,11,22,2,0,1,0,0,39,8,27,26,10,6,15
208,"F",10.5,5,11,23,2,0,1,0,0,39,8,27,26,10,6,15
208,"F",10.5,5,11,24,2,0,1,0,0,39,8,27,26,10,6,15
208,"F",10.5,5,11,25,2,0,0,0,1,39,8,27,26,10,6,15
208,"F",10.5,5,11,26,2,0,1,0,0,39,8,27,26,10,6,15
208,"F",10.5,5,11,29,2,0,1,0,0,39,8,27,26,10,6,15
208,"F",10.5,5,11,30,2,0,0,1,0,39,8,27,26,10,6,15
208,"F",10.5,5,11,32,2,0,1,0,0,39,8,27,26,10,6,15
208,"F",10.5,5,11,41,2,0,1,0,0,39,8,27,26,10,6,15
208,"F",10.5,5,11,42,2,0,0,1,0,39,8,27,26,10,6,15
208,"F",10.5,5,11,43,2,0,1,0,0,39,8,27,26,10,6,15
208,"F",10.5,5,11,44,2,0,0,1,0,39,8,27,26,10,6,15
208,"F",10.5,5,11,46,2,0,1,0,0,39,8,27,26,10,6,15
208,"F",10.5,5,11,49,2,0,1,0,0,39,8,27,26,10,6,15
208,"F",10.5,5,11,53,2,0,1,0,0,39,8,27,26,10,6,15
208,"F",10.5,5,11,57,2,1,0,1,0,39,8,27,26,10,6,15
208,"F",10.5,5,11,58,2,0,1,0,0,39,8,27,26,10,6,15
208,"F",10.5,5,11,60,2,0,0,1,0,39,8,27,26,10,6,15
209,"M",10.3,5,11,2,1,0,NA,NA,NA,25,17,15,24,8,8,9
209,"M",10.3,5,11,4,1,0,NA,NA,NA,25,17,15,24,8,8,9
209,"M",10.3,5,11,5,1,0,NA,NA,NA,25,17,15,24,8,8,9
209,"M",10.3,5,11,6,1,0,NA,NA,NA,25,17,15,24,8,8,9
209,"M",10.3,5,11,7,1,0,NA,NA,NA,25,17,15,24,8,8,9
209,"M",10.3,5,11,8,1,1,NA,NA,NA,25,17,15,24,8,8,9
209,"M",10.3,5,11,9,1,0,NA,NA,NA,25,17,15,24,8,8,9
209,"M",10.3,5,11,11,1,0,NA,NA,NA,25,17,15,24,8,8,9
209,"M",10.3,5,11,12,1,0,NA,NA,NA,25,17,15,24,8,8,9
209,"M",10.3,5,11,13,1,0,NA,NA,NA,25,17,15,24,8,8,9
209,"M",10.3,5,11,14,1,0,NA,NA,NA,25,17,15,24,8,8,9
209,"M",10.3,5,11,15,1,0,NA,NA,NA,25,17,15,24,8,8,9
209,"M",10.3,5,11,20,1,0,NA,NA,NA,25,17,15,24,8,8,9
209,"M",10.3,5,11,25,1,0,NA,NA,NA,25,17,15,24,8,8,9
209,"M",10.3,5,11,27,1,1,NA,NA,NA,25,17,15,24,8,8,9
209,"M",10.3,5,11,32,1,0,NA,NA,NA,25,17,15,24,8,8,9
209,"M",10.3,5,11,33,1,0,NA,NA,NA,25,17,15,24,8,8,9
209,"M",10.3,5,11,36,1,1,NA,NA,NA,25,17,15,24,8,8,9
209,"M",10.3,5,11,37,1,1,NA,NA,NA,25,17,15,24,8,8,9
209,"M",10.3,5,11,38,1,1,NA,NA,NA,25,17,15,24,8,8,9
209,"M",10.3,5,11,39,1,0,NA,NA,NA,25,17,15,24,8,8,9
209,"M",10.3,5,11,42,1,0,NA,NA,NA,25,17,15,24,8,8,9
209,"M",10.3,5,11,43,1,1,NA,NA,NA,25,17,15,24,8,8,9
209,"M",10.3,5,11,46,1,1,NA,NA,NA,25,17,15,24,8,8,9
209,"M",10.3,5,11,47,1,1,NA,NA,NA,25,17,15,24,8,8,9
209,"M",10.3,5,11,49,1,0,NA,NA,NA,25,17,15,24,8,8,9
209,"M",10.3,5,11,51,1,0,NA,NA,NA,25,17,15,24,8,8,9
209,"M",10.3,5,11,57,1,0,NA,NA,NA,25,17,15,24,8,8,9
209,"M",10.3,5,11,58,1,0,NA,NA,NA,25,17,15,24,8,8,9
209,"M",10.3,5,11,59,1,1,NA,NA,NA,25,17,15,24,8,8,9
209,"M",10.3,5,11,1,2,0,0,1,0,25,17,15,24,8,8,9
209,"M",10.3,5,11,3,2,0,0,1,0,25,17,15,24,8,8,9
209,"M",10.3,5,11,10,2,0,0,0,1,25,17,15,24,8,8,9
209,"M",10.3,5,11,16,2,0,0,0,1,25,17,15,24,8,8,9
209,"M",10.3,5,11,17,2,0,0,1,0,25,17,15,24,8,8,9
209,"M",10.3,5,11,18,2,0,1,0,0,25,17,15,24,8,8,9
209,"M",10.3,5,11,19,2,1,0,0,1,25,17,15,24,8,8,9
209,"M",10.3,5,11,21,2,0,0,0,1,25,17,15,24,8,8,9
209,"M",10.3,5,11,22,2,0,0,0,1,25,17,15,24,8,8,9
209,"M",10.3,5,11,23,2,0,0,0,1,25,17,15,24,8,8,9
209,"M",10.3,5,11,24,2,0,0,0,1,25,17,15,24,8,8,9
209,"M",10.3,5,11,26,2,1,0,0,1,25,17,15,24,8,8,9
209,"M",10.3,5,11,28,2,0,0,0,1,25,17,15,24,8,8,9
209,"M",10.3,5,11,29,2,0,0,0,1,25,17,15,24,8,8,9
209,"M",10.3,5,11,30,2,0,0,0,1,25,17,15,24,8,8,9
209,"M",10.3,5,11,31,2,0,0,1,0,25,17,15,24,8,8,9
209,"M",10.3,5,11,34,2,0,0,0,1,25,17,15,24,8,8,9
209,"M",10.3,5,11,35,2,1,0,1,0,25,17,15,24,8,8,9
209,"M",10.3,5,11,40,2,0,0,1,0,25,17,15,24,8,8,9
209,"M",10.3,5,11,41,2,0,0,1,0,25,17,15,24,8,8,9
209,"M",10.3,5,11,44,2,0,0,0,1,25,17,15,24,8,8,9
209,"M",10.3,5,11,45,2,1,0,0,1,25,17,15,24,8,8,9
209,"M",10.3,5,11,48,2,0,0,1,0,25,17,15,24,8,8,9
209,"M",10.3,5,11,50,2,0,0,1,0,25,17,15,24,8,8,9
209,"M",10.3,5,11,52,2,0,0,0,1,25,17,15,24,8,8,9
209,"M",10.3,5,11,53,2,0,1,0,0,25,17,15,24,8,8,9
209,"M",10.3,5,11,54,2,0,1,0,0,25,17,15,24,8,8,9
209,"M",10.3,5,11,55,2,0,0,1,0,25,17,15,24,8,8,9
209,"M",10.3,5,11,56,2,0,0,0,1,25,17,15,24,8,8,9
209,"M",10.3,5,11,60,2,0,0,1,0,25,17,15,24,8,8,9
210,"M",10.3,5,11,1,1,1,NA,NA,NA,28,12,34,13,8,8,24
210,"M",10.3,5,11,2,1,1,NA,NA,NA,28,12,34,13,8,8,24
210,"M",10.3,5,11,4,1,0,NA,NA,NA,28,12,34,13,8,8,24
210,"M",10.3,5,11,7,1,1,NA,NA,NA,28,12,34,13,8,8,24
210,"M",10.3,5,11,10,1,1,NA,NA,NA,28,12,34,13,8,8,24
210,"M",10.3,5,11,12,1,1,NA,NA,NA,28,12,34,13,8,8,24
210,"M",10.3,5,11,13,1,1,NA,NA,NA,28,12,34,13,8,8,24
210,"M",10.3,5,11,15,1,0,NA,NA,NA,28,12,34,13,8,8,24
210,"M",10.3,5,11,17,1,1,NA,NA,NA,28,12,34,13,8,8,24
210,"M",10.3,5,11,18,1,1,NA,NA,NA,28,12,34,13,8,8,24
210,"M",10.3,5,11,19,1,1,NA,NA,NA,28,12,34,13,8,8,24
210,"M",10.3,5,11,22,1,1,NA,NA,NA,28,12,34,13,8,8,24
210,"M",10.3,5,11,23,1,1,NA,NA,NA,28,12,34,13,8,8,24
210,"M",10.3,5,11,27,1,1,NA,NA,NA,28,12,34,13,8,8,24
210,"M",10.3,5,11,30,1,1,NA,NA,NA,28,12,34,13,8,8,24
210,"M",10.3,5,11,32,1,1,NA,NA,NA,28,12,34,13,8,8,24
210,"M",10.3,5,11,35,1,0,NA,NA,NA,28,12,34,13,8,8,24
210,"M",10.3,5,11,36,1,1,NA,NA,NA,28,12,34,13,8,8,24
210,"M",10.3,5,11,38,1,1,NA,NA,NA,28,12,34,13,8,8,24
210,"M",10.3,5,11,41,1,1,NA,NA,NA,28,12,34,13,8,8,24
210,"M",10.3,5,11,45,1,1,NA,NA,NA,28,12,34,13,8,8,24
210,"M",10.3,5,11,47,1,1,NA,NA,NA,28,12,34,13,8,8,24
210,"M",10.3,5,11,49,1,0,NA,NA,NA,28,12,34,13,8,8,24
210,"M",10.3,5,11,50,1,0,NA,NA,NA,28,12,34,13,8,8,24
210,"M",10.3,5,11,51,1,1,NA,NA,NA,28,12,34,13,8,8,24
210,"M",10.3,5,11,52,1,1,NA,NA,NA,28,12,34,13,8,8,24
210,"M",10.3,5,11,53,1,0,NA,NA,NA,28,12,34,13,8,8,24
210,"M",10.3,5,11,54,1,1,NA,NA,NA,28,12,34,13,8,8,24
210,"M",10.3,5,11,55,1,1,NA,NA,NA,28,12,34,13,8,8,24
210,"M",10.3,5,11,56,1,1,NA,NA,NA,28,12,34,13,8,8,24
210,"M",10.3,5,11,3,2,0,1,0,0,28,12,34,13,8,8,24
210,"M",10.3,5,11,5,2,0,1,0,0,28,12,34,13,8,8,24
210,"M",10.3,5,11,6,2,0,1,0,0,28,12,34,13,8,8,24
210,"M",10.3,5,11,8,2,0,0,0,1,28,12,34,13,8,8,24
210,"M",10.3,5,11,9,2,0,1,0,0,28,12,34,13,8,8,24
210,"M",10.3,5,11,11,2,1,0,1,0,28,12,34,13,8,8,24
210,"M",10.3,5,11,14,2,0,1,0,0,28,12,34,13,8,8,24
210,"M",10.3,5,11,16,2,1,0,1,0,28,12,34,13,8,8,24
210,"M",10.3,5,11,20,2,0,1,0,0,28,12,34,13,8,8,24
210,"M",10.3,5,11,21,2,0,1,0,0,28,12,34,13,8,8,24
210,"M",10.3,5,11,24,2,0,1,0,0,28,12,34,13,8,8,24
210,"M",10.3,5,11,25,2,0,1,0,0,28,12,34,13,8,8,24
210,"M",10.3,5,11,26,2,0,1,0,0,28,12,34,13,8,8,24
210,"M",10.3,5,11,28,2,1,0,0,1,28,12,34,13,8,8,24
210,"M",10.3,5,11,29,2,1,0,0,1,28,12,34,13,8,8,24
210,"M",10.3,5,11,31,2,0,1,0,0,28,12,34,13,8,8,24
210,"M",10.3,5,11,33,2,0,0,0,1,28,12,34,13,8,8,24
210,"M",10.3,5,11,34,2,0,1,0,0,28,12,34,13,8,8,24
210,"M",10.3,5,11,37,2,0,1,0,0,28,12,34,13,8,8,24
210,"M",10.3,5,11,39,2,0,1,0,0,28,12,34,13,8,8,24
210,"M",10.3,5,11,40,2,0,1,0,0,28,12,34,13,8,8,24
210,"M",10.3,5,11,42,2,1,0,1,0,28,12,34,13,8,8,24
210,"M",10.3,5,11,43,2,0,1,0,0,28,12,34,13,8,8,24
210,"M",10.3,5,11,44,2,1,0,0,1,28,12,34,13,8,8,24
210,"M",10.3,5,11,46,2,0,1,0,0,28,12,34,13,8,8,24
210,"M",10.3,5,11,48,2,0,1,0,0,28,12,34,13,8,8,24
210,"M",10.3,5,11,57,2,0,1,0,0,28,12,34,13,8,8,24
210,"M",10.3,5,11,58,2,0,1,0,0,28,12,34,13,8,8,24
210,"M",10.3,5,11,59,2,0,1,0,0,28,12,34,13,8,8,24
210,"M",10.3,5,11,60,2,0,1,0,0,28,12,34,13,8,8,24
211,"F",10.5,5,11,2,1,0,NA,NA,NA,27,11,25,29,6,4,25
211,"F",10.5,5,11,6,1,1,NA,NA,NA,27,11,25,29,6,4,25
211,"F",10.5,5,11,8,1,1,NA,NA,NA,27,11,25,29,6,4,25
211,"F",10.5,5,11,11,1,1,NA,NA,NA,27,11,25,29,6,4,25
211,"F",10.5,5,11,13,1,0,NA,NA,NA,27,11,25,29,6,4,25
211,"F",10.5,5,11,15,1,1,NA,NA,NA,27,11,25,29,6,4,25
211,"F",10.5,5,11,18,1,1,NA,NA,NA,27,11,25,29,6,4,25
211,"F",10.5,5,11,19,1,1,NA,NA,NA,27,11,25,29,6,4,25
211,"F",10.5,5,11,20,1,1,NA,NA,NA,27,11,25,29,6,4,25
211,"F",10.5,5,11,21,1,1,NA,NA,NA,27,11,25,29,6,4,25
211,"F",10.5,5,11,22,1,1,NA,NA,NA,27,11,25,29,6,4,25
211,"F",10.5,5,11,23,1,0,NA,NA,NA,27,11,25,29,6,4,25
211,"F",10.5,5,11,24,1,1,NA,NA,NA,27,11,25,29,6,4,25
211,"F",10.5,5,11,25,1,1,NA,NA,NA,27,11,25,29,6,4,25
211,"F",10.5,5,11,28,1,1,NA,NA,NA,27,11,25,29,6,4,25
211,"F",10.5,5,11,29,1,1,NA,NA,NA,27,11,25,29,6,4,25
211,"F",10.5,5,11,34,1,1,NA,NA,NA,27,11,25,29,6,4,25
211,"F",10.5,5,11,35,1,1,NA,NA,NA,27,11,25,29,6,4,25
211,"F",10.5,5,11,37,1,1,NA,NA,NA,27,11,25,29,6,4,25
211,"F",10.5,5,11,38,1,0,NA,NA,NA,27,11,25,29,6,4,25
211,"F",10.5,5,11,39,1,1,NA,NA,NA,27,11,25,29,6,4,25
211,"F",10.5,5,11,40,1,1,NA,NA,NA,27,11,25,29,6,4,25
211,"F",10.5,5,11,42,1,1,NA,NA,NA,27,11,25,29,6,4,25
211,"F",10.5,5,11,43,1,1,NA,NA,NA,27,11,25,29,6,4,25
211,"F",10.5,5,11,44,1,0,NA,NA,NA,27,11,25,29,6,4,25
211,"F",10.5,5,11,45,1,1,NA,NA,NA,27,11,25,29,6,4,25
211,"F",10.5,5,11,47,1,1,NA,NA,NA,27,11,25,29,6,4,25
211,"F",10.5,5,11,49,1,1,NA,NA,NA,27,11,25,29,6,4,25
211,"F",10.5,5,11,50,1,1,NA,NA,NA,27,11,25,29,6,4,25
211,"F",10.5,5,11,54,1,1,NA,NA,NA,27,11,25,29,6,4,25
211,"F",10.5,5,11,1,2,1,0,1,0,27,11,25,29,6,4,25
211,"F",10.5,5,11,3,2,1,0,0,1,27,11,25,29,6,4,25
211,"F",10.5,5,11,4,2,0,1,0,0,27,11,25,29,6,4,25
211,"F",10.5,5,11,5,2,1,0,0,1,27,11,25,29,6,4,25
211,"F",10.5,5,11,7,2,1,0,1,0,27,11,25,29,6,4,25
211,"F",10.5,5,11,9,2,0,1,0,0,27,11,25,29,6,4,25
211,"F",10.5,5,11,10,2,1,0,1,0,27,11,25,29,6,4,25
211,"F",10.5,5,11,12,2,1,0,0,1,27,11,25,29,6,4,25
211,"F",10.5,5,11,14,2,1,0,1,0,27,11,25,29,6,4,25
211,"F",10.5,5,11,16,2,1,0,1,0,27,11,25,29,6,4,25
211,"F",10.5,5,11,17,2,0,1,0,0,27,11,25,29,6,4,25
211,"F",10.5,5,11,26,2,0,1,0,0,27,11,25,29,6,4,25
211,"F",10.5,5,11,27,2,1,0,0,1,27,11,25,29,6,4,25
211,"F",10.5,5,11,30,2,1,0,1,0,27,11,25,29,6,4,25
211,"F",10.5,5,11,31,2,1,0,1,0,27,11,25,29,6,4,25
211,"F",10.5,5,11,32,2,1,0,0,1,27,11,25,29,6,4,25
211,"F",10.5,5,11,33,2,1,0,1,0,27,11,25,29,6,4,25
211,"F",10.5,5,11,36,2,1,0,1,0,27,11,25,29,6,4,25
211,"F",10.5,5,11,41,2,1,0,0,1,27,11,25,29,6,4,25
211,"F",10.5,5,11,46,2,0,1,0,0,27,11,25,29,6,4,25
211,"F",10.5,5,11,48,2,0,1,0,0,27,11,25,29,6,4,25
211,"F",10.5,5,11,51,2,1,0,0,1,27,11,25,29,6,4,25
211,"F",10.5,5,11,52,2,1,0,1,0,27,11,25,29,6,4,25
211,"F",10.5,5,11,53,2,1,0,1,0,27,11,25,29,6,4,25
211,"F",10.5,5,11,55,2,0,1,0,0,27,11,25,29,6,4,25
211,"F",10.5,5,11,56,2,1,0,1,0,27,11,25,29,6,4,25
211,"F",10.5,5,11,57,2,1,0,0,1,27,11,25,29,6,4,25
211,"F",10.5,5,11,58,2,0,1,0,0,27,11,25,29,6,4,25
211,"F",10.5,5,11,59,2,1,0,0,1,27,11,25,29,6,4,25
211,"F",10.5,5,11,60,2,0,1,0,0,27,11,25,29,6,4,25
212,"F",10.6,5,11,1,1,1,NA,NA,NA,17,16,24,35,8,7,7
212,"F",10.6,5,11,3,1,1,NA,NA,NA,17,16,24,35,8,7,7
212,"F",10.6,5,11,4,1,0,NA,NA,NA,17,16,24,35,8,7,7
212,"F",10.6,5,11,6,1,0,NA,NA,NA,17,16,24,35,8,7,7
212,"F",10.6,5,11,12,1,0,NA,NA,NA,17,16,24,35,8,7,7
212,"F",10.6,5,11,13,1,0,NA,NA,NA,17,16,24,35,8,7,7
212,"F",10.6,5,11,14,1,0,NA,NA,NA,17,16,24,35,8,7,7
212,"F",10.6,5,11,16,1,0,NA,NA,NA,17,16,24,35,8,7,7
212,"F",10.6,5,11,21,1,0,NA,NA,NA,17,16,24,35,8,7,7
212,"F",10.6,5,11,23,1,1,NA,NA,NA,17,16,24,35,8,7,7
212,"F",10.6,5,11,24,1,0,NA,NA,NA,17,16,24,35,8,7,7
212,"F",10.6,5,11,25,1,1,NA,NA,NA,17,16,24,35,8,7,7
212,"F",10.6,5,11,26,1,0,NA,NA,NA,17,16,24,35,8,7,7
212,"F",10.6,5,11,27,1,1,NA,NA,NA,17,16,24,35,8,7,7
212,"F",10.6,5,11,30,1,0,NA,NA,NA,17,16,24,35,8,7,7
212,"F",10.6,5,11,31,1,0,NA,NA,NA,17,16,24,35,8,7,7
212,"F",10.6,5,11,32,1,0,NA,NA,NA,17,16,24,35,8,7,7
212,"F",10.6,5,11,33,1,0,NA,NA,NA,17,16,24,35,8,7,7
212,"F",10.6,5,11,34,1,0,NA,NA,NA,17,16,24,35,8,7,7
212,"F",10.6,5,11,37,1,0,NA,NA,NA,17,16,24,35,8,7,7
212,"F",10.6,5,11,40,1,0,NA,NA,NA,17,16,24,35,8,7,7
212,"F",10.6,5,11,44,1,0,NA,NA,NA,17,16,24,35,8,7,7
212,"F",10.6,5,11,45,1,1,NA,NA,NA,17,16,24,35,8,7,7
212,"F",10.6,5,11,46,1,0,NA,NA,NA,17,16,24,35,8,7,7
212,"F",10.6,5,11,47,1,1,NA,NA,NA,17,16,24,35,8,7,7
212,"F",10.6,5,11,51,1,0,NA,NA,NA,17,16,24,35,8,7,7
212,"F",10.6,5,11,52,1,0,NA,NA,NA,17,16,24,35,8,7,7
212,"F",10.6,5,11,54,1,0,NA,NA,NA,17,16,24,35,8,7,7
212,"F",10.6,5,11,55,1,0,NA,NA,NA,17,16,24,35,8,7,7
212,"F",10.6,5,11,56,1,0,NA,NA,NA,17,16,24,35,8,7,7
212,"F",10.6,5,11,2,2,1,0,0,1,17,16,24,35,8,7,7
212,"F",10.6,5,11,5,2,1,0,1,0,17,16,24,35,8,7,7
212,"F",10.6,5,11,7,2,0,1,0,0,17,16,24,35,8,7,7
212,"F",10.6,5,11,8,2,0,1,0,0,17,16,24,35,8,7,7
212,"F",10.6,5,11,9,2,0,0,1,0,17,16,24,35,8,7,7
212,"F",10.6,5,11,10,2,1,0,0,1,17,16,24,35,8,7,7
212,"F",10.6,5,11,11,2,1,0,0,1,17,16,24,35,8,7,7
212,"F",10.6,5,11,15,2,1,0,0,1,17,16,24,35,8,7,7
212,"F",10.6,5,11,17,2,0,0,0,1,17,16,24,35,8,7,7
212,"F",10.6,5,11,18,2,0,1,0,0,17,16,24,35,8,7,7
212,"F",10.6,5,11,19,2,0,0,0,1,17,16,24,35,8,7,7
212,"F",10.6,5,11,20,2,0,0,0,1,17,16,24,35,8,7,7
212,"F",10.6,5,11,22,2,1,0,1,0,17,16,24,35,8,7,7
212,"F",10.6,5,11,28,2,1,0,0,1,17,16,24,35,8,7,7
212,"F",10.6,5,11,29,2,1,0,1,0,17,16,24,35,8,7,7
212,"F",10.6,5,11,35,2,0,0,0,1,17,16,24,35,8,7,7
212,"F",10.6,5,11,36,2,0,0,0,1,17,16,24,35,8,7,7
212,"F",10.6,5,11,38,2,1,0,0,1,17,16,24,35,8,7,7
212,"F",10.6,5,11,39,2,1,0,0,1,17,16,24,35,8,7,7
212,"F",10.6,5,11,41,2,0,0,0,1,17,16,24,35,8,7,7
212,"F",10.6,5,11,42,2,1,0,0,1,17,16,24,35,8,7,7
212,"F",10.6,5,11,43,2,1,0,0,1,17,16,24,35,8,7,7
212,"F",10.6,5,11,48,2,0,1,0,0,17,16,24,35,8,7,7
212,"F",10.6,5,11,49,2,0,1,0,0,17,16,24,35,8,7,7
212,"F",10.6,5,11,50,2,0,1,0,0,17,16,24,35,8,7,7
212,"F",10.6,5,11,53,2,0,1,0,0,17,16,24,35,8,7,7
212,"F",10.6,5,11,57,2,1,0,1,0,17,16,24,35,8,7,7
212,"F",10.6,5,11,58,2,0,0,0,1,17,16,24,35,8,7,7
212,"F",10.6,5,11,59,2,1,0,0,1,17,16,24,35,8,7,7
212,"F",10.6,5,11,60,2,0,0,0,1,17,16,24,35,8,7,7
213,"F",10.3,5,11,1,1,1,NA,NA,NA,22,13,27,23,7,8,8
213,"F",10.3,5,11,2,1,0,NA,NA,NA,22,13,27,23,7,8,8
213,"F",10.3,5,11,3,1,1,NA,NA,NA,22,13,27,23,7,8,8
213,"F",10.3,5,11,9,1,1,NA,NA,NA,22,13,27,23,7,8,8
213,"F",10.3,5,11,10,1,0,NA,NA,NA,22,13,27,23,7,8,8
213,"F",10.3,5,11,13,1,0,NA,NA,NA,22,13,27,23,7,8,8
213,"F",10.3,5,11,14,1,0,NA,NA,NA,22,13,27,23,7,8,8
213,"F",10.3,5,11,15,1,0,NA,NA,NA,22,13,27,23,7,8,8
213,"F",10.3,5,11,18,1,1,NA,NA,NA,22,13,27,23,7,8,8
213,"F",10.3,5,11,20,1,0,NA,NA,NA,22,13,27,23,7,8,8
213,"F",10.3,5,11,21,1,0,NA,NA,NA,22,13,27,23,7,8,8
213,"F",10.3,5,11,22,1,1,NA,NA,NA,22,13,27,23,7,8,8
213,"F",10.3,5,11,24,1,1,NA,NA,NA,22,13,27,23,7,8,8
213,"F",10.3,5,11,27,1,0,NA,NA,NA,22,13,27,23,7,8,8
213,"F",10.3,5,11,30,1,0,NA,NA,NA,22,13,27,23,7,8,8
213,"F",10.3,5,11,31,1,0,NA,NA,NA,22,13,27,23,7,8,8
213,"F",10.3,5,11,33,1,0,NA,NA,NA,22,13,27,23,7,8,8
213,"F",10.3,5,11,34,1,0,NA,NA,NA,22,13,27,23,7,8,8
213,"F",10.3,5,11,35,1,0,NA,NA,NA,22,13,27,23,7,8,8
213,"F",10.3,5,11,39,1,0,NA,NA,NA,22,13,27,23,7,8,8
213,"F",10.3,5,11,40,1,1,NA,NA,NA,22,13,27,23,7,8,8
213,"F",10.3,5,11,47,1,1,NA,NA,NA,22,13,27,23,7,8,8
213,"F",10.3,5,11,50,1,0,NA,NA,NA,22,13,27,23,7,8,8
213,"F",10.3,5,11,51,1,0,NA,NA,NA,22,13,27,23,7,8,8
213,"F",10.3,5,11,53,1,0,NA,NA,NA,22,13,27,23,7,8,8
213,"F",10.3,5,11,55,1,0,NA,NA,NA,22,13,27,23,7,8,8
213,"F",10.3,5,11,56,1,0,NA,NA,NA,22,13,27,23,7,8,8
213,"F",10.3,5,11,57,1,0,NA,NA,NA,22,13,27,23,7,8,8
213,"F",10.3,5,11,58,1,0,NA,NA,NA,22,13,27,23,7,8,8
213,"F",10.3,5,11,60,1,0,NA,NA,NA,22,13,27,23,7,8,8
213,"F",10.3,5,11,4,2,0,0,0,1,22,13,27,23,7,8,8
213,"F",10.3,5,11,5,2,0,0,0,1,22,13,27,23,7,8,8
213,"F",10.3,5,11,6,2,0,0,0,1,22,13,27,23,7,8,8
213,"F",10.3,5,11,7,2,1,0,0,1,22,13,27,23,7,8,8
213,"F",10.3,5,11,8,2,0,0,0,1,22,13,27,23,7,8,8
213,"F",10.3,5,11,11,2,0,1,0,0,22,13,27,23,7,8,8
213,"F",10.3,5,11,12,2,0,0,1,0,22,13,27,23,7,8,8
213,"F",10.3,5,11,16,2,0,1,0,0,22,13,27,23,7,8,8
213,"F",10.3,5,11,17,2,0,0,1,0,22,13,27,23,7,8,8
213,"F",10.3,5,11,19,2,0,1,0,0,22,13,27,23,7,8,8
213,"F",10.3,5,11,23,2,1,0,0,1,22,13,27,23,7,8,8
213,"F",10.3,5,11,25,2,0,1,0,0,22,13,27,23,7,8,8
213,"F",10.3,5,11,26,2,0,1,0,0,22,13,27,23,7,8,8
213,"F",10.3,5,11,28,2,0,1,0,0,22,13,27,23,7,8,8
213,"F",10.3,5,11,29,2,0,0,0,1,22,13,27,23,7,8,8
213,"F",10.3,5,11,32,2,0,0,1,0,22,13,27,23,7,8,8
213,"F",10.3,5,11,36,2,0,0,1,0,22,13,27,23,7,8,8
213,"F",10.3,5,11,37,2,0,1,0,0,22,13,27,23,7,8,8
213,"F",10.3,5,11,38,2,0,1,0,0,22,13,27,23,7,8,8
213,"F",10.3,5,11,41,2,0,0,0,1,22,13,27,23,7,8,8
213,"F",10.3,5,11,42,2,0,1,0,0,22,13,27,23,7,8,8
213,"F",10.3,5,11,43,2,0,1,0,0,22,13,27,23,7,8,8
213,"F",10.3,5,11,44,2,0,0,0,1,22,13,27,23,7,8,8
213,"F",10.3,5,11,45,2,1,0,0,1,22,13,27,23,7,8,8
213,"F",10.3,5,11,46,2,1,0,1,0,22,13,27,23,7,8,8
213,"F",10.3,5,11,48,2,0,1,0,0,22,13,27,23,7,8,8
213,"F",10.3,5,11,49,2,0,1,0,0,22,13,27,23,7,8,8
213,"F",10.3,5,11,52,2,0,1,0,0,22,13,27,23,7,8,8
213,"F",10.3,5,11,54,2,1,0,0,1,22,13,27,23,7,8,8
213,"F",10.3,5,11,59,2,0,0,0,1,22,13,27,23,7,8,8
214,"M",10.1,5,11,2,1,0,NA,NA,NA,33,23,21,25,7,9,14
214,"M",10.1,5,11,3,1,0,NA,NA,NA,33,23,21,25,7,9,14
214,"M",10.1,5,11,4,1,1,NA,NA,NA,33,23,21,25,7,9,14
214,"M",10.1,5,11,5,1,0,NA,NA,NA,33,23,21,25,7,9,14
214,"M",10.1,5,11,6,1,0,NA,NA,NA,33,23,21,25,7,9,14
214,"M",10.1,5,11,10,1,1,NA,NA,NA,33,23,21,25,7,9,14
214,"M",10.1,5,11,11,1,0,NA,NA,NA,33,23,21,25,7,9,14
214,"M",10.1,5,11,13,1,0,NA,NA,NA,33,23,21,25,7,9,14
214,"M",10.1,5,11,18,1,1,NA,NA,NA,33,23,21,25,7,9,14
214,"M",10.1,5,11,25,1,1,NA,NA,NA,33,23,21,25,7,9,14
214,"M",10.1,5,11,27,1,1,NA,NA,NA,33,23,21,25,7,9,14
214,"M",10.1,5,11,29,1,1,NA,NA,NA,33,23,21,25,7,9,14
214,"M",10.1,5,11,31,1,0,NA,NA,NA,33,23,21,25,7,9,14
214,"M",10.1,5,11,32,1,0,NA,NA,NA,33,23,21,25,7,9,14
214,"M",10.1,5,11,33,1,1,NA,NA,NA,33,23,21,25,7,9,14
214,"M",10.1,5,11,34,1,0,NA,NA,NA,33,23,21,25,7,9,14
214,"M",10.1,5,11,36,1,0,NA,NA,NA,33,23,21,25,7,9,14
214,"M",10.1,5,11,37,1,1,NA,NA,NA,33,23,21,25,7,9,14
214,"M",10.1,5,11,38,1,0,NA,NA,NA,33,23,21,25,7,9,14
214,"M",10.1,5,11,40,1,0,NA,NA,NA,33,23,21,25,7,9,14
214,"M",10.1,5,11,45,1,1,NA,NA,NA,33,23,21,25,7,9,14
214,"M",10.1,5,11,46,1,1,NA,NA,NA,33,23,21,25,7,9,14
214,"M",10.1,5,11,47,1,1,NA,NA,NA,33,23,21,25,7,9,14
214,"M",10.1,5,11,48,1,0,NA,NA,NA,33,23,21,25,7,9,14
214,"M",10.1,5,11,51,1,1,NA,NA,NA,33,23,21,25,7,9,14
214,"M",10.1,5,11,53,1,0,NA,NA,NA,33,23,21,25,7,9,14
214,"M",10.1,5,11,54,1,0,NA,NA,NA,33,23,21,25,7,9,14
214,"M",10.1,5,11,56,1,1,NA,NA,NA,33,23,21,25,7,9,14
214,"M",10.1,5,11,57,1,1,NA,NA,NA,33,23,21,25,7,9,14
214,"M",10.1,5,11,60,1,0,NA,NA,NA,33,23,21,25,7,9,14
214,"M",10.1,5,11,1,2,1,0,1,0,33,23,21,25,7,9,14
214,"M",10.1,5,11,7,2,1,0,1,0,33,23,21,25,7,9,14
214,"M",10.1,5,11,8,2,1,0,1,0,33,23,21,25,7,9,14
214,"M",10.1,5,11,9,2,0,0,1,0,33,23,21,25,7,9,14
214,"M",10.1,5,11,12,2,0,0,1,0,33,23,21,25,7,9,14
214,"M",10.1,5,11,14,2,0,0,1,0,33,23,21,25,7,9,14
214,"M",10.1,5,11,15,2,0,0,1,0,33,23,21,25,7,9,14
214,"M",10.1,5,11,16,2,1,0,1,0,33,23,21,25,7,9,14
214,"M",10.1,5,11,17,2,0,0,1,0,33,23,21,25,7,9,14
214,"M",10.1,5,11,19,2,0,0,0,1,33,23,21,25,7,9,14
214,"M",10.1,5,11,20,2,1,0,0,1,33,23,21,25,7,9,14
214,"M",10.1,5,11,21,2,0,0,1,0,33,23,21,25,7,9,14
214,"M",10.1,5,11,22,2,1,0,1,0,33,23,21,25,7,9,14
214,"M",10.1,5,11,23,2,0,1,0,0,33,23,21,25,7,9,14
214,"M",10.1,5,11,24,2,1,0,1,0,33,23,21,25,7,9,14
214,"M",10.1,5,11,26,2,0,0,0,1,33,23,21,25,7,9,14
214,"M",10.1,5,11,28,2,0,0,1,0,33,23,21,25,7,9,14
214,"M",10.1,5,11,30,2,0,1,0,0,33,23,21,25,7,9,14
214,"M",10.1,5,11,35,2,0,0,1,0,33,23,21,25,7,9,14
214,"M",10.1,5,11,39,2,0,0,1,0,33,23,21,25,7,9,14
214,"M",10.1,5,11,41,2,0,0,1,0,33,23,21,25,7,9,14
214,"M",10.1,5,11,42,2,1,0,1,0,33,23,21,25,7,9,14
214,"M",10.1,5,11,43,2,1,0,1,0,33,23,21,25,7,9,14
214,"M",10.1,5,11,44,2,1,0,0,1,33,23,21,25,7,9,14
214,"M",10.1,5,11,49,2,0,1,0,0,33,23,21,25,7,9,14
214,"M",10.1,5,11,50,2,0,1,0,0,33,23,21,25,7,9,14
214,"M",10.1,5,11,52,2,1,0,0,1,33,23,21,25,7,9,14
214,"M",10.1,5,11,55,2,0,0,1,0,33,23,21,25,7,9,14
214,"M",10.1,5,11,58,2,1,0,1,0,33,23,21,25,7,9,14
214,"M",10.1,5,11,59,2,0,1,0,0,33,23,21,25,7,9,14
215,"M",10.5,5,11,1,1,1,NA,NA,NA,32,22,26,25,7,4,27
215,"M",10.5,5,11,2,1,1,NA,NA,NA,32,22,26,25,7,4,27
215,"M",10.5,5,11,4,1,1,NA,NA,NA,32,22,26,25,7,4,27
215,"M",10.5,5,11,6,1,1,NA,NA,NA,32,22,26,25,7,4,27
215,"M",10.5,5,11,7,1,1,NA,NA,NA,32,22,26,25,7,4,27
215,"M",10.5,5,11,9,1,0,NA,NA,NA,32,22,26,25,7,4,27
215,"M",10.5,5,11,10,1,1,NA,NA,NA,32,22,26,25,7,4,27
215,"M",10.5,5,11,11,1,1,NA,NA,NA,32,22,26,25,7,4,27
215,"M",10.5,5,11,15,1,0,NA,NA,NA,32,22,26,25,7,4,27
215,"M",10.5,5,11,16,1,1,NA,NA,NA,32,22,26,25,7,4,27
215,"M",10.5,5,11,17,1,1,NA,NA,NA,32,22,26,25,7,4,27
215,"M",10.5,5,11,18,1,1,NA,NA,NA,32,22,26,25,7,4,27
215,"M",10.5,5,11,20,1,1,NA,NA,NA,32,22,26,25,7,4,27
215,"M",10.5,5,11,21,1,1,NA,NA,NA,32,22,26,25,7,4,27
215,"M",10.5,5,11,22,1,1,NA,NA,NA,32,22,26,25,7,4,27
215,"M",10.5,5,11,23,1,1,NA,NA,NA,32,22,26,25,7,4,27
215,"M",10.5,5,11,25,1,1,NA,NA,NA,32,22,26,25,7,4,27
215,"M",10.5,5,11,28,1,0,NA,NA,NA,32,22,26,25,7,4,27
215,"M",10.5,5,11,30,1,1,NA,NA,NA,32,22,26,25,7,4,27
215,"M",10.5,5,11,31,1,1,NA,NA,NA,32,22,26,25,7,4,27
215,"M",10.5,5,11,35,1,1,NA,NA,NA,32,22,26,25,7,4,27
215,"M",10.5,5,11,36,1,1,NA,NA,NA,32,22,26,25,7,4,27
215,"M",10.5,5,11,39,1,1,NA,NA,NA,32,22,26,25,7,4,27
215,"M",10.5,5,11,43,1,1,NA,NA,NA,32,22,26,25,7,4,27
215,"M",10.5,5,11,47,1,1,NA,NA,NA,32,22,26,25,7,4,27
215,"M",10.5,5,11,51,1,1,NA,NA,NA,32,22,26,25,7,4,27
215,"M",10.5,5,11,54,1,1,NA,NA,NA,32,22,26,25,7,4,27
215,"M",10.5,5,11,56,1,1,NA,NA,NA,32,22,26,25,7,4,27
215,"M",10.5,5,11,57,1,1,NA,NA,NA,32,22,26,25,7,4,27
215,"M",10.5,5,11,59,1,1,NA,NA,NA,32,22,26,25,7,4,27
215,"M",10.5,5,11,3,2,1,0,1,0,32,22,26,25,7,4,27
215,"M",10.5,5,11,5,2,1,0,1,0,32,22,26,25,7,4,27
215,"M",10.5,5,11,8,2,1,0,0,1,32,22,26,25,7,4,27
215,"M",10.5,5,11,12,2,0,1,0,0,32,22,26,25,7,4,27
215,"M",10.5,5,11,13,2,0,0,0,1,32,22,26,25,7,4,27
215,"M",10.5,5,11,14,2,1,0,0,1,32,22,26,25,7,4,27
215,"M",10.5,5,11,19,2,1,0,0,1,32,22,26,25,7,4,27
215,"M",10.5,5,11,24,2,1,0,1,0,32,22,26,25,7,4,27
215,"M",10.5,5,11,26,2,0,1,0,0,32,22,26,25,7,4,27
215,"M",10.5,5,11,27,2,1,0,0,1,32,22,26,25,7,4,27
215,"M",10.5,5,11,29,2,1,0,0,1,32,22,26,25,7,4,27
215,"M",10.5,5,11,32,2,1,0,1,0,32,22,26,25,7,4,27
215,"M",10.5,5,11,33,2,1,0,1,0,32,22,26,25,7,4,27
215,"M",10.5,5,11,34,2,1,0,0,1,32,22,26,25,7,4,27
215,"M",10.5,5,11,37,2,0,1,0,0,32,22,26,25,7,4,27
215,"M",10.5,5,11,38,2,1,0,1,0,32,22,26,25,7,4,27
215,"M",10.5,5,11,40,2,1,0,0,1,32,22,26,25,7,4,27
215,"M",10.5,5,11,41,2,0,1,0,0,32,22,26,25,7,4,27
215,"M",10.5,5,11,42,2,1,0,0,1,32,22,26,25,7,4,27
215,"M",10.5,5,11,44,2,1,0,0,1,32,22,26,25,7,4,27
215,"M",10.5,5,11,45,2,1,0,0,1,32,22,26,25,7,4,27
215,"M",10.5,5,11,46,2,1,0,1,0,32,22,26,25,7,4,27
215,"M",10.5,5,11,48,2,1,0,0,1,32,22,26,25,7,4,27
215,"M",10.5,5,11,49,2,0,1,0,0,32,22,26,25,7,4,27
215,"M",10.5,5,11,50,2,1,0,0,1,32,22,26,25,7,4,27
215,"M",10.5,5,11,52,2,1,0,1,0,32,22,26,25,7,4,27
215,"M",10.5,5,11,53,2,1,0,0,1,32,22,26,25,7,4,27
215,"M",10.5,5,11,55,2,1,0,0,1,32,22,26,25,7,4,27
215,"M",10.5,5,11,58,2,0,1,0,0,32,22,26,25,7,4,27
215,"M",10.5,5,11,60,2,1,0,1,0,32,22,26,25,7,4,27
216,"M",10.8,5,11,1,1,0,NA,NA,NA,19,24,20,30,4,10,23
216,"M",10.8,5,11,3,1,1,NA,NA,NA,19,24,20,30,4,10,23
216,"M",10.8,5,11,4,1,1,NA,NA,NA,19,24,20,30,4,10,23
216,"M",10.8,5,11,5,1,1,NA,NA,NA,19,24,20,30,4,10,23
216,"M",10.8,5,11,6,1,0,NA,NA,NA,19,24,20,30,4,10,23
216,"M",10.8,5,11,8,1,1,NA,NA,NA,19,24,20,30,4,10,23
216,"M",10.8,5,11,11,1,1,NA,NA,NA,19,24,20,30,4,10,23
216,"M",10.8,5,11,12,1,1,NA,NA,NA,19,24,20,30,4,10,23
216,"M",10.8,5,11,13,1,0,NA,NA,NA,19,24,20,30,4,10,23
216,"M",10.8,5,11,16,1,0,NA,NA,NA,19,24,20,30,4,10,23
216,"M",10.8,5,11,18,1,1,NA,NA,NA,19,24,20,30,4,10,23
216,"M",10.8,5,11,19,1,1,NA,NA,NA,19,24,20,30,4,10,23
216,"M",10.8,5,11,20,1,0,NA,NA,NA,19,24,20,30,4,10,23
216,"M",10.8,5,11,23,1,1,NA,NA,NA,19,24,20,30,4,10,23
216,"M",10.8,5,11,24,1,1,NA,NA,NA,19,24,20,30,4,10,23
216,"M",10.8,5,11,25,1,1,NA,NA,NA,19,24,20,30,4,10,23
216,"M",10.8,5,11,26,1,1,NA,NA,NA,19,24,20,30,4,10,23
216,"M",10.8,5,11,27,1,1,NA,NA,NA,19,24,20,30,4,10,23
216,"M",10.8,5,11,28,1,1,NA,NA,NA,19,24,20,30,4,10,23
216,"M",10.8,5,11,29,1,1,NA,NA,NA,19,24,20,30,4,10,23
216,"M",10.8,5,11,32,1,1,NA,NA,NA,19,24,20,30,4,10,23
216,"M",10.8,5,11,35,1,0,NA,NA,NA,19,24,20,30,4,10,23
216,"M",10.8,5,11,39,1,1,NA,NA,NA,19,24,20,30,4,10,23
216,"M",10.8,5,11,40,1,1,NA,NA,NA,19,24,20,30,4,10,23
216,"M",10.8,5,11,41,1,1,NA,NA,NA,19,24,20,30,4,10,23
216,"M",10.8,5,11,43,1,1,NA,NA,NA,19,24,20,30,4,10,23
216,"M",10.8,5,11,50,1,0,NA,NA,NA,19,24,20,30,4,10,23
216,"M",10.8,5,11,53,1,1,NA,NA,NA,19,24,20,30,4,10,23
216,"M",10.8,5,11,56,1,1,NA,NA,NA,19,24,20,30,4,10,23
216,"M",10.8,5,11,60,1,1,NA,NA,NA,19,24,20,30,4,10,23
216,"M",10.8,5,11,2,2,1,0,0,1,19,24,20,30,4,10,23
216,"M",10.8,5,11,7,2,1,0,1,0,19,24,20,30,4,10,23
216,"M",10.8,5,11,9,2,1,0,0,1,19,24,20,30,4,10,23
216,"M",10.8,5,11,10,2,1,0,1,0,19,24,20,30,4,10,23
216,"M",10.8,5,11,14,2,1,0,0,1,19,24,20,30,4,10,23
216,"M",10.8,5,11,15,2,0,0,0,1,19,24,20,30,4,10,23
216,"M",10.8,5,11,17,2,1,0,1,0,19,24,20,30,4,10,23
216,"M",10.8,5,11,21,2,1,0,0,1,19,24,20,30,4,10,23
216,"M",10.8,5,11,22,2,0,0,1,0,19,24,20,30,4,10,23
216,"M",10.8,5,11,30,2,1,0,0,1,19,24,20,30,4,10,23
216,"M",10.8,5,11,31,2,1,0,0,1,19,24,20,30,4,10,23
216,"M",10.8,5,11,33,2,1,0,0,1,19,24,20,30,4,10,23
216,"M",10.8,5,11,34,2,1,0,0,1,19,24,20,30,4,10,23
216,"M",10.8,5,11,36,2,1,0,0,1,19,24,20,30,4,10,23
216,"M",10.8,5,11,37,2,1,0,0,1,19,24,20,30,4,10,23
216,"M",10.8,5,11,38,2,1,0,0,1,19,24,20,30,4,10,23
216,"M",10.8,5,11,42,2,1,0,1,0,19,24,20,30,4,10,23
216,"M",10.8,5,11,44,2,1,0,0,1,19,24,20,30,4,10,23
216,"M",10.8,5,11,45,2,1,0,0,1,19,24,20,30,4,10,23
216,"M",10.8,5,11,46,2,1,0,0,1,19,24,20,30,4,10,23
216,"M",10.8,5,11,47,2,1,0,0,1,19,24,20,30,4,10,23
216,"M",10.8,5,11,48,2,1,0,0,1,19,24,20,30,4,10,23
216,"M",10.8,5,11,49,2,1,0,0,1,19,24,20,30,4,10,23
216,"M",10.8,5,11,51,2,1,0,0,1,19,24,20,30,4,10,23
216,"M",10.8,5,11,52,2,1,0,0,1,19,24,20,30,4,10,23
216,"M",10.8,5,11,54,2,0,0,0,1,19,24,20,30,4,10,23
216,"M",10.8,5,11,55,2,0,1,0,0,19,24,20,30,4,10,23
216,"M",10.8,5,11,57,2,1,0,0,1,19,24,20,30,4,10,23
216,"M",10.8,5,11,58,2,0,0,0,1,19,24,20,30,4,10,23
216,"M",10.8,5,11,59,2,1,0,0,1,19,24,20,30,4,10,23
217,"F",10.6,5,11,1,1,0,NA,NA,NA,17,11,20,31,6,7,7
217,"F",10.6,5,11,2,1,1,NA,NA,NA,17,11,20,31,6,7,7
217,"F",10.6,5,11,4,1,0,NA,NA,NA,17,11,20,31,6,7,7
217,"F",10.6,5,11,6,1,0,NA,NA,NA,17,11,20,31,6,7,7
217,"F",10.6,5,11,7,1,1,NA,NA,NA,17,11,20,31,6,7,7
217,"F",10.6,5,11,8,1,0,NA,NA,NA,17,11,20,31,6,7,7
217,"F",10.6,5,11,9,1,0,NA,NA,NA,17,11,20,31,6,7,7
217,"F",10.6,5,11,14,1,1,NA,NA,NA,17,11,20,31,6,7,7
217,"F",10.6,5,11,17,1,0,NA,NA,NA,17,11,20,31,6,7,7
217,"F",10.6,5,11,18,1,0,NA,NA,NA,17,11,20,31,6,7,7
217,"F",10.6,5,11,20,1,1,NA,NA,NA,17,11,20,31,6,7,7
217,"F",10.6,5,11,22,1,1,NA,NA,NA,17,11,20,31,6,7,7
217,"F",10.6,5,11,23,1,0,NA,NA,NA,17,11,20,31,6,7,7
217,"F",10.6,5,11,27,1,0,NA,NA,NA,17,11,20,31,6,7,7
217,"F",10.6,5,11,30,1,0,NA,NA,NA,17,11,20,31,6,7,7
217,"F",10.6,5,11,32,1,0,NA,NA,NA,17,11,20,31,6,7,7
217,"F",10.6,5,11,38,1,1,NA,NA,NA,17,11,20,31,6,7,7
217,"F",10.6,5,11,41,1,0,NA,NA,NA,17,11,20,31,6,7,7
217,"F",10.6,5,11,42,1,0,NA,NA,NA,17,11,20,31,6,7,7
217,"F",10.6,5,11,44,1,0,NA,NA,NA,17,11,20,31,6,7,7
217,"F",10.6,5,11,45,1,0,NA,NA,NA,17,11,20,31,6,7,7
217,"F",10.6,5,11,46,1,0,NA,NA,NA,17,11,20,31,6,7,7
217,"F",10.6,5,11,47,1,0,NA,NA,NA,17,11,20,31,6,7,7
217,"F",10.6,5,11,49,1,0,NA,NA,NA,17,11,20,31,6,7,7
217,"F",10.6,5,11,50,1,0,NA,NA,NA,17,11,20,31,6,7,7
217,"F",10.6,5,11,52,1,0,NA,NA,NA,17,11,20,31,6,7,7
217,"F",10.6,5,11,55,1,0,NA,NA,NA,17,11,20,31,6,7,7
217,"F",10.6,5,11,58,1,0,NA,NA,NA,17,11,20,31,6,7,7
217,"F",10.6,5,11,59,1,1,NA,NA,NA,17,11,20,31,6,7,7
217,"F",10.6,5,11,60,1,0,NA,NA,NA,17,11,20,31,6,7,7
217,"F",10.6,5,11,3,2,0,1,0,0,17,11,20,31,6,7,7
217,"F",10.6,5,11,5,2,0,0,0,1,17,11,20,31,6,7,7
217,"F",10.6,5,11,10,2,0,0,1,0,17,11,20,31,6,7,7
217,"F",10.6,5,11,11,2,1,0,0,1,17,11,20,31,6,7,7
217,"F",10.6,5,11,12,2,0,0,0,1,17,11,20,31,6,7,7
217,"F",10.6,5,11,13,2,0,0,1,0,17,11,20,31,6,7,7
217,"F",10.6,5,11,15,2,0,1,0,0,17,11,20,31,6,7,7
217,"F",10.6,5,11,16,2,0,0,0,1,17,11,20,31,6,7,7
217,"F",10.6,5,11,19,2,1,0,0,1,17,11,20,31,6,7,7
217,"F",10.6,5,11,21,2,0,0,0,1,17,11,20,31,6,7,7
217,"F",10.6,5,11,24,2,1,0,0,1,17,11,20,31,6,7,7
217,"F",10.6,5,11,25,2,1,0,1,0,17,11,20,31,6,7,7
217,"F",10.6,5,11,26,2,0,0,1,0,17,11,20,31,6,7,7
217,"F",10.6,5,11,28,2,0,0,0,1,17,11,20,31,6,7,7
217,"F",10.6,5,11,29,2,0,0,1,0,17,11,20,31,6,7,7
217,"F",10.6,5,11,31,2,1,0,0,1,17,11,20,31,6,7,7
217,"F",10.6,5,11,33,2,0,0,1,0,17,11,20,31,6,7,7
217,"F",10.6,5,11,34,2,0,0,0,1,17,11,20,31,6,7,7
217,"F",10.6,5,11,35,2,0,0,1,0,17,11,20,31,6,7,7
217,"F",10.6,5,11,36,2,0,0,1,0,17,11,20,31,6,7,7
217,"F",10.6,5,11,37,2,0,0,1,0,17,11,20,31,6,7,7
217,"F",10.6,5,11,39,2,0,0,1,0,17,11,20,31,6,7,7
217,"F",10.6,5,11,40,2,0,0,0,1,17,11,20,31,6,7,7
217,"F",10.6,5,11,43,2,1,0,0,1,17,11,20,31,6,7,7
217,"F",10.6,5,11,48,2,0,0,0,1,17,11,20,31,6,7,7
217,"F",10.6,5,11,51,2,0,0,1,0,17,11,20,31,6,7,7
217,"F",10.6,5,11,53,2,0,0,1,0,17,11,20,31,6,7,7
217,"F",10.6,5,11,54,2,0,0,1,0,17,11,20,31,6,7,7
217,"F",10.6,5,11,56,2,1,0,0,1,17,11,20,31,6,7,7
217,"F",10.6,5,11,57,2,1,0,1,0,17,11,20,31,6,7,7
218,"M",10.4,5,11,1,1,0,NA,NA,NA,31,11,35,13,9,4,14
218,"M",10.4,5,11,5,1,1,NA,NA,NA,31,11,35,13,9,4,14
218,"M",10.4,5,11,8,1,0,NA,NA,NA,31,11,35,13,9,4,14
218,"M",10.4,5,11,11,1,1,NA,NA,NA,31,11,35,13,9,4,14
218,"M",10.4,5,11,12,1,1,NA,NA,NA,31,11,35,13,9,4,14
218,"M",10.4,5,11,13,1,0,NA,NA,NA,31,11,35,13,9,4,14
218,"M",10.4,5,11,14,1,0,NA,NA,NA,31,11,35,13,9,4,14
218,"M",10.4,5,11,16,1,1,NA,NA,NA,31,11,35,13,9,4,14
218,"M",10.4,5,11,17,1,1,NA,NA,NA,31,11,35,13,9,4,14
218,"M",10.4,5,11,20,1,1,NA,NA,NA,31,11,35,13,9,4,14
218,"M",10.4,5,11,21,1,0,NA,NA,NA,31,11,35,13,9,4,14
218,"M",10.4,5,11,23,1,1,NA,NA,NA,31,11,35,13,9,4,14
218,"M",10.4,5,11,25,1,0,NA,NA,NA,31,11,35,13,9,4,14
218,"M",10.4,5,11,27,1,1,NA,NA,NA,31,11,35,13,9,4,14
218,"M",10.4,5,11,28,1,0,NA,NA,NA,31,11,35,13,9,4,14
218,"M",10.4,5,11,29,1,0,NA,NA,NA,31,11,35,13,9,4,14
218,"M",10.4,5,11,33,1,0,NA,NA,NA,31,11,35,13,9,4,14
218,"M",10.4,5,11,34,1,0,NA,NA,NA,31,11,35,13,9,4,14
218,"M",10.4,5,11,35,1,1,NA,NA,NA,31,11,35,13,9,4,14
218,"M",10.4,5,11,37,1,0,NA,NA,NA,31,11,35,13,9,4,14
218,"M",10.4,5,11,39,1,1,NA,NA,NA,31,11,35,13,9,4,14
218,"M",10.4,5,11,40,1,0,NA,NA,NA,31,11,35,13,9,4,14
218,"M",10.4,5,11,41,1,0,NA,NA,NA,31,11,35,13,9,4,14
218,"M",10.4,5,11,45,1,0,NA,NA,NA,31,11,35,13,9,4,14
218,"M",10.4,5,11,46,1,1,NA,NA,NA,31,11,35,13,9,4,14
218,"M",10.4,5,11,47,1,1,NA,NA,NA,31,11,35,13,9,4,14
218,"M",10.4,5,11,53,1,0,NA,NA,NA,31,11,35,13,9,4,14
218,"M",10.4,5,11,56,1,1,NA,NA,NA,31,11,35,13,9,4,14
218,"M",10.4,5,11,58,1,0,NA,NA,NA,31,11,35,13,9,4,14
218,"M",10.4,5,11,59,1,1,NA,NA,NA,31,11,35,13,9,4,14
218,"M",10.4,5,11,2,2,0,1,0,0,31,11,35,13,9,4,14
218,"M",10.4,5,11,3,2,0,0,0,1,31,11,35,13,9,4,14
218,"M",10.4,5,11,4,2,0,1,0,0,31,11,35,13,9,4,14
218,"M",10.4,5,11,6,2,0,1,0,0,31,11,35,13,9,4,14
218,"M",10.4,5,11,7,2,1,0,1,0,31,11,35,13,9,4,14
218,"M",10.4,5,11,9,2,0,1,0,0,31,11,35,13,9,4,14
218,"M",10.4,5,11,10,2,0,1,0,0,31,11,35,13,9,4,14
218,"M",10.4,5,11,15,2,0,1,0,0,31,11,35,13,9,4,14
218,"M",10.4,5,11,18,2,0,1,0,0,31,11,35,13,9,4,14
218,"M",10.4,5,11,19,2,0,1,0,0,31,11,35,13,9,4,14
218,"M",10.4,5,11,22,2,0,1,0,0,31,11,35,13,9,4,14
218,"M",10.4,5,11,24,2,1,0,0,1,31,11,35,13,9,4,14
218,"M",10.4,5,11,26,2,0,1,0,0,31,11,35,13,9,4,14
218,"M",10.4,5,11,30,2,0,1,0,0,31,11,35,13,9,4,14
218,"M",10.4,5,11,31,2,0,1,0,0,31,11,35,13,9,4,14
218,"M",10.4,5,11,32,2,0,1,0,0,31,11,35,13,9,4,14
218,"M",10.4,5,11,36,2,0,1,0,0,31,11,35,13,9,4,14
218,"M",10.4,5,11,38,2,0,1,0,0,31,11,35,13,9,4,14
218,"M",10.4,5,11,42,2,0,1,0,0,31,11,35,13,9,4,14
218,"M",10.4,5,11,43,2,0,1,0,0,31,11,35,13,9,4,14
218,"M",10.4,5,11,44,2,0,0,0,1,31,11,35,13,9,4,14
218,"M",10.4,5,11,48,2,0,1,0,0,31,11,35,13,9,4,14
218,"M",10.4,5,11,49,2,0,1,0,0,31,11,35,13,9,4,14
218,"M",10.4,5,11,50,2,0,1,0,0,31,11,35,13,9,4,14
218,"M",10.4,5,11,51,2,0,1,0,0,31,11,35,13,9,4,14
218,"M",10.4,5,11,52,2,0,1,0,0,31,11,35,13,9,4,14
218,"M",10.4,5,11,54,2,0,1,0,0,31,11,35,13,9,4,14
218,"M",10.4,5,11,55,2,0,1,0,0,31,11,35,13,9,4,14
218,"M",10.4,5,11,57,2,0,1,0,0,31,11,35,13,9,4,14
218,"M",10.4,5,11,60,2,0,1,0,0,31,11,35,13,9,4,14
219,"F",10.5,5,11,1,1,1,NA,NA,NA,41,17,28,23,11,7,25
219,"F",10.5,5,11,2,1,1,NA,NA,NA,41,17,28,23,11,7,25
219,"F",10.5,5,11,6,1,1,NA,NA,NA,41,17,28,23,11,7,25
219,"F",10.5,5,11,7,1,1,NA,NA,NA,41,17,28,23,11,7,25
219,"F",10.5,5,11,8,1,1,NA,NA,NA,41,17,28,23,11,7,25
219,"F",10.5,5,11,10,1,1,NA,NA,NA,41,17,28,23,11,7,25
219,"F",10.5,5,11,13,1,0,NA,NA,NA,41,17,28,23,11,7,25
219,"F",10.5,5,11,15,1,0,NA,NA,NA,41,17,28,23,11,7,25
219,"F",10.5,5,11,18,1,1,NA,NA,NA,41,17,28,23,11,7,25
219,"F",10.5,5,11,19,1,1,NA,NA,NA,41,17,28,23,11,7,25
219,"F",10.5,5,11,20,1,1,NA,NA,NA,41,17,28,23,11,7,25
219,"F",10.5,5,11,21,1,1,NA,NA,NA,41,17,28,23,11,7,25
219,"F",10.5,5,11,22,1,1,NA,NA,NA,41,17,28,23,11,7,25
219,"F",10.5,5,11,23,1,1,NA,NA,NA,41,17,28,23,11,7,25
219,"F",10.5,5,11,25,1,1,NA,NA,NA,41,17,28,23,11,7,25
219,"F",10.5,5,11,29,1,1,NA,NA,NA,41,17,28,23,11,7,25
219,"F",10.5,5,11,31,1,1,NA,NA,NA,41,17,28,23,11,7,25
219,"F",10.5,5,11,32,1,1,NA,NA,NA,41,17,28,23,11,7,25
219,"F",10.5,5,11,33,1,0,NA,NA,NA,41,17,28,23,11,7,25
219,"F",10.5,5,11,35,1,1,NA,NA,NA,41,17,28,23,11,7,25
219,"F",10.5,5,11,40,1,1,NA,NA,NA,41,17,28,23,11,7,25
219,"F",10.5,5,11,43,1,1,NA,NA,NA,41,17,28,23,11,7,25
219,"F",10.5,5,11,44,1,1,NA,NA,NA,41,17,28,23,11,7,25
219,"F",10.5,5,11,45,1,1,NA,NA,NA,41,17,28,23,11,7,25
219,"F",10.5,5,11,48,1,1,NA,NA,NA,41,17,28,23,11,7,25
219,"F",10.5,5,11,51,1,1,NA,NA,NA,41,17,28,23,11,7,25
219,"F",10.5,5,11,53,1,0,NA,NA,NA,41,17,28,23,11,7,25
219,"F",10.5,5,11,55,1,0,NA,NA,NA,41,17,28,23,11,7,25
219,"F",10.5,5,11,56,1,1,NA,NA,NA,41,17,28,23,11,7,25
219,"F",10.5,5,11,60,1,1,NA,NA,NA,41,17,28,23,11,7,25
219,"F",10.5,5,11,3,2,0,0,1,0,41,17,28,23,11,7,25
219,"F",10.5,5,11,4,2,0,0,1,0,41,17,28,23,11,7,25
219,"F",10.5,5,11,5,2,0,1,0,0,41,17,28,23,11,7,25
219,"F",10.5,5,11,9,2,0,1,0,0,41,17,28,23,11,7,25
219,"F",10.5,5,11,11,2,0,1,0,0,41,17,28,23,11,7,25
219,"F",10.5,5,11,12,2,0,1,0,0,41,17,28,23,11,7,25
219,"F",10.5,5,11,14,2,0,1,0,0,41,17,28,23,11,7,25
219,"F",10.5,5,11,16,2,0,1,0,0,41,17,28,23,11,7,25
219,"F",10.5,5,11,17,2,1,0,1,0,41,17,28,23,11,7,25
219,"F",10.5,5,11,24,2,0,1,0,0,41,17,28,23,11,7,25
219,"F",10.5,5,11,26,2,1,0,1,0,41,17,28,23,11,7,25
219,"F",10.5,5,11,27,2,1,0,1,0,41,17,28,23,11,7,25
219,"F",10.5,5,11,28,2,1,0,0,1,41,17,28,23,11,7,25
219,"F",10.5,5,11,30,2,0,1,0,0,41,17,28,23,11,7,25
219,"F",10.5,5,11,34,2,1,0,0,1,41,17,28,23,11,7,25
219,"F",10.5,5,11,36,2,1,0,1,0,41,17,28,23,11,7,25
219,"F",10.5,5,11,37,2,1,0,1,0,41,17,28,23,11,7,25
219,"F",10.5,5,11,38,2,1,0,1,0,41,17,28,23,11,7,25
219,"F",10.5,5,11,39,2,0,1,0,0,41,17,28,23,11,7,25
219,"F",10.5,5,11,41,2,0,1,0,0,41,17,28,23,11,7,25
219,"F",10.5,5,11,42,2,0,1,0,0,41,17,28,23,11,7,25
219,"F",10.5,5,11,46,2,1,0,0,1,41,17,28,23,11,7,25
219,"F",10.5,5,11,47,2,0,1,0,0,41,17,28,23,11,7,25
219,"F",10.5,5,11,49,2,1,0,1,0,41,17,28,23,11,7,25
219,"F",10.5,5,11,50,2,0,0,1,0,41,17,28,23,11,7,25
219,"F",10.5,5,11,52,2,0,1,0,0,41,17,28,23,11,7,25
219,"F",10.5,5,11,54,2,0,1,0,0,41,17,28,23,11,7,25
219,"F",10.5,5,11,57,2,0,1,0,0,41,17,28,23,11,7,25
219,"F",10.5,5,11,58,2,0,1,0,0,41,17,28,23,11,7,25
219,"F",10.5,5,11,59,2,0,0,1,0,41,17,28,23,11,7,25
220,"F",10.9,5,11,1,1,1,NA,NA,NA,13,25,33,25,5,8,17
220,"F",10.9,5,11,3,1,0,NA,NA,NA,13,25,33,25,5,8,17
220,"F",10.9,5,11,5,1,0,NA,NA,NA,13,25,33,25,5,8,17
220,"F",10.9,5,11,7,1,1,NA,NA,NA,13,25,33,25,5,8,17
220,"F",10.9,5,11,9,1,1,NA,NA,NA,13,25,33,25,5,8,17
220,"F",10.9,5,11,10,1,1,NA,NA,NA,13,25,33,25,5,8,17
220,"F",10.9,5,11,11,1,1,NA,NA,NA,13,25,33,25,5,8,17
220,"F",10.9,5,11,12,1,1,NA,NA,NA,13,25,33,25,5,8,17
220,"F",10.9,5,11,17,1,1,NA,NA,NA,13,25,33,25,5,8,17
220,"F",10.9,5,11,20,1,1,NA,NA,NA,13,25,33,25,5,8,17
220,"F",10.9,5,11,24,1,0,NA,NA,NA,13,25,33,25,5,8,17
220,"F",10.9,5,11,25,1,1,NA,NA,NA,13,25,33,25,5,8,17
220,"F",10.9,5,11,26,1,1,NA,NA,NA,13,25,33,25,5,8,17
220,"F",10.9,5,11,30,1,1,NA,NA,NA,13,25,33,25,5,8,17
220,"F",10.9,5,11,31,1,1,NA,NA,NA,13,25,33,25,5,8,17
220,"F",10.9,5,11,32,1,0,NA,NA,NA,13,25,33,25,5,8,17
220,"F",10.9,5,11,33,1,0,NA,NA,NA,13,25,33,25,5,8,17
220,"F",10.9,5,11,35,1,0,NA,NA,NA,13,25,33,25,5,8,17
220,"F",10.9,5,11,37,1,1,NA,NA,NA,13,25,33,25,5,8,17
220,"F",10.9,5,11,41,1,0,NA,NA,NA,13,25,33,25,5,8,17
220,"F",10.9,5,11,42,1,0,NA,NA,NA,13,25,33,25,5,8,17
220,"F",10.9,5,11,43,1,1,NA,NA,NA,13,25,33,25,5,8,17
220,"F",10.9,5,11,44,1,0,NA,NA,NA,13,25,33,25,5,8,17
220,"F",10.9,5,11,47,1,1,NA,NA,NA,13,25,33,25,5,8,17
220,"F",10.9,5,11,49,1,0,NA,NA,NA,13,25,33,25,5,8,17
220,"F",10.9,5,11,50,1,1,NA,NA,NA,13,25,33,25,5,8,17
220,"F",10.9,5,11,54,1,0,NA,NA,NA,13,25,33,25,5,8,17
220,"F",10.9,5,11,57,1,1,NA,NA,NA,13,25,33,25,5,8,17
220,"F",10.9,5,11,59,1,0,NA,NA,NA,13,25,33,25,5,8,17
220,"F",10.9,5,11,60,1,0,NA,NA,NA,13,25,33,25,5,8,17
220,"F",10.9,5,11,2,2,0,0,0,1,13,25,33,25,5,8,17
220,"F",10.9,5,11,4,2,0,0,0,1,13,25,33,25,5,8,17
220,"F",10.9,5,11,6,2,0,0,0,1,13,25,33,25,5,8,17
220,"F",10.9,5,11,8,2,0,0,0,1,13,25,33,25,5,8,17
220,"F",10.9,5,11,13,2,1,0,0,1,13,25,33,25,5,8,17
220,"F",10.9,5,11,14,2,1,0,0,1,13,25,33,25,5,8,17
220,"F",10.9,5,11,15,2,0,0,0,1,13,25,33,25,5,8,17
220,"F",10.9,5,11,16,2,0,1,0,0,13,25,33,25,5,8,17
220,"F",10.9,5,11,18,2,1,0,0,1,13,25,33,25,5,8,17
220,"F",10.9,5,11,19,2,1,0,0,1,13,25,33,25,5,8,17
220,"F",10.9,5,11,21,2,0,0,0,1,13,25,33,25,5,8,17
220,"F",10.9,5,11,22,2,0,0,0,1,13,25,33,25,5,8,17
220,"F",10.9,5,11,23,2,1,0,0,1,13,25,33,25,5,8,17
220,"F",10.9,5,11,27,2,0,0,0,1,13,25,33,25,5,8,17
220,"F",10.9,5,11,28,2,1,0,1,0,13,25,33,25,5,8,17
220,"F",10.9,5,11,29,2,0,1,0,0,13,25,33,25,5,8,17
220,"F",10.9,5,11,34,2,0,0,0,1,13,25,33,25,5,8,17
220,"F",10.9,5,11,36,2,1,0,0,1,13,25,33,25,5,8,17
220,"F",10.9,5,11,38,2,1,0,0,1,13,25,33,25,5,8,17
220,"F",10.9,5,11,39,2,1,0,1,0,13,25,33,25,5,8,17
220,"F",10.9,5,11,40,2,0,0,0,1,13,25,33,25,5,8,17
220,"F",10.9,5,11,45,2,1,0,0,1,13,25,33,25,5,8,17
220,"F",10.9,5,11,46,2,1,0,0,1,13,25,33,25,5,8,17
220,"F",10.9,5,11,48,2,0,0,0,1,13,25,33,25,5,8,17
220,"F",10.9,5,11,51,2,0,0,0,1,13,25,33,25,5,8,17
220,"F",10.9,5,11,52,2,0,0,0,1,13,25,33,25,5,8,17
220,"F",10.9,5,11,53,2,1,0,0,1,13,25,33,25,5,8,17
220,"F",10.9,5,11,55,2,1,0,0,1,13,25,33,25,5,8,17
220,"F",10.9,5,11,56,2,1,0,0,1,13,25,33,25,5,8,17
220,"F",10.9,5,11,58,2,1,0,0,1,13,25,33,25,5,8,17
221,"M",10.5,5,12,2,1,1,NA,NA,NA,20,22,27,31,5,7,22
221,"M",10.5,5,12,6,1,1,NA,NA,NA,20,22,27,31,5,7,22
221,"M",10.5,5,12,7,1,1,NA,NA,NA,20,22,27,31,5,7,22
221,"M",10.5,5,12,8,1,1,NA,NA,NA,20,22,27,31,5,7,22
221,"M",10.5,5,12,12,1,0,NA,NA,NA,20,22,27,31,5,7,22
221,"M",10.5,5,12,14,1,0,NA,NA,NA,20,22,27,31,5,7,22
221,"M",10.5,5,12,16,1,0,NA,NA,NA,20,22,27,31,5,7,22
221,"M",10.5,5,12,19,1,1,NA,NA,NA,20,22,27,31,5,7,22
221,"M",10.5,5,12,23,1,1,NA,NA,NA,20,22,27,31,5,7,22
221,"M",10.5,5,12,24,1,0,NA,NA,NA,20,22,27,31,5,7,22
221,"M",10.5,5,12,25,1,1,NA,NA,NA,20,22,27,31,5,7,22
221,"M",10.5,5,12,27,1,1,NA,NA,NA,20,22,27,31,5,7,22
221,"M",10.5,5,12,31,1,1,NA,NA,NA,20,22,27,31,5,7,22
221,"M",10.5,5,12,33,1,1,NA,NA,NA,20,22,27,31,5,7,22
221,"M",10.5,5,12,35,1,0,NA,NA,NA,20,22,27,31,5,7,22
221,"M",10.5,5,12,37,1,0,NA,NA,NA,20,22,27,31,5,7,22
221,"M",10.5,5,12,38,1,1,NA,NA,NA,20,22,27,31,5,7,22
221,"M",10.5,5,12,40,1,1,NA,NA,NA,20,22,27,31,5,7,22
221,"M",10.5,5,12,41,1,1,NA,NA,NA,20,22,27,31,5,7,22
221,"M",10.5,5,12,42,1,1,NA,NA,NA,20,22,27,31,5,7,22
221,"M",10.5,5,12,44,1,1,NA,NA,NA,20,22,27,31,5,7,22
221,"M",10.5,5,12,46,1,1,NA,NA,NA,20,22,27,31,5,7,22
221,"M",10.5,5,12,47,1,1,NA,NA,NA,20,22,27,31,5,7,22
221,"M",10.5,5,12,48,1,0,NA,NA,NA,20,22,27,31,5,7,22
221,"M",10.5,5,12,49,1,1,NA,NA,NA,20,22,27,31,5,7,22
221,"M",10.5,5,12,50,1,1,NA,NA,NA,20,22,27,31,5,7,22
221,"M",10.5,5,12,52,1,1,NA,NA,NA,20,22,27,31,5,7,22
221,"M",10.5,5,12,54,1,1,NA,NA,NA,20,22,27,31,5,7,22
221,"M",10.5,5,12,55,1,0,NA,NA,NA,20,22,27,31,5,7,22
221,"M",10.5,5,12,57,1,1,NA,NA,NA,20,22,27,31,5,7,22
221,"M",10.5,5,12,1,2,0,0,0,1,20,22,27,31,5,7,22
221,"M",10.5,5,12,3,2,1,0,0,1,20,22,27,31,5,7,22
221,"M",10.5,5,12,4,2,0,0,0,1,20,22,27,31,5,7,22
221,"M",10.5,5,12,5,2,1,0,0,1,20,22,27,31,5,7,22
221,"M",10.5,5,12,9,2,1,0,0,1,20,22,27,31,5,7,22
221,"M",10.5,5,12,10,2,1,0,0,1,20,22,27,31,5,7,22
221,"M",10.5,5,12,11,2,1,0,0,1,20,22,27,31,5,7,22
221,"M",10.5,5,12,13,2,0,0,0,1,20,22,27,31,5,7,22
221,"M",10.5,5,12,15,2,1,0,0,1,20,22,27,31,5,7,22
221,"M",10.5,5,12,17,2,1,0,0,1,20,22,27,31,5,7,22
221,"M",10.5,5,12,18,2,0,0,0,1,20,22,27,31,5,7,22
221,"M",10.5,5,12,20,2,1,0,0,1,20,22,27,31,5,7,22
221,"M",10.5,5,12,21,2,0,0,0,1,20,22,27,31,5,7,22
221,"M",10.5,5,12,22,2,0,0,0,1,20,22,27,31,5,7,22
221,"M",10.5,5,12,26,2,1,0,1,0,20,22,27,31,5,7,22
221,"M",10.5,5,12,28,2,0,0,0,1,20,22,27,31,5,7,22
221,"M",10.5,5,12,29,2,1,0,0,1,20,22,27,31,5,7,22
221,"M",10.5,5,12,30,2,1,0,1,0,20,22,27,31,5,7,22
221,"M",10.5,5,12,32,2,1,0,0,1,20,22,27,31,5,7,22
221,"M",10.5,5,12,34,2,0,0,1,0,20,22,27,31,5,7,22
221,"M",10.5,5,12,36,2,0,1,0,0,20,22,27,31,5,7,22
221,"M",10.5,5,12,39,2,1,0,0,1,20,22,27,31,5,7,22
221,"M",10.5,5,12,43,2,1,0,0,1,20,22,27,31,5,7,22
221,"M",10.5,5,12,45,2,1,0,0,1,20,22,27,31,5,7,22
221,"M",10.5,5,12,51,2,1,0,1,0,20,22,27,31,5,7,22
221,"M",10.5,5,12,53,2,1,0,0,1,20,22,27,31,5,7,22
221,"M",10.5,5,12,56,2,0,1,0,0,20,22,27,31,5,7,22
221,"M",10.5,5,12,58,2,0,0,1,0,20,22,27,31,5,7,22
221,"M",10.5,5,12,59,2,1,0,0,1,20,22,27,31,5,7,22
221,"M",10.5,5,12,60,2,0,0,0,1,20,22,27,31,5,7,22
222,"M",10.2,5,12,1,1,0,NA,NA,NA,40,6,36,15,10,6,16
222,"M",10.2,5,12,4,1,0,NA,NA,NA,40,6,36,15,10,6,16
222,"M",10.2,5,12,10,1,1,NA,NA,NA,40,6,36,15,10,6,16
222,"M",10.2,5,12,12,1,1,NA,NA,NA,40,6,36,15,10,6,16
222,"M",10.2,5,12,14,1,1,NA,NA,NA,40,6,36,15,10,6,16
222,"M",10.2,5,12,16,1,0,NA,NA,NA,40,6,36,15,10,6,16
222,"M",10.2,5,12,18,1,0,NA,NA,NA,40,6,36,15,10,6,16
222,"M",10.2,5,12,20,1,1,NA,NA,NA,40,6,36,15,10,6,16
222,"M",10.2,5,12,21,1,1,NA,NA,NA,40,6,36,15,10,6,16
222,"M",10.2,5,12,23,1,1,NA,NA,NA,40,6,36,15,10,6,16
222,"M",10.2,5,12,26,1,0,NA,NA,NA,40,6,36,15,10,6,16
222,"M",10.2,5,12,27,1,1,NA,NA,NA,40,6,36,15,10,6,16
222,"M",10.2,5,12,28,1,1,NA,NA,NA,40,6,36,15,10,6,16
222,"M",10.2,5,12,29,1,0,NA,NA,NA,40,6,36,15,10,6,16
222,"M",10.2,5,12,30,1,0,NA,NA,NA,40,6,36,15,10,6,16
222,"M",10.2,5,12,31,1,0,NA,NA,NA,40,6,36,15,10,6,16
222,"M",10.2,5,12,32,1,1,NA,NA,NA,40,6,36,15,10,6,16
222,"M",10.2,5,12,35,1,0,NA,NA,NA,40,6,36,15,10,6,16
222,"M",10.2,5,12,38,1,0,NA,NA,NA,40,6,36,15,10,6,16
222,"M",10.2,5,12,40,1,0,NA,NA,NA,40,6,36,15,10,6,16
222,"M",10.2,5,12,41,1,1,NA,NA,NA,40,6,36,15,10,6,16
222,"M",10.2,5,12,42,1,1,NA,NA,NA,40,6,36,15,10,6,16
222,"M",10.2,5,12,45,1,0,NA,NA,NA,40,6,36,15,10,6,16
222,"M",10.2,5,12,47,1,1,NA,NA,NA,40,6,36,15,10,6,16
222,"M",10.2,5,12,48,1,1,NA,NA,NA,40,6,36,15,10,6,16
222,"M",10.2,5,12,49,1,0,NA,NA,NA,40,6,36,15,10,6,16
222,"M",10.2,5,12,52,1,0,NA,NA,NA,40,6,36,15,10,6,16
222,"M",10.2,5,12,56,1,1,NA,NA,NA,40,6,36,15,10,6,16
222,"M",10.2,5,12,57,1,1,NA,NA,NA,40,6,36,15,10,6,16
222,"M",10.2,5,12,58,1,1,NA,NA,NA,40,6,36,15,10,6,16
222,"M",10.2,5,12,2,2,0,1,0,0,40,6,36,15,10,6,16
222,"M",10.2,5,12,3,2,0,1,0,0,40,6,36,15,10,6,16
222,"M",10.2,5,12,5,2,0,1,0,0,40,6,36,15,10,6,16
222,"M",10.2,5,12,6,2,0,1,0,0,40,6,36,15,10,6,16
222,"M",10.2,5,12,7,2,0,1,0,0,40,6,36,15,10,6,16
222,"M",10.2,5,12,8,2,0,1,0,0,40,6,36,15,10,6,16
222,"M",10.2,5,12,9,2,0,1,0,0,40,6,36,15,10,6,16
222,"M",10.2,5,12,11,2,0,1,0,0,40,6,36,15,10,6,16
222,"M",10.2,5,12,13,2,0,1,0,0,40,6,36,15,10,6,16
222,"M",10.2,5,12,15,2,0,1,0,0,40,6,36,15,10,6,16
222,"M",10.2,5,12,17,2,0,1,0,0,40,6,36,15,10,6,16
222,"M",10.2,5,12,19,2,0,1,0,0,40,6,36,15,10,6,16
222,"M",10.2,5,12,22,2,0,1,0,0,40,6,36,15,10,6,16
222,"M",10.2,5,12,24,2,0,1,0,0,40,6,36,15,10,6,16
222,"M",10.2,5,12,25,2,0,1,0,0,40,6,36,15,10,6,16
222,"M",10.2,5,12,33,2,0,1,0,0,40,6,36,15,10,6,16
222,"M",10.2,5,12,34,2,0,1,0,0,40,6,36,15,10,6,16
222,"M",10.2,5,12,36,2,0,1,0,0,40,6,36,15,10,6,16
222,"M",10.2,5,12,37,2,0,1,0,0,40,6,36,15,10,6,16
222,"M",10.2,5,12,39,2,0,1,0,0,40,6,36,15,10,6,16
222,"M",10.2,5,12,43,2,0,1,0,0,40,6,36,15,10,6,16
222,"M",10.2,5,12,44,2,0,1,0,0,40,6,36,15,10,6,16
222,"M",10.2,5,12,46,2,0,1,0,0,40,6,36,15,10,6,16
222,"M",10.2,5,12,50,2,0,1,0,0,40,6,36,15,10,6,16
222,"M",10.2,5,12,51,2,0,1,0,0,40,6,36,15,10,6,16
222,"M",10.2,5,12,53,2,0,1,0,0,40,6,36,15,10,6,16
222,"M",10.2,5,12,54,2,0,1,0,0,40,6,36,15,10,6,16
222,"M",10.2,5,12,55,2,0,1,0,0,40,6,36,15,10,6,16
222,"M",10.2,5,12,59,2,0,1,0,0,40,6,36,15,10,6,16
222,"M",10.2,5,12,60,2,0,1,0,0,40,6,36,15,10,6,16
223,"M",10.5,5,12,1,1,1,NA,NA,NA,42,8,33,16,8,4,20
223,"M",10.5,5,12,2,1,1,NA,NA,NA,42,8,33,16,8,4,20
223,"M",10.5,5,12,3,1,1,NA,NA,NA,42,8,33,16,8,4,20
223,"M",10.5,5,12,6,1,0,NA,NA,NA,42,8,33,16,8,4,20
223,"M",10.5,5,12,8,1,0,NA,NA,NA,42,8,33,16,8,4,20
223,"M",10.5,5,12,9,1,1,NA,NA,NA,42,8,33,16,8,4,20
223,"M",10.5,5,12,10,1,1,NA,NA,NA,42,8,33,16,8,4,20
223,"M",10.5,5,12,13,1,0,NA,NA,NA,42,8,33,16,8,4,20
223,"M",10.5,5,12,15,1,0,NA,NA,NA,42,8,33,16,8,4,20
223,"M",10.5,5,12,20,1,1,NA,NA,NA,42,8,33,16,8,4,20
223,"M",10.5,5,12,27,1,1,NA,NA,NA,42,8,33,16,8,4,20
223,"M",10.5,5,12,28,1,0,NA,NA,NA,42,8,33,16,8,4,20
223,"M",10.5,5,12,31,1,1,NA,NA,NA,42,8,33,16,8,4,20
223,"M",10.5,5,12,32,1,0,NA,NA,NA,42,8,33,16,8,4,20
223,"M",10.5,5,12,34,1,0,NA,NA,NA,42,8,33,16,8,4,20
223,"M",10.5,5,12,35,1,1,NA,NA,NA,42,8,33,16,8,4,20
223,"M",10.5,5,12,37,1,1,NA,NA,NA,42,8,33,16,8,4,20
223,"M",10.5,5,12,38,1,1,NA,NA,NA,42,8,33,16,8,4,20
223,"M",10.5,5,12,40,1,1,NA,NA,NA,42,8,33,16,8,4,20
223,"M",10.5,5,12,43,1,1,NA,NA,NA,42,8,33,16,8,4,20
223,"M",10.5,5,12,45,1,1,NA,NA,NA,42,8,33,16,8,4,20
223,"M",10.5,5,12,50,1,1,NA,NA,NA,42,8,33,16,8,4,20
223,"M",10.5,5,12,51,1,0,NA,NA,NA,42,8,33,16,8,4,20
223,"M",10.5,5,12,52,1,0,NA,NA,NA,42,8,33,16,8,4,20
223,"M",10.5,5,12,53,1,1,NA,NA,NA,42,8,33,16,8,4,20
223,"M",10.5,5,12,54,1,1,NA,NA,NA,42,8,33,16,8,4,20
223,"M",10.5,5,12,56,1,1,NA,NA,NA,42,8,33,16,8,4,20
223,"M",10.5,5,12,57,1,0,NA,NA,NA,42,8,33,16,8,4,20
223,"M",10.5,5,12,59,1,1,NA,NA,NA,42,8,33,16,8,4,20
223,"M",10.5,5,12,60,1,1,NA,NA,NA,42,8,33,16,8,4,20
223,"M",10.5,5,12,4,2,0,1,0,0,42,8,33,16,8,4,20
223,"M",10.5,5,12,5,2,0,1,0,0,42,8,33,16,8,4,20
223,"M",10.5,5,12,7,2,0,1,0,0,42,8,33,16,8,4,20
223,"M",10.5,5,12,11,2,0,1,0,0,42,8,33,16,8,4,20
223,"M",10.5,5,12,12,2,0,1,0,0,42,8,33,16,8,4,20
223,"M",10.5,5,12,14,2,0,0,1,0,42,8,33,16,8,4,20
223,"M",10.5,5,12,16,2,0,1,0,0,42,8,33,16,8,4,20
223,"M",10.5,5,12,17,2,0,1,0,0,42,8,33,16,8,4,20
223,"M",10.5,5,12,18,2,0,1,0,0,42,8,33,16,8,4,20
223,"M",10.5,5,12,19,2,0,1,0,0,42,8,33,16,8,4,20
223,"M",10.5,5,12,21,2,0,0,0,1,42,8,33,16,8,4,20
223,"M",10.5,5,12,22,2,0,1,0,0,42,8,33,16,8,4,20
223,"M",10.5,5,12,23,2,0,1,0,0,42,8,33,16,8,4,20
223,"M",10.5,5,12,24,2,0,1,0,0,42,8,33,16,8,4,20
223,"M",10.5,5,12,25,2,0,1,0,0,42,8,33,16,8,4,20
223,"M",10.5,5,12,26,2,0,1,0,0,42,8,33,16,8,4,20
223,"M",10.5,5,12,29,2,0,1,0,0,42,8,33,16,8,4,20
223,"M",10.5,5,12,30,2,0,1,0,0,42,8,33,16,8,4,20
223,"M",10.5,5,12,33,2,0,1,0,0,42,8,33,16,8,4,20
223,"M",10.5,5,12,36,2,1,0,1,0,42,8,33,16,8,4,20
223,"M",10.5,5,12,39,2,0,1,0,0,42,8,33,16,8,4,20
223,"M",10.5,5,12,41,2,0,1,0,0,42,8,33,16,8,4,20
223,"M",10.5,5,12,42,2,0,1,0,0,42,8,33,16,8,4,20
223,"M",10.5,5,12,44,2,0,1,0,0,42,8,33,16,8,4,20
223,"M",10.5,5,12,46,2,0,1,0,0,42,8,33,16,8,4,20
223,"M",10.5,5,12,47,2,0,1,0,0,42,8,33,16,8,4,20
223,"M",10.5,5,12,48,2,1,0,1,0,42,8,33,16,8,4,20
223,"M",10.5,5,12,49,2,0,1,0,0,42,8,33,16,8,4,20
223,"M",10.5,5,12,55,2,0,1,0,0,42,8,33,16,8,4,20
223,"M",10.5,5,12,58,2,0,1,0,0,42,8,33,16,8,4,20
224,"F",11,5,12,1,1,0,NA,NA,NA,20,9,15,27,6,10,19
224,"F",11,5,12,7,1,1,NA,NA,NA,20,9,15,27,6,10,19
224,"F",11,5,12,8,1,1,NA,NA,NA,20,9,15,27,6,10,19
224,"F",11,5,12,15,1,0,NA,NA,NA,20,9,15,27,6,10,19
224,"F",11,5,12,17,1,1,NA,NA,NA,20,9,15,27,6,10,19
224,"F",11,5,12,18,1,0,NA,NA,NA,20,9,15,27,6,10,19
224,"F",11,5,12,20,1,0,NA,NA,NA,20,9,15,27,6,10,19
224,"F",11,5,12,23,1,1,NA,NA,NA,20,9,15,27,6,10,19
224,"F",11,5,12,25,1,1,NA,NA,NA,20,9,15,27,6,10,19
224,"F",11,5,12,27,1,1,NA,NA,NA,20,9,15,27,6,10,19
224,"F",11,5,12,31,1,0,NA,NA,NA,20,9,15,27,6,10,19
224,"F",11,5,12,32,1,0,NA,NA,NA,20,9,15,27,6,10,19
224,"F",11,5,12,34,1,1,NA,NA,NA,20,9,15,27,6,10,19
224,"F",11,5,12,36,1,1,NA,NA,NA,20,9,15,27,6,10,19
224,"F",11,5,12,37,1,1,NA,NA,NA,20,9,15,27,6,10,19
224,"F",11,5,12,38,1,1,NA,NA,NA,20,9,15,27,6,10,19
224,"F",11,5,12,39,1,1,NA,NA,NA,20,9,15,27,6,10,19
224,"F",11,5,12,41,1,1,NA,NA,NA,20,9,15,27,6,10,19
224,"F",11,5,12,43,1,1,NA,NA,NA,20,9,15,27,6,10,19
224,"F",11,5,12,44,1,0,NA,NA,NA,20,9,15,27,6,10,19
224,"F",11,5,12,45,1,1,NA,NA,NA,20,9,15,27,6,10,19
224,"F",11,5,12,46,1,1,NA,NA,NA,20,9,15,27,6,10,19
224,"F",11,5,12,48,1,1,NA,NA,NA,20,9,15,27,6,10,19
224,"F",11,5,12,49,1,1,NA,NA,NA,20,9,15,27,6,10,19
224,"F",11,5,12,50,1,1,NA,NA,NA,20,9,15,27,6,10,19
224,"F",11,5,12,51,1,0,NA,NA,NA,20,9,15,27,6,10,19
224,"F",11,5,12,55,1,0,NA,NA,NA,20,9,15,27,6,10,19
224,"F",11,5,12,56,1,0,NA,NA,NA,20,9,15,27,6,10,19
224,"F",11,5,12,58,1,1,NA,NA,NA,20,9,15,27,6,10,19
224,"F",11,5,12,60,1,0,NA,NA,NA,20,9,15,27,6,10,19
224,"F",11,5,12,2,2,0,0,0,1,20,9,15,27,6,10,19
224,"F",11,5,12,3,2,0,0,1,0,20,9,15,27,6,10,19
224,"F",11,5,12,4,2,1,0,1,0,20,9,15,27,6,10,19
224,"F",11,5,12,5,2,1,0,0,1,20,9,15,27,6,10,19
224,"F",11,5,12,6,2,1,0,1,0,20,9,15,27,6,10,19
224,"F",11,5,12,9,2,1,0,1,0,20,9,15,27,6,10,19
224,"F",11,5,12,10,2,1,0,0,1,20,9,15,27,6,10,19
224,"F",11,5,12,11,2,1,0,1,0,20,9,15,27,6,10,19
224,"F",11,5,12,12,2,0,0,1,0,20,9,15,27,6,10,19
224,"F",11,5,12,13,2,0,0,0,1,20,9,15,27,6,10,19
224,"F",11,5,12,14,2,0,0,0,1,20,9,15,27,6,10,19
224,"F",11,5,12,16,2,0,0,1,0,20,9,15,27,6,10,19
224,"F",11,5,12,19,2,0,0,0,1,20,9,15,27,6,10,19
224,"F",11,5,12,21,2,0,0,1,0,20,9,15,27,6,10,19
224,"F",11,5,12,22,2,0,0,1,0,20,9,15,27,6,10,19
224,"F",11,5,12,24,2,1,0,1,0,20,9,15,27,6,10,19
224,"F",11,5,12,26,2,1,0,1,0,20,9,15,27,6,10,19
224,"F",11,5,12,28,2,1,0,0,1,20,9,15,27,6,10,19
224,"F",11,5,12,29,2,1,0,0,1,20,9,15,27,6,10,19
224,"F",11,5,12,30,2,1,0,0,1,20,9,15,27,6,10,19
224,"F",11,5,12,33,2,0,0,1,0,20,9,15,27,6,10,19
224,"F",11,5,12,35,2,0,0,1,0,20,9,15,27,6,10,19
224,"F",11,5,12,40,2,1,0,1,0,20,9,15,27,6,10,19
224,"F",11,5,12,42,2,0,1,0,0,20,9,15,27,6,10,19
224,"F",11,5,12,47,2,1,0,1,0,20,9,15,27,6,10,19
224,"F",11,5,12,52,2,1,0,1,0,20,9,15,27,6,10,19
224,"F",11,5,12,53,2,1,0,1,0,20,9,15,27,6,10,19
224,"F",11,5,12,54,2,1,0,0,1,20,9,15,27,6,10,19
224,"F",11,5,12,57,2,1,0,0,1,20,9,15,27,6,10,19
224,"F",11,5,12,59,2,0,1,0,0,20,9,15,27,6,10,19
225,"M",10.3,5,12,1,1,1,NA,NA,NA,23,20,12,37,9,9,28
225,"M",10.3,5,12,3,1,1,NA,NA,NA,23,20,12,37,9,9,28
225,"M",10.3,5,12,11,1,1,NA,NA,NA,23,20,12,37,9,9,28
225,"M",10.3,5,12,14,1,1,NA,NA,NA,23,20,12,37,9,9,28
225,"M",10.3,5,12,16,1,1,NA,NA,NA,23,20,12,37,9,9,28
225,"M",10.3,5,12,19,1,1,NA,NA,NA,23,20,12,37,9,9,28
225,"M",10.3,5,12,20,1,1,NA,NA,NA,23,20,12,37,9,9,28
225,"M",10.3,5,12,22,1,1,NA,NA,NA,23,20,12,37,9,9,28
225,"M",10.3,5,12,25,1,1,NA,NA,NA,23,20,12,37,9,9,28
225,"M",10.3,5,12,26,1,1,NA,NA,NA,23,20,12,37,9,9,28
225,"M",10.3,5,12,31,1,1,NA,NA,NA,23,20,12,37,9,9,28
225,"M",10.3,5,12,33,1,1,NA,NA,NA,23,20,12,37,9,9,28
225,"M",10.3,5,12,35,1,1,NA,NA,NA,23,20,12,37,9,9,28
225,"M",10.3,5,12,36,1,1,NA,NA,NA,23,20,12,37,9,9,28
225,"M",10.3,5,12,38,1,1,NA,NA,NA,23,20,12,37,9,9,28
225,"M",10.3,5,12,40,1,1,NA,NA,NA,23,20,12,37,9,9,28
225,"M",10.3,5,12,41,1,0,NA,NA,NA,23,20,12,37,9,9,28
225,"M",10.3,5,12,42,1,1,NA,NA,NA,23,20,12,37,9,9,28
225,"M",10.3,5,12,46,1,1,NA,NA,NA,23,20,12,37,9,9,28
225,"M",10.3,5,12,49,1,1,NA,NA,NA,23,20,12,37,9,9,28
225,"M",10.3,5,12,50,1,1,NA,NA,NA,23,20,12,37,9,9,28
225,"M",10.3,5,12,51,1,0,NA,NA,NA,23,20,12,37,9,9,28
225,"M",10.3,5,12,52,1,1,NA,NA,NA,23,20,12,37,9,9,28
225,"M",10.3,5,12,53,1,1,NA,NA,NA,23,20,12,37,9,9,28
225,"M",10.3,5,12,54,1,1,NA,NA,NA,23,20,12,37,9,9,28
225,"M",10.3,5,12,56,1,1,NA,NA,NA,23,20,12,37,9,9,28
225,"M",10.3,5,12,57,1,1,NA,NA,NA,23,20,12,37,9,9,28
225,"M",10.3,5,12,58,1,1,NA,NA,NA,23,20,12,37,9,9,28
225,"M",10.3,5,12,59,1,1,NA,NA,NA,23,20,12,37,9,9,28
225,"M",10.3,5,12,60,1,1,NA,NA,NA,23,20,12,37,9,9,28
225,"M",10.3,5,12,2,2,1,0,0,1,23,20,12,37,9,9,28
225,"M",10.3,5,12,4,2,1,0,1,0,23,20,12,37,9,9,28
225,"M",10.3,5,12,5,2,1,0,0,1,23,20,12,37,9,9,28
225,"M",10.3,5,12,6,2,1,0,1,0,23,20,12,37,9,9,28
225,"M",10.3,5,12,7,2,1,0,0,1,23,20,12,37,9,9,28
225,"M",10.3,5,12,8,2,1,0,0,1,23,20,12,37,9,9,28
225,"M",10.3,5,12,9,2,1,0,0,1,23,20,12,37,9,9,28
225,"M",10.3,5,12,10,2,1,0,1,0,23,20,12,37,9,9,28
225,"M",10.3,5,12,12,2,1,0,0,1,23,20,12,37,9,9,28
225,"M",10.3,5,12,13,2,1,0,1,0,23,20,12,37,9,9,28
225,"M",10.3,5,12,15,2,1,0,1,0,23,20,12,37,9,9,28
225,"M",10.3,5,12,17,2,1,0,1,0,23,20,12,37,9,9,28
225,"M",10.3,5,12,18,2,0,0,0,1,23,20,12,37,9,9,28
225,"M",10.3,5,12,21,2,1,0,1,0,23,20,12,37,9,9,28
225,"M",10.3,5,12,23,2,1,0,1,0,23,20,12,37,9,9,28
225,"M",10.3,5,12,24,2,1,0,1,0,23,20,12,37,9,9,28
225,"M",10.3,5,12,27,2,1,0,0,1,23,20,12,37,9,9,28
225,"M",10.3,5,12,28,2,0,0,1,0,23,20,12,37,9,9,28
225,"M",10.3,5,12,29,2,1,0,1,0,23,20,12,37,9,9,28
225,"M",10.3,5,12,30,2,1,0,1,0,23,20,12,37,9,9,28
225,"M",10.3,5,12,32,2,1,0,0,1,23,20,12,37,9,9,28
225,"M",10.3,5,12,34,2,1,0,1,0,23,20,12,37,9,9,28
225,"M",10.3,5,12,37,2,1,0,1,0,23,20,12,37,9,9,28
225,"M",10.3,5,12,39,2,1,0,0,1,23,20,12,37,9,9,28
225,"M",10.3,5,12,43,2,1,0,1,0,23,20,12,37,9,9,28
225,"M",10.3,5,12,44,2,1,0,1,0,23,20,12,37,9,9,28
225,"M",10.3,5,12,45,2,1,0,0,1,23,20,12,37,9,9,28
225,"M",10.3,5,12,47,2,1,0,0,1,23,20,12,37,9,9,28
225,"M",10.3,5,12,48,2,1,0,0,1,23,20,12,37,9,9,28
225,"M",10.3,5,12,55,2,1,0,1,0,23,20,12,37,9,9,28
226,"M",10.8,5,12,2,1,1,NA,NA,NA,43,5,38,15,12,6,21
226,"M",10.8,5,12,6,1,1,NA,NA,NA,43,5,38,15,12,6,21
226,"M",10.8,5,12,10,1,1,NA,NA,NA,43,5,38,15,12,6,21
226,"M",10.8,5,12,11,1,1,NA,NA,NA,43,5,38,15,12,6,21
226,"M",10.8,5,12,12,1,0,NA,NA,NA,43,5,38,15,12,6,21
226,"M",10.8,5,12,14,1,1,NA,NA,NA,43,5,38,15,12,6,21
226,"M",10.8,5,12,16,1,1,NA,NA,NA,43,5,38,15,12,6,21
226,"M",10.8,5,12,17,1,1,NA,NA,NA,43,5,38,15,12,6,21
226,"M",10.8,5,12,19,1,1,NA,NA,NA,43,5,38,15,12,6,21
226,"M",10.8,5,12,22,1,1,NA,NA,NA,43,5,38,15,12,6,21
226,"M",10.8,5,12,25,1,1,NA,NA,NA,43,5,38,15,12,6,21
226,"M",10.8,5,12,26,1,0,NA,NA,NA,43,5,38,15,12,6,21
226,"M",10.8,5,12,27,1,1,NA,NA,NA,43,5,38,15,12,6,21
226,"M",10.8,5,12,28,1,1,NA,NA,NA,43,5,38,15,12,6,21
226,"M",10.8,5,12,34,1,0,NA,NA,NA,43,5,38,15,12,6,21
226,"M",10.8,5,12,35,1,1,NA,NA,NA,43,5,38,15,12,6,21
226,"M",10.8,5,12,36,1,1,NA,NA,NA,43,5,38,15,12,6,21
226,"M",10.8,5,12,37,1,0,NA,NA,NA,43,5,38,15,12,6,21
226,"M",10.8,5,12,38,1,0,NA,NA,NA,43,5,38,15,12,6,21
226,"M",10.8,5,12,39,1,1,NA,NA,NA,43,5,38,15,12,6,21
226,"M",10.8,5,12,41,1,0,NA,NA,NA,43,5,38,15,12,6,21
226,"M",10.8,5,12,44,1,1,NA,NA,NA,43,5,38,15,12,6,21
226,"M",10.8,5,12,45,1,1,NA,NA,NA,43,5,38,15,12,6,21
226,"M",10.8,5,12,46,1,1,NA,NA,NA,43,5,38,15,12,6,21
226,"M",10.8,5,12,48,1,0,NA,NA,NA,43,5,38,15,12,6,21
226,"M",10.8,5,12,50,1,1,NA,NA,NA,43,5,38,15,12,6,21
226,"M",10.8,5,12,52,1,1,NA,NA,NA,43,5,38,15,12,6,21
226,"M",10.8,5,12,55,1,0,NA,NA,NA,43,5,38,15,12,6,21
226,"M",10.8,5,12,56,1,1,NA,NA,NA,43,5,38,15,12,6,21
226,"M",10.8,5,12,57,1,0,NA,NA,NA,43,5,38,15,12,6,21
226,"M",10.8,5,12,1,2,0,1,0,0,43,5,38,15,12,6,21
226,"M",10.8,5,12,3,2,0,1,0,0,43,5,38,15,12,6,21
226,"M",10.8,5,12,4,2,0,1,0,0,43,5,38,15,12,6,21
226,"M",10.8,5,12,5,2,0,1,0,0,43,5,38,15,12,6,21
226,"M",10.8,5,12,7,2,0,1,0,0,43,5,38,15,12,6,21
226,"M",10.8,5,12,8,2,0,1,0,0,43,5,38,15,12,6,21
226,"M",10.8,5,12,9,2,0,1,0,0,43,5,38,15,12,6,21
226,"M",10.8,5,12,13,2,0,1,0,0,43,5,38,15,12,6,21
226,"M",10.8,5,12,15,2,0,1,0,0,43,5,38,15,12,6,21
226,"M",10.8,5,12,18,2,0,1,0,0,43,5,38,15,12,6,21
226,"M",10.8,5,12,20,2,0,1,0,0,43,5,38,15,12,6,21
226,"M",10.8,5,12,21,2,0,1,0,0,43,5,38,15,12,6,21
226,"M",10.8,5,12,23,2,0,1,0,0,43,5,38,15,12,6,21
226,"M",10.8,5,12,24,2,0,1,0,0,43,5,38,15,12,6,21
226,"M",10.8,5,12,29,2,0,1,0,0,43,5,38,15,12,6,21
226,"M",10.8,5,12,30,2,0,1,0,0,43,5,38,15,12,6,21
226,"M",10.8,5,12,31,2,0,1,0,0,43,5,38,15,12,6,21
226,"M",10.8,5,12,32,2,0,1,0,0,43,5,38,15,12,6,21
226,"M",10.8,5,12,33,2,0,0,1,0,43,5,38,15,12,6,21
226,"M",10.8,5,12,40,2,0,1,0,0,43,5,38,15,12,6,21
226,"M",10.8,5,12,42,2,0,1,0,0,43,5,38,15,12,6,21
226,"M",10.8,5,12,43,2,0,1,0,0,43,5,38,15,12,6,21
226,"M",10.8,5,12,47,2,0,1,0,0,43,5,38,15,12,6,21
226,"M",10.8,5,12,49,2,0,1,0,0,43,5,38,15,12,6,21
226,"M",10.8,5,12,51,2,0,1,0,0,43,5,38,15,12,6,21
226,"M",10.8,5,12,53,2,1,0,1,0,43,5,38,15,12,6,21
226,"M",10.8,5,12,54,2,0,1,0,0,43,5,38,15,12,6,21
226,"M",10.8,5,12,58,2,0,1,0,0,43,5,38,15,12,6,21
226,"M",10.8,5,12,59,2,0,1,0,0,43,5,38,15,12,6,21
226,"M",10.8,5,12,60,2,0,0,1,0,43,5,38,15,12,6,21
227,"M",10.3,5,12,3,1,1,NA,NA,NA,32,17,21,30,11,5,7
227,"M",10.3,5,12,4,1,0,NA,NA,NA,32,17,21,30,11,5,7
227,"M",10.3,5,12,8,1,0,NA,NA,NA,32,17,21,30,11,5,7
227,"M",10.3,5,12,9,1,0,NA,NA,NA,32,17,21,30,11,5,7
227,"M",10.3,5,12,10,1,1,NA,NA,NA,32,17,21,30,11,5,7
227,"M",10.3,5,12,13,1,0,NA,NA,NA,32,17,21,30,11,5,7
227,"M",10.3,5,12,14,1,0,NA,NA,NA,32,17,21,30,11,5,7
227,"M",10.3,5,12,15,1,0,NA,NA,NA,32,17,21,30,11,5,7
227,"M",10.3,5,12,16,1,0,NA,NA,NA,32,17,21,30,11,5,7
227,"M",10.3,5,12,18,1,1,NA,NA,NA,32,17,21,30,11,5,7
227,"M",10.3,5,12,21,1,0,NA,NA,NA,32,17,21,30,11,5,7
227,"M",10.3,5,12,23,1,0,NA,NA,NA,32,17,21,30,11,5,7
227,"M",10.3,5,12,24,1,0,NA,NA,NA,32,17,21,30,11,5,7
227,"M",10.3,5,12,25,1,0,NA,NA,NA,32,17,21,30,11,5,7
227,"M",10.3,5,12,26,1,0,NA,NA,NA,32,17,21,30,11,5,7
227,"M",10.3,5,12,27,1,0,NA,NA,NA,32,17,21,30,11,5,7
227,"M",10.3,5,12,30,1,0,NA,NA,NA,32,17,21,30,11,5,7
227,"M",10.3,5,12,31,1,0,NA,NA,NA,32,17,21,30,11,5,7
227,"M",10.3,5,12,33,1,0,NA,NA,NA,32,17,21,30,11,5,7
227,"M",10.3,5,12,34,1,0,NA,NA,NA,32,17,21,30,11,5,7
227,"M",10.3,5,12,37,1,0,NA,NA,NA,32,17,21,30,11,5,7
227,"M",10.3,5,12,41,1,1,NA,NA,NA,32,17,21,30,11,5,7
227,"M",10.3,5,12,43,1,1,NA,NA,NA,32,17,21,30,11,5,7
227,"M",10.3,5,12,45,1,1,NA,NA,NA,32,17,21,30,11,5,7
227,"M",10.3,5,12,48,1,0,NA,NA,NA,32,17,21,30,11,5,7
227,"M",10.3,5,12,50,1,1,NA,NA,NA,32,17,21,30,11,5,7
227,"M",10.3,5,12,53,1,0,NA,NA,NA,32,17,21,30,11,5,7
227,"M",10.3,5,12,54,1,0,NA,NA,NA,32,17,21,30,11,5,7
227,"M",10.3,5,12,56,1,0,NA,NA,NA,32,17,21,30,11,5,7
227,"M",10.3,5,12,57,1,0,NA,NA,NA,32,17,21,30,11,5,7
227,"M",10.3,5,12,1,2,1,0,1,0,32,17,21,30,11,5,7
227,"M",10.3,5,12,2,2,0,0,1,0,32,17,21,30,11,5,7
227,"M",10.3,5,12,5,2,0,0,1,0,32,17,21,30,11,5,7
227,"M",10.3,5,12,6,2,0,1,0,0,32,17,21,30,11,5,7
227,"M",10.3,5,12,7,2,0,1,0,0,32,17,21,30,11,5,7
227,"M",10.3,5,12,11,2,1,0,0,1,32,17,21,30,11,5,7
227,"M",10.3,5,12,12,2,1,0,1,0,32,17,21,30,11,5,7
227,"M",10.3,5,12,17,2,0,1,0,0,32,17,21,30,11,5,7
227,"M",10.3,5,12,19,2,0,0,0,1,32,17,21,30,11,5,7
227,"M",10.3,5,12,20,2,0,0,1,0,32,17,21,30,11,5,7
227,"M",10.3,5,12,22,2,0,0,1,0,32,17,21,30,11,5,7
227,"M",10.3,5,12,28,2,0,0,1,0,32,17,21,30,11,5,7
227,"M",10.3,5,12,29,2,0,0,1,0,32,17,21,30,11,5,7
227,"M",10.3,5,12,32,2,0,0,0,1,32,17,21,30,11,5,7
227,"M",10.3,5,12,35,2,0,0,0,1,32,17,21,30,11,5,7
227,"M",10.3,5,12,36,2,0,0,1,0,32,17,21,30,11,5,7
227,"M",10.3,5,12,38,2,1,0,1,0,32,17,21,30,11,5,7
227,"M",10.3,5,12,39,2,0,1,0,0,32,17,21,30,11,5,7
227,"M",10.3,5,12,40,2,1,0,0,1,32,17,21,30,11,5,7
227,"M",10.3,5,12,42,2,1,0,0,1,32,17,21,30,11,5,7
227,"M",10.3,5,12,44,2,0,1,0,0,32,17,21,30,11,5,7
227,"M",10.3,5,12,46,2,1,0,1,0,32,17,21,30,11,5,7
227,"M",10.3,5,12,47,2,0,1,0,0,32,17,21,30,11,5,7
227,"M",10.3,5,12,49,2,1,0,0,1,32,17,21,30,11,5,7
227,"M",10.3,5,12,51,2,0,1,0,0,32,17,21,30,11,5,7
227,"M",10.3,5,12,52,2,0,0,0,1,32,17,21,30,11,5,7
227,"M",10.3,5,12,55,2,0,0,0,1,32,17,21,30,11,5,7
227,"M",10.3,5,12,58,2,0,0,1,0,32,17,21,30,11,5,7
227,"M",10.3,5,12,59,2,0,0,1,0,32,17,21,30,11,5,7
227,"M",10.3,5,12,60,2,0,1,0,0,32,17,21,30,11,5,7
228,"F",10.2,5,12,2,1,0,NA,NA,NA,28,13,20,15,9,10,12
228,"F",10.2,5,12,3,1,1,NA,NA,NA,28,13,20,15,9,10,12
228,"F",10.2,5,12,4,1,0,NA,NA,NA,28,13,20,15,9,10,12
228,"F",10.2,5,12,8,1,1,NA,NA,NA,28,13,20,15,9,10,12
228,"F",10.2,5,12,9,1,0,NA,NA,NA,28,13,20,15,9,10,12
228,"F",10.2,5,12,14,1,0,NA,NA,NA,28,13,20,15,9,10,12
228,"F",10.2,5,12,15,1,0,NA,NA,NA,28,13,20,15,9,10,12
228,"F",10.2,5,12,17,1,1,NA,NA,NA,28,13,20,15,9,10,12
228,"F",10.2,5,12,19,1,0,NA,NA,NA,28,13,20,15,9,10,12
228,"F",10.2,5,12,21,1,0,NA,NA,NA,28,13,20,15,9,10,12
228,"F",10.2,5,12,22,1,0,NA,NA,NA,28,13,20,15,9,10,12
228,"F",10.2,5,12,23,1,0,NA,NA,NA,28,13,20,15,9,10,12
228,"F",10.2,5,12,24,1,0,NA,NA,NA,28,13,20,15,9,10,12
228,"F",10.2,5,12,25,1,1,NA,NA,NA,28,13,20,15,9,10,12
228,"F",10.2,5,12,29,1,0,NA,NA,NA,28,13,20,15,9,10,12
228,"F",10.2,5,12,30,1,1,NA,NA,NA,28,13,20,15,9,10,12
228,"F",10.2,5,12,32,1,0,NA,NA,NA,28,13,20,15,9,10,12
228,"F",10.2,5,12,37,1,0,NA,NA,NA,28,13,20,15,9,10,12
228,"F",10.2,5,12,40,1,1,NA,NA,NA,28,13,20,15,9,10,12
228,"F",10.2,5,12,42,1,1,NA,NA,NA,28,13,20,15,9,10,12
228,"F",10.2,5,12,44,1,0,NA,NA,NA,28,13,20,15,9,10,12
228,"F",10.2,5,12,46,1,1,NA,NA,NA,28,13,20,15,9,10,12
228,"F",10.2,5,12,47,1,1,NA,NA,NA,28,13,20,15,9,10,12
228,"F",10.2,5,12,53,1,1,NA,NA,NA,28,13,20,15,9,10,12
228,"F",10.2,5,12,54,1,0,NA,NA,NA,28,13,20,15,9,10,12
228,"F",10.2,5,12,55,1,0,NA,NA,NA,28,13,20,15,9,10,12
228,"F",10.2,5,12,56,1,1,NA,NA,NA,28,13,20,15,9,10,12
228,"F",10.2,5,12,57,1,0,NA,NA,NA,28,13,20,15,9,10,12
228,"F",10.2,5,12,58,1,0,NA,NA,NA,28,13,20,15,9,10,12
228,"F",10.2,5,12,59,1,1,NA,NA,NA,28,13,20,15,9,10,12
228,"F",10.2,5,12,1,2,0,0,0,1,28,13,20,15,9,10,12
228,"F",10.2,5,12,5,2,0,0,0,1,28,13,20,15,9,10,12
228,"F",10.2,5,12,6,2,0,1,0,0,28,13,20,15,9,10,12
228,"F",10.2,5,12,7,2,1,0,1,0,28,13,20,15,9,10,12
228,"F",10.2,5,12,10,2,1,0,0,1,28,13,20,15,9,10,12
228,"F",10.2,5,12,11,2,1,0,0,1,28,13,20,15,9,10,12
228,"F",10.2,5,12,12,2,0,1,0,0,28,13,20,15,9,10,12
228,"F",10.2,5,12,13,2,0,1,0,0,28,13,20,15,9,10,12
228,"F",10.2,5,12,16,2,0,1,0,0,28,13,20,15,9,10,12
228,"F",10.2,5,12,18,2,0,0,1,0,28,13,20,15,9,10,12
228,"F",10.2,5,12,20,2,1,0,1,0,28,13,20,15,9,10,12
228,"F",10.2,5,12,26,2,0,1,0,0,28,13,20,15,9,10,12
228,"F",10.2,5,12,27,2,1,0,1,0,28,13,20,15,9,10,12
228,"F",10.2,5,12,28,2,0,0,1,0,28,13,20,15,9,10,12
228,"F",10.2,5,12,31,2,0,1,0,0,28,13,20,15,9,10,12
228,"F",10.2,5,12,33,2,0,0,0,1,28,13,20,15,9,10,12
228,"F",10.2,5,12,34,2,0,1,0,0,28,13,20,15,9,10,12
228,"F",10.2,5,12,35,2,0,1,0,0,28,13,20,15,9,10,12
228,"F",10.2,5,12,36,2,0,0,1,0,28,13,20,15,9,10,12
228,"F",10.2,5,12,38,2,1,0,1,0,28,13,20,15,9,10,12
228,"F",10.2,5,12,39,2,1,0,1,0,28,13,20,15,9,10,12
228,"F",10.2,5,12,41,2,0,0,1,0,28,13,20,15,9,10,12
228,"F",10.2,5,12,43,2,1,0,0,1,28,13,20,15,9,10,12
228,"F",10.2,5,12,45,2,1,0,0,1,28,13,20,15,9,10,12
228,"F",10.2,5,12,48,2,0,0,1,0,28,13,20,15,9,10,12
228,"F",10.2,5,12,49,2,0,0,1,0,28,13,20,15,9,10,12
228,"F",10.2,5,12,50,2,1,0,0,1,28,13,20,15,9,10,12
228,"F",10.2,5,12,51,2,0,0,0,1,28,13,20,15,9,10,12
228,"F",10.2,5,12,52,2,0,1,0,0,28,13,20,15,9,10,12
228,"F",10.2,5,12,60,2,0,0,1,0,28,13,20,15,9,10,12
229,"M",10,5,12,1,1,1,NA,NA,NA,24,20,37,35,9,9,14
229,"M",10,5,12,2,1,0,NA,NA,NA,24,20,37,35,9,9,14
229,"M",10,5,12,4,1,0,NA,NA,NA,24,20,37,35,9,9,14
229,"M",10,5,12,5,1,0,NA,NA,NA,24,20,37,35,9,9,14
229,"M",10,5,12,7,1,0,NA,NA,NA,24,20,37,35,9,9,14
229,"M",10,5,12,10,1,1,NA,NA,NA,24,20,37,35,9,9,14
229,"M",10,5,12,11,1,1,NA,NA,NA,24,20,37,35,9,9,14
229,"M",10,5,12,13,1,0,NA,NA,NA,24,20,37,35,9,9,14
229,"M",10,5,12,15,1,0,NA,NA,NA,24,20,37,35,9,9,14
229,"M",10,5,12,17,1,1,NA,NA,NA,24,20,37,35,9,9,14
229,"M",10,5,12,18,1,1,NA,NA,NA,24,20,37,35,9,9,14
229,"M",10,5,12,21,1,0,NA,NA,NA,24,20,37,35,9,9,14
229,"M",10,5,12,23,1,0,NA,NA,NA,24,20,37,35,9,9,14
229,"M",10,5,12,27,1,1,NA,NA,NA,24,20,37,35,9,9,14
229,"M",10,5,12,30,1,0,NA,NA,NA,24,20,37,35,9,9,14
229,"M",10,5,12,31,1,0,NA,NA,NA,24,20,37,35,9,9,14
229,"M",10,5,12,34,1,1,NA,NA,NA,24,20,37,35,9,9,14
229,"M",10,5,12,35,1,0,NA,NA,NA,24,20,37,35,9,9,14
229,"M",10,5,12,41,1,0,NA,NA,NA,24,20,37,35,9,9,14
229,"M",10,5,12,43,1,0,NA,NA,NA,24,20,37,35,9,9,14
229,"M",10,5,12,44,1,1,NA,NA,NA,24,20,37,35,9,9,14
229,"M",10,5,12,48,1,1,NA,NA,NA,24,20,37,35,9,9,14
229,"M",10,5,12,49,1,1,NA,NA,NA,24,20,37,35,9,9,14
229,"M",10,5,12,52,1,1,NA,NA,NA,24,20,37,35,9,9,14
229,"M",10,5,12,53,1,1,NA,NA,NA,24,20,37,35,9,9,14
229,"M",10,5,12,54,1,0,NA,NA,NA,24,20,37,35,9,9,14
229,"M",10,5,12,55,1,0,NA,NA,NA,24,20,37,35,9,9,14
229,"M",10,5,12,56,1,1,NA,NA,NA,24,20,37,35,9,9,14
229,"M",10,5,12,57,1,0,NA,NA,NA,24,20,37,35,9,9,14
229,"M",10,5,12,58,1,1,NA,NA,NA,24,20,37,35,9,9,14
229,"M",10,5,12,3,2,0,1,0,0,24,20,37,35,9,9,14
229,"M",10,5,12,6,2,0,1,0,0,24,20,37,35,9,9,14
229,"M",10,5,12,8,2,0,0,1,0,24,20,37,35,9,9,14
229,"M",10,5,12,9,2,1,0,0,1,24,20,37,35,9,9,14
229,"M",10,5,12,12,2,0,1,0,0,24,20,37,35,9,9,14
229,"M",10,5,12,14,2,0,0,0,1,24,20,37,35,9,9,14
229,"M",10,5,12,16,2,0,1,0,0,24,20,37,35,9,9,14
229,"M",10,5,12,19,2,0,1,0,0,24,20,37,35,9,9,14
229,"M",10,5,12,20,2,1,0,0,1,24,20,37,35,9,9,14
229,"M",10,5,12,22,2,0,1,0,0,24,20,37,35,9,9,14
229,"M",10,5,12,24,2,0,1,0,0,24,20,37,35,9,9,14
229,"M",10,5,12,25,2,1,0,0,1,24,20,37,35,9,9,14
229,"M",10,5,12,26,2,0,0,1,0,24,20,37,35,9,9,14
229,"M",10,5,12,28,2,0,1,0,0,24,20,37,35,9,9,14
229,"M",10,5,12,29,2,0,1,0,0,24,20,37,35,9,9,14
229,"M",10,5,12,32,2,0,1,0,0,24,20,37,35,9,9,14
229,"M",10,5,12,33,2,0,0,1,0,24,20,37,35,9,9,14
229,"M",10,5,12,36,2,1,0,1,0,24,20,37,35,9,9,14
229,"M",10,5,12,37,2,0,1,0,0,24,20,37,35,9,9,14
229,"M",10,5,12,38,2,0,1,0,0,24,20,37,35,9,9,14
229,"M",10,5,12,39,2,0,1,0,0,24,20,37,35,9,9,14
229,"M",10,5,12,40,2,0,1,0,0,24,20,37,35,9,9,14
229,"M",10,5,12,42,2,0,1,0,0,24,20,37,35,9,9,14
229,"M",10,5,12,45,2,1,0,0,1,24,20,37,35,9,9,14
229,"M",10,5,12,46,2,0,1,0,0,24,20,37,35,9,9,14
229,"M",10,5,12,47,2,1,0,1,0,24,20,37,35,9,9,14
229,"M",10,5,12,50,2,0,1,0,0,24,20,37,35,9,9,14
229,"M",10,5,12,51,2,1,0,0,1,24,20,37,35,9,9,14
229,"M",10,5,12,59,2,0,1,0,0,24,20,37,35,9,9,14
229,"M",10,5,12,60,2,0,0,1,0,24,20,37,35,9,9,14
230,"M",10.2,5,12,1,1,0,NA,NA,NA,43,7,30,21,10,8,5
230,"M",10.2,5,12,5,1,0,NA,NA,NA,43,7,30,21,10,8,5
230,"M",10.2,5,12,6,1,0,NA,NA,NA,43,7,30,21,10,8,5
230,"M",10.2,5,12,11,1,0,NA,NA,NA,43,7,30,21,10,8,5
230,"M",10.2,5,12,13,1,0,NA,NA,NA,43,7,30,21,10,8,5
230,"M",10.2,5,12,15,1,0,NA,NA,NA,43,7,30,21,10,8,5
230,"M",10.2,5,12,16,1,0,NA,NA,NA,43,7,30,21,10,8,5
230,"M",10.2,5,12,17,1,0,NA,NA,NA,43,7,30,21,10,8,5
230,"M",10.2,5,12,20,1,0,NA,NA,NA,43,7,30,21,10,8,5
230,"M",10.2,5,12,22,1,0,NA,NA,NA,43,7,30,21,10,8,5
230,"M",10.2,5,12,25,1,0,NA,NA,NA,43,7,30,21,10,8,5
230,"M",10.2,5,12,27,1,1,NA,NA,NA,43,7,30,21,10,8,5
230,"M",10.2,5,12,28,1,0,NA,NA,NA,43,7,30,21,10,8,5
230,"M",10.2,5,12,29,1,0,NA,NA,NA,43,7,30,21,10,8,5
230,"M",10.2,5,12,34,1,0,NA,NA,NA,43,7,30,21,10,8,5
230,"M",10.2,5,12,35,1,0,NA,NA,NA,43,7,30,21,10,8,5
230,"M",10.2,5,12,37,1,1,NA,NA,NA,43,7,30,21,10,8,5
230,"M",10.2,5,12,39,1,1,NA,NA,NA,43,7,30,21,10,8,5
230,"M",10.2,5,12,40,1,0,NA,NA,NA,43,7,30,21,10,8,5
230,"M",10.2,5,12,41,1,0,NA,NA,NA,43,7,30,21,10,8,5
230,"M",10.2,5,12,42,1,0,NA,NA,NA,43,7,30,21,10,8,5
230,"M",10.2,5,12,43,1,1,NA,NA,NA,43,7,30,21,10,8,5
230,"M",10.2,5,12,44,1,0,NA,NA,NA,43,7,30,21,10,8,5
230,"M",10.2,5,12,48,1,0,NA,NA,NA,43,7,30,21,10,8,5
230,"M",10.2,5,12,51,1,0,NA,NA,NA,43,7,30,21,10,8,5
230,"M",10.2,5,12,53,1,0,NA,NA,NA,43,7,30,21,10,8,5
230,"M",10.2,5,12,54,1,0,NA,NA,NA,43,7,30,21,10,8,5
230,"M",10.2,5,12,58,1,0,NA,NA,NA,43,7,30,21,10,8,5
230,"M",10.2,5,12,59,1,1,NA,NA,NA,43,7,30,21,10,8,5
230,"M",10.2,5,12,60,1,0,NA,NA,NA,43,7,30,21,10,8,5
230,"M",10.2,5,12,2,2,0,1,0,0,43,7,30,21,10,8,5
230,"M",10.2,5,12,3,2,0,1,0,0,43,7,30,21,10,8,5
230,"M",10.2,5,12,4,2,0,1,0,0,43,7,30,21,10,8,5
230,"M",10.2,5,12,7,2,0,1,0,0,43,7,30,21,10,8,5
230,"M",10.2,5,12,8,2,0,1,0,0,43,7,30,21,10,8,5
230,"M",10.2,5,12,9,2,0,1,0,0,43,7,30,21,10,8,5
230,"M",10.2,5,12,10,2,0,1,0,0,43,7,30,21,10,8,5
230,"M",10.2,5,12,12,2,0,1,0,0,43,7,30,21,10,8,5
230,"M",10.2,5,12,14,2,0,1,0,0,43,7,30,21,10,8,5
230,"M",10.2,5,12,18,2,0,1,0,0,43,7,30,21,10,8,5
230,"M",10.2,5,12,19,2,0,1,0,0,43,7,30,21,10,8,5
230,"M",10.2,5,12,21,2,1,0,1,0,43,7,30,21,10,8,5
230,"M",10.2,5,12,23,2,0,1,0,0,43,7,30,21,10,8,5
230,"M",10.2,5,12,24,2,0,0,1,0,43,7,30,21,10,8,5
230,"M",10.2,5,12,26,2,0,1,0,0,43,7,30,21,10,8,5
230,"M",10.2,5,12,30,2,0,1,0,0,43,7,30,21,10,8,5
230,"M",10.2,5,12,31,2,0,1,0,0,43,7,30,21,10,8,5
230,"M",10.2,5,12,32,2,0,0,1,0,43,7,30,21,10,8,5
230,"M",10.2,5,12,33,2,0,1,0,0,43,7,30,21,10,8,5
230,"M",10.2,5,12,36,2,0,1,0,0,43,7,30,21,10,8,5
230,"M",10.2,5,12,38,2,0,1,0,0,43,7,30,21,10,8,5
230,"M",10.2,5,12,45,2,0,1,0,0,43,7,30,21,10,8,5
230,"M",10.2,5,12,46,2,0,1,0,0,43,7,30,21,10,8,5
230,"M",10.2,5,12,47,2,0,1,0,0,43,7,30,21,10,8,5
230,"M",10.2,5,12,49,2,0,1,0,0,43,7,30,21,10,8,5
230,"M",10.2,5,12,50,2,0,1,0,0,43,7,30,21,10,8,5
230,"M",10.2,5,12,52,2,0,1,0,0,43,7,30,21,10,8,5
230,"M",10.2,5,12,55,2,0,1,0,0,43,7,30,21,10,8,5
230,"M",10.2,5,12,56,2,0,1,0,0,43,7,30,21,10,8,5
230,"M",10.2,5,12,57,2,0,0,1,0,43,7,30,21,10,8,5
231,"M",10.4,5,12,1,1,0,NA,NA,NA,33,20,27,23,4,8,9
231,"M",10.4,5,12,3,1,0,NA,NA,NA,33,20,27,23,4,8,9
231,"M",10.4,5,12,4,1,1,NA,NA,NA,33,20,27,23,4,8,9
231,"M",10.4,5,12,6,1,0,NA,NA,NA,33,20,27,23,4,8,9
231,"M",10.4,5,12,7,1,0,NA,NA,NA,33,20,27,23,4,8,9
231,"M",10.4,5,12,8,1,0,NA,NA,NA,33,20,27,23,4,8,9
231,"M",10.4,5,12,10,1,0,NA,NA,NA,33,20,27,23,4,8,9
231,"M",10.4,5,12,12,1,0,NA,NA,NA,33,20,27,23,4,8,9
231,"M",10.4,5,12,13,1,0,NA,NA,NA,33,20,27,23,4,8,9
231,"M",10.4,5,12,15,1,0,NA,NA,NA,33,20,27,23,4,8,9
231,"M",10.4,5,12,16,1,0,NA,NA,NA,33,20,27,23,4,8,9
231,"M",10.4,5,12,17,1,0,NA,NA,NA,33,20,27,23,4,8,9
231,"M",10.4,5,12,19,1,0,NA,NA,NA,33,20,27,23,4,8,9
231,"M",10.4,5,12,24,1,0,NA,NA,NA,33,20,27,23,4,8,9
231,"M",10.4,5,12,27,1,0,NA,NA,NA,33,20,27,23,4,8,9
231,"M",10.4,5,12,32,1,0,NA,NA,NA,33,20,27,23,4,8,9
231,"M",10.4,5,12,33,1,0,NA,NA,NA,33,20,27,23,4,8,9
231,"M",10.4,5,12,34,1,0,NA,NA,NA,33,20,27,23,4,8,9
231,"M",10.4,5,12,36,1,1,NA,NA,NA,33,20,27,23,4,8,9
231,"M",10.4,5,12,39,1,1,NA,NA,NA,33,20,27,23,4,8,9
231,"M",10.4,5,12,40,1,0,NA,NA,NA,33,20,27,23,4,8,9
231,"M",10.4,5,12,41,1,1,NA,NA,NA,33,20,27,23,4,8,9
231,"M",10.4,5,12,44,1,0,NA,NA,NA,33,20,27,23,4,8,9
231,"M",10.4,5,12,45,1,1,NA,NA,NA,33,20,27,23,4,8,9
231,"M",10.4,5,12,49,1,0,NA,NA,NA,33,20,27,23,4,8,9
231,"M",10.4,5,12,50,1,0,NA,NA,NA,33,20,27,23,4,8,9
231,"M",10.4,5,12,52,1,1,NA,NA,NA,33,20,27,23,4,8,9
231,"M",10.4,5,12,53,1,1,NA,NA,NA,33,20,27,23,4,8,9
231,"M",10.4,5,12,56,1,1,NA,NA,NA,33,20,27,23,4,8,9
231,"M",10.4,5,12,59,1,1,NA,NA,NA,33,20,27,23,4,8,9
231,"M",10.4,5,12,2,2,0,1,0,0,33,20,27,23,4,8,9
231,"M",10.4,5,12,5,2,0,1,0,0,33,20,27,23,4,8,9
231,"M",10.4,5,12,9,2,1,0,0,1,33,20,27,23,4,8,9
231,"M",10.4,5,12,11,2,1,0,0,1,33,20,27,23,4,8,9
231,"M",10.4,5,12,14,2,1,0,0,1,33,20,27,23,4,8,9
231,"M",10.4,5,12,18,2,0,1,0,0,33,20,27,23,4,8,9
231,"M",10.4,5,12,20,2,0,0,1,0,33,20,27,23,4,8,9
231,"M",10.4,5,12,21,2,0,1,0,0,33,20,27,23,4,8,9
231,"M",10.4,5,12,22,2,1,0,0,1,33,20,27,23,4,8,9
231,"M",10.4,5,12,23,2,0,0,0,1,33,20,27,23,4,8,9
231,"M",10.4,5,12,25,2,0,0,1,0,33,20,27,23,4,8,9
231,"M",10.4,5,12,26,2,0,0,0,1,33,20,27,23,4,8,9
231,"M",10.4,5,12,28,2,0,1,0,0,33,20,27,23,4,8,9
231,"M",10.4,5,12,29,2,0,0,0,1,33,20,27,23,4,8,9
231,"M",10.4,5,12,30,2,0,0,0,1,33,20,27,23,4,8,9
231,"M",10.4,5,12,31,2,0,1,0,0,33,20,27,23,4,8,9
231,"M",10.4,5,12,35,2,0,0,1,0,33,20,27,23,4,8,9
231,"M",10.4,5,12,37,2,0,0,0,1,33,20,27,23,4,8,9
231,"M",10.4,5,12,38,2,0,1,0,0,33,20,27,23,4,8,9
231,"M",10.4,5,12,42,2,0,0,1,0,33,20,27,23,4,8,9
231,"M",10.4,5,12,43,2,0,0,1,0,33,20,27,23,4,8,9
231,"M",10.4,5,12,46,2,0,1,0,0,33,20,27,23,4,8,9
231,"M",10.4,5,12,47,2,0,0,1,0,33,20,27,23,4,8,9
231,"M",10.4,5,12,48,2,0,1,0,0,33,20,27,23,4,8,9
231,"M",10.4,5,12,51,2,0,0,1,0,33,20,27,23,4,8,9
231,"M",10.4,5,12,54,2,0,1,0,0,33,20,27,23,4,8,9
231,"M",10.4,5,12,55,2,0,0,1,0,33,20,27,23,4,8,9
231,"M",10.4,5,12,57,2,0,0,1,0,33,20,27,23,4,8,9
231,"M",10.4,5,12,58,2,0,1,0,0,33,20,27,23,4,8,9
231,"M",10.4,5,12,60,2,0,1,0,0,33,20,27,23,4,8,9
232,"F",10.2,5,12,1,1,0,NA,NA,NA,27,12,39,12,10,6,3
232,"F",10.2,5,12,5,1,0,NA,NA,NA,27,12,39,12,10,6,3
232,"F",10.2,5,12,10,1,0,NA,NA,NA,27,12,39,12,10,6,3
232,"F",10.2,5,12,12,1,0,NA,NA,NA,27,12,39,12,10,6,3
232,"F",10.2,5,12,13,1,0,NA,NA,NA,27,12,39,12,10,6,3
232,"F",10.2,5,12,14,1,0,NA,NA,NA,27,12,39,12,10,6,3
232,"F",10.2,5,12,16,1,1,NA,NA,NA,27,12,39,12,10,6,3
232,"F",10.2,5,12,17,1,0,NA,NA,NA,27,12,39,12,10,6,3
232,"F",10.2,5,12,18,1,0,NA,NA,NA,27,12,39,12,10,6,3
232,"F",10.2,5,12,19,1,0,NA,NA,NA,27,12,39,12,10,6,3
232,"F",10.2,5,12,20,1,0,NA,NA,NA,27,12,39,12,10,6,3
232,"F",10.2,5,12,21,1,0,NA,NA,NA,27,12,39,12,10,6,3
232,"F",10.2,5,12,22,1,0,NA,NA,NA,27,12,39,12,10,6,3
232,"F",10.2,5,12,27,1,1,NA,NA,NA,27,12,39,12,10,6,3
232,"F",10.2,5,12,28,1,0,NA,NA,NA,27,12,39,12,10,6,3
232,"F",10.2,5,12,29,1,0,NA,NA,NA,27,12,39,12,10,6,3
232,"F",10.2,5,12,30,1,1,NA,NA,NA,27,12,39,12,10,6,3
232,"F",10.2,5,12,33,1,0,NA,NA,NA,27,12,39,12,10,6,3
232,"F",10.2,5,12,36,1,0,NA,NA,NA,27,12,39,12,10,6,3
232,"F",10.2,5,12,38,1,0,NA,NA,NA,27,12,39,12,10,6,3
232,"F",10.2,5,12,40,1,0,NA,NA,NA,27,12,39,12,10,6,3
232,"F",10.2,5,12,43,1,0,NA,NA,NA,27,12,39,12,10,6,3
232,"F",10.2,5,12,44,1,0,NA,NA,NA,27,12,39,12,10,6,3
232,"F",10.2,5,12,48,1,0,NA,NA,NA,27,12,39,12,10,6,3
232,"F",10.2,5,12,50,1,0,NA,NA,NA,27,12,39,12,10,6,3
232,"F",10.2,5,12,51,1,0,NA,NA,NA,27,12,39,12,10,6,3
232,"F",10.2,5,12,52,1,0,NA,NA,NA,27,12,39,12,10,6,3
232,"F",10.2,5,12,54,1,0,NA,NA,NA,27,12,39,12,10,6,3
232,"F",10.2,5,12,55,1,0,NA,NA,NA,27,12,39,12,10,6,3
232,"F",10.2,5,12,57,1,0,NA,NA,NA,27,12,39,12,10,6,3
232,"F",10.2,5,12,2,2,0,1,0,0,27,12,39,12,10,6,3
232,"F",10.2,5,12,3,2,0,1,0,0,27,12,39,12,10,6,3
232,"F",10.2,5,12,4,2,0,1,0,0,27,12,39,12,10,6,3
232,"F",10.2,5,12,6,2,0,1,0,0,27,12,39,12,10,6,3
232,"F",10.2,5,12,7,2,0,1,0,0,27,12,39,12,10,6,3
232,"F",10.2,5,12,8,2,0,1,0,0,27,12,39,12,10,6,3
232,"F",10.2,5,12,9,2,0,1,0,0,27,12,39,12,10,6,3
232,"F",10.2,5,12,11,2,0,1,0,0,27,12,39,12,10,6,3
232,"F",10.2,5,12,15,2,0,1,0,0,27,12,39,12,10,6,3
232,"F",10.2,5,12,23,2,0,0,1,0,27,12,39,12,10,6,3
232,"F",10.2,5,12,24,2,0,1,0,0,27,12,39,12,10,6,3
232,"F",10.2,5,12,25,2,0,1,0,0,27,12,39,12,10,6,3
232,"F",10.2,5,12,26,2,0,1,0,0,27,12,39,12,10,6,3
232,"F",10.2,5,12,31,2,0,1,0,0,27,12,39,12,10,6,3
232,"F",10.2,5,12,32,2,0,1,0,0,27,12,39,12,10,6,3
232,"F",10.2,5,12,34,2,0,1,0,0,27,12,39,12,10,6,3
232,"F",10.2,5,12,35,2,0,1,0,0,27,12,39,12,10,6,3
232,"F",10.2,5,12,37,2,0,1,0,0,27,12,39,12,10,6,3
232,"F",10.2,5,12,39,2,0,1,0,0,27,12,39,12,10,6,3
232,"F",10.2,5,12,41,2,0,1,0,0,27,12,39,12,10,6,3
232,"F",10.2,5,12,42,2,0,1,0,0,27,12,39,12,10,6,3
232,"F",10.2,5,12,45,2,0,1,0,0,27,12,39,12,10,6,3
232,"F",10.2,5,12,46,2,0,0,0,1,27,12,39,12,10,6,3
232,"F",10.2,5,12,47,2,0,1,0,0,27,12,39,12,10,6,3
232,"F",10.2,5,12,49,2,0,1,0,0,27,12,39,12,10,6,3
232,"F",10.2,5,12,53,2,0,1,0,0,27,12,39,12,10,6,3
232,"F",10.2,5,12,56,2,0,1,0,0,27,12,39,12,10,6,3
232,"F",10.2,5,12,58,2,0,1,0,0,27,12,39,12,10,6,3
232,"F",10.2,5,12,59,2,0,1,0,0,27,12,39,12,10,6,3
232,"F",10.2,5,12,60,2,0,1,0,0,27,12,39,12,10,6,3
233,"F",10.3,5,12,2,1,0,NA,NA,NA,21,16,24,28,8,5,13
233,"F",10.3,5,12,5,1,0,NA,NA,NA,21,16,24,28,8,5,13
233,"F",10.3,5,12,9,1,1,NA,NA,NA,21,16,24,28,8,5,13
233,"F",10.3,5,12,13,1,1,NA,NA,NA,21,16,24,28,8,5,13
233,"F",10.3,5,12,15,1,0,NA,NA,NA,21,16,24,28,8,5,13
233,"F",10.3,5,12,19,1,0,NA,NA,NA,21,16,24,28,8,5,13
233,"F",10.3,5,12,20,1,0,NA,NA,NA,21,16,24,28,8,5,13
233,"F",10.3,5,12,21,1,0,NA,NA,NA,21,16,24,28,8,5,13
233,"F",10.3,5,12,22,1,0,NA,NA,NA,21,16,24,28,8,5,13
233,"F",10.3,5,12,24,1,0,NA,NA,NA,21,16,24,28,8,5,13
233,"F",10.3,5,12,25,1,1,NA,NA,NA,21,16,24,28,8,5,13
233,"F",10.3,5,12,27,1,1,NA,NA,NA,21,16,24,28,8,5,13
233,"F",10.3,5,12,30,1,0,NA,NA,NA,21,16,24,28,8,5,13
233,"F",10.3,5,12,31,1,0,NA,NA,NA,21,16,24,28,8,5,13
233,"F",10.3,5,12,32,1,0,NA,NA,NA,21,16,24,28,8,5,13
233,"F",10.3,5,12,33,1,0,NA,NA,NA,21,16,24,28,8,5,13
233,"F",10.3,5,12,35,1,1,NA,NA,NA,21,16,24,28,8,5,13
233,"F",10.3,5,12,38,1,0,NA,NA,NA,21,16,24,28,8,5,13
233,"F",10.3,5,12,41,1,0,NA,NA,NA,21,16,24,28,8,5,13
233,"F",10.3,5,12,46,1,1,NA,NA,NA,21,16,24,28,8,5,13
233,"F",10.3,5,12,47,1,1,NA,NA,NA,21,16,24,28,8,5,13
233,"F",10.3,5,12,48,1,1,NA,NA,NA,21,16,24,28,8,5,13
233,"F",10.3,5,12,49,1,1,NA,NA,NA,21,16,24,28,8,5,13
233,"F",10.3,5,12,51,1,1,NA,NA,NA,21,16,24,28,8,5,13
233,"F",10.3,5,12,52,1,0,NA,NA,NA,21,16,24,28,8,5,13
233,"F",10.3,5,12,53,1,1,NA,NA,NA,21,16,24,28,8,5,13
233,"F",10.3,5,12,54,1,0,NA,NA,NA,21,16,24,28,8,5,13
233,"F",10.3,5,12,57,1,0,NA,NA,NA,21,16,24,28,8,5,13
233,"F",10.3,5,12,58,1,1,NA,NA,NA,21,16,24,28,8,5,13
233,"F",10.3,5,12,60,1,1,NA,NA,NA,21,16,24,28,8,5,13
233,"F",10.3,5,12,1,2,1,0,1,0,21,16,24,28,8,5,13
233,"F",10.3,5,12,3,2,0,0,0,1,21,16,24,28,8,5,13
233,"F",10.3,5,12,4,2,0,0,0,1,21,16,24,28,8,5,13
233,"F",10.3,5,12,6,2,0,0,0,1,21,16,24,28,8,5,13
233,"F",10.3,5,12,7,2,0,0,0,1,21,16,24,28,8,5,13
233,"F",10.3,5,12,8,2,0,1,0,0,21,16,24,28,8,5,13
233,"F",10.3,5,12,10,2,1,0,0,1,21,16,24,28,8,5,13
233,"F",10.3,5,12,11,2,1,0,0,1,21,16,24,28,8,5,13
233,"F",10.3,5,12,12,2,0,0,0,1,21,16,24,28,8,5,13
233,"F",10.3,5,12,14,2,1,0,0,1,21,16,24,28,8,5,13
233,"F",10.3,5,12,16,2,0,0,1,0,21,16,24,28,8,5,13
233,"F",10.3,5,12,17,2,0,1,0,0,21,16,24,28,8,5,13
233,"F",10.3,5,12,18,2,0,1,0,0,21,16,24,28,8,5,13
233,"F",10.3,5,12,23,2,0,0,0,1,21,16,24,28,8,5,13
233,"F",10.3,5,12,26,2,0,0,1,0,21,16,24,28,8,5,13
233,"F",10.3,5,12,28,2,0,0,0,1,21,16,24,28,8,5,13
233,"F",10.3,5,12,29,2,0,0,0,1,21,16,24,28,8,5,13
233,"F",10.3,5,12,34,2,0,0,0,1,21,16,24,28,8,5,13
233,"F",10.3,5,12,36,2,0,1,0,0,21,16,24,28,8,5,13
233,"F",10.3,5,12,37,2,1,0,0,1,21,16,24,28,8,5,13
233,"F",10.3,5,12,39,2,1,0,0,1,21,16,24,28,8,5,13
233,"F",10.3,5,12,40,2,1,0,0,1,21,16,24,28,8,5,13
233,"F",10.3,5,12,42,2,1,0,1,0,21,16,24,28,8,5,13
233,"F",10.3,5,12,43,2,0,1,0,0,21,16,24,28,8,5,13
233,"F",10.3,5,12,44,2,0,0,0,1,21,16,24,28,8,5,13
233,"F",10.3,5,12,45,2,0,0,0,1,21,16,24,28,8,5,13
233,"F",10.3,5,12,50,2,1,0,0,1,21,16,24,28,8,5,13
233,"F",10.3,5,12,55,2,0,0,0,1,21,16,24,28,8,5,13
233,"F",10.3,5,12,56,2,1,0,1,0,21,16,24,28,8,5,13
233,"F",10.3,5,12,59,2,1,0,0,1,21,16,24,28,8,5,13
234,"F",10,5,12,1,1,1,NA,NA,NA,22,20,32,20,10,8,21
234,"F",10,5,12,6,1,1,NA,NA,NA,22,20,32,20,10,8,21
234,"F",10,5,12,7,1,1,NA,NA,NA,22,20,32,20,10,8,21
234,"F",10,5,12,8,1,0,NA,NA,NA,22,20,32,20,10,8,21
234,"F",10,5,12,9,1,1,NA,NA,NA,22,20,32,20,10,8,21
234,"F",10,5,12,10,1,1,NA,NA,NA,22,20,32,20,10,8,21
234,"F",10,5,12,11,1,1,NA,NA,NA,22,20,32,20,10,8,21
234,"F",10,5,12,12,1,0,NA,NA,NA,22,20,32,20,10,8,21
234,"F",10,5,12,14,1,0,NA,NA,NA,22,20,32,20,10,8,21
234,"F",10,5,12,15,1,1,NA,NA,NA,22,20,32,20,10,8,21
234,"F",10,5,12,16,1,1,NA,NA,NA,22,20,32,20,10,8,21
234,"F",10,5,12,18,1,0,NA,NA,NA,22,20,32,20,10,8,21
234,"F",10,5,12,21,1,0,NA,NA,NA,22,20,32,20,10,8,21
234,"F",10,5,12,27,1,1,NA,NA,NA,22,20,32,20,10,8,21
234,"F",10,5,12,29,1,1,NA,NA,NA,22,20,32,20,10,8,21
234,"F",10,5,12,31,1,1,NA,NA,NA,22,20,32,20,10,8,21
234,"F",10,5,12,32,1,0,NA,NA,NA,22,20,32,20,10,8,21
234,"F",10,5,12,35,1,0,NA,NA,NA,22,20,32,20,10,8,21
234,"F",10,5,12,37,1,1,NA,NA,NA,22,20,32,20,10,8,21
234,"F",10,5,12,39,1,1,NA,NA,NA,22,20,32,20,10,8,21
234,"F",10,5,12,48,1,1,NA,NA,NA,22,20,32,20,10,8,21
234,"F",10,5,12,49,1,1,NA,NA,NA,22,20,32,20,10,8,21
234,"F",10,5,12,50,1,0,NA,NA,NA,22,20,32,20,10,8,21
234,"F",10,5,12,51,1,1,NA,NA,NA,22,20,32,20,10,8,21
234,"F",10,5,12,53,1,1,NA,NA,NA,22,20,32,20,10,8,21
234,"F",10,5,12,55,1,0,NA,NA,NA,22,20,32,20,10,8,21
234,"F",10,5,12,56,1,1,NA,NA,NA,22,20,32,20,10,8,21
234,"F",10,5,12,57,1,1,NA,NA,NA,22,20,32,20,10,8,21
234,"F",10,5,12,58,1,1,NA,NA,NA,22,20,32,20,10,8,21
234,"F",10,5,12,60,1,1,NA,NA,NA,22,20,32,20,10,8,21
234,"F",10,5,12,2,2,0,1,0,0,22,20,32,20,10,8,21
234,"F",10,5,12,3,2,1,0,0,1,22,20,32,20,10,8,21
234,"F",10,5,12,4,2,0,1,0,0,22,20,32,20,10,8,21
234,"F",10,5,12,5,2,1,0,1,0,22,20,32,20,10,8,21
234,"F",10,5,12,13,2,1,0,0,1,22,20,32,20,10,8,21
234,"F",10,5,12,17,2,1,0,0,1,22,20,32,20,10,8,21
234,"F",10,5,12,19,2,0,1,0,0,22,20,32,20,10,8,21
234,"F",10,5,12,20,2,1,0,0,1,22,20,32,20,10,8,21
234,"F",10,5,12,22,2,0,0,0,1,22,20,32,20,10,8,21
234,"F",10,5,12,23,2,1,0,0,1,22,20,32,20,10,8,21
234,"F",10,5,12,24,2,1,0,1,0,22,20,32,20,10,8,21
234,"F",10,5,12,25,2,0,1,0,0,22,20,32,20,10,8,21
234,"F",10,5,12,26,2,1,0,0,1,22,20,32,20,10,8,21
234,"F",10,5,12,28,2,0,1,0,0,22,20,32,20,10,8,21
234,"F",10,5,12,30,2,0,1,0,0,22,20,32,20,10,8,21
234,"F",10,5,12,33,2,1,0,0,1,22,20,32,20,10,8,21
234,"F",10,5,12,34,2,0,0,0,1,22,20,32,20,10,8,21
234,"F",10,5,12,36,2,1,0,0,1,22,20,32,20,10,8,21
234,"F",10,5,12,38,2,1,0,0,1,22,20,32,20,10,8,21
234,"F",10,5,12,40,2,1,0,0,1,22,20,32,20,10,8,21
234,"F",10,5,12,41,2,1,0,0,1,22,20,32,20,10,8,21
234,"F",10,5,12,42,2,1,0,0,1,22,20,32,20,10,8,21
234,"F",10,5,12,43,2,0,1,0,0,22,20,32,20,10,8,21
234,"F",10,5,12,44,2,0,1,0,0,22,20,32,20,10,8,21
234,"F",10,5,12,45,2,0,1,0,0,22,20,32,20,10,8,21
234,"F",10,5,12,46,2,0,1,0,0,22,20,32,20,10,8,21
234,"F",10,5,12,47,2,1,0,0,1,22,20,32,20,10,8,21
234,"F",10,5,12,52,2,0,1,0,0,22,20,32,20,10,8,21
234,"F",10,5,12,54,2,0,1,0,0,22,20,32,20,10,8,21
234,"F",10,5,12,59,2,1,0,0,1,22,20,32,20,10,8,21
235,"F",11,5,12,6,1,0,NA,NA,NA,23,20,22,36,5,9,16
235,"F",11,5,12,7,1,1,NA,NA,NA,23,20,22,36,5,9,16
235,"F",11,5,12,8,1,0,NA,NA,NA,23,20,22,36,5,9,16
235,"F",11,5,12,12,1,1,NA,NA,NA,23,20,22,36,5,9,16
235,"F",11,5,12,13,1,0,NA,NA,NA,23,20,22,36,5,9,16
235,"F",11,5,12,15,1,1,NA,NA,NA,23,20,22,36,5,9,16
235,"F",11,5,12,16,1,0,NA,NA,NA,23,20,22,36,5,9,16
235,"F",11,5,12,17,1,1,NA,NA,NA,23,20,22,36,5,9,16
235,"F",11,5,12,18,1,0,NA,NA,NA,23,20,22,36,5,9,16
235,"F",11,5,12,19,1,1,NA,NA,NA,23,20,22,36,5,9,16
235,"F",11,5,12,20,1,1,NA,NA,NA,23,20,22,36,5,9,16
235,"F",11,5,12,21,1,1,NA,NA,NA,23,20,22,36,5,9,16
235,"F",11,5,12,24,1,0,NA,NA,NA,23,20,22,36,5,9,16
235,"F",11,5,12,25,1,1,NA,NA,NA,23,20,22,36,5,9,16
235,"F",11,5,12,28,1,0,NA,NA,NA,23,20,22,36,5,9,16
235,"F",11,5,12,31,1,1,NA,NA,NA,23,20,22,36,5,9,16
235,"F",11,5,12,32,1,1,NA,NA,NA,23,20,22,36,5,9,16
235,"F",11,5,12,36,1,1,NA,NA,NA,23,20,22,36,5,9,16
235,"F",11,5,12,37,1,1,NA,NA,NA,23,20,22,36,5,9,16
235,"F",11,5,12,38,1,1,NA,NA,NA,23,20,22,36,5,9,16
235,"F",11,5,12,39,1,0,NA,NA,NA,23,20,22,36,5,9,16
235,"F",11,5,12,43,1,0,NA,NA,NA,23,20,22,36,5,9,16
235,"F",11,5,12,45,1,1,NA,NA,NA,23,20,22,36,5,9,16
235,"F",11,5,12,47,1,1,NA,NA,NA,23,20,22,36,5,9,16
235,"F",11,5,12,48,1,0,NA,NA,NA,23,20,22,36,5,9,16
235,"F",11,5,12,49,1,0,NA,NA,NA,23,20,22,36,5,9,16
235,"F",11,5,12,51,1,1,NA,NA,NA,23,20,22,36,5,9,16
235,"F",11,5,12,53,1,0,NA,NA,NA,23,20,22,36,5,9,16
235,"F",11,5,12,55,1,0,NA,NA,NA,23,20,22,36,5,9,16
235,"F",11,5,12,56,1,0,NA,NA,NA,23,20,22,36,5,9,16
235,"F",11,5,12,1,2,1,0,0,1,23,20,22,36,5,9,16
235,"F",11,5,12,2,2,1,0,0,1,23,20,22,36,5,9,16
235,"F",11,5,12,3,2,0,0,0,1,23,20,22,36,5,9,16
235,"F",11,5,12,4,2,0,0,0,1,23,20,22,36,5,9,16
235,"F",11,5,12,5,2,0,0,0,1,23,20,22,36,5,9,16
235,"F",11,5,12,9,2,1,0,0,1,23,20,22,36,5,9,16
235,"F",11,5,12,10,2,1,0,1,0,23,20,22,36,5,9,16
235,"F",11,5,12,11,2,1,0,0,1,23,20,22,36,5,9,16
235,"F",11,5,12,14,2,0,0,1,0,23,20,22,36,5,9,16
235,"F",11,5,12,22,2,0,1,0,0,23,20,22,36,5,9,16
235,"F",11,5,12,23,2,1,0,1,0,23,20,22,36,5,9,16
235,"F",11,5,12,26,2,0,0,0,1,23,20,22,36,5,9,16
235,"F",11,5,12,27,2,0,0,1,0,23,20,22,36,5,9,16
235,"F",11,5,12,29,2,0,1,0,0,23,20,22,36,5,9,16
235,"F",11,5,12,30,2,1,0,0,1,23,20,22,36,5,9,16
235,"F",11,5,12,33,2,0,0,1,0,23,20,22,36,5,9,16
235,"F",11,5,12,34,2,0,0,1,0,23,20,22,36,5,9,16
235,"F",11,5,12,35,2,1,0,1,0,23,20,22,36,5,9,16
235,"F",11,5,12,40,2,0,0,1,0,23,20,22,36,5,9,16
235,"F",11,5,12,41,2,0,0,1,0,23,20,22,36,5,9,16
235,"F",11,5,12,42,2,0,1,0,0,23,20,22,36,5,9,16
235,"F",11,5,12,44,2,0,0,1,0,23,20,22,36,5,9,16
235,"F",11,5,12,46,2,1,0,0,1,23,20,22,36,5,9,16
235,"F",11,5,12,50,2,0,0,1,0,23,20,22,36,5,9,16
235,"F",11,5,12,52,2,0,0,1,0,23,20,22,36,5,9,16
235,"F",11,5,12,54,2,1,0,0,1,23,20,22,36,5,9,16
235,"F",11,5,12,57,2,1,0,0,1,23,20,22,36,5,9,16
235,"F",11,5,12,58,2,1,0,0,1,23,20,22,36,5,9,16
235,"F",11,5,12,59,2,0,0,1,0,23,20,22,36,5,9,16
235,"F",11,5,12,60,2,1,0,0,1,23,20,22,36,5,9,16
236,"M",10.8,5,12,4,1,0,NA,NA,NA,32,9,21,22,5,4,16
236,"M",10.8,5,12,5,1,0,NA,NA,NA,32,9,21,22,5,4,16
236,"M",10.8,5,12,7,1,1,NA,NA,NA,32,9,21,22,5,4,16
236,"M",10.8,5,12,11,1,1,NA,NA,NA,32,9,21,22,5,4,16
236,"M",10.8,5,12,12,1,1,NA,NA,NA,32,9,21,22,5,4,16
236,"M",10.8,5,12,13,1,0,NA,NA,NA,32,9,21,22,5,4,16
236,"M",10.8,5,12,17,1,0,NA,NA,NA,32,9,21,22,5,4,16
236,"M",10.8,5,12,18,1,0,NA,NA,NA,32,9,21,22,5,4,16
236,"M",10.8,5,12,22,1,0,NA,NA,NA,32,9,21,22,5,4,16
236,"M",10.8,5,12,23,1,1,NA,NA,NA,32,9,21,22,5,4,16
236,"M",10.8,5,12,25,1,1,NA,NA,NA,32,9,21,22,5,4,16
236,"M",10.8,5,12,26,1,1,NA,NA,NA,32,9,21,22,5,4,16
236,"M",10.8,5,12,28,1,1,NA,NA,NA,32,9,21,22,5,4,16
236,"M",10.8,5,12,30,1,0,NA,NA,NA,32,9,21,22,5,4,16
236,"M",10.8,5,12,31,1,0,NA,NA,NA,32,9,21,22,5,4,16
236,"M",10.8,5,12,32,1,0,NA,NA,NA,32,9,21,22,5,4,16
236,"M",10.8,5,12,33,1,0,NA,NA,NA,32,9,21,22,5,4,16
236,"M",10.8,5,12,34,1,1,NA,NA,NA,32,9,21,22,5,4,16
236,"M",10.8,5,12,35,1,0,NA,NA,NA,32,9,21,22,5,4,16
236,"M",10.8,5,12,38,1,0,NA,NA,NA,32,9,21,22,5,4,16
236,"M",10.8,5,12,39,1,1,NA,NA,NA,32,9,21,22,5,4,16
236,"M",10.8,5,12,40,1,1,NA,NA,NA,32,9,21,22,5,4,16
236,"M",10.8,5,12,41,1,1,NA,NA,NA,32,9,21,22,5,4,16
236,"M",10.8,5,12,43,1,1,NA,NA,NA,32,9,21,22,5,4,16
236,"M",10.8,5,12,45,1,0,NA,NA,NA,32,9,21,22,5,4,16
236,"M",10.8,5,12,46,1,1,NA,NA,NA,32,9,21,22,5,4,16
236,"M",10.8,5,12,50,1,1,NA,NA,NA,32,9,21,22,5,4,16
236,"M",10.8,5,12,58,1,1,NA,NA,NA,32,9,21,22,5,4,16
236,"M",10.8,5,12,59,1,1,NA,NA,NA,32,9,21,22,5,4,16
236,"M",10.8,5,12,60,1,0,NA,NA,NA,32,9,21,22,5,4,16
236,"M",10.8,5,12,1,2,0,0,0,1,32,9,21,22,5,4,16
236,"M",10.8,5,12,2,2,1,0,1,0,32,9,21,22,5,4,16
236,"M",10.8,5,12,3,2,0,0,0,1,32,9,21,22,5,4,16
236,"M",10.8,5,12,6,2,0,1,0,0,32,9,21,22,5,4,16
236,"M",10.8,5,12,8,2,0,1,0,0,32,9,21,22,5,4,16
236,"M",10.8,5,12,9,2,1,0,1,0,32,9,21,22,5,4,16
236,"M",10.8,5,12,10,2,0,1,0,0,32,9,21,22,5,4,16
236,"M",10.8,5,12,14,2,0,0,1,0,32,9,21,22,5,4,16
236,"M",10.8,5,12,15,2,0,0,1,0,32,9,21,22,5,4,16
236,"M",10.8,5,12,16,2,0,1,0,0,32,9,21,22,5,4,16
236,"M",10.8,5,12,19,2,0,1,0,0,32,9,21,22,5,4,16
236,"M",10.8,5,12,20,2,0,1,0,0,32,9,21,22,5,4,16
236,"M",10.8,5,12,21,2,0,0,1,0,32,9,21,22,5,4,16
236,"M",10.8,5,12,24,2,1,0,1,0,32,9,21,22,5,4,16
236,"M",10.8,5,12,27,2,0,1,0,0,32,9,21,22,5,4,16
236,"M",10.8,5,12,29,2,1,0,1,0,32,9,21,22,5,4,16
236,"M",10.8,5,12,36,2,0,0,1,0,32,9,21,22,5,4,16
236,"M",10.8,5,12,37,2,0,0,1,0,32,9,21,22,5,4,16
236,"M",10.8,5,12,42,2,0,1,0,0,32,9,21,22,5,4,16
236,"M",10.8,5,12,44,2,0,0,1,0,32,9,21,22,5,4,16
236,"M",10.8,5,12,47,2,0,1,0,0,32,9,21,22,5,4,16
236,"M",10.8,5,12,48,2,0,1,0,0,32,9,21,22,5,4,16
236,"M",10.8,5,12,49,2,0,0,1,0,32,9,21,22,5,4,16
236,"M",10.8,5,12,51,2,0,1,0,0,32,9,21,22,5,4,16
236,"M",10.8,5,12,52,2,0,0,1,0,32,9,21,22,5,4,16
236,"M",10.8,5,12,53,2,0,1,0,0,32,9,21,22,5,4,16
236,"M",10.8,5,12,54,2,0,0,1,0,32,9,21,22,5,4,16
236,"M",10.8,5,12,55,2,0,0,1,0,32,9,21,22,5,4,16
236,"M",10.8,5,12,56,2,0,1,0,0,32,9,21,22,5,4,16
236,"M",10.8,5,12,57,2,1,0,1,0,32,9,21,22,5,4,16
237,"F",10.1,5,12,3,1,1,NA,NA,NA,38,11,32,17,11,6,15
237,"F",10.1,5,12,9,1,1,NA,NA,NA,38,11,32,17,11,6,15
237,"F",10.1,5,12,12,1,1,NA,NA,NA,38,11,32,17,11,6,15
237,"F",10.1,5,12,14,1,0,NA,NA,NA,38,11,32,17,11,6,15
237,"F",10.1,5,12,15,1,0,NA,NA,NA,38,11,32,17,11,6,15
237,"F",10.1,5,12,16,1,0,NA,NA,NA,38,11,32,17,11,6,15
237,"F",10.1,5,12,17,1,1,NA,NA,NA,38,11,32,17,11,6,15
237,"F",10.1,5,12,18,1,0,NA,NA,NA,38,11,32,17,11,6,15
237,"F",10.1,5,12,19,1,0,NA,NA,NA,38,11,32,17,11,6,15
237,"F",10.1,5,12,22,1,1,NA,NA,NA,38,11,32,17,11,6,15
237,"F",10.1,5,12,25,1,1,NA,NA,NA,38,11,32,17,11,6,15
237,"F",10.1,5,12,26,1,0,NA,NA,NA,38,11,32,17,11,6,15
237,"F",10.1,5,12,29,1,1,NA,NA,NA,38,11,32,17,11,6,15
237,"F",10.1,5,12,30,1,1,NA,NA,NA,38,11,32,17,11,6,15
237,"F",10.1,5,12,31,1,0,NA,NA,NA,38,11,32,17,11,6,15
237,"F",10.1,5,12,32,1,0,NA,NA,NA,38,11,32,17,11,6,15
237,"F",10.1,5,12,34,1,0,NA,NA,NA,38,11,32,17,11,6,15
237,"F",10.1,5,12,36,1,0,NA,NA,NA,38,11,32,17,11,6,15
237,"F",10.1,5,12,38,1,0,NA,NA,NA,38,11,32,17,11,6,15
237,"F",10.1,5,12,39,1,1,NA,NA,NA,38,11,32,17,11,6,15
237,"F",10.1,5,12,41,1,1,NA,NA,NA,38,11,32,17,11,6,15
237,"F",10.1,5,12,45,1,1,NA,NA,NA,38,11,32,17,11,6,15
237,"F",10.1,5,12,46,1,1,NA,NA,NA,38,11,32,17,11,6,15
237,"F",10.1,5,12,49,1,1,NA,NA,NA,38,11,32,17,11,6,15
237,"F",10.1,5,12,52,1,1,NA,NA,NA,38,11,32,17,11,6,15
237,"F",10.1,5,12,54,1,0,NA,NA,NA,38,11,32,17,11,6,15
237,"F",10.1,5,12,55,1,0,NA,NA,NA,38,11,32,17,11,6,15
237,"F",10.1,5,12,56,1,0,NA,NA,NA,38,11,32,17,11,6,15
237,"F",10.1,5,12,59,1,1,NA,NA,NA,38,11,32,17,11,6,15
237,"F",10.1,5,12,60,1,0,NA,NA,NA,38,11,32,17,11,6,15
237,"F",10.1,5,12,1,2,0,1,0,0,38,11,32,17,11,6,15
237,"F",10.1,5,12,2,2,0,0,1,0,38,11,32,17,11,6,15
237,"F",10.1,5,12,4,2,0,1,0,0,38,11,32,17,11,6,15
237,"F",10.1,5,12,5,2,0,1,0,0,38,11,32,17,11,6,15
237,"F",10.1,5,12,6,2,0,1,0,0,38,11,32,17,11,6,15
237,"F",10.1,5,12,7,2,0,1,0,0,38,11,32,17,11,6,15
237,"F",10.1,5,12,8,2,0,1,0,0,38,11,32,17,11,6,15
237,"F",10.1,5,12,10,2,0,1,0,0,38,11,32,17,11,6,15
237,"F",10.1,5,12,11,2,0,1,0,0,38,11,32,17,11,6,15
237,"F",10.1,5,12,13,2,0,1,0,0,38,11,32,17,11,6,15
237,"F",10.1,5,12,20,2,0,1,0,0,38,11,32,17,11,6,15
237,"F",10.1,5,12,21,2,0,1,0,0,38,11,32,17,11,6,15
237,"F",10.1,5,12,23,2,0,1,0,0,38,11,32,17,11,6,15
237,"F",10.1,5,12,24,2,0,1,0,0,38,11,32,17,11,6,15
237,"F",10.1,5,12,27,2,0,1,0,0,38,11,32,17,11,6,15
237,"F",10.1,5,12,28,2,0,1,0,0,38,11,32,17,11,6,15
237,"F",10.1,5,12,33,2,0,1,0,0,38,11,32,17,11,6,15
237,"F",10.1,5,12,35,2,0,1,0,0,38,11,32,17,11,6,15
237,"F",10.1,5,12,37,2,0,1,0,0,38,11,32,17,11,6,15
237,"F",10.1,5,12,40,2,1,0,0,1,38,11,32,17,11,6,15
237,"F",10.1,5,12,42,2,0,1,0,0,38,11,32,17,11,6,15
237,"F",10.1,5,12,43,2,0,1,0,0,38,11,32,17,11,6,15
237,"F",10.1,5,12,44,2,0,1,0,0,38,11,32,17,11,6,15
237,"F",10.1,5,12,47,2,0,1,0,0,38,11,32,17,11,6,15
237,"F",10.1,5,12,48,2,0,1,0,0,38,11,32,17,11,6,15
237,"F",10.1,5,12,50,2,0,1,0,0,38,11,32,17,11,6,15
237,"F",10.1,5,12,51,2,0,1,0,0,38,11,32,17,11,6,15
237,"F",10.1,5,12,53,2,0,1,0,0,38,11,32,17,11,6,15
237,"F",10.1,5,12,57,2,0,1,0,0,38,11,32,17,11,6,15
237,"F",10.1,5,12,58,2,0,1,0,0,38,11,32,17,11,6,15
238,"M",10.9,5,12,3,1,0,NA,NA,NA,25,12,19,33,7,7,14
238,"M",10.9,5,12,4,1,0,NA,NA,NA,25,12,19,33,7,7,14
238,"M",10.9,5,12,5,1,1,NA,NA,NA,25,12,19,33,7,7,14
238,"M",10.9,5,12,6,1,0,NA,NA,NA,25,12,19,33,7,7,14
238,"M",10.9,5,12,8,1,1,NA,NA,NA,25,12,19,33,7,7,14
238,"M",10.9,5,12,9,1,0,NA,NA,NA,25,12,19,33,7,7,14
238,"M",10.9,5,12,12,1,0,NA,NA,NA,25,12,19,33,7,7,14
238,"M",10.9,5,12,13,1,0,NA,NA,NA,25,12,19,33,7,7,14
238,"M",10.9,5,12,14,1,0,NA,NA,NA,25,12,19,33,7,7,14
238,"M",10.9,5,12,15,1,1,NA,NA,NA,25,12,19,33,7,7,14
238,"M",10.9,5,12,17,1,0,NA,NA,NA,25,12,19,33,7,7,14
238,"M",10.9,5,12,19,1,0,NA,NA,NA,25,12,19,33,7,7,14
238,"M",10.9,5,12,22,1,0,NA,NA,NA,25,12,19,33,7,7,14
238,"M",10.9,5,12,23,1,1,NA,NA,NA,25,12,19,33,7,7,14
238,"M",10.9,5,12,24,1,1,NA,NA,NA,25,12,19,33,7,7,14
238,"M",10.9,5,12,25,1,1,NA,NA,NA,25,12,19,33,7,7,14
238,"M",10.9,5,12,28,1,0,NA,NA,NA,25,12,19,33,7,7,14
238,"M",10.9,5,12,36,1,1,NA,NA,NA,25,12,19,33,7,7,14
238,"M",10.9,5,12,39,1,1,NA,NA,NA,25,12,19,33,7,7,14
238,"M",10.9,5,12,40,1,1,NA,NA,NA,25,12,19,33,7,7,14
238,"M",10.9,5,12,42,1,1,NA,NA,NA,25,12,19,33,7,7,14
238,"M",10.9,5,12,46,1,1,NA,NA,NA,25,12,19,33,7,7,14
238,"M",10.9,5,12,47,1,1,NA,NA,NA,25,12,19,33,7,7,14
238,"M",10.9,5,12,48,1,0,NA,NA,NA,25,12,19,33,7,7,14
238,"M",10.9,5,12,49,1,0,NA,NA,NA,25,12,19,33,7,7,14
238,"M",10.9,5,12,50,1,0,NA,NA,NA,25,12,19,33,7,7,14
238,"M",10.9,5,12,51,1,0,NA,NA,NA,25,12,19,33,7,7,14
238,"M",10.9,5,12,53,1,1,NA,NA,NA,25,12,19,33,7,7,14
238,"M",10.9,5,12,56,1,0,NA,NA,NA,25,12,19,33,7,7,14
238,"M",10.9,5,12,59,1,1,NA,NA,NA,25,12,19,33,7,7,14
238,"M",10.9,5,12,1,2,1,0,0,1,25,12,19,33,7,7,14
238,"M",10.9,5,12,2,2,1,0,1,0,25,12,19,33,7,7,14
238,"M",10.9,5,12,7,2,1,0,1,0,25,12,19,33,7,7,14
238,"M",10.9,5,12,10,2,1,0,1,0,25,12,19,33,7,7,14
238,"M",10.9,5,12,11,2,1,0,1,0,25,12,19,33,7,7,14
238,"M",10.9,5,12,16,2,0,0,0,1,25,12,19,33,7,7,14
238,"M",10.9,5,12,18,2,0,0,1,0,25,12,19,33,7,7,14
238,"M",10.9,5,12,20,2,0,0,1,0,25,12,19,33,7,7,14
238,"M",10.9,5,12,21,2,1,0,0,1,25,12,19,33,7,7,14
238,"M",10.9,5,12,26,2,0,0,0,1,25,12,19,33,7,7,14
238,"M",10.9,5,12,27,2,0,0,1,0,25,12,19,33,7,7,14
238,"M",10.9,5,12,29,2,0,0,1,0,25,12,19,33,7,7,14
238,"M",10.9,5,12,30,2,0,1,0,0,25,12,19,33,7,7,14
238,"M",10.9,5,12,31,2,0,0,1,0,25,12,19,33,7,7,14
238,"M",10.9,5,12,32,2,1,0,0,1,25,12,19,33,7,7,14
238,"M",10.9,5,12,33,2,1,0,1,0,25,12,19,33,7,7,14
238,"M",10.9,5,12,34,2,1,0,0,1,25,12,19,33,7,7,14
238,"M",10.9,5,12,35,2,0,0,1,0,25,12,19,33,7,7,14
238,"M",10.9,5,12,37,2,1,0,1,0,25,12,19,33,7,7,14
238,"M",10.9,5,12,38,2,0,1,0,0,25,12,19,33,7,7,14
238,"M",10.9,5,12,41,2,1,0,0,1,25,12,19,33,7,7,14
238,"M",10.9,5,12,43,2,0,1,0,0,25,12,19,33,7,7,14
238,"M",10.9,5,12,44,2,0,1,0,0,25,12,19,33,7,7,14
238,"M",10.9,5,12,45,2,0,0,1,0,25,12,19,33,7,7,14
238,"M",10.9,5,12,52,2,1,0,1,0,25,12,19,33,7,7,14
238,"M",10.9,5,12,54,2,0,0,1,0,25,12,19,33,7,7,14
238,"M",10.9,5,12,55,2,0,0,1,0,25,12,19,33,7,7,14
238,"M",10.9,5,12,57,2,0,0,1,0,25,12,19,33,7,7,14
238,"M",10.9,5,12,58,2,1,0,1,0,25,12,19,33,7,7,14
238,"M",10.9,5,12,60,2,1,0,0,1,25,12,19,33,7,7,14
239,"M",10.6,5,12,2,1,1,NA,NA,NA,34,7,31,19,8,7,23
239,"M",10.6,5,12,5,1,1,NA,NA,NA,34,7,31,19,8,7,23
239,"M",10.6,5,12,6,1,0,NA,NA,NA,34,7,31,19,8,7,23
239,"M",10.6,5,12,7,1,1,NA,NA,NA,34,7,31,19,8,7,23
239,"M",10.6,5,12,9,1,1,NA,NA,NA,34,7,31,19,8,7,23
239,"M",10.6,5,12,12,1,0,NA,NA,NA,34,7,31,19,8,7,23
239,"M",10.6,5,12,14,1,1,NA,NA,NA,34,7,31,19,8,7,23
239,"M",10.6,5,12,17,1,1,NA,NA,NA,34,7,31,19,8,7,23
239,"M",10.6,5,12,18,1,1,NA,NA,NA,34,7,31,19,8,7,23
239,"M",10.6,5,12,19,1,1,NA,NA,NA,34,7,31,19,8,7,23
239,"M",10.6,5,12,20,1,1,NA,NA,NA,34,7,31,19,8,7,23
239,"M",10.6,5,12,22,1,1,NA,NA,NA,34,7,31,19,8,7,23
239,"M",10.6,5,12,23,1,1,NA,NA,NA,34,7,31,19,8,7,23
239,"M",10.6,5,12,26,1,0,NA,NA,NA,34,7,31,19,8,7,23
239,"M",10.6,5,12,27,1,1,NA,NA,NA,34,7,31,19,8,7,23
239,"M",10.6,5,12,28,1,1,NA,NA,NA,34,7,31,19,8,7,23
239,"M",10.6,5,12,30,1,1,NA,NA,NA,34,7,31,19,8,7,23
239,"M",10.6,5,12,31,1,1,NA,NA,NA,34,7,31,19,8,7,23
239,"M",10.6,5,12,32,1,0,NA,NA,NA,34,7,31,19,8,7,23
239,"M",10.6,5,12,37,1,1,NA,NA,NA,34,7,31,19,8,7,23
239,"M",10.6,5,12,39,1,1,NA,NA,NA,34,7,31,19,8,7,23
239,"M",10.6,5,12,40,1,1,NA,NA,NA,34,7,31,19,8,7,23
239,"M",10.6,5,12,41,1,0,NA,NA,NA,34,7,31,19,8,7,23
239,"M",10.6,5,12,42,1,1,NA,NA,NA,34,7,31,19,8,7,23
239,"M",10.6,5,12,44,1,1,NA,NA,NA,34,7,31,19,8,7,23
239,"M",10.6,5,12,46,1,1,NA,NA,NA,34,7,31,19,8,7,23
239,"M",10.6,5,12,47,1,1,NA,NA,NA,34,7,31,19,8,7,23
239,"M",10.6,5,12,50,1,1,NA,NA,NA,34,7,31,19,8,7,23
239,"M",10.6,5,12,54,1,0,NA,NA,NA,34,7,31,19,8,7,23
239,"M",10.6,5,12,58,1,0,NA,NA,NA,34,7,31,19,8,7,23
239,"M",10.6,5,12,1,2,0,1,0,0,34,7,31,19,8,7,23
239,"M",10.6,5,12,3,2,0,1,0,0,34,7,31,19,8,7,23
239,"M",10.6,5,12,4,2,0,1,0,0,34,7,31,19,8,7,23
239,"M",10.6,5,12,8,2,1,0,1,0,34,7,31,19,8,7,23
239,"M",10.6,5,12,10,2,0,1,0,0,34,7,31,19,8,7,23
239,"M",10.6,5,12,11,2,0,1,0,0,34,7,31,19,8,7,23
239,"M",10.6,5,12,13,2,0,1,0,0,34,7,31,19,8,7,23
239,"M",10.6,5,12,15,2,0,1,0,0,34,7,31,19,8,7,23
239,"M",10.6,5,12,16,2,0,1,0,0,34,7,31,19,8,7,23
239,"M",10.6,5,12,21,2,0,1,0,0,34,7,31,19,8,7,23
239,"M",10.6,5,12,24,2,1,0,1,0,34,7,31,19,8,7,23
239,"M",10.6,5,12,25,2,1,0,1,0,34,7,31,19,8,7,23
239,"M",10.6,5,12,29,2,0,0,0,1,34,7,31,19,8,7,23
239,"M",10.6,5,12,33,2,0,1,0,0,34,7,31,19,8,7,23
239,"M",10.6,5,12,34,2,0,1,0,0,34,7,31,19,8,7,23
239,"M",10.6,5,12,35,2,0,1,0,0,34,7,31,19,8,7,23
239,"M",10.6,5,12,36,2,0,1,0,0,34,7,31,19,8,7,23
239,"M",10.6,5,12,38,2,1,0,1,0,34,7,31,19,8,7,23
239,"M",10.6,5,12,43,2,0,1,0,0,34,7,31,19,8,7,23
239,"M",10.6,5,12,45,2,1,0,1,0,34,7,31,19,8,7,23
239,"M",10.6,5,12,48,2,0,1,0,0,34,7,31,19,8,7,23
239,"M",10.6,5,12,49,2,0,1,0,0,34,7,31,19,8,7,23
239,"M",10.6,5,12,51,2,0,1,0,0,34,7,31,19,8,7,23
239,"M",10.6,5,12,52,2,0,1,0,0,34,7,31,19,8,7,23
239,"M",10.6,5,12,53,2,0,1,0,0,34,7,31,19,8,7,23
239,"M",10.6,5,12,55,2,0,1,0,0,34,7,31,19,8,7,23
239,"M",10.6,5,12,56,2,1,0,0,1,34,7,31,19,8,7,23
239,"M",10.6,5,12,57,2,1,0,1,0,34,7,31,19,8,7,23
239,"M",10.6,5,12,59,2,0,1,0,0,34,7,31,19,8,7,23
239,"M",10.6,5,12,60,2,0,1,0,0,34,7,31,19,8,7,23
240,"F",10.4,5,12,3,1,0,NA,NA,NA,35,5,37,12,11,5,6
240,"F",10.4,5,12,4,1,0,NA,NA,NA,35,5,37,12,11,5,6
240,"F",10.4,5,12,5,1,1,NA,NA,NA,35,5,37,12,11,5,6
240,"F",10.4,5,12,6,1,0,NA,NA,NA,35,5,37,12,11,5,6
240,"F",10.4,5,12,10,1,1,NA,NA,NA,35,5,37,12,11,5,6
240,"F",10.4,5,12,13,1,0,NA,NA,NA,35,5,37,12,11,5,6
240,"F",10.4,5,12,15,1,0,NA,NA,NA,35,5,37,12,11,5,6
240,"F",10.4,5,12,18,1,0,NA,NA,NA,35,5,37,12,11,5,6
240,"F",10.4,5,12,19,1,0,NA,NA,NA,35,5,37,12,11,5,6
240,"F",10.4,5,12,20,1,0,NA,NA,NA,35,5,37,12,11,5,6
240,"F",10.4,5,12,21,1,0,NA,NA,NA,35,5,37,12,11,5,6
240,"F",10.4,5,12,22,1,0,NA,NA,NA,35,5,37,12,11,5,6
240,"F",10.4,5,12,23,1,0,NA,NA,NA,35,5,37,12,11,5,6
240,"F",10.4,5,12,25,1,1,NA,NA,NA,35,5,37,12,11,5,6
240,"F",10.4,5,12,26,1,1,NA,NA,NA,35,5,37,12,11,5,6
240,"F",10.4,5,12,27,1,0,NA,NA,NA,35,5,37,12,11,5,6
240,"F",10.4,5,12,28,1,0,NA,NA,NA,35,5,37,12,11,5,6
240,"F",10.4,5,12,30,1,0,NA,NA,NA,35,5,37,12,11,5,6
240,"F",10.4,5,12,34,1,0,NA,NA,NA,35,5,37,12,11,5,6
240,"F",10.4,5,12,35,1,0,NA,NA,NA,35,5,37,12,11,5,6
240,"F",10.4,5,12,38,1,0,NA,NA,NA,35,5,37,12,11,5,6
240,"F",10.4,5,12,40,1,0,NA,NA,NA,35,5,37,12,11,5,6
240,"F",10.4,5,12,43,1,0,NA,NA,NA,35,5,37,12,11,5,6
240,"F",10.4,5,12,46,1,0,NA,NA,NA,35,5,37,12,11,5,6
240,"F",10.4,5,12,49,1,0,NA,NA,NA,35,5,37,12,11,5,6
240,"F",10.4,5,12,51,1,0,NA,NA,NA,35,5,37,12,11,5,6
240,"F",10.4,5,12,53,1,0,NA,NA,NA,35,5,37,12,11,5,6
240,"F",10.4,5,12,54,1,1,NA,NA,NA,35,5,37,12,11,5,6
240,"F",10.4,5,12,56,1,0,NA,NA,NA,35,5,37,12,11,5,6
240,"F",10.4,5,12,59,1,1,NA,NA,NA,35,5,37,12,11,5,6
240,"F",10.4,5,12,1,2,0,1,0,0,35,5,37,12,11,5,6
240,"F",10.4,5,12,2,2,0,1,0,0,35,5,37,12,11,5,6
240,"F",10.4,5,12,7,2,0,1,0,0,35,5,37,12,11,5,6
240,"F",10.4,5,12,8,2,0,1,0,0,35,5,37,12,11,5,6
240,"F",10.4,5,12,9,2,1,0,0,1,35,5,37,12,11,5,6
240,"F",10.4,5,12,11,2,0,1,0,0,35,5,37,12,11,5,6
240,"F",10.4,5,12,12,2,0,1,0,0,35,5,37,12,11,5,6
240,"F",10.4,5,12,14,2,0,1,0,0,35,5,37,12,11,5,6
240,"F",10.4,5,12,16,2,0,1,0,0,35,5,37,12,11,5,6
240,"F",10.4,5,12,17,2,0,1,0,0,35,5,37,12,11,5,6
240,"F",10.4,5,12,24,2,0,1,0,0,35,5,37,12,11,5,6
240,"F",10.4,5,12,29,2,0,1,0,0,35,5,37,12,11,5,6
240,"F",10.4,5,12,31,2,0,1,0,0,35,5,37,12,11,5,6
240,"F",10.4,5,12,32,2,0,1,0,0,35,5,37,12,11,5,6
240,"F",10.4,5,12,33,2,0,1,0,0,35,5,37,12,11,5,6
240,"F",10.4,5,12,36,2,0,1,0,0,35,5,37,12,11,5,6
240,"F",10.4,5,12,37,2,0,1,0,0,35,5,37,12,11,5,6
240,"F",10.4,5,12,39,2,0,1,0,0,35,5,37,12,11,5,6
240,"F",10.4,5,12,41,2,0,1,0,0,35,5,37,12,11,5,6
240,"F",10.4,5,12,42,2,0,1,0,0,35,5,37,12,11,5,6
240,"F",10.4,5,12,44,2,0,1,0,0,35,5,37,12,11,5,6
240,"F",10.4,5,12,45,2,0,1,0,0,35,5,37,12,11,5,6
240,"F",10.4,5,12,47,2,0,1,0,0,35,5,37,12,11,5,6
240,"F",10.4,5,12,48,2,0,1,0,0,35,5,37,12,11,5,6
240,"F",10.4,5,12,50,2,0,0,1,0,35,5,37,12,11,5,6
240,"F",10.4,5,12,52,2,0,1,0,0,35,5,37,12,11,5,6
240,"F",10.4,5,12,55,2,0,1,0,0,35,5,37,12,11,5,6
240,"F",10.4,5,12,57,2,0,1,0,0,35,5,37,12,11,5,6
240,"F",10.4,5,12,58,2,0,1,0,0,35,5,37,12,11,5,6
240,"F",10.4,5,12,60,2,0,0,1,0,35,5,37,12,11,5,6
241,"M",10.1,5,13,6,1,0,NA,NA,NA,30,10,20,20,11,5,11
241,"M",10.1,5,13,7,1,0,NA,NA,NA,30,10,20,20,11,5,11
241,"M",10.1,5,13,14,1,0,NA,NA,NA,30,10,20,20,11,5,11
241,"M",10.1,5,13,16,1,1,NA,NA,NA,30,10,20,20,11,5,11
241,"M",10.1,5,13,17,1,0,NA,NA,NA,30,10,20,20,11,5,11
241,"M",10.1,5,13,18,1,1,NA,NA,NA,30,10,20,20,11,5,11
241,"M",10.1,5,13,19,1,1,NA,NA,NA,30,10,20,20,11,5,11
241,"M",10.1,5,13,21,1,0,NA,NA,NA,30,10,20,20,11,5,11
241,"M",10.1,5,13,23,1,0,NA,NA,NA,30,10,20,20,11,5,11
241,"M",10.1,5,13,25,1,0,NA,NA,NA,30,10,20,20,11,5,11
241,"M",10.1,5,13,27,1,0,NA,NA,NA,30,10,20,20,11,5,11
241,"M",10.1,5,13,29,1,0,NA,NA,NA,30,10,20,20,11,5,11
241,"M",10.1,5,13,30,1,1,NA,NA,NA,30,10,20,20,11,5,11
241,"M",10.1,5,13,34,1,0,NA,NA,NA,30,10,20,20,11,5,11
241,"M",10.1,5,13,35,1,0,NA,NA,NA,30,10,20,20,11,5,11
241,"M",10.1,5,13,36,1,1,NA,NA,NA,30,10,20,20,11,5,11
241,"M",10.1,5,13,39,1,0,NA,NA,NA,30,10,20,20,11,5,11
241,"M",10.1,5,13,42,1,1,NA,NA,NA,30,10,20,20,11,5,11
241,"M",10.1,5,13,43,1,0,NA,NA,NA,30,10,20,20,11,5,11
241,"M",10.1,5,13,44,1,1,NA,NA,NA,30,10,20,20,11,5,11
241,"M",10.1,5,13,47,1,0,NA,NA,NA,30,10,20,20,11,5,11
241,"M",10.1,5,13,48,1,0,NA,NA,NA,30,10,20,20,11,5,11
241,"M",10.1,5,13,49,1,1,NA,NA,NA,30,10,20,20,11,5,11
241,"M",10.1,5,13,51,1,0,NA,NA,NA,30,10,20,20,11,5,11
241,"M",10.1,5,13,53,1,1,NA,NA,NA,30,10,20,20,11,5,11
241,"M",10.1,5,13,55,1,0,NA,NA,NA,30,10,20,20,11,5,11
241,"M",10.1,5,13,56,1,0,NA,NA,NA,30,10,20,20,11,5,11
241,"M",10.1,5,13,57,1,0,NA,NA,NA,30,10,20,20,11,5,11
241,"M",10.1,5,13,58,1,1,NA,NA,NA,30,10,20,20,11,5,11
241,"M",10.1,5,13,59,1,1,NA,NA,NA,30,10,20,20,11,5,11
241,"M",10.1,5,13,1,2,1,0,0,1,30,10,20,20,11,5,11
241,"M",10.1,5,13,2,2,1,0,1,0,30,10,20,20,11,5,11
241,"M",10.1,5,13,3,2,0,0,1,0,30,10,20,20,11,5,11
241,"M",10.1,5,13,4,2,0,0,1,0,30,10,20,20,11,5,11
241,"M",10.1,5,13,5,2,0,1,0,0,30,10,20,20,11,5,11
241,"M",10.1,5,13,8,2,1,0,1,0,30,10,20,20,11,5,11
241,"M",10.1,5,13,9,2,1,0,1,0,30,10,20,20,11,5,11
241,"M",10.1,5,13,10,2,0,1,0,0,30,10,20,20,11,5,11
241,"M",10.1,5,13,11,2,0,1,0,0,30,10,20,20,11,5,11
241,"M",10.1,5,13,12,2,0,1,0,0,30,10,20,20,11,5,11
241,"M",10.1,5,13,13,2,0,0,1,0,30,10,20,20,11,5,11
241,"M",10.1,5,13,15,2,0,0,1,0,30,10,20,20,11,5,11
241,"M",10.1,5,13,20,2,0,1,0,0,30,10,20,20,11,5,11
241,"M",10.1,5,13,22,2,0,0,1,0,30,10,20,20,11,5,11
241,"M",10.1,5,13,24,2,0,0,0,1,30,10,20,20,11,5,11
241,"M",10.1,5,13,26,2,0,0,0,1,30,10,20,20,11,5,11
241,"M",10.1,5,13,28,2,0,0,1,0,30,10,20,20,11,5,11
241,"M",10.1,5,13,31,2,0,0,0,1,30,10,20,20,11,5,11
241,"M",10.1,5,13,32,2,0,0,1,0,30,10,20,20,11,5,11
241,"M",10.1,5,13,33,2,1,0,0,1,30,10,20,20,11,5,11
241,"M",10.1,5,13,37,2,1,0,1,0,30,10,20,20,11,5,11
241,"M",10.1,5,13,38,2,0,1,0,0,30,10,20,20,11,5,11
241,"M",10.1,5,13,40,2,1,0,0,1,30,10,20,20,11,5,11
241,"M",10.1,5,13,41,2,0,1,0,0,30,10,20,20,11,5,11
241,"M",10.1,5,13,45,2,1,0,0,1,30,10,20,20,11,5,11
241,"M",10.1,5,13,46,2,1,0,1,0,30,10,20,20,11,5,11
241,"M",10.1,5,13,50,2,0,0,1,0,30,10,20,20,11,5,11
241,"M",10.1,5,13,52,2,0,0,0,1,30,10,20,20,11,5,11
241,"M",10.1,5,13,54,2,0,0,0,1,30,10,20,20,11,5,11
241,"M",10.1,5,13,60,2,1,0,1,0,30,10,20,20,11,5,11
242,"M",10.6,5,13,3,1,1,NA,NA,NA,20,15,23,23,6,9,12
242,"M",10.6,5,13,5,1,1,NA,NA,NA,20,15,23,23,6,9,12
242,"M",10.6,5,13,7,1,1,NA,NA,NA,20,15,23,23,6,9,12
242,"M",10.6,5,13,8,1,0,NA,NA,NA,20,15,23,23,6,9,12
242,"M",10.6,5,13,9,1,0,NA,NA,NA,20,15,23,23,6,9,12
242,"M",10.6,5,13,12,1,1,NA,NA,NA,20,15,23,23,6,9,12
242,"M",10.6,5,13,13,1,0,NA,NA,NA,20,15,23,23,6,9,12
242,"M",10.6,5,13,15,1,0,NA,NA,NA,20,15,23,23,6,9,12
242,"M",10.6,5,13,19,1,0,NA,NA,NA,20,15,23,23,6,9,12
242,"M",10.6,5,13,21,1,1,NA,NA,NA,20,15,23,23,6,9,12
242,"M",10.6,5,13,24,1,1,NA,NA,NA,20,15,23,23,6,9,12
242,"M",10.6,5,13,26,1,0,NA,NA,NA,20,15,23,23,6,9,12
242,"M",10.6,5,13,27,1,0,NA,NA,NA,20,15,23,23,6,9,12
242,"M",10.6,5,13,28,1,0,NA,NA,NA,20,15,23,23,6,9,12
242,"M",10.6,5,13,30,1,1,NA,NA,NA,20,15,23,23,6,9,12
242,"M",10.6,5,13,31,1,0,NA,NA,NA,20,15,23,23,6,9,12
242,"M",10.6,5,13,33,1,0,NA,NA,NA,20,15,23,23,6,9,12
242,"M",10.6,5,13,34,1,0,NA,NA,NA,20,15,23,23,6,9,12
242,"M",10.6,5,13,39,1,1,NA,NA,NA,20,15,23,23,6,9,12
242,"M",10.6,5,13,42,1,1,NA,NA,NA,20,15,23,23,6,9,12
242,"M",10.6,5,13,44,1,0,NA,NA,NA,20,15,23,23,6,9,12
242,"M",10.6,5,13,46,1,1,NA,NA,NA,20,15,23,23,6,9,12
242,"M",10.6,5,13,47,1,1,NA,NA,NA,20,15,23,23,6,9,12
242,"M",10.6,5,13,48,1,0,NA,NA,NA,20,15,23,23,6,9,12
242,"M",10.6,5,13,49,1,0,NA,NA,NA,20,15,23,23,6,9,12
242,"M",10.6,5,13,53,1,0,NA,NA,NA,20,15,23,23,6,9,12
242,"M",10.6,5,13,54,1,0,NA,NA,NA,20,15,23,23,6,9,12
242,"M",10.6,5,13,57,1,1,NA,NA,NA,20,15,23,23,6,9,12
242,"M",10.6,5,13,58,1,0,NA,NA,NA,20,15,23,23,6,9,12
242,"M",10.6,5,13,60,1,0,NA,NA,NA,20,15,23,23,6,9,12
242,"M",10.6,5,13,1,2,0,0,1,0,20,15,23,23,6,9,12
242,"M",10.6,5,13,2,2,1,0,1,0,20,15,23,23,6,9,12
242,"M",10.6,5,13,4,2,0,0,1,0,20,15,23,23,6,9,12
242,"M",10.6,5,13,6,2,0,0,1,0,20,15,23,23,6,9,12
242,"M",10.6,5,13,10,2,1,0,0,1,20,15,23,23,6,9,12
242,"M",10.6,5,13,11,2,0,1,0,0,20,15,23,23,6,9,12
242,"M",10.6,5,13,14,2,0,0,0,1,20,15,23,23,6,9,12
242,"M",10.6,5,13,16,2,1,0,0,1,20,15,23,23,6,9,12
242,"M",10.6,5,13,17,2,1,0,0,1,20,15,23,23,6,9,12
242,"M",10.6,5,13,18,2,0,0,0,1,20,15,23,23,6,9,12
242,"M",10.6,5,13,20,2,1,0,0,1,20,15,23,23,6,9,12
242,"M",10.6,5,13,22,2,0,0,0,1,20,15,23,23,6,9,12
242,"M",10.6,5,13,23,2,1,0,0,1,20,15,23,23,6,9,12
242,"M",10.6,5,13,25,2,1,0,0,1,20,15,23,23,6,9,12
242,"M",10.6,5,13,29,2,0,0,1,0,20,15,23,23,6,9,12
242,"M",10.6,5,13,32,2,0,0,0,1,20,15,23,23,6,9,12
242,"M",10.6,5,13,35,2,0,0,0,1,20,15,23,23,6,9,12
242,"M",10.6,5,13,36,2,0,0,0,1,20,15,23,23,6,9,12
242,"M",10.6,5,13,37,2,0,0,0,1,20,15,23,23,6,9,12
242,"M",10.6,5,13,38,2,0,0,1,0,20,15,23,23,6,9,12
242,"M",10.6,5,13,40,2,1,0,0,1,20,15,23,23,6,9,12
242,"M",10.6,5,13,41,2,1,0,0,1,20,15,23,23,6,9,12
242,"M",10.6,5,13,43,2,0,0,0,1,20,15,23,23,6,9,12
242,"M",10.6,5,13,45,2,0,1,0,0,20,15,23,23,6,9,12
242,"M",10.6,5,13,50,2,0,0,1,0,20,15,23,23,6,9,12
242,"M",10.6,5,13,51,2,1,0,1,0,20,15,23,23,6,9,12
242,"M",10.6,5,13,52,2,1,0,0,1,20,15,23,23,6,9,12
242,"M",10.6,5,13,55,2,0,0,1,0,20,15,23,23,6,9,12
242,"M",10.6,5,13,56,2,0,0,0,1,20,15,23,23,6,9,12
242,"M",10.6,5,13,59,2,1,0,0,1,20,15,23,23,6,9,12
243,"F",10.1,5,13,1,1,1,NA,NA,NA,23,12,22,19,9,8,18
243,"F",10.1,5,13,3,1,0,NA,NA,NA,23,12,22,19,9,8,18
243,"F",10.1,5,13,4,1,0,NA,NA,NA,23,12,22,19,9,8,18
243,"F",10.1,5,13,6,1,0,NA,NA,NA,23,12,22,19,9,8,18
243,"F",10.1,5,13,7,1,1,NA,NA,NA,23,12,22,19,9,8,18
243,"F",10.1,5,13,8,1,1,NA,NA,NA,23,12,22,19,9,8,18
243,"F",10.1,5,13,9,1,0,NA,NA,NA,23,12,22,19,9,8,18
243,"F",10.1,5,13,13,1,0,NA,NA,NA,23,12,22,19,9,8,18
243,"F",10.1,5,13,18,1,1,NA,NA,NA,23,12,22,19,9,8,18
243,"F",10.1,5,13,19,1,0,NA,NA,NA,23,12,22,19,9,8,18
243,"F",10.1,5,13,22,1,1,NA,NA,NA,23,12,22,19,9,8,18
243,"F",10.1,5,13,23,1,0,NA,NA,NA,23,12,22,19,9,8,18
243,"F",10.1,5,13,29,1,1,NA,NA,NA,23,12,22,19,9,8,18
243,"F",10.1,5,13,30,1,1,NA,NA,NA,23,12,22,19,9,8,18
243,"F",10.1,5,13,31,1,0,NA,NA,NA,23,12,22,19,9,8,18
243,"F",10.1,5,13,32,1,0,NA,NA,NA,23,12,22,19,9,8,18
243,"F",10.1,5,13,34,1,0,NA,NA,NA,23,12,22,19,9,8,18
243,"F",10.1,5,13,36,1,1,NA,NA,NA,23,12,22,19,9,8,18
243,"F",10.1,5,13,37,1,1,NA,NA,NA,23,12,22,19,9,8,18
243,"F",10.1,5,13,39,1,1,NA,NA,NA,23,12,22,19,9,8,18
243,"F",10.1,5,13,41,1,1,NA,NA,NA,23,12,22,19,9,8,18
243,"F",10.1,5,13,42,1,1,NA,NA,NA,23,12,22,19,9,8,18
243,"F",10.1,5,13,43,1,1,NA,NA,NA,23,12,22,19,9,8,18
243,"F",10.1,5,13,44,1,0,NA,NA,NA,23,12,22,19,9,8,18
243,"F",10.1,5,13,45,1,0,NA,NA,NA,23,12,22,19,9,8,18
243,"F",10.1,5,13,47,1,1,NA,NA,NA,23,12,22,19,9,8,18
243,"F",10.1,5,13,48,1,1,NA,NA,NA,23,12,22,19,9,8,18
243,"F",10.1,5,13,53,1,1,NA,NA,NA,23,12,22,19,9,8,18
243,"F",10.1,5,13,54,1,1,NA,NA,NA,23,12,22,19,9,8,18
243,"F",10.1,5,13,57,1,1,NA,NA,NA,23,12,22,19,9,8,18
243,"F",10.1,5,13,2,2,0,1,0,0,23,12,22,19,9,8,18
243,"F",10.1,5,13,5,2,0,1,0,0,23,12,22,19,9,8,18
243,"F",10.1,5,13,10,2,0,1,0,0,23,12,22,19,9,8,18
243,"F",10.1,5,13,11,2,0,1,0,0,23,12,22,19,9,8,18
243,"F",10.1,5,13,12,2,0,1,0,0,23,12,22,19,9,8,18
243,"F",10.1,5,13,14,2,0,0,1,0,23,12,22,19,9,8,18
243,"F",10.1,5,13,15,2,0,0,0,1,23,12,22,19,9,8,18
243,"F",10.1,5,13,16,2,1,0,0,1,23,12,22,19,9,8,18
243,"F",10.1,5,13,17,2,1,0,1,0,23,12,22,19,9,8,18
243,"F",10.1,5,13,20,2,0,1,0,0,23,12,22,19,9,8,18
243,"F",10.1,5,13,21,2,0,0,0,1,23,12,22,19,9,8,18
243,"F",10.1,5,13,24,2,1,0,1,0,23,12,22,19,9,8,18
243,"F",10.1,5,13,25,2,1,0,0,1,23,12,22,19,9,8,18
243,"F",10.1,5,13,26,2,0,0,1,0,23,12,22,19,9,8,18
243,"F",10.1,5,13,27,2,0,1,0,0,23,12,22,19,9,8,18
243,"F",10.1,5,13,28,2,0,0,1,0,23,12,22,19,9,8,18
243,"F",10.1,5,13,33,2,0,0,0,1,23,12,22,19,9,8,18
243,"F",10.1,5,13,35,2,0,0,0,1,23,12,22,19,9,8,18
243,"F",10.1,5,13,38,2,0,1,0,0,23,12,22,19,9,8,18
243,"F",10.1,5,13,40,2,1,0,0,1,23,12,22,19,9,8,18
243,"F",10.1,5,13,46,2,0,0,1,0,23,12,22,19,9,8,18
243,"F",10.1,5,13,49,2,0,0,1,0,23,12,22,19,9,8,18
243,"F",10.1,5,13,50,2,0,0,1,0,23,12,22,19,9,8,18
243,"F",10.1,5,13,51,2,1,0,1,0,23,12,22,19,9,8,18
243,"F",10.1,5,13,52,2,1,0,0,1,23,12,22,19,9,8,18
243,"F",10.1,5,13,55,2,0,0,1,0,23,12,22,19,9,8,18
243,"F",10.1,5,13,56,2,0,0,1,0,23,12,22,19,9,8,18
243,"F",10.1,5,13,58,2,0,0,1,0,23,12,22,19,9,8,18
243,"F",10.1,5,13,59,2,1,0,1,0,23,12,22,19,9,8,18
243,"F",10.1,5,13,60,2,0,1,0,0,23,12,22,19,9,8,18
244,"F",10.2,5,13,3,1,0,NA,NA,NA,27,14,27,29,7,5,22
244,"F",10.2,5,13,6,1,0,NA,NA,NA,27,14,27,29,7,5,22
244,"F",10.2,5,13,11,1,1,NA,NA,NA,27,14,27,29,7,5,22
244,"F",10.2,5,13,16,1,1,NA,NA,NA,27,14,27,29,7,5,22
244,"F",10.2,5,13,17,1,0,NA,NA,NA,27,14,27,29,7,5,22
244,"F",10.2,5,13,20,1,1,NA,NA,NA,27,14,27,29,7,5,22
244,"F",10.2,5,13,21,1,1,NA,NA,NA,27,14,27,29,7,5,22
244,"F",10.2,5,13,24,1,1,NA,NA,NA,27,14,27,29,7,5,22
244,"F",10.2,5,13,25,1,1,NA,NA,NA,27,14,27,29,7,5,22
244,"F",10.2,5,13,26,1,0,NA,NA,NA,27,14,27,29,7,5,22
244,"F",10.2,5,13,27,1,0,NA,NA,NA,27,14,27,29,7,5,22
244,"F",10.2,5,13,29,1,1,NA,NA,NA,27,14,27,29,7,5,22
244,"F",10.2,5,13,30,1,1,NA,NA,NA,27,14,27,29,7,5,22
244,"F",10.2,5,13,31,1,0,NA,NA,NA,27,14,27,29,7,5,22
244,"F",10.2,5,13,34,1,1,NA,NA,NA,27,14,27,29,7,5,22
244,"F",10.2,5,13,35,1,1,NA,NA,NA,27,14,27,29,7,5,22
244,"F",10.2,5,13,36,1,0,NA,NA,NA,27,14,27,29,7,5,22
244,"F",10.2,5,13,42,1,1,NA,NA,NA,27,14,27,29,7,5,22
244,"F",10.2,5,13,43,1,1,NA,NA,NA,27,14,27,29,7,5,22
244,"F",10.2,5,13,45,1,1,NA,NA,NA,27,14,27,29,7,5,22
244,"F",10.2,5,13,46,1,1,NA,NA,NA,27,14,27,29,7,5,22
244,"F",10.2,5,13,47,1,1,NA,NA,NA,27,14,27,29,7,5,22
244,"F",10.2,5,13,48,1,1,NA,NA,NA,27,14,27,29,7,5,22
244,"F",10.2,5,13,49,1,1,NA,NA,NA,27,14,27,29,7,5,22
244,"F",10.2,5,13,51,1,0,NA,NA,NA,27,14,27,29,7,5,22
244,"F",10.2,5,13,53,1,1,NA,NA,NA,27,14,27,29,7,5,22
244,"F",10.2,5,13,55,1,1,NA,NA,NA,27,14,27,29,7,5,22
244,"F",10.2,5,13,56,1,1,NA,NA,NA,27,14,27,29,7,5,22
244,"F",10.2,5,13,57,1,1,NA,NA,NA,27,14,27,29,7,5,22
244,"F",10.2,5,13,58,1,1,NA,NA,NA,27,14,27,29,7,5,22
244,"F",10.2,5,13,1,2,1,0,0,1,27,14,27,29,7,5,22
244,"F",10.2,5,13,2,2,1,0,0,1,27,14,27,29,7,5,22
244,"F",10.2,5,13,4,2,0,0,0,1,27,14,27,29,7,5,22
244,"F",10.2,5,13,5,2,0,1,0,0,27,14,27,29,7,5,22
244,"F",10.2,5,13,7,2,0,1,0,0,27,14,27,29,7,5,22
244,"F",10.2,5,13,8,2,0,0,0,1,27,14,27,29,7,5,22
244,"F",10.2,5,13,9,2,1,0,1,0,27,14,27,29,7,5,22
244,"F",10.2,5,13,10,2,1,0,0,1,27,14,27,29,7,5,22
244,"F",10.2,5,13,12,2,1,0,1,0,27,14,27,29,7,5,22
244,"F",10.2,5,13,13,2,0,1,0,0,27,14,27,29,7,5,22
244,"F",10.2,5,13,14,2,0,0,1,0,27,14,27,29,7,5,22
244,"F",10.2,5,13,15,2,1,0,1,0,27,14,27,29,7,5,22
244,"F",10.2,5,13,18,2,0,1,0,0,27,14,27,29,7,5,22
244,"F",10.2,5,13,19,2,1,0,0,1,27,14,27,29,7,5,22
244,"F",10.2,5,13,22,2,0,0,0,1,27,14,27,29,7,5,22
244,"F",10.2,5,13,23,2,1,0,0,1,27,14,27,29,7,5,22
244,"F",10.2,5,13,28,2,0,1,0,0,27,14,27,29,7,5,22
244,"F",10.2,5,13,32,2,0,0,0,1,27,14,27,29,7,5,22
244,"F",10.2,5,13,33,2,1,0,0,1,27,14,27,29,7,5,22
244,"F",10.2,5,13,37,2,0,1,0,0,27,14,27,29,7,5,22
244,"F",10.2,5,13,38,2,0,0,0,1,27,14,27,29,7,5,22
244,"F",10.2,5,13,39,2,1,0,0,1,27,14,27,29,7,5,22
244,"F",10.2,5,13,40,2,1,0,0,1,27,14,27,29,7,5,22
244,"F",10.2,5,13,41,2,0,0,0,1,27,14,27,29,7,5,22
244,"F",10.2,5,13,44,2,0,1,0,0,27,14,27,29,7,5,22
244,"F",10.2,5,13,50,2,0,1,0,0,27,14,27,29,7,5,22
244,"F",10.2,5,13,52,2,0,1,0,0,27,14,27,29,7,5,22
244,"F",10.2,5,13,54,2,0,1,0,0,27,14,27,29,7,5,22
244,"F",10.2,5,13,59,2,1,0,1,0,27,14,27,29,7,5,22
244,"F",10.2,5,13,60,2,0,0,0,1,27,14,27,29,7,5,22
245,"M",10.5,5,13,1,1,0,NA,NA,NA,24,8,34,13,11,4,19
245,"M",10.5,5,13,4,1,0,NA,NA,NA,24,8,34,13,11,4,19
245,"M",10.5,5,13,7,1,1,NA,NA,NA,24,8,34,13,11,4,19
245,"M",10.5,5,13,8,1,0,NA,NA,NA,24,8,34,13,11,4,19
245,"M",10.5,5,13,11,1,1,NA,NA,NA,24,8,34,13,11,4,19
245,"M",10.5,5,13,14,1,1,NA,NA,NA,24,8,34,13,11,4,19
245,"M",10.5,5,13,15,1,1,NA,NA,NA,24,8,34,13,11,4,19
245,"M",10.5,5,13,18,1,1,NA,NA,NA,24,8,34,13,11,4,19
245,"M",10.5,5,13,19,1,0,NA,NA,NA,24,8,34,13,11,4,19
245,"M",10.5,5,13,20,1,1,NA,NA,NA,24,8,34,13,11,4,19
245,"M",10.5,5,13,22,1,1,NA,NA,NA,24,8,34,13,11,4,19
245,"M",10.5,5,13,25,1,1,NA,NA,NA,24,8,34,13,11,4,19
245,"M",10.5,5,13,26,1,0,NA,NA,NA,24,8,34,13,11,4,19
245,"M",10.5,5,13,30,1,0,NA,NA,NA,24,8,34,13,11,4,19
245,"M",10.5,5,13,31,1,0,NA,NA,NA,24,8,34,13,11,4,19
245,"M",10.5,5,13,33,1,1,NA,NA,NA,24,8,34,13,11,4,19
245,"M",10.5,5,13,37,1,1,NA,NA,NA,24,8,34,13,11,4,19
245,"M",10.5,5,13,38,1,0,NA,NA,NA,24,8,34,13,11,4,19
245,"M",10.5,5,13,39,1,1,NA,NA,NA,24,8,34,13,11,4,19
245,"M",10.5,5,13,40,1,1,NA,NA,NA,24,8,34,13,11,4,19
245,"M",10.5,5,13,43,1,1,NA,NA,NA,24,8,34,13,11,4,19
245,"M",10.5,5,13,47,1,1,NA,NA,NA,24,8,34,13,11,4,19
245,"M",10.5,5,13,48,1,1,NA,NA,NA,24,8,34,13,11,4,19
245,"M",10.5,5,13,50,1,1,NA,NA,NA,24,8,34,13,11,4,19
245,"M",10.5,5,13,52,1,1,NA,NA,NA,24,8,34,13,11,4,19
245,"M",10.5,5,13,53,1,0,NA,NA,NA,24,8,34,13,11,4,19
245,"M",10.5,5,13,56,1,1,NA,NA,NA,24,8,34,13,11,4,19
245,"M",10.5,5,13,57,1,1,NA,NA,NA,24,8,34,13,11,4,19
245,"M",10.5,5,13,58,1,0,NA,NA,NA,24,8,34,13,11,4,19
245,"M",10.5,5,13,60,1,0,NA,NA,NA,24,8,34,13,11,4,19
245,"M",10.5,5,13,2,2,0,1,0,0,24,8,34,13,11,4,19
245,"M",10.5,5,13,3,2,0,1,0,0,24,8,34,13,11,4,19
245,"M",10.5,5,13,5,2,1,0,1,0,24,8,34,13,11,4,19
245,"M",10.5,5,13,6,2,0,1,0,0,24,8,34,13,11,4,19
245,"M",10.5,5,13,9,2,0,1,0,0,24,8,34,13,11,4,19
245,"M",10.5,5,13,10,2,0,1,0,0,24,8,34,13,11,4,19
245,"M",10.5,5,13,12,2,0,1,0,0,24,8,34,13,11,4,19
245,"M",10.5,5,13,13,2,0,1,0,0,24,8,34,13,11,4,19
245,"M",10.5,5,13,16,2,0,1,0,0,24,8,34,13,11,4,19
245,"M",10.5,5,13,17,2,0,1,0,0,24,8,34,13,11,4,19
245,"M",10.5,5,13,21,2,0,1,0,0,24,8,34,13,11,4,19
245,"M",10.5,5,13,23,2,1,0,1,0,24,8,34,13,11,4,19
245,"M",10.5,5,13,24,2,0,1,0,0,24,8,34,13,11,4,19
245,"M",10.5,5,13,27,2,0,1,0,0,24,8,34,13,11,4,19
245,"M",10.5,5,13,28,2,0,0,0,1,24,8,34,13,11,4,19
245,"M",10.5,5,13,29,2,0,1,0,0,24,8,34,13,11,4,19
245,"M",10.5,5,13,32,2,0,1,0,0,24,8,34,13,11,4,19
245,"M",10.5,5,13,34,2,0,1,0,0,24,8,34,13,11,4,19
245,"M",10.5,5,13,35,2,0,0,0,1,24,8,34,13,11,4,19
245,"M",10.5,5,13,36,2,1,0,1,0,24,8,34,13,11,4,19
245,"M",10.5,5,13,41,2,1,0,0,1,24,8,34,13,11,4,19
245,"M",10.5,5,13,42,2,0,1,0,0,24,8,34,13,11,4,19
245,"M",10.5,5,13,44,2,0,1,0,0,24,8,34,13,11,4,19
245,"M",10.5,5,13,45,2,0,1,0,0,24,8,34,13,11,4,19
245,"M",10.5,5,13,46,2,0,1,0,0,24,8,34,13,11,4,19
245,"M",10.5,5,13,49,2,1,0,1,0,24,8,34,13,11,4,19
245,"M",10.5,5,13,51,2,0,1,0,0,24,8,34,13,11,4,19
245,"M",10.5,5,13,54,2,0,1,0,0,24,8,34,13,11,4,19
245,"M",10.5,5,13,55,2,0,1,0,0,24,8,34,13,11,4,19
245,"M",10.5,5,13,59,2,0,1,0,0,24,8,34,13,11,4,19
246,"M",10.5,5,13,1,1,1,NA,NA,NA,12,25,13,38,3,11,21
246,"M",10.5,5,13,2,1,1,NA,NA,NA,12,25,13,38,3,11,21
246,"M",10.5,5,13,3,1,0,NA,NA,NA,12,25,13,38,3,11,21
246,"M",10.5,5,13,4,1,1,NA,NA,NA,12,25,13,38,3,11,21
246,"M",10.5,5,13,5,1,1,NA,NA,NA,12,25,13,38,3,11,21
246,"M",10.5,5,13,6,1,0,NA,NA,NA,12,25,13,38,3,11,21
246,"M",10.5,5,13,7,1,1,NA,NA,NA,12,25,13,38,3,11,21
246,"M",10.5,5,13,12,1,0,NA,NA,NA,12,25,13,38,3,11,21
246,"M",10.5,5,13,15,1,0,NA,NA,NA,12,25,13,38,3,11,21
246,"M",10.5,5,13,17,1,1,NA,NA,NA,12,25,13,38,3,11,21
246,"M",10.5,5,13,19,1,1,NA,NA,NA,12,25,13,38,3,11,21
246,"M",10.5,5,13,21,1,1,NA,NA,NA,12,25,13,38,3,11,21
246,"M",10.5,5,13,24,1,1,NA,NA,NA,12,25,13,38,3,11,21
246,"M",10.5,5,13,27,1,1,NA,NA,NA,12,25,13,38,3,11,21
246,"M",10.5,5,13,31,1,1,NA,NA,NA,12,25,13,38,3,11,21
246,"M",10.5,5,13,33,1,0,NA,NA,NA,12,25,13,38,3,11,21
246,"M",10.5,5,13,34,1,1,NA,NA,NA,12,25,13,38,3,11,21
246,"M",10.5,5,13,36,1,1,NA,NA,NA,12,25,13,38,3,11,21
246,"M",10.5,5,13,37,1,1,NA,NA,NA,12,25,13,38,3,11,21
246,"M",10.5,5,13,39,1,1,NA,NA,NA,12,25,13,38,3,11,21
246,"M",10.5,5,13,41,1,0,NA,NA,NA,12,25,13,38,3,11,21
246,"M",10.5,5,13,44,1,1,NA,NA,NA,12,25,13,38,3,11,21
246,"M",10.5,5,13,45,1,0,NA,NA,NA,12,25,13,38,3,11,21
246,"M",10.5,5,13,46,1,1,NA,NA,NA,12,25,13,38,3,11,21
246,"M",10.5,5,13,48,1,1,NA,NA,NA,12,25,13,38,3,11,21
246,"M",10.5,5,13,50,1,1,NA,NA,NA,12,25,13,38,3,11,21
246,"M",10.5,5,13,52,1,1,NA,NA,NA,12,25,13,38,3,11,21
246,"M",10.5,5,13,53,1,0,NA,NA,NA,12,25,13,38,3,11,21
246,"M",10.5,5,13,57,1,1,NA,NA,NA,12,25,13,38,3,11,21
246,"M",10.5,5,13,58,1,0,NA,NA,NA,12,25,13,38,3,11,21
246,"M",10.5,5,13,8,2,1,0,0,1,12,25,13,38,3,11,21
246,"M",10.5,5,13,9,2,1,0,0,1,12,25,13,38,3,11,21
246,"M",10.5,5,13,10,2,0,1,0,0,12,25,13,38,3,11,21
246,"M",10.5,5,13,11,2,0,0,0,1,12,25,13,38,3,11,21
246,"M",10.5,5,13,13,2,0,1,0,0,12,25,13,38,3,11,21
246,"M",10.5,5,13,14,2,1,0,0,1,12,25,13,38,3,11,21
246,"M",10.5,5,13,16,2,1,0,0,1,12,25,13,38,3,11,21
246,"M",10.5,5,13,18,2,1,0,0,1,12,25,13,38,3,11,21
246,"M",10.5,5,13,20,2,0,0,0,1,12,25,13,38,3,11,21
246,"M",10.5,5,13,22,2,0,0,0,1,12,25,13,38,3,11,21
246,"M",10.5,5,13,23,2,1,0,0,1,12,25,13,38,3,11,21
246,"M",10.5,5,13,25,2,0,0,0,1,12,25,13,38,3,11,21
246,"M",10.5,5,13,26,2,0,0,1,0,12,25,13,38,3,11,21
246,"M",10.5,5,13,28,2,1,0,0,1,12,25,13,38,3,11,21
246,"M",10.5,5,13,29,2,1,0,0,1,12,25,13,38,3,11,21
246,"M",10.5,5,13,30,2,1,0,0,1,12,25,13,38,3,11,21
246,"M",10.5,5,13,32,2,1,0,0,1,12,25,13,38,3,11,21
246,"M",10.5,5,13,35,2,0,0,1,0,12,25,13,38,3,11,21
246,"M",10.5,5,13,38,2,1,0,1,0,12,25,13,38,3,11,21
246,"M",10.5,5,13,40,2,1,0,0,1,12,25,13,38,3,11,21
246,"M",10.5,5,13,42,2,0,0,0,1,12,25,13,38,3,11,21
246,"M",10.5,5,13,43,2,1,0,0,1,12,25,13,38,3,11,21
246,"M",10.5,5,13,47,2,1,0,0,1,12,25,13,38,3,11,21
246,"M",10.5,5,13,49,2,0,0,0,1,12,25,13,38,3,11,21
246,"M",10.5,5,13,51,2,1,0,0,1,12,25,13,38,3,11,21
246,"M",10.5,5,13,54,2,1,0,0,1,12,25,13,38,3,11,21
246,"M",10.5,5,13,55,2,0,0,0,1,12,25,13,38,3,11,21
246,"M",10.5,5,13,56,2,1,0,0,1,12,25,13,38,3,11,21
246,"M",10.5,5,13,59,2,1,0,0,1,12,25,13,38,3,11,21
246,"M",10.5,5,13,60,2,0,0,0,1,12,25,13,38,3,11,21
247,"M",10.2,5,13,4,1,1,NA,NA,NA,40,21,33,37,7,9,20
247,"M",10.2,5,13,5,1,1,NA,NA,NA,40,21,33,37,7,9,20
247,"M",10.2,5,13,6,1,1,NA,NA,NA,40,21,33,37,7,9,20
247,"M",10.2,5,13,8,1,1,NA,NA,NA,40,21,33,37,7,9,20
247,"M",10.2,5,13,10,1,1,NA,NA,NA,40,21,33,37,7,9,20
247,"M",10.2,5,13,14,1,0,NA,NA,NA,40,21,33,37,7,9,20
247,"M",10.2,5,13,15,1,0,NA,NA,NA,40,21,33,37,7,9,20
247,"M",10.2,5,13,20,1,0,NA,NA,NA,40,21,33,37,7,9,20
247,"M",10.2,5,13,23,1,1,NA,NA,NA,40,21,33,37,7,9,20
247,"M",10.2,5,13,24,1,1,NA,NA,NA,40,21,33,37,7,9,20
247,"M",10.2,5,13,25,1,1,NA,NA,NA,40,21,33,37,7,9,20
247,"M",10.2,5,13,26,1,0,NA,NA,NA,40,21,33,37,7,9,20
247,"M",10.2,5,13,29,1,1,NA,NA,NA,40,21,33,37,7,9,20
247,"M",10.2,5,13,30,1,1,NA,NA,NA,40,21,33,37,7,9,20
247,"M",10.2,5,13,34,1,1,NA,NA,NA,40,21,33,37,7,9,20
247,"M",10.2,5,13,35,1,0,NA,NA,NA,40,21,33,37,7,9,20
247,"M",10.2,5,13,37,1,1,NA,NA,NA,40,21,33,37,7,9,20
247,"M",10.2,5,13,38,1,1,NA,NA,NA,40,21,33,37,7,9,20
247,"M",10.2,5,13,39,1,1,NA,NA,NA,40,21,33,37,7,9,20
247,"M",10.2,5,13,41,1,0,NA,NA,NA,40,21,33,37,7,9,20
247,"M",10.2,5,13,44,1,0,NA,NA,NA,40,21,33,37,7,9,20
247,"M",10.2,5,13,45,1,1,NA,NA,NA,40,21,33,37,7,9,20
247,"M",10.2,5,13,48,1,1,NA,NA,NA,40,21,33,37,7,9,20
247,"M",10.2,5,13,50,1,0,NA,NA,NA,40,21,33,37,7,9,20
247,"M",10.2,5,13,52,1,1,NA,NA,NA,40,21,33,37,7,9,20
247,"M",10.2,5,13,54,1,1,NA,NA,NA,40,21,33,37,7,9,20
247,"M",10.2,5,13,55,1,0,NA,NA,NA,40,21,33,37,7,9,20
247,"M",10.2,5,13,56,1,1,NA,NA,NA,40,21,33,37,7,9,20
247,"M",10.2,5,13,59,1,1,NA,NA,NA,40,21,33,37,7,9,20
247,"M",10.2,5,13,60,1,0,NA,NA,NA,40,21,33,37,7,9,20
247,"M",10.2,5,13,1,2,0,1,0,0,40,21,33,37,7,9,20
247,"M",10.2,5,13,2,2,1,0,0,1,40,21,33,37,7,9,20
247,"M",10.2,5,13,3,2,0,1,0,0,40,21,33,37,7,9,20
247,"M",10.2,5,13,7,2,0,1,0,0,40,21,33,37,7,9,20
247,"M",10.2,5,13,9,2,0,0,0,1,40,21,33,37,7,9,20
247,"M",10.2,5,13,11,2,0,1,0,0,40,21,33,37,7,9,20
247,"M",10.2,5,13,12,2,0,0,1,0,40,21,33,37,7,9,20
247,"M",10.2,5,13,13,2,0,1,0,0,40,21,33,37,7,9,20
247,"M",10.2,5,13,16,2,0,1,0,0,40,21,33,37,7,9,20
247,"M",10.2,5,13,17,2,0,1,0,0,40,21,33,37,7,9,20
247,"M",10.2,5,13,18,2,0,1,0,0,40,21,33,37,7,9,20
247,"M",10.2,5,13,19,2,0,1,0,0,40,21,33,37,7,9,20
247,"M",10.2,5,13,21,2,0,1,0,0,40,21,33,37,7,9,20
247,"M",10.2,5,13,22,2,0,1,0,0,40,21,33,37,7,9,20
247,"M",10.2,5,13,27,2,0,1,0,0,40,21,33,37,7,9,20
247,"M",10.2,5,13,28,2,0,1,0,0,40,21,33,37,7,9,20
247,"M",10.2,5,13,31,2,0,1,0,0,40,21,33,37,7,9,20
247,"M",10.2,5,13,32,2,0,1,0,0,40,21,33,37,7,9,20
247,"M",10.2,5,13,33,2,0,1,0,0,40,21,33,37,7,9,20
247,"M",10.2,5,13,36,2,1,0,0,1,40,21,33,37,7,9,20
247,"M",10.2,5,13,40,2,0,1,0,0,40,21,33,37,7,9,20
247,"M",10.2,5,13,42,2,0,1,0,0,40,21,33,37,7,9,20
247,"M",10.2,5,13,43,2,0,1,0,0,40,21,33,37,7,9,20
247,"M",10.2,5,13,46,2,1,0,1,0,40,21,33,37,7,9,20
247,"M",10.2,5,13,47,2,0,1,0,0,40,21,33,37,7,9,20
247,"M",10.2,5,13,49,2,1,0,0,1,40,21,33,37,7,9,20
247,"M",10.2,5,13,51,2,0,1,0,0,40,21,33,37,7,9,20
247,"M",10.2,5,13,53,2,0,1,0,0,40,21,33,37,7,9,20
247,"M",10.2,5,13,57,2,0,1,0,0,40,21,33,37,7,9,20
247,"M",10.2,5,13,58,2,1,0,0,1,40,21,33,37,7,9,20
248,"F",10.1,5,13,2,1,1,NA,NA,NA,27,9,24,19,5,5,10
248,"F",10.1,5,13,3,1,0,NA,NA,NA,27,9,24,19,5,5,10
248,"F",10.1,5,13,5,1,0,NA,NA,NA,27,9,24,19,5,5,10
248,"F",10.1,5,13,6,1,0,NA,NA,NA,27,9,24,19,5,5,10
248,"F",10.1,5,13,7,1,1,NA,NA,NA,27,9,24,19,5,5,10
248,"F",10.1,5,13,11,1,0,NA,NA,NA,27,9,24,19,5,5,10
248,"F",10.1,5,13,13,1,0,NA,NA,NA,27,9,24,19,5,5,10
248,"F",10.1,5,13,14,1,0,NA,NA,NA,27,9,24,19,5,5,10
248,"F",10.1,5,13,15,1,0,NA,NA,NA,27,9,24,19,5,5,10
248,"F",10.1,5,13,18,1,1,NA,NA,NA,27,9,24,19,5,5,10
248,"F",10.1,5,13,21,1,0,NA,NA,NA,27,9,24,19,5,5,10
248,"F",10.1,5,13,25,1,1,NA,NA,NA,27,9,24,19,5,5,10
248,"F",10.1,5,13,26,1,1,NA,NA,NA,27,9,24,19,5,5,10
248,"F",10.1,5,13,28,1,0,NA,NA,NA,27,9,24,19,5,5,10
248,"F",10.1,5,13,30,1,0,NA,NA,NA,27,9,24,19,5,5,10
248,"F",10.1,5,13,32,1,0,NA,NA,NA,27,9,24,19,5,5,10
248,"F",10.1,5,13,34,1,1,NA,NA,NA,27,9,24,19,5,5,10
248,"F",10.1,5,13,38,1,0,NA,NA,NA,27,9,24,19,5,5,10
248,"F",10.1,5,13,39,1,0,NA,NA,NA,27,9,24,19,5,5,10
248,"F",10.1,5,13,41,1,0,NA,NA,NA,27,9,24,19,5,5,10
248,"F",10.1,5,13,44,1,1,NA,NA,NA,27,9,24,19,5,5,10
248,"F",10.1,5,13,45,1,1,NA,NA,NA,27,9,24,19,5,5,10
248,"F",10.1,5,13,48,1,0,NA,NA,NA,27,9,24,19,5,5,10
248,"F",10.1,5,13,51,1,0,NA,NA,NA,27,9,24,19,5,5,10
248,"F",10.1,5,13,53,1,1,NA,NA,NA,27,9,24,19,5,5,10
248,"F",10.1,5,13,55,1,0,NA,NA,NA,27,9,24,19,5,5,10
248,"F",10.1,5,13,56,1,0,NA,NA,NA,27,9,24,19,5,5,10
248,"F",10.1,5,13,58,1,0,NA,NA,NA,27,9,24,19,5,5,10
248,"F",10.1,5,13,59,1,1,NA,NA,NA,27,9,24,19,5,5,10
248,"F",10.1,5,13,60,1,0,NA,NA,NA,27,9,24,19,5,5,10
248,"F",10.1,5,13,1,2,0,0,0,1,27,9,24,19,5,5,10
248,"F",10.1,5,13,4,2,1,0,0,1,27,9,24,19,5,5,10
248,"F",10.1,5,13,8,2,0,1,0,0,27,9,24,19,5,5,10
248,"F",10.1,5,13,9,2,0,0,0,1,27,9,24,19,5,5,10
248,"F",10.1,5,13,10,2,0,1,0,0,27,9,24,19,5,5,10
248,"F",10.1,5,13,12,2,0,1,0,0,27,9,24,19,5,5,10
248,"F",10.1,5,13,16,2,0,1,0,0,27,9,24,19,5,5,10
248,"F",10.1,5,13,17,2,1,0,0,1,27,9,24,19,5,5,10
248,"F",10.1,5,13,19,2,1,0,1,0,27,9,24,19,5,5,10
248,"F",10.1,5,13,20,2,1,0,0,1,27,9,24,19,5,5,10
248,"F",10.1,5,13,22,2,0,1,0,0,27,9,24,19,5,5,10
248,"F",10.1,5,13,23,2,1,0,1,0,27,9,24,19,5,5,10
248,"F",10.1,5,13,24,2,0,1,0,0,27,9,24,19,5,5,10
248,"F",10.1,5,13,27,2,0,1,0,0,27,9,24,19,5,5,10
248,"F",10.1,5,13,29,2,0,0,1,0,27,9,24,19,5,5,10
248,"F",10.1,5,13,31,2,0,1,0,0,27,9,24,19,5,5,10
248,"F",10.1,5,13,33,2,0,1,0,0,27,9,24,19,5,5,10
248,"F",10.1,5,13,35,2,0,0,0,1,27,9,24,19,5,5,10
248,"F",10.1,5,13,36,2,0,0,1,0,27,9,24,19,5,5,10
248,"F",10.1,5,13,37,2,0,0,0,1,27,9,24,19,5,5,10
248,"F",10.1,5,13,40,2,0,0,1,0,27,9,24,19,5,5,10
248,"F",10.1,5,13,42,2,0,0,0,1,27,9,24,19,5,5,10
248,"F",10.1,5,13,43,2,0,1,0,0,27,9,24,19,5,5,10
248,"F",10.1,5,13,46,2,0,0,1,0,27,9,24,19,5,5,10
248,"F",10.1,5,13,47,2,1,0,0,1,27,9,24,19,5,5,10
248,"F",10.1,5,13,49,2,0,0,1,0,27,9,24,19,5,5,10
248,"F",10.1,5,13,50,2,0,0,0,1,27,9,24,19,5,5,10
248,"F",10.1,5,13,52,2,0,0,1,0,27,9,24,19,5,5,10
248,"F",10.1,5,13,54,2,0,1,0,0,27,9,24,19,5,5,10
248,"F",10.1,5,13,57,2,0,0,1,0,27,9,24,19,5,5,10
249,"F",10.5,5,13,3,1,0,NA,NA,NA,37,18,35,27,6,5,16
249,"F",10.5,5,13,5,1,1,NA,NA,NA,37,18,35,27,6,5,16
249,"F",10.5,5,13,7,1,1,NA,NA,NA,37,18,35,27,6,5,16
249,"F",10.5,5,13,10,1,1,NA,NA,NA,37,18,35,27,6,5,16
249,"F",10.5,5,13,13,1,0,NA,NA,NA,37,18,35,27,6,5,16
249,"F",10.5,5,13,17,1,0,NA,NA,NA,37,18,35,27,6,5,16
249,"F",10.5,5,13,19,1,0,NA,NA,NA,37,18,35,27,6,5,16
249,"F",10.5,5,13,20,1,1,NA,NA,NA,37,18,35,27,6,5,16
249,"F",10.5,5,13,21,1,0,NA,NA,NA,37,18,35,27,6,5,16
249,"F",10.5,5,13,22,1,0,NA,NA,NA,37,18,35,27,6,5,16
249,"F",10.5,5,13,24,1,1,NA,NA,NA,37,18,35,27,6,5,16
249,"F",10.5,5,13,26,1,1,NA,NA,NA,37,18,35,27,6,5,16
249,"F",10.5,5,13,29,1,1,NA,NA,NA,37,18,35,27,6,5,16
249,"F",10.5,5,13,30,1,0,NA,NA,NA,37,18,35,27,6,5,16
249,"F",10.5,5,13,31,1,0,NA,NA,NA,37,18,35,27,6,5,16
249,"F",10.5,5,13,32,1,0,NA,NA,NA,37,18,35,27,6,5,16
249,"F",10.5,5,13,35,1,1,NA,NA,NA,37,18,35,27,6,5,16
249,"F",10.5,5,13,38,1,0,NA,NA,NA,37,18,35,27,6,5,16
249,"F",10.5,5,13,43,1,0,NA,NA,NA,37,18,35,27,6,5,16
249,"F",10.5,5,13,44,1,1,NA,NA,NA,37,18,35,27,6,5,16
249,"F",10.5,5,13,46,1,1,NA,NA,NA,37,18,35,27,6,5,16
249,"F",10.5,5,13,47,1,1,NA,NA,NA,37,18,35,27,6,5,16
249,"F",10.5,5,13,49,1,1,NA,NA,NA,37,18,35,27,6,5,16
249,"F",10.5,5,13,50,1,1,NA,NA,NA,37,18,35,27,6,5,16
249,"F",10.5,5,13,52,1,1,NA,NA,NA,37,18,35,27,6,5,16
249,"F",10.5,5,13,53,1,1,NA,NA,NA,37,18,35,27,6,5,16
249,"F",10.5,5,13,54,1,0,NA,NA,NA,37,18,35,27,6,5,16
249,"F",10.5,5,13,57,1,1,NA,NA,NA,37,18,35,27,6,5,16
249,"F",10.5,5,13,59,1,0,NA,NA,NA,37,18,35,27,6,5,16
249,"F",10.5,5,13,60,1,0,NA,NA,NA,37,18,35,27,6,5,16
249,"F",10.5,5,13,1,2,0,0,1,0,37,18,35,27,6,5,16
249,"F",10.5,5,13,2,2,0,0,0,1,37,18,35,27,6,5,16
249,"F",10.5,5,13,4,2,0,1,0,0,37,18,35,27,6,5,16
249,"F",10.5,5,13,6,2,0,1,0,0,37,18,35,27,6,5,16
249,"F",10.5,5,13,8,2,0,1,0,0,37,18,35,27,6,5,16
249,"F",10.5,5,13,9,2,0,1,0,0,37,18,35,27,6,5,16
249,"F",10.5,5,13,11,2,0,1,0,0,37,18,35,27,6,5,16
249,"F",10.5,5,13,12,2,0,0,1,0,37,18,35,27,6,5,16
249,"F",10.5,5,13,14,2,0,1,0,0,37,18,35,27,6,5,16
249,"F",10.5,5,13,15,2,0,1,0,0,37,18,35,27,6,5,16
249,"F",10.5,5,13,16,2,0,1,0,0,37,18,35,27,6,5,16
249,"F",10.5,5,13,18,2,0,1,0,0,37,18,35,27,6,5,16
249,"F",10.5,5,13,23,2,0,1,0,0,37,18,35,27,6,5,16
249,"F",10.5,5,13,25,2,1,0,1,0,37,18,35,27,6,5,16
249,"F",10.5,5,13,27,2,0,1,0,0,37,18,35,27,6,5,16
249,"F",10.5,5,13,28,2,0,0,0,1,37,18,35,27,6,5,16
249,"F",10.5,5,13,33,2,0,1,0,0,37,18,35,27,6,5,16
249,"F",10.5,5,13,34,2,0,1,0,0,37,18,35,27,6,5,16
249,"F",10.5,5,13,36,2,0,1,0,0,37,18,35,27,6,5,16
249,"F",10.5,5,13,37,2,0,1,0,0,37,18,35,27,6,5,16
249,"F",10.5,5,13,39,2,0,1,0,0,37,18,35,27,6,5,16
249,"F",10.5,5,13,40,2,0,1,0,0,37,18,35,27,6,5,16
249,"F",10.5,5,13,41,2,0,0,0,1,37,18,35,27,6,5,16
249,"F",10.5,5,13,42,2,0,1,0,0,37,18,35,27,6,5,16
249,"F",10.5,5,13,45,2,0,1,0,0,37,18,35,27,6,5,16
249,"F",10.5,5,13,48,2,0,0,1,0,37,18,35,27,6,5,16
249,"F",10.5,5,13,51,2,0,1,0,0,37,18,35,27,6,5,16
249,"F",10.5,5,13,55,2,0,1,0,0,37,18,35,27,6,5,16
249,"F",10.5,5,13,56,2,0,1,0,0,37,18,35,27,6,5,16
249,"F",10.5,5,13,58,2,0,1,0,0,37,18,35,27,6,5,16
250,"M",10.9,5,13,1,1,1,NA,NA,NA,18,16,12,27,5,10,25
250,"M",10.9,5,13,5,1,1,NA,NA,NA,18,16,12,27,5,10,25
250,"M",10.9,5,13,6,1,0,NA,NA,NA,18,16,12,27,5,10,25
250,"M",10.9,5,13,8,1,1,NA,NA,NA,18,16,12,27,5,10,25
250,"M",10.9,5,13,10,1,1,NA,NA,NA,18,16,12,27,5,10,25
250,"M",10.9,5,13,14,1,1,NA,NA,NA,18,16,12,27,5,10,25
250,"M",10.9,5,13,16,1,0,NA,NA,NA,18,16,12,27,5,10,25
250,"M",10.9,5,13,17,1,1,NA,NA,NA,18,16,12,27,5,10,25
250,"M",10.9,5,13,20,1,1,NA,NA,NA,18,16,12,27,5,10,25
250,"M",10.9,5,13,22,1,0,NA,NA,NA,18,16,12,27,5,10,25
250,"M",10.9,5,13,26,1,1,NA,NA,NA,18,16,12,27,5,10,25
250,"M",10.9,5,13,29,1,1,NA,NA,NA,18,16,12,27,5,10,25
250,"M",10.9,5,13,30,1,0,NA,NA,NA,18,16,12,27,5,10,25
250,"M",10.9,5,13,32,1,1,NA,NA,NA,18,16,12,27,5,10,25
250,"M",10.9,5,13,33,1,1,NA,NA,NA,18,16,12,27,5,10,25
250,"M",10.9,5,13,34,1,1,NA,NA,NA,18,16,12,27,5,10,25
250,"M",10.9,5,13,35,1,1,NA,NA,NA,18,16,12,27,5,10,25
250,"M",10.9,5,13,36,1,1,NA,NA,NA,18,16,12,27,5,10,25
250,"M",10.9,5,13,37,1,1,NA,NA,NA,18,16,12,27,5,10,25
250,"M",10.9,5,13,38,1,1,NA,NA,NA,18,16,12,27,5,10,25
250,"M",10.9,5,13,40,1,1,NA,NA,NA,18,16,12,27,5,10,25
250,"M",10.9,5,13,41,1,1,NA,NA,NA,18,16,12,27,5,10,25
250,"M",10.9,5,13,42,1,1,NA,NA,NA,18,16,12,27,5,10,25
250,"M",10.9,5,13,46,1,1,NA,NA,NA,18,16,12,27,5,10,25
250,"M",10.9,5,13,50,1,0,NA,NA,NA,18,16,12,27,5,10,25
250,"M",10.9,5,13,51,1,1,NA,NA,NA,18,16,12,27,5,10,25
250,"M",10.9,5,13,56,1,1,NA,NA,NA,18,16,12,27,5,10,25
250,"M",10.9,5,13,58,1,1,NA,NA,NA,18,16,12,27,5,10,25
250,"M",10.9,5,13,59,1,1,NA,NA,NA,18,16,12,27,5,10,25
250,"M",10.9,5,13,60,1,1,NA,NA,NA,18,16,12,27,5,10,25
250,"M",10.9,5,13,2,2,1,0,1,0,18,16,12,27,5,10,25
250,"M",10.9,5,13,3,2,0,0,0,1,18,16,12,27,5,10,25
250,"M",10.9,5,13,4,2,1,0,1,0,18,16,12,27,5,10,25
250,"M",10.9,5,13,7,2,1,0,0,1,18,16,12,27,5,10,25
250,"M",10.9,5,13,9,2,1,0,0,1,18,16,12,27,5,10,25
250,"M",10.9,5,13,11,2,0,1,0,0,18,16,12,27,5,10,25
250,"M",10.9,5,13,12,2,0,0,1,0,18,16,12,27,5,10,25
250,"M",10.9,5,13,13,2,0,0,0,1,18,16,12,27,5,10,25
250,"M",10.9,5,13,15,2,1,0,0,1,18,16,12,27,5,10,25
250,"M",10.9,5,13,18,2,0,0,0,1,18,16,12,27,5,10,25
250,"M",10.9,5,13,19,2,1,0,0,1,18,16,12,27,5,10,25
250,"M",10.9,5,13,21,2,1,0,0,1,18,16,12,27,5,10,25
250,"M",10.9,5,13,23,2,1,0,1,0,18,16,12,27,5,10,25
250,"M",10.9,5,13,24,2,1,0,1,0,18,16,12,27,5,10,25
250,"M",10.9,5,13,25,2,0,0,0,1,18,16,12,27,5,10,25
250,"M",10.9,5,13,27,2,1,0,1,0,18,16,12,27,5,10,25
250,"M",10.9,5,13,28,2,0,1,0,0,18,16,12,27,5,10,25
250,"M",10.9,5,13,31,2,1,0,0,1,18,16,12,27,5,10,25
250,"M",10.9,5,13,39,2,1,0,1,0,18,16,12,27,5,10,25
250,"M",10.9,5,13,43,2,1,0,0,1,18,16,12,27,5,10,25
250,"M",10.9,5,13,44,2,1,0,1,0,18,16,12,27,5,10,25
250,"M",10.9,5,13,45,2,1,0,1,0,18,16,12,27,5,10,25
250,"M",10.9,5,13,47,2,1,0,1,0,18,16,12,27,5,10,25
250,"M",10.9,5,13,48,2,1,0,1,0,18,16,12,27,5,10,25
250,"M",10.9,5,13,49,2,1,0,1,0,18,16,12,27,5,10,25
250,"M",10.9,5,13,52,2,1,0,1,0,18,16,12,27,5,10,25
250,"M",10.9,5,13,53,2,1,0,1,0,18,16,12,27,5,10,25
250,"M",10.9,5,13,54,2,0,0,0,1,18,16,12,27,5,10,25
250,"M",10.9,5,13,55,2,0,0,1,0,18,16,12,27,5,10,25
250,"M",10.9,5,13,57,2,0,0,0,1,18,16,12,27,5,10,25
251,"F",10.3,5,13,1,1,0,NA,NA,NA,25,16,30,30,11,9,7
251,"F",10.3,5,13,2,1,0,NA,NA,NA,25,16,30,30,11,9,7
251,"F",10.3,5,13,4,1,0,NA,NA,NA,25,16,30,30,11,9,7
251,"F",10.3,5,13,6,1,0,NA,NA,NA,25,16,30,30,11,9,7
251,"F",10.3,5,13,7,1,0,NA,NA,NA,25,16,30,30,11,9,7
251,"F",10.3,5,13,8,1,0,NA,NA,NA,25,16,30,30,11,9,7
251,"F",10.3,5,13,10,1,1,NA,NA,NA,25,16,30,30,11,9,7
251,"F",10.3,5,13,12,1,0,NA,NA,NA,25,16,30,30,11,9,7
251,"F",10.3,5,13,14,1,0,NA,NA,NA,25,16,30,30,11,9,7
251,"F",10.3,5,13,17,1,0,NA,NA,NA,25,16,30,30,11,9,7
251,"F",10.3,5,13,18,1,1,NA,NA,NA,25,16,30,30,11,9,7
251,"F",10.3,5,13,22,1,0,NA,NA,NA,25,16,30,30,11,9,7
251,"F",10.3,5,13,23,1,0,NA,NA,NA,25,16,30,30,11,9,7
251,"F",10.3,5,13,24,1,1,NA,NA,NA,25,16,30,30,11,9,7
251,"F",10.3,5,13,26,1,0,NA,NA,NA,25,16,30,30,11,9,7
251,"F",10.3,5,13,30,1,0,NA,NA,NA,25,16,30,30,11,9,7
251,"F",10.3,5,13,34,1,0,NA,NA,NA,25,16,30,30,11,9,7
251,"F",10.3,5,13,35,1,0,NA,NA,NA,25,16,30,30,11,9,7
251,"F",10.3,5,13,37,1,0,NA,NA,NA,25,16,30,30,11,9,7
251,"F",10.3,5,13,39,1,1,NA,NA,NA,25,16,30,30,11,9,7
251,"F",10.3,5,13,40,1,0,NA,NA,NA,25,16,30,30,11,9,7
251,"F",10.3,5,13,44,1,1,NA,NA,NA,25,16,30,30,11,9,7
251,"F",10.3,5,13,46,1,1,NA,NA,NA,25,16,30,30,11,9,7
251,"F",10.3,5,13,48,1,0,NA,NA,NA,25,16,30,30,11,9,7
251,"F",10.3,5,13,49,1,0,NA,NA,NA,25,16,30,30,11,9,7
251,"F",10.3,5,13,50,1,0,NA,NA,NA,25,16,30,30,11,9,7
251,"F",10.3,5,13,54,1,0,NA,NA,NA,25,16,30,30,11,9,7
251,"F",10.3,5,13,55,1,0,NA,NA,NA,25,16,30,30,11,9,7
251,"F",10.3,5,13,59,1,1,NA,NA,NA,25,16,30,30,11,9,7
251,"F",10.3,5,13,60,1,0,NA,NA,NA,25,16,30,30,11,9,7
251,"F",10.3,5,13,3,2,0,1,0,0,25,16,30,30,11,9,7
251,"F",10.3,5,13,5,2,0,0,0,1,25,16,30,30,11,9,7
251,"F",10.3,5,13,9,2,0,1,0,0,25,16,30,30,11,9,7
251,"F",10.3,5,13,11,2,1,0,1,0,25,16,30,30,11,9,7
251,"F",10.3,5,13,13,2,0,1,0,0,25,16,30,30,11,9,7
251,"F",10.3,5,13,15,2,0,0,0,1,25,16,30,30,11,9,7
251,"F",10.3,5,13,16,2,0,0,1,0,25,16,30,30,11,9,7
251,"F",10.3,5,13,19,2,0,1,0,0,25,16,30,30,11,9,7
251,"F",10.3,5,13,20,2,0,0,1,0,25,16,30,30,11,9,7
251,"F",10.3,5,13,21,2,1,0,0,1,25,16,30,30,11,9,7
251,"F",10.3,5,13,25,2,0,0,0,1,25,16,30,30,11,9,7
251,"F",10.3,5,13,27,2,0,1,0,0,25,16,30,30,11,9,7
251,"F",10.3,5,13,28,2,0,0,1,0,25,16,30,30,11,9,7
251,"F",10.3,5,13,29,2,0,1,0,0,25,16,30,30,11,9,7
251,"F",10.3,5,13,31,2,0,0,1,0,25,16,30,30,11,9,7
251,"F",10.3,5,13,32,2,0,1,0,0,25,16,30,30,11,9,7
251,"F",10.3,5,13,33,2,1,0,1,0,25,16,30,30,11,9,7
251,"F",10.3,5,13,36,2,0,1,0,0,25,16,30,30,11,9,7
251,"F",10.3,5,13,38,2,0,1,0,0,25,16,30,30,11,9,7
251,"F",10.3,5,13,41,2,0,1,0,0,25,16,30,30,11,9,7
251,"F",10.3,5,13,42,2,0,1,0,0,25,16,30,30,11,9,7
251,"F",10.3,5,13,43,2,0,0,0,1,25,16,30,30,11,9,7
251,"F",10.3,5,13,45,2,0,1,0,0,25,16,30,30,11,9,7
251,"F",10.3,5,13,47,2,1,0,0,1,25,16,30,30,11,9,7
251,"F",10.3,5,13,51,2,0,0,1,0,25,16,30,30,11,9,7
251,"F",10.3,5,13,52,2,0,0,0,1,25,16,30,30,11,9,7
251,"F",10.3,5,13,53,2,0,0,0,1,25,16,30,30,11,9,7
251,"F",10.3,5,13,56,2,0,1,0,0,25,16,30,30,11,9,7
251,"F",10.3,5,13,57,2,0,0,0,1,25,16,30,30,11,9,7
251,"F",10.3,5,13,58,2,0,1,0,0,25,16,30,30,11,9,7
252,"M",10.2,5,13,1,1,0,NA,NA,NA,23,18,32,33,6,4,15
252,"M",10.2,5,13,3,1,0,NA,NA,NA,23,18,32,33,6,4,15
252,"M",10.2,5,13,4,1,0,NA,NA,NA,23,18,32,33,6,4,15
252,"M",10.2,5,13,9,1,1,NA,NA,NA,23,18,32,33,6,4,15
252,"M",10.2,5,13,10,1,1,NA,NA,NA,23,18,32,33,6,4,15
252,"M",10.2,5,13,11,1,1,NA,NA,NA,23,18,32,33,6,4,15
252,"M",10.2,5,13,12,1,0,NA,NA,NA,23,18,32,33,6,4,15
252,"M",10.2,5,13,15,1,0,NA,NA,NA,23,18,32,33,6,4,15
252,"M",10.2,5,13,17,1,1,NA,NA,NA,23,18,32,33,6,4,15
252,"M",10.2,5,13,18,1,0,NA,NA,NA,23,18,32,33,6,4,15
252,"M",10.2,5,13,24,1,1,NA,NA,NA,23,18,32,33,6,4,15
252,"M",10.2,5,13,25,1,0,NA,NA,NA,23,18,32,33,6,4,15
252,"M",10.2,5,13,27,1,1,NA,NA,NA,23,18,32,33,6,4,15
252,"M",10.2,5,13,28,1,0,NA,NA,NA,23,18,32,33,6,4,15
252,"M",10.2,5,13,31,1,1,NA,NA,NA,23,18,32,33,6,4,15
252,"M",10.2,5,13,32,1,0,NA,NA,NA,23,18,32,33,6,4,15
252,"M",10.2,5,13,33,1,0,NA,NA,NA,23,18,32,33,6,4,15
252,"M",10.2,5,13,35,1,0,NA,NA,NA,23,18,32,33,6,4,15
252,"M",10.2,5,13,36,1,1,NA,NA,NA,23,18,32,33,6,4,15
252,"M",10.2,5,13,38,1,0,NA,NA,NA,23,18,32,33,6,4,15
252,"M",10.2,5,13,39,1,1,NA,NA,NA,23,18,32,33,6,4,15
252,"M",10.2,5,13,41,1,1,NA,NA,NA,23,18,32,33,6,4,15
252,"M",10.2,5,13,43,1,1,NA,NA,NA,23,18,32,33,6,4,15
252,"M",10.2,5,13,47,1,1,NA,NA,NA,23,18,32,33,6,4,15
252,"M",10.2,5,13,49,1,1,NA,NA,NA,23,18,32,33,6,4,15
252,"M",10.2,5,13,50,1,1,NA,NA,NA,23,18,32,33,6,4,15
252,"M",10.2,5,13,51,1,0,NA,NA,NA,23,18,32,33,6,4,15
252,"M",10.2,5,13,54,1,0,NA,NA,NA,23,18,32,33,6,4,15
252,"M",10.2,5,13,55,1,0,NA,NA,NA,23,18,32,33,6,4,15
252,"M",10.2,5,13,59,1,1,NA,NA,NA,23,18,32,33,6,4,15
252,"M",10.2,5,13,2,2,0,0,1,0,23,18,32,33,6,4,15
252,"M",10.2,5,13,5,2,1,0,0,1,23,18,32,33,6,4,15
252,"M",10.2,5,13,6,2,1,0,0,1,23,18,32,33,6,4,15
252,"M",10.2,5,13,7,2,1,0,1,0,23,18,32,33,6,4,15
252,"M",10.2,5,13,8,2,0,0,0,1,23,18,32,33,6,4,15
252,"M",10.2,5,13,13,2,0,0,0,1,23,18,32,33,6,4,15
252,"M",10.2,5,13,14,2,1,0,0,1,23,18,32,33,6,4,15
252,"M",10.2,5,13,16,2,0,0,0,1,23,18,32,33,6,4,15
252,"M",10.2,5,13,19,2,0,1,0,0,23,18,32,33,6,4,15
252,"M",10.2,5,13,20,2,0,1,0,0,23,18,32,33,6,4,15
252,"M",10.2,5,13,21,2,0,1,0,0,23,18,32,33,6,4,15
252,"M",10.2,5,13,22,2,0,0,0,1,23,18,32,33,6,4,15
252,"M",10.2,5,13,23,2,0,0,0,1,23,18,32,33,6,4,15
252,"M",10.2,5,13,26,2,0,0,0,1,23,18,32,33,6,4,15
252,"M",10.2,5,13,29,2,1,0,1,0,23,18,32,33,6,4,15
252,"M",10.2,5,13,30,2,0,0,0,1,23,18,32,33,6,4,15
252,"M",10.2,5,13,34,2,0,1,0,0,23,18,32,33,6,4,15
252,"M",10.2,5,13,37,2,0,1,0,0,23,18,32,33,6,4,15
252,"M",10.2,5,13,40,2,0,1,0,0,23,18,32,33,6,4,15
252,"M",10.2,5,13,42,2,1,0,1,0,23,18,32,33,6,4,15
252,"M",10.2,5,13,44,2,0,1,0,0,23,18,32,33,6,4,15
252,"M",10.2,5,13,45,2,0,1,0,0,23,18,32,33,6,4,15
252,"M",10.2,5,13,46,2,0,1,0,0,23,18,32,33,6,4,15
252,"M",10.2,5,13,48,2,0,0,0,1,23,18,32,33,6,4,15
252,"M",10.2,5,13,52,2,1,0,0,1,23,18,32,33,6,4,15
252,"M",10.2,5,13,53,2,0,1,0,0,23,18,32,33,6,4,15
252,"M",10.2,5,13,56,2,0,1,0,0,23,18,32,33,6,4,15
252,"M",10.2,5,13,57,2,0,1,0,0,23,18,32,33,6,4,15
252,"M",10.2,5,13,58,2,1,0,0,1,23,18,32,33,6,4,15
252,"M",10.2,5,13,60,2,0,0,0,1,23,18,32,33,6,4,15
253,"F",10.3,5,13,1,1,1,NA,NA,NA,30,10,35,18,8,5,15
253,"F",10.3,5,13,5,1,1,NA,NA,NA,30,10,35,18,8,5,15
253,"F",10.3,5,13,6,1,0,NA,NA,NA,30,10,35,18,8,5,15
253,"F",10.3,5,13,7,1,0,NA,NA,NA,30,10,35,18,8,5,15
253,"F",10.3,5,13,8,1,0,NA,NA,NA,30,10,35,18,8,5,15
253,"F",10.3,5,13,9,1,1,NA,NA,NA,30,10,35,18,8,5,15
253,"F",10.3,5,13,12,1,0,NA,NA,NA,30,10,35,18,8,5,15
253,"F",10.3,5,13,13,1,0,NA,NA,NA,30,10,35,18,8,5,15
253,"F",10.3,5,13,17,1,1,NA,NA,NA,30,10,35,18,8,5,15
253,"F",10.3,5,13,18,1,0,NA,NA,NA,30,10,35,18,8,5,15
253,"F",10.3,5,13,19,1,1,NA,NA,NA,30,10,35,18,8,5,15
253,"F",10.3,5,13,20,1,1,NA,NA,NA,30,10,35,18,8,5,15
253,"F",10.3,5,13,21,1,0,NA,NA,NA,30,10,35,18,8,5,15
253,"F",10.3,5,13,25,1,0,NA,NA,NA,30,10,35,18,8,5,15
253,"F",10.3,5,13,26,1,1,NA,NA,NA,30,10,35,18,8,5,15
253,"F",10.3,5,13,29,1,0,NA,NA,NA,30,10,35,18,8,5,15
253,"F",10.3,5,13,33,1,1,NA,NA,NA,30,10,35,18,8,5,15
253,"F",10.3,5,13,36,1,1,NA,NA,NA,30,10,35,18,8,5,15
253,"F",10.3,5,13,37,1,0,NA,NA,NA,30,10,35,18,8,5,15
253,"F",10.3,5,13,38,1,0,NA,NA,NA,30,10,35,18,8,5,15
253,"F",10.3,5,13,40,1,0,NA,NA,NA,30,10,35,18,8,5,15
253,"F",10.3,5,13,43,1,1,NA,NA,NA,30,10,35,18,8,5,15
253,"F",10.3,5,13,44,1,1,NA,NA,NA,30,10,35,18,8,5,15
253,"F",10.3,5,13,45,1,0,NA,NA,NA,30,10,35,18,8,5,15
253,"F",10.3,5,13,54,1,0,NA,NA,NA,30,10,35,18,8,5,15
253,"F",10.3,5,13,55,1,0,NA,NA,NA,30,10,35,18,8,5,15
253,"F",10.3,5,13,57,1,1,NA,NA,NA,30,10,35,18,8,5,15
253,"F",10.3,5,13,58,1,1,NA,NA,NA,30,10,35,18,8,5,15
253,"F",10.3,5,13,59,1,1,NA,NA,NA,30,10,35,18,8,5,15
253,"F",10.3,5,13,60,1,1,NA,NA,NA,30,10,35,18,8,5,15
253,"F",10.3,5,13,2,2,0,0,1,0,30,10,35,18,8,5,15
253,"F",10.3,5,13,3,2,0,0,1,0,30,10,35,18,8,5,15
253,"F",10.3,5,13,4,2,0,0,0,1,30,10,35,18,8,5,15
253,"F",10.3,5,13,10,2,0,1,0,0,30,10,35,18,8,5,15
253,"F",10.3,5,13,11,2,0,1,0,0,30,10,35,18,8,5,15
253,"F",10.3,5,13,14,2,0,0,0,1,30,10,35,18,8,5,15
253,"F",10.3,5,13,15,2,0,1,0,0,30,10,35,18,8,5,15
253,"F",10.3,5,13,16,2,0,1,0,0,30,10,35,18,8,5,15
253,"F",10.3,5,13,22,2,0,1,0,0,30,10,35,18,8,5,15
253,"F",10.3,5,13,23,2,0,1,0,0,30,10,35,18,8,5,15
253,"F",10.3,5,13,24,2,0,1,0,0,30,10,35,18,8,5,15
253,"F",10.3,5,13,27,2,1,0,0,1,30,10,35,18,8,5,15
253,"F",10.3,5,13,28,2,0,1,0,0,30,10,35,18,8,5,15
253,"F",10.3,5,13,30,2,0,1,0,0,30,10,35,18,8,5,15
253,"F",10.3,5,13,31,2,0,1,0,0,30,10,35,18,8,5,15
253,"F",10.3,5,13,32,2,0,1,0,0,30,10,35,18,8,5,15
253,"F",10.3,5,13,34,2,0,1,0,0,30,10,35,18,8,5,15
253,"F",10.3,5,13,35,2,0,1,0,0,30,10,35,18,8,5,15
253,"F",10.3,5,13,39,2,1,0,1,0,30,10,35,18,8,5,15
253,"F",10.3,5,13,41,2,0,0,0,1,30,10,35,18,8,5,15
253,"F",10.3,5,13,42,2,0,0,1,0,30,10,35,18,8,5,15
253,"F",10.3,5,13,46,2,0,1,0,0,30,10,35,18,8,5,15
253,"F",10.3,5,13,47,2,0,1,0,0,30,10,35,18,8,5,15
253,"F",10.3,5,13,48,2,0,1,0,0,30,10,35,18,8,5,15
253,"F",10.3,5,13,49,2,0,1,0,0,30,10,35,18,8,5,15
253,"F",10.3,5,13,50,2,0,1,0,0,30,10,35,18,8,5,15
253,"F",10.3,5,13,51,2,0,1,0,0,30,10,35,18,8,5,15
253,"F",10.3,5,13,52,2,0,1,0,0,30,10,35,18,8,5,15
253,"F",10.3,5,13,53,2,0,1,0,0,30,10,35,18,8,5,15
253,"F",10.3,5,13,56,2,1,0,1,0,30,10,35,18,8,5,15
254,"M",10.5,5,13,2,1,1,NA,NA,NA,37,17,24,20,7,6,19
254,"M",10.5,5,13,5,1,1,NA,NA,NA,37,17,24,20,7,6,19
254,"M",10.5,5,13,7,1,1,NA,NA,NA,37,17,24,20,7,6,19
254,"M",10.5,5,13,8,1,1,NA,NA,NA,37,17,24,20,7,6,19
254,"M",10.5,5,13,9,1,1,NA,NA,NA,37,17,24,20,7,6,19
254,"M",10.5,5,13,11,1,1,NA,NA,NA,37,17,24,20,7,6,19
254,"M",10.5,5,13,12,1,0,NA,NA,NA,37,17,24,20,7,6,19
254,"M",10.5,5,13,13,1,0,NA,NA,NA,37,17,24,20,7,6,19
254,"M",10.5,5,13,14,1,0,NA,NA,NA,37,17,24,20,7,6,19
254,"M",10.5,5,13,16,1,0,NA,NA,NA,37,17,24,20,7,6,19
254,"M",10.5,5,13,18,1,0,NA,NA,NA,37,17,24,20,7,6,19
254,"M",10.5,5,13,19,1,0,NA,NA,NA,37,17,24,20,7,6,19
254,"M",10.5,5,13,20,1,1,NA,NA,NA,37,17,24,20,7,6,19
254,"M",10.5,5,13,21,1,1,NA,NA,NA,37,17,24,20,7,6,19
254,"M",10.5,5,13,22,1,0,NA,NA,NA,37,17,24,20,7,6,19
254,"M",10.5,5,13,23,1,1,NA,NA,NA,37,17,24,20,7,6,19
254,"M",10.5,5,13,24,1,0,NA,NA,NA,37,17,24,20,7,6,19
254,"M",10.5,5,13,27,1,1,NA,NA,NA,37,17,24,20,7,6,19
254,"M",10.5,5,13,30,1,1,NA,NA,NA,37,17,24,20,7,6,19
254,"M",10.5,5,13,36,1,1,NA,NA,NA,37,17,24,20,7,6,19
254,"M",10.5,5,13,37,1,0,NA,NA,NA,37,17,24,20,7,6,19
254,"M",10.5,5,13,38,1,1,NA,NA,NA,37,17,24,20,7,6,19
254,"M",10.5,5,13,40,1,1,NA,NA,NA,37,17,24,20,7,6,19
254,"M",10.5,5,13,45,1,1,NA,NA,NA,37,17,24,20,7,6,19
254,"M",10.5,5,13,50,1,0,NA,NA,NA,37,17,24,20,7,6,19
254,"M",10.5,5,13,52,1,0,NA,NA,NA,37,17,24,20,7,6,19
254,"M",10.5,5,13,53,1,1,NA,NA,NA,37,17,24,20,7,6,19
254,"M",10.5,5,13,55,1,1,NA,NA,NA,37,17,24,20,7,6,19
254,"M",10.5,5,13,56,1,1,NA,NA,NA,37,17,24,20,7,6,19
254,"M",10.5,5,13,59,1,1,NA,NA,NA,37,17,24,20,7,6,19
254,"M",10.5,5,13,1,2,1,0,1,0,37,17,24,20,7,6,19
254,"M",10.5,5,13,3,2,0,0,1,0,37,17,24,20,7,6,19
254,"M",10.5,5,13,4,2,0,0,1,0,37,17,24,20,7,6,19
254,"M",10.5,5,13,6,2,0,0,1,0,37,17,24,20,7,6,19
254,"M",10.5,5,13,10,2,0,0,0,1,37,17,24,20,7,6,19
254,"M",10.5,5,13,15,2,0,1,0,0,37,17,24,20,7,6,19
254,"M",10.5,5,13,17,2,0,0,1,0,37,17,24,20,7,6,19
254,"M",10.5,5,13,25,2,1,0,1,0,37,17,24,20,7,6,19
254,"M",10.5,5,13,26,2,0,0,0,1,37,17,24,20,7,6,19
254,"M",10.5,5,13,28,2,1,0,1,0,37,17,24,20,7,6,19
254,"M",10.5,5,13,29,2,1,0,0,1,37,17,24,20,7,6,19
254,"M",10.5,5,13,31,2,1,0,1,0,37,17,24,20,7,6,19
254,"M",10.5,5,13,32,2,1,0,1,0,37,17,24,20,7,6,19
254,"M",10.5,5,13,33,2,0,0,1,0,37,17,24,20,7,6,19
254,"M",10.5,5,13,34,2,0,0,1,0,37,17,24,20,7,6,19
254,"M",10.5,5,13,35,2,0,0,1,0,37,17,24,20,7,6,19
254,"M",10.5,5,13,39,2,1,0,1,0,37,17,24,20,7,6,19
254,"M",10.5,5,13,41,2,1,0,1,0,37,17,24,20,7,6,19
254,"M",10.5,5,13,42,2,0,0,0,1,37,17,24,20,7,6,19
254,"M",10.5,5,13,43,2,1,0,0,1,37,17,24,20,7,6,19
254,"M",10.5,5,13,44,2,0,0,1,0,37,17,24,20,7,6,19
254,"M",10.5,5,13,46,2,1,0,1,0,37,17,24,20,7,6,19
254,"M",10.5,5,13,47,2,0,1,0,0,37,17,24,20,7,6,19
254,"M",10.5,5,13,48,2,0,1,0,0,37,17,24,20,7,6,19
254,"M",10.5,5,13,49,2,1,0,1,0,37,17,24,20,7,6,19
254,"M",10.5,5,13,51,2,0,1,0,0,37,17,24,20,7,6,19
254,"M",10.5,5,13,54,2,0,1,0,0,37,17,24,20,7,6,19
254,"M",10.5,5,13,57,2,0,0,0,1,37,17,24,20,7,6,19
254,"M",10.5,5,13,58,2,1,0,0,1,37,17,24,20,7,6,19
254,"M",10.5,5,13,60,2,0,0,1,0,37,17,24,20,7,6,19
255,"M",10,5,13,1,1,1,NA,NA,NA,36,9,25,24,8,5,22
255,"M",10,5,13,8,1,1,NA,NA,NA,36,9,25,24,8,5,22
255,"M",10,5,13,9,1,0,NA,NA,NA,36,9,25,24,8,5,22
255,"M",10,5,13,10,1,1,NA,NA,NA,36,9,25,24,8,5,22
255,"M",10,5,13,11,1,1,NA,NA,NA,36,9,25,24,8,5,22
255,"M",10,5,13,15,1,0,NA,NA,NA,36,9,25,24,8,5,22
255,"M",10,5,13,17,1,1,NA,NA,NA,36,9,25,24,8,5,22
255,"M",10,5,13,20,1,1,NA,NA,NA,36,9,25,24,8,5,22
255,"M",10,5,13,21,1,0,NA,NA,NA,36,9,25,24,8,5,22
255,"M",10,5,13,23,1,1,NA,NA,NA,36,9,25,24,8,5,22
255,"M",10,5,13,25,1,1,NA,NA,NA,36,9,25,24,8,5,22
255,"M",10,5,13,28,1,1,NA,NA,NA,36,9,25,24,8,5,22
255,"M",10,5,13,29,1,1,NA,NA,NA,36,9,25,24,8,5,22
255,"M",10,5,13,31,1,0,NA,NA,NA,36,9,25,24,8,5,22
255,"M",10,5,13,32,1,0,NA,NA,NA,36,9,25,24,8,5,22
255,"M",10,5,13,33,1,1,NA,NA,NA,36,9,25,24,8,5,22
255,"M",10,5,13,34,1,0,NA,NA,NA,36,9,25,24,8,5,22
255,"M",10,5,13,36,1,1,NA,NA,NA,36,9,25,24,8,5,22
255,"M",10,5,13,37,1,1,NA,NA,NA,36,9,25,24,8,5,22
255,"M",10,5,13,39,1,1,NA,NA,NA,36,9,25,24,8,5,22
255,"M",10,5,13,41,1,0,NA,NA,NA,36,9,25,24,8,5,22
255,"M",10,5,13,43,1,1,NA,NA,NA,36,9,25,24,8,5,22
255,"M",10,5,13,44,1,1,NA,NA,NA,36,9,25,24,8,5,22
255,"M",10,5,13,48,1,1,NA,NA,NA,36,9,25,24,8,5,22
255,"M",10,5,13,53,1,0,NA,NA,NA,36,9,25,24,8,5,22
255,"M",10,5,13,55,1,1,NA,NA,NA,36,9,25,24,8,5,22
255,"M",10,5,13,57,1,1,NA,NA,NA,36,9,25,24,8,5,22
255,"M",10,5,13,58,1,1,NA,NA,NA,36,9,25,24,8,5,22
255,"M",10,5,13,59,1,1,NA,NA,NA,36,9,25,24,8,5,22
255,"M",10,5,13,60,1,1,NA,NA,NA,36,9,25,24,8,5,22
255,"M",10,5,13,2,2,1,0,1,0,36,9,25,24,8,5,22
255,"M",10,5,13,3,2,0,0,1,0,36,9,25,24,8,5,22
255,"M",10,5,13,4,2,0,0,1,0,36,9,25,24,8,5,22
255,"M",10,5,13,5,2,1,0,1,0,36,9,25,24,8,5,22
255,"M",10,5,13,6,2,0,1,0,0,36,9,25,24,8,5,22
255,"M",10,5,13,7,2,0,1,0,0,36,9,25,24,8,5,22
255,"M",10,5,13,12,2,0,0,1,0,36,9,25,24,8,5,22
255,"M",10,5,13,13,2,0,1,0,0,36,9,25,24,8,5,22
255,"M",10,5,13,14,2,0,1,0,0,36,9,25,24,8,5,22
255,"M",10,5,13,16,2,1,0,1,0,36,9,25,24,8,5,22
255,"M",10,5,13,18,2,0,0,1,0,36,9,25,24,8,5,22
255,"M",10,5,13,19,2,0,1,0,0,36,9,25,24,8,5,22
255,"M",10,5,13,22,2,0,0,1,0,36,9,25,24,8,5,22
255,"M",10,5,13,24,2,1,0,1,0,36,9,25,24,8,5,22
255,"M",10,5,13,26,2,0,1,0,0,36,9,25,24,8,5,22
255,"M",10,5,13,27,2,1,0,1,0,36,9,25,24,8,5,22
255,"M",10,5,13,30,2,0,1,0,0,36,9,25,24,8,5,22
255,"M",10,5,13,35,2,0,1,0,0,36,9,25,24,8,5,22
255,"M",10,5,13,38,2,0,0,0,1,36,9,25,24,8,5,22
255,"M",10,5,13,40,2,0,1,0,0,36,9,25,24,8,5,22
255,"M",10,5,13,42,2,0,0,1,0,36,9,25,24,8,5,22
255,"M",10,5,13,45,2,0,1,0,0,36,9,25,24,8,5,22
255,"M",10,5,13,46,2,0,1,0,0,36,9,25,24,8,5,22
255,"M",10,5,13,47,2,0,1,0,0,36,9,25,24,8,5,22
255,"M",10,5,13,49,2,0,0,1,0,36,9,25,24,8,5,22
255,"M",10,5,13,50,2,1,0,1,0,36,9,25,24,8,5,22
255,"M",10,5,13,51,2,0,1,0,0,36,9,25,24,8,5,22
255,"M",10,5,13,52,2,0,1,0,0,36,9,25,24,8,5,22
255,"M",10,5,13,54,2,0,1,0,0,36,9,25,24,8,5,22
255,"M",10,5,13,56,2,0,1,0,0,36,9,25,24,8,5,22
256,"F",10.8,5,13,2,1,0,NA,NA,NA,25,14,16,34,5,10,15
256,"F",10.8,5,13,4,1,1,NA,NA,NA,25,14,16,34,5,10,15
256,"F",10.8,5,13,7,1,1,NA,NA,NA,25,14,16,34,5,10,15
256,"F",10.8,5,13,8,1,0,NA,NA,NA,25,14,16,34,5,10,15
256,"F",10.8,5,13,12,1,0,NA,NA,NA,25,14,16,34,5,10,15
256,"F",10.8,5,13,13,1,0,NA,NA,NA,25,14,16,34,5,10,15
256,"F",10.8,5,13,14,1,0,NA,NA,NA,25,14,16,34,5,10,15
256,"F",10.8,5,13,18,1,0,NA,NA,NA,25,14,16,34,5,10,15
256,"F",10.8,5,13,21,1,0,NA,NA,NA,25,14,16,34,5,10,15
256,"F",10.8,5,13,24,1,0,NA,NA,NA,25,14,16,34,5,10,15
256,"F",10.8,5,13,25,1,1,NA,NA,NA,25,14,16,34,5,10,15
256,"F",10.8,5,13,28,1,1,NA,NA,NA,25,14,16,34,5,10,15
256,"F",10.8,5,13,29,1,0,NA,NA,NA,25,14,16,34,5,10,15
256,"F",10.8,5,13,31,1,0,NA,NA,NA,25,14,16,34,5,10,15
256,"F",10.8,5,13,34,1,1,NA,NA,NA,25,14,16,34,5,10,15
256,"F",10.8,5,13,35,1,1,NA,NA,NA,25,14,16,34,5,10,15
256,"F",10.8,5,13,39,1,1,NA,NA,NA,25,14,16,34,5,10,15
256,"F",10.8,5,13,42,1,0,NA,NA,NA,25,14,16,34,5,10,15
256,"F",10.8,5,13,45,1,1,NA,NA,NA,25,14,16,34,5,10,15
256,"F",10.8,5,13,46,1,1,NA,NA,NA,25,14,16,34,5,10,15
256,"F",10.8,5,13,47,1,0,NA,NA,NA,25,14,16,34,5,10,15
256,"F",10.8,5,13,49,1,0,NA,NA,NA,25,14,16,34,5,10,15
256,"F",10.8,5,13,51,1,1,NA,NA,NA,25,14,16,34,5,10,15
256,"F",10.8,5,13,53,1,0,NA,NA,NA,25,14,16,34,5,10,15
256,"F",10.8,5,13,55,1,1,NA,NA,NA,25,14,16,34,5,10,15
256,"F",10.8,5,13,56,1,1,NA,NA,NA,25,14,16,34,5,10,15
256,"F",10.8,5,13,57,1,1,NA,NA,NA,25,14,16,34,5,10,15
256,"F",10.8,5,13,58,1,1,NA,NA,NA,25,14,16,34,5,10,15
256,"F",10.8,5,13,59,1,1,NA,NA,NA,25,14,16,34,5,10,15
256,"F",10.8,5,13,60,1,0,NA,NA,NA,25,14,16,34,5,10,15
256,"F",10.8,5,13,1,2,1,0,0,1,25,14,16,34,5,10,15
256,"F",10.8,5,13,3,2,0,0,1,0,25,14,16,34,5,10,15
256,"F",10.8,5,13,5,2,1,0,0,1,25,14,16,34,5,10,15
256,"F",10.8,5,13,6,2,0,0,0,1,25,14,16,34,5,10,15
256,"F",10.8,5,13,9,2,0,1,0,0,25,14,16,34,5,10,15
256,"F",10.8,5,13,10,2,1,0,0,1,25,14,16,34,5,10,15
256,"F",10.8,5,13,11,2,1,0,0,1,25,14,16,34,5,10,15
256,"F",10.8,5,13,15,2,0,0,1,0,25,14,16,34,5,10,15
256,"F",10.8,5,13,16,2,1,0,0,1,25,14,16,34,5,10,15
256,"F",10.8,5,13,17,2,1,0,0,1,25,14,16,34,5,10,15
256,"F",10.8,5,13,19,2,0,0,1,0,25,14,16,34,5,10,15
256,"F",10.8,5,13,20,2,0,0,1,0,25,14,16,34,5,10,15
256,"F",10.8,5,13,22,2,1,0,0,1,25,14,16,34,5,10,15
256,"F",10.8,5,13,23,2,0,0,1,0,25,14,16,34,5,10,15
256,"F",10.8,5,13,26,2,1,0,1,0,25,14,16,34,5,10,15
256,"F",10.8,5,13,27,2,0,0,0,1,25,14,16,34,5,10,15
256,"F",10.8,5,13,30,2,1,0,0,1,25,14,16,34,5,10,15
256,"F",10.8,5,13,32,2,1,0,1,0,25,14,16,34,5,10,15
256,"F",10.8,5,13,33,2,1,0,0,1,25,14,16,34,5,10,15
256,"F",10.8,5,13,36,2,0,0,0,1,25,14,16,34,5,10,15
256,"F",10.8,5,13,37,2,1,0,1,0,25,14,16,34,5,10,15
256,"F",10.8,5,13,38,2,0,0,1,0,25,14,16,34,5,10,15
256,"F",10.8,5,13,40,2,0,1,0,0,25,14,16,34,5,10,15
256,"F",10.8,5,13,41,2,1,0,1,0,25,14,16,34,5,10,15
256,"F",10.8,5,13,43,2,0,1,0,0,25,14,16,34,5,10,15
256,"F",10.8,5,13,44,2,1,0,0,1,25,14,16,34,5,10,15
256,"F",10.8,5,13,48,2,1,0,1,0,25,14,16,34,5,10,15
256,"F",10.8,5,13,50,2,1,0,1,0,25,14,16,34,5,10,15
256,"F",10.8,5,13,52,2,0,1,0,0,25,14,16,34,5,10,15
256,"F",10.8,5,13,54,2,1,0,1,0,25,14,16,34,5,10,15
257,"M",10.1,5,13,3,1,0,NA,NA,NA,23,21,25,30,6,6,23
257,"M",10.1,5,13,5,1,1,NA,NA,NA,23,21,25,30,6,6,23
257,"M",10.1,5,13,8,1,1,NA,NA,NA,23,21,25,30,6,6,23
257,"M",10.1,5,13,9,1,1,NA,NA,NA,23,21,25,30,6,6,23
257,"M",10.1,5,13,12,1,1,NA,NA,NA,23,21,25,30,6,6,23
257,"M",10.1,5,13,13,1,0,NA,NA,NA,23,21,25,30,6,6,23
257,"M",10.1,5,13,14,1,0,NA,NA,NA,23,21,25,30,6,6,23
257,"M",10.1,5,13,16,1,0,NA,NA,NA,23,21,25,30,6,6,23
257,"M",10.1,5,13,17,1,1,NA,NA,NA,23,21,25,30,6,6,23
257,"M",10.1,5,13,20,1,0,NA,NA,NA,23,21,25,30,6,6,23
257,"M",10.1,5,13,21,1,1,NA,NA,NA,23,21,25,30,6,6,23
257,"M",10.1,5,13,27,1,1,NA,NA,NA,23,21,25,30,6,6,23
257,"M",10.1,5,13,30,1,1,NA,NA,NA,23,21,25,30,6,6,23
257,"M",10.1,5,13,38,1,1,NA,NA,NA,23,21,25,30,6,6,23
257,"M",10.1,5,13,39,1,1,NA,NA,NA,23,21,25,30,6,6,23
257,"M",10.1,5,13,40,1,1,NA,NA,NA,23,21,25,30,6,6,23
257,"M",10.1,5,13,41,1,0,NA,NA,NA,23,21,25,30,6,6,23
257,"M",10.1,5,13,42,1,1,NA,NA,NA,23,21,25,30,6,6,23
257,"M",10.1,5,13,43,1,1,NA,NA,NA,23,21,25,30,6,6,23
257,"M",10.1,5,13,44,1,1,NA,NA,NA,23,21,25,30,6,6,23
257,"M",10.1,5,13,46,1,1,NA,NA,NA,23,21,25,30,6,6,23
257,"M",10.1,5,13,47,1,1,NA,NA,NA,23,21,25,30,6,6,23
257,"M",10.1,5,13,49,1,1,NA,NA,NA,23,21,25,30,6,6,23
257,"M",10.1,5,13,51,1,1,NA,NA,NA,23,21,25,30,6,6,23
257,"M",10.1,5,13,52,1,1,NA,NA,NA,23,21,25,30,6,6,23
257,"M",10.1,5,13,53,1,1,NA,NA,NA,23,21,25,30,6,6,23
257,"M",10.1,5,13,57,1,1,NA,NA,NA,23,21,25,30,6,6,23
257,"M",10.1,5,13,58,1,1,NA,NA,NA,23,21,25,30,6,6,23
257,"M",10.1,5,13,59,1,1,NA,NA,NA,23,21,25,30,6,6,23
257,"M",10.1,5,13,60,1,0,NA,NA,NA,23,21,25,30,6,6,23
257,"M",10.1,5,13,1,2,1,0,1,0,23,21,25,30,6,6,23
257,"M",10.1,5,13,2,2,0,0,0,1,23,21,25,30,6,6,23
257,"M",10.1,5,13,4,2,1,0,0,1,23,21,25,30,6,6,23
257,"M",10.1,5,13,6,2,0,0,0,1,23,21,25,30,6,6,23
257,"M",10.1,5,13,7,2,1,0,1,0,23,21,25,30,6,6,23
257,"M",10.1,5,13,10,2,1,0,0,1,23,21,25,30,6,6,23
257,"M",10.1,5,13,11,2,1,0,0,1,23,21,25,30,6,6,23
257,"M",10.1,5,13,15,2,0,0,1,0,23,21,25,30,6,6,23
257,"M",10.1,5,13,18,2,1,0,1,0,23,21,25,30,6,6,23
257,"M",10.1,5,13,19,2,0,1,0,0,23,21,25,30,6,6,23
257,"M",10.1,5,13,22,2,0,1,0,0,23,21,25,30,6,6,23
257,"M",10.1,5,13,23,2,1,0,0,1,23,21,25,30,6,6,23
257,"M",10.1,5,13,24,2,0,0,0,1,23,21,25,30,6,6,23
257,"M",10.1,5,13,25,2,1,0,1,0,23,21,25,30,6,6,23
257,"M",10.1,5,13,26,2,0,0,0,1,23,21,25,30,6,6,23
257,"M",10.1,5,13,28,2,1,0,0,1,23,21,25,30,6,6,23
257,"M",10.1,5,13,29,2,0,1,0,0,23,21,25,30,6,6,23
257,"M",10.1,5,13,31,2,0,0,0,1,23,21,25,30,6,6,23
257,"M",10.1,5,13,32,2,0,0,0,1,23,21,25,30,6,6,23
257,"M",10.1,5,13,33,2,0,0,0,1,23,21,25,30,6,6,23
257,"M",10.1,5,13,34,2,1,0,0,1,23,21,25,30,6,6,23
257,"M",10.1,5,13,35,2,0,0,0,1,23,21,25,30,6,6,23
257,"M",10.1,5,13,36,2,1,0,0,1,23,21,25,30,6,6,23
257,"M",10.1,5,13,37,2,0,1,0,0,23,21,25,30,6,6,23
257,"M",10.1,5,13,45,2,0,1,0,0,23,21,25,30,6,6,23
257,"M",10.1,5,13,48,2,1,0,0,1,23,21,25,30,6,6,23
257,"M",10.1,5,13,50,2,1,0,0,1,23,21,25,30,6,6,23
257,"M",10.1,5,13,54,2,1,0,0,1,23,21,25,30,6,6,23
257,"M",10.1,5,13,55,2,0,0,0,1,23,21,25,30,6,6,23
257,"M",10.1,5,13,56,2,1,0,1,0,23,21,25,30,6,6,23
258,"F",10.5,5,13,1,1,1,NA,NA,NA,31,7,18,29,10,9,6
258,"F",10.5,5,13,2,1,0,NA,NA,NA,31,7,18,29,10,9,6
258,"F",10.5,5,13,9,1,1,NA,NA,NA,31,7,18,29,10,9,6
258,"F",10.5,5,13,10,1,1,NA,NA,NA,31,7,18,29,10,9,6
258,"F",10.5,5,13,12,1,0,NA,NA,NA,31,7,18,29,10,9,6
258,"F",10.5,5,13,13,1,0,NA,NA,NA,31,7,18,29,10,9,6
258,"F",10.5,5,13,14,1,0,NA,NA,NA,31,7,18,29,10,9,6
258,"F",10.5,5,13,17,1,0,NA,NA,NA,31,7,18,29,10,9,6
258,"F",10.5,5,13,18,1,0,NA,NA,NA,31,7,18,29,10,9,6
258,"F",10.5,5,13,20,1,0,NA,NA,NA,31,7,18,29,10,9,6
258,"F",10.5,5,13,21,1,0,NA,NA,NA,31,7,18,29,10,9,6
258,"F",10.5,5,13,22,1,0,NA,NA,NA,31,7,18,29,10,9,6
258,"F",10.5,5,13,23,1,0,NA,NA,NA,31,7,18,29,10,9,6
258,"F",10.5,5,13,29,1,0,NA,NA,NA,31,7,18,29,10,9,6
258,"F",10.5,5,13,30,1,0,NA,NA,NA,31,7,18,29,10,9,6
258,"F",10.5,5,13,33,1,0,NA,NA,NA,31,7,18,29,10,9,6
258,"F",10.5,5,13,35,1,0,NA,NA,NA,31,7,18,29,10,9,6
258,"F",10.5,5,13,36,1,0,NA,NA,NA,31,7,18,29,10,9,6
258,"F",10.5,5,13,38,1,0,NA,NA,NA,31,7,18,29,10,9,6
258,"F",10.5,5,13,41,1,0,NA,NA,NA,31,7,18,29,10,9,6
258,"F",10.5,5,13,42,1,1,NA,NA,NA,31,7,18,29,10,9,6
258,"F",10.5,5,13,45,1,0,NA,NA,NA,31,7,18,29,10,9,6
258,"F",10.5,5,13,47,1,1,NA,NA,NA,31,7,18,29,10,9,6
258,"F",10.5,5,13,49,1,0,NA,NA,NA,31,7,18,29,10,9,6
258,"F",10.5,5,13,52,1,0,NA,NA,NA,31,7,18,29,10,9,6
258,"F",10.5,5,13,54,1,0,NA,NA,NA,31,7,18,29,10,9,6
258,"F",10.5,5,13,56,1,0,NA,NA,NA,31,7,18,29,10,9,6
258,"F",10.5,5,13,57,1,0,NA,NA,NA,31,7,18,29,10,9,6
258,"F",10.5,5,13,58,1,1,NA,NA,NA,31,7,18,29,10,9,6
258,"F",10.5,5,13,60,1,0,NA,NA,NA,31,7,18,29,10,9,6
258,"F",10.5,5,13,3,2,0,1,0,0,31,7,18,29,10,9,6
258,"F",10.5,5,13,4,2,0,1,0,0,31,7,18,29,10,9,6
258,"F",10.5,5,13,5,2,0,0,1,0,31,7,18,29,10,9,6
258,"F",10.5,5,13,6,2,0,1,0,0,31,7,18,29,10,9,6
258,"F",10.5,5,13,7,2,0,0,1,0,31,7,18,29,10,9,6
258,"F",10.5,5,13,8,2,0,1,0,0,31,7,18,29,10,9,6
258,"F",10.5,5,13,11,2,1,0,1,0,31,7,18,29,10,9,6
258,"F",10.5,5,13,15,2,0,1,0,0,31,7,18,29,10,9,6
258,"F",10.5,5,13,16,2,0,0,0,1,31,7,18,29,10,9,6
258,"F",10.5,5,13,19,2,0,1,0,0,31,7,18,29,10,9,6
258,"F",10.5,5,13,24,2,0,0,1,0,31,7,18,29,10,9,6
258,"F",10.5,5,13,25,2,1,0,1,0,31,7,18,29,10,9,6
258,"F",10.5,5,13,26,2,0,1,0,0,31,7,18,29,10,9,6
258,"F",10.5,5,13,27,2,0,0,0,1,31,7,18,29,10,9,6
258,"F",10.5,5,13,28,2,0,0,0,1,31,7,18,29,10,9,6
258,"F",10.5,5,13,31,2,0,0,1,0,31,7,18,29,10,9,6
258,"F",10.5,5,13,32,2,0,0,1,0,31,7,18,29,10,9,6
258,"F",10.5,5,13,34,2,0,0,0,1,31,7,18,29,10,9,6
258,"F",10.5,5,13,37,2,0,1,0,0,31,7,18,29,10,9,6
258,"F",10.5,5,13,39,2,0,0,0,1,31,7,18,29,10,9,6
258,"F",10.5,5,13,40,2,1,0,1,0,31,7,18,29,10,9,6
258,"F",10.5,5,13,43,2,0,1,0,0,31,7,18,29,10,9,6
258,"F",10.5,5,13,44,2,0,1,0,0,31,7,18,29,10,9,6
258,"F",10.5,5,13,46,2,0,1,0,0,31,7,18,29,10,9,6
258,"F",10.5,5,13,48,2,0,0,1,0,31,7,18,29,10,9,6
258,"F",10.5,5,13,50,2,0,0,1,0,31,7,18,29,10,9,6
258,"F",10.5,5,13,51,2,1,0,1,0,31,7,18,29,10,9,6
258,"F",10.5,5,13,53,2,1,0,0,1,31,7,18,29,10,9,6
258,"F",10.5,5,13,55,2,0,1,0,0,31,7,18,29,10,9,6
258,"F",10.5,5,13,59,2,0,1,0,0,31,7,18,29,10,9,6
259,"F",10.6,5,13,1,1,0,NA,NA,NA,23,21,33,20,9,6,21
259,"F",10.6,5,13,2,1,0,NA,NA,NA,23,21,33,20,9,6,21
259,"F",10.6,5,13,6,1,0,NA,NA,NA,23,21,33,20,9,6,21
259,"F",10.6,5,13,8,1,0,NA,NA,NA,23,21,33,20,9,6,21
259,"F",10.6,5,13,11,1,1,NA,NA,NA,23,21,33,20,9,6,21
259,"F",10.6,5,13,12,1,1,NA,NA,NA,23,21,33,20,9,6,21
259,"F",10.6,5,13,17,1,1,NA,NA,NA,23,21,33,20,9,6,21
259,"F",10.6,5,13,18,1,1,NA,NA,NA,23,21,33,20,9,6,21
259,"F",10.6,5,13,19,1,1,NA,NA,NA,23,21,33,20,9,6,21
259,"F",10.6,5,13,22,1,1,NA,NA,NA,23,21,33,20,9,6,21
259,"F",10.6,5,13,24,1,1,NA,NA,NA,23,21,33,20,9,6,21
259,"F",10.6,5,13,26,1,0,NA,NA,NA,23,21,33,20,9,6,21
259,"F",10.6,5,13,29,1,1,NA,NA,NA,23,21,33,20,9,6,21
259,"F",10.6,5,13,30,1,1,NA,NA,NA,23,21,33,20,9,6,21
259,"F",10.6,5,13,31,1,1,NA,NA,NA,23,21,33,20,9,6,21
259,"F",10.6,5,13,32,1,0,NA,NA,NA,23,21,33,20,9,6,21
259,"F",10.6,5,13,33,1,1,NA,NA,NA,23,21,33,20,9,6,21
259,"F",10.6,5,13,34,1,1,NA,NA,NA,23,21,33,20,9,6,21
259,"F",10.6,5,13,36,1,1,NA,NA,NA,23,21,33,20,9,6,21
259,"F",10.6,5,13,37,1,1,NA,NA,NA,23,21,33,20,9,6,21
259,"F",10.6,5,13,38,1,0,NA,NA,NA,23,21,33,20,9,6,21
259,"F",10.6,5,13,40,1,1,NA,NA,NA,23,21,33,20,9,6,21
259,"F",10.6,5,13,42,1,0,NA,NA,NA,23,21,33,20,9,6,21
259,"F",10.6,5,13,43,1,1,NA,NA,NA,23,21,33,20,9,6,21
259,"F",10.6,5,13,48,1,0,NA,NA,NA,23,21,33,20,9,6,21
259,"F",10.6,5,13,49,1,1,NA,NA,NA,23,21,33,20,9,6,21
259,"F",10.6,5,13,53,1,1,NA,NA,NA,23,21,33,20,9,6,21
259,"F",10.6,5,13,55,1,1,NA,NA,NA,23,21,33,20,9,6,21
259,"F",10.6,5,13,56,1,1,NA,NA,NA,23,21,33,20,9,6,21
259,"F",10.6,5,13,59,1,1,NA,NA,NA,23,21,33,20,9,6,21
259,"F",10.6,5,13,3,2,0,0,1,0,23,21,33,20,9,6,21
259,"F",10.6,5,13,4,2,0,0,0,1,23,21,33,20,9,6,21
259,"F",10.6,5,13,5,2,1,0,0,1,23,21,33,20,9,6,21
259,"F",10.6,5,13,7,2,1,0,0,1,23,21,33,20,9,6,21
259,"F",10.6,5,13,9,2,1,0,0,1,23,21,33,20,9,6,21
259,"F",10.6,5,13,10,2,1,0,0,1,23,21,33,20,9,6,21
259,"F",10.6,5,13,13,2,0,1,0,0,23,21,33,20,9,6,21
259,"F",10.6,5,13,14,2,1,0,0,1,23,21,33,20,9,6,21
259,"F",10.6,5,13,15,2,0,1,0,0,23,21,33,20,9,6,21
259,"F",10.6,5,13,16,2,0,1,0,0,23,21,33,20,9,6,21
259,"F",10.6,5,13,20,2,1,0,0,1,23,21,33,20,9,6,21
259,"F",10.6,5,13,21,2,0,0,0,1,23,21,33,20,9,6,21
259,"F",10.6,5,13,23,2,0,1,0,0,23,21,33,20,9,6,21
259,"F",10.6,5,13,25,2,1,0,0,1,23,21,33,20,9,6,21
259,"F",10.6,5,13,27,2,1,0,1,0,23,21,33,20,9,6,21
259,"F",10.6,5,13,28,2,0,0,0,1,23,21,33,20,9,6,21
259,"F",10.6,5,13,35,2,0,1,0,0,23,21,33,20,9,6,21
259,"F",10.6,5,13,39,2,1,0,1,0,23,21,33,20,9,6,21
259,"F",10.6,5,13,41,2,0,0,0,1,23,21,33,20,9,6,21
259,"F",10.6,5,13,44,2,0,0,1,0,23,21,33,20,9,6,21
259,"F",10.6,5,13,45,2,1,0,0,1,23,21,33,20,9,6,21
259,"F",10.6,5,13,46,2,1,0,1,0,23,21,33,20,9,6,21
259,"F",10.6,5,13,47,2,0,1,0,0,23,21,33,20,9,6,21
259,"F",10.6,5,13,50,2,0,0,0,1,23,21,33,20,9,6,21
259,"F",10.6,5,13,51,2,1,0,0,1,23,21,33,20,9,6,21
259,"F",10.6,5,13,52,2,1,0,1,0,23,21,33,20,9,6,21
259,"F",10.6,5,13,54,2,0,1,0,0,23,21,33,20,9,6,21
259,"F",10.6,5,13,57,2,0,0,0,1,23,21,33,20,9,6,21
259,"F",10.6,5,13,58,2,1,0,0,1,23,21,33,20,9,6,21
259,"F",10.6,5,13,60,2,0,0,0,1,23,21,33,20,9,6,21
260,"M",10.6,5,13,2,1,0,NA,NA,NA,28,18,16,31,5,8,3
260,"M",10.6,5,13,3,1,0,NA,NA,NA,28,18,16,31,5,8,3
260,"M",10.6,5,13,5,1,0,NA,NA,NA,28,18,16,31,5,8,3
260,"M",10.6,5,13,6,1,0,NA,NA,NA,28,18,16,31,5,8,3
260,"M",10.6,5,13,9,1,0,NA,NA,NA,28,18,16,31,5,8,3
260,"M",10.6,5,13,19,1,0,NA,NA,NA,28,18,16,31,5,8,3
260,"M",10.6,5,13,20,1,0,NA,NA,NA,28,18,16,31,5,8,3
260,"M",10.6,5,13,21,1,0,NA,NA,NA,28,18,16,31,5,8,3
260,"M",10.6,5,13,22,1,0,NA,NA,NA,28,18,16,31,5,8,3
260,"M",10.6,5,13,24,1,0,NA,NA,NA,28,18,16,31,5,8,3
260,"M",10.6,5,13,25,1,1,NA,NA,NA,28,18,16,31,5,8,3
260,"M",10.6,5,13,27,1,0,NA,NA,NA,28,18,16,31,5,8,3
260,"M",10.6,5,13,28,1,0,NA,NA,NA,28,18,16,31,5,8,3
260,"M",10.6,5,13,29,1,0,NA,NA,NA,28,18,16,31,5,8,3
260,"M",10.6,5,13,30,1,0,NA,NA,NA,28,18,16,31,5,8,3
260,"M",10.6,5,13,31,1,0,NA,NA,NA,28,18,16,31,5,8,3
260,"M",10.6,5,13,32,1,0,NA,NA,NA,28,18,16,31,5,8,3
260,"M",10.6,5,13,33,1,0,NA,NA,NA,28,18,16,31,5,8,3
260,"M",10.6,5,13,35,1,0,NA,NA,NA,28,18,16,31,5,8,3
260,"M",10.6,5,13,36,1,0,NA,NA,NA,28,18,16,31,5,8,3
260,"M",10.6,5,13,40,1,0,NA,NA,NA,28,18,16,31,5,8,3
260,"M",10.6,5,13,41,1,0,NA,NA,NA,28,18,16,31,5,8,3
260,"M",10.6,5,13,44,1,0,NA,NA,NA,28,18,16,31,5,8,3
260,"M",10.6,5,13,50,1,0,NA,NA,NA,28,18,16,31,5,8,3
260,"M",10.6,5,13,51,1,1,NA,NA,NA,28,18,16,31,5,8,3
260,"M",10.6,5,13,52,1,0,NA,NA,NA,28,18,16,31,5,8,3
260,"M",10.6,5,13,54,1,0,NA,NA,NA,28,18,16,31,5,8,3
260,"M",10.6,5,13,58,1,0,NA,NA,NA,28,18,16,31,5,8,3
260,"M",10.6,5,13,59,1,1,NA,NA,NA,28,18,16,31,5,8,3
260,"M",10.6,5,13,60,1,0,NA,NA,NA,28,18,16,31,5,8,3
260,"M",10.6,5,13,1,2,0,0,0,1,28,18,16,31,5,8,3
260,"M",10.6,5,13,4,2,0,0,1,0,28,18,16,31,5,8,3
260,"M",10.6,5,13,7,2,1,0,1,0,28,18,16,31,5,8,3
260,"M",10.6,5,13,8,2,0,0,0,1,28,18,16,31,5,8,3
260,"M",10.6,5,13,10,2,1,0,0,1,28,18,16,31,5,8,3
260,"M",10.6,5,13,11,2,0,1,0,0,28,18,16,31,5,8,3
260,"M",10.6,5,13,12,2,0,0,0,1,28,18,16,31,5,8,3
260,"M",10.6,5,13,13,2,0,1,0,0,28,18,16,31,5,8,3
260,"M",10.6,5,13,14,2,0,0,1,0,28,18,16,31,5,8,3
260,"M",10.6,5,13,15,2,0,0,0,1,28,18,16,31,5,8,3
260,"M",10.6,5,13,16,2,0,0,1,0,28,18,16,31,5,8,3
260,"M",10.6,5,13,17,2,0,0,0,1,28,18,16,31,5,8,3
260,"M",10.6,5,13,18,2,0,0,0,1,28,18,16,31,5,8,3
260,"M",10.6,5,13,23,2,1,0,1,0,28,18,16,31,5,8,3
260,"M",10.6,5,13,26,2,0,0,1,0,28,18,16,31,5,8,3
260,"M",10.6,5,13,34,2,0,0,1,0,28,18,16,31,5,8,3
260,"M",10.6,5,13,37,2,1,0,0,1,28,18,16,31,5,8,3
260,"M",10.6,5,13,38,2,0,0,0,1,28,18,16,31,5,8,3
260,"M",10.6,5,13,39,2,1,0,0,1,28,18,16,31,5,8,3
260,"M",10.6,5,13,42,2,0,0,1,0,28,18,16,31,5,8,3
260,"M",10.6,5,13,43,2,0,0,1,0,28,18,16,31,5,8,3
260,"M",10.6,5,13,45,2,0,0,1,0,28,18,16,31,5,8,3
260,"M",10.6,5,13,46,2,1,0,1,0,28,18,16,31,5,8,3
260,"M",10.6,5,13,47,2,1,0,0,1,28,18,16,31,5,8,3
260,"M",10.6,5,13,48,2,0,0,1,0,28,18,16,31,5,8,3
260,"M",10.6,5,13,49,2,0,0,0,1,28,18,16,31,5,8,3
260,"M",10.6,5,13,53,2,0,0,1,0,28,18,16,31,5,8,3
260,"M",10.6,5,13,55,2,0,0,0,1,28,18,16,31,5,8,3
260,"M",10.6,5,13,56,2,1,0,1,0,28,18,16,31,5,8,3
260,"M",10.6,5,13,57,2,0,0,0,1,28,18,16,31,5,8,3
261,"M",10.7,5,14,4,1,1,NA,NA,NA,42,11,28,15,10,4,23
261,"M",10.7,5,14,5,1,1,NA,NA,NA,42,11,28,15,10,4,23
261,"M",10.7,5,14,6,1,1,NA,NA,NA,42,11,28,15,10,4,23
261,"M",10.7,5,14,9,1,1,NA,NA,NA,42,11,28,15,10,4,23
261,"M",10.7,5,14,13,1,0,NA,NA,NA,42,11,28,15,10,4,23
261,"M",10.7,5,14,14,1,0,NA,NA,NA,42,11,28,15,10,4,23
261,"M",10.7,5,14,16,1,1,NA,NA,NA,42,11,28,15,10,4,23
261,"M",10.7,5,14,19,1,1,NA,NA,NA,42,11,28,15,10,4,23
261,"M",10.7,5,14,23,1,1,NA,NA,NA,42,11,28,15,10,4,23
261,"M",10.7,5,14,24,1,1,NA,NA,NA,42,11,28,15,10,4,23
261,"M",10.7,5,14,25,1,1,NA,NA,NA,42,11,28,15,10,4,23
261,"M",10.7,5,14,26,1,0,NA,NA,NA,42,11,28,15,10,4,23
261,"M",10.7,5,14,27,1,1,NA,NA,NA,42,11,28,15,10,4,23
261,"M",10.7,5,14,28,1,1,NA,NA,NA,42,11,28,15,10,4,23
261,"M",10.7,5,14,29,1,1,NA,NA,NA,42,11,28,15,10,4,23
261,"M",10.7,5,14,30,1,1,NA,NA,NA,42,11,28,15,10,4,23
261,"M",10.7,5,14,31,1,0,NA,NA,NA,42,11,28,15,10,4,23
261,"M",10.7,5,14,32,1,1,NA,NA,NA,42,11,28,15,10,4,23
261,"M",10.7,5,14,33,1,0,NA,NA,NA,42,11,28,15,10,4,23
261,"M",10.7,5,14,37,1,1,NA,NA,NA,42,11,28,15,10,4,23
261,"M",10.7,5,14,41,1,1,NA,NA,NA,42,11,28,15,10,4,23
261,"M",10.7,5,14,44,1,1,NA,NA,NA,42,11,28,15,10,4,23
261,"M",10.7,5,14,45,1,1,NA,NA,NA,42,11,28,15,10,4,23
261,"M",10.7,5,14,46,1,1,NA,NA,NA,42,11,28,15,10,4,23
261,"M",10.7,5,14,50,1,1,NA,NA,NA,42,11,28,15,10,4,23
261,"M",10.7,5,14,52,1,1,NA,NA,NA,42,11,28,15,10,4,23
261,"M",10.7,5,14,57,1,1,NA,NA,NA,42,11,28,15,10,4,23
261,"M",10.7,5,14,58,1,1,NA,NA,NA,42,11,28,15,10,4,23
261,"M",10.7,5,14,59,1,0,NA,NA,NA,42,11,28,15,10,4,23
261,"M",10.7,5,14,60,1,0,NA,NA,NA,42,11,28,15,10,4,23
261,"M",10.7,5,14,1,2,0,1,0,0,42,11,28,15,10,4,23
261,"M",10.7,5,14,2,2,0,1,0,0,42,11,28,15,10,4,23
261,"M",10.7,5,14,3,2,0,1,0,0,42,11,28,15,10,4,23
261,"M",10.7,5,14,7,2,0,1,0,0,42,11,28,15,10,4,23
261,"M",10.7,5,14,8,2,0,1,0,0,42,11,28,15,10,4,23
261,"M",10.7,5,14,10,2,0,1,0,0,42,11,28,15,10,4,23
261,"M",10.7,5,14,11,2,0,1,0,0,42,11,28,15,10,4,23
261,"M",10.7,5,14,12,2,0,1,0,0,42,11,28,15,10,4,23
261,"M",10.7,5,14,15,2,0,1,0,0,42,11,28,15,10,4,23
261,"M",10.7,5,14,17,2,0,1,0,0,42,11,28,15,10,4,23
261,"M",10.7,5,14,18,2,0,0,1,0,42,11,28,15,10,4,23
261,"M",10.7,5,14,20,2,0,0,1,0,42,11,28,15,10,4,23
261,"M",10.7,5,14,21,2,0,1,0,0,42,11,28,15,10,4,23
261,"M",10.7,5,14,22,2,0,1,0,0,42,11,28,15,10,4,23
261,"M",10.7,5,14,34,2,0,0,1,0,42,11,28,15,10,4,23
261,"M",10.7,5,14,35,2,0,1,0,0,42,11,28,15,10,4,23
261,"M",10.7,5,14,36,2,0,1,0,0,42,11,28,15,10,4,23
261,"M",10.7,5,14,38,2,0,1,0,0,42,11,28,15,10,4,23
261,"M",10.7,5,14,39,2,1,0,1,0,42,11,28,15,10,4,23
261,"M",10.7,5,14,40,2,0,1,0,0,42,11,28,15,10,4,23
261,"M",10.7,5,14,42,2,0,1,0,0,42,11,28,15,10,4,23
261,"M",10.7,5,14,43,2,0,1,0,0,42,11,28,15,10,4,23
261,"M",10.7,5,14,47,2,0,1,0,0,42,11,28,15,10,4,23
261,"M",10.7,5,14,48,2,0,1,0,0,42,11,28,15,10,4,23
261,"M",10.7,5,14,49,2,0,1,0,0,42,11,28,15,10,4,23
261,"M",10.7,5,14,51,2,0,1,0,0,42,11,28,15,10,4,23
261,"M",10.7,5,14,53,2,1,0,1,0,42,11,28,15,10,4,23
261,"M",10.7,5,14,54,2,0,1,0,0,42,11,28,15,10,4,23
261,"M",10.7,5,14,55,2,1,0,1,0,42,11,28,15,10,4,23
261,"M",10.7,5,14,56,2,0,1,0,0,42,11,28,15,10,4,23
262,"F",10.1,5,14,1,1,1,NA,NA,NA,20,23,31,32,8,6,14
262,"F",10.1,5,14,2,1,0,NA,NA,NA,20,23,31,32,8,6,14
262,"F",10.1,5,14,4,1,0,NA,NA,NA,20,23,31,32,8,6,14
262,"F",10.1,5,14,6,1,0,NA,NA,NA,20,23,31,32,8,6,14
262,"F",10.1,5,14,9,1,1,NA,NA,NA,20,23,31,32,8,6,14
262,"F",10.1,5,14,10,1,1,NA,NA,NA,20,23,31,32,8,6,14
262,"F",10.1,5,14,15,1,0,NA,NA,NA,20,23,31,32,8,6,14
262,"F",10.1,5,14,16,1,1,NA,NA,NA,20,23,31,32,8,6,14
262,"F",10.1,5,14,17,1,1,NA,NA,NA,20,23,31,32,8,6,14
262,"F",10.1,5,14,19,1,0,NA,NA,NA,20,23,31,32,8,6,14
262,"F",10.1,5,14,20,1,1,NA,NA,NA,20,23,31,32,8,6,14
262,"F",10.1,5,14,22,1,0,NA,NA,NA,20,23,31,32,8,6,14
262,"F",10.1,5,14,23,1,0,NA,NA,NA,20,23,31,32,8,6,14
262,"F",10.1,5,14,25,1,1,NA,NA,NA,20,23,31,32,8,6,14
262,"F",10.1,5,14,27,1,0,NA,NA,NA,20,23,31,32,8,6,14
262,"F",10.1,5,14,29,1,0,NA,NA,NA,20,23,31,32,8,6,14
262,"F",10.1,5,14,31,1,0,NA,NA,NA,20,23,31,32,8,6,14
262,"F",10.1,5,14,32,1,1,NA,NA,NA,20,23,31,32,8,6,14
262,"F",10.1,5,14,34,1,0,NA,NA,NA,20,23,31,32,8,6,14
262,"F",10.1,5,14,37,1,0,NA,NA,NA,20,23,31,32,8,6,14
262,"F",10.1,5,14,42,1,1,NA,NA,NA,20,23,31,32,8,6,14
262,"F",10.1,5,14,43,1,1,NA,NA,NA,20,23,31,32,8,6,14
262,"F",10.1,5,14,45,1,0,NA,NA,NA,20,23,31,32,8,6,14
262,"F",10.1,5,14,47,1,1,NA,NA,NA,20,23,31,32,8,6,14
262,"F",10.1,5,14,48,1,0,NA,NA,NA,20,23,31,32,8,6,14
262,"F",10.1,5,14,50,1,1,NA,NA,NA,20,23,31,32,8,6,14
262,"F",10.1,5,14,52,1,0,NA,NA,NA,20,23,31,32,8,6,14
262,"F",10.1,5,14,56,1,1,NA,NA,NA,20,23,31,32,8,6,14
262,"F",10.1,5,14,58,1,1,NA,NA,NA,20,23,31,32,8,6,14
262,"F",10.1,5,14,60,1,0,NA,NA,NA,20,23,31,32,8,6,14
262,"F",10.1,5,14,3,2,0,1,0,0,20,23,31,32,8,6,14
262,"F",10.1,5,14,5,2,1,0,0,1,20,23,31,32,8,6,14
262,"F",10.1,5,14,7,2,1,0,0,1,20,23,31,32,8,6,14
262,"F",10.1,5,14,8,2,0,0,1,0,20,23,31,32,8,6,14
262,"F",10.1,5,14,11,2,0,0,0,1,20,23,31,32,8,6,14
262,"F",10.1,5,14,12,2,1,0,0,1,20,23,31,32,8,6,14
262,"F",10.1,5,14,13,2,1,0,0,1,20,23,31,32,8,6,14
262,"F",10.1,5,14,14,2,0,0,0,1,20,23,31,32,8,6,14
262,"F",10.1,5,14,18,2,0,0,0,1,20,23,31,32,8,6,14
262,"F",10.1,5,14,21,2,1,0,0,1,20,23,31,32,8,6,14
262,"F",10.1,5,14,24,2,0,0,0,1,20,23,31,32,8,6,14
262,"F",10.1,5,14,26,2,0,0,0,1,20,23,31,32,8,6,14
262,"F",10.1,5,14,28,2,0,1,0,0,20,23,31,32,8,6,14
262,"F",10.1,5,14,30,2,1,0,0,1,20,23,31,32,8,6,14
262,"F",10.1,5,14,33,2,1,0,0,1,20,23,31,32,8,6,14
262,"F",10.1,5,14,35,2,0,0,0,1,20,23,31,32,8,6,14
262,"F",10.1,5,14,36,2,1,0,0,1,20,23,31,32,8,6,14
262,"F",10.1,5,14,38,2,0,0,0,1,20,23,31,32,8,6,14
262,"F",10.1,5,14,39,2,0,0,1,0,20,23,31,32,8,6,14
262,"F",10.1,5,14,40,2,0,1,0,0,20,23,31,32,8,6,14
262,"F",10.1,5,14,41,2,0,0,0,1,20,23,31,32,8,6,14
262,"F",10.1,5,14,44,2,0,0,0,1,20,23,31,32,8,6,14
262,"F",10.1,5,14,46,2,0,1,0,0,20,23,31,32,8,6,14
262,"F",10.1,5,14,49,2,0,0,0,1,20,23,31,32,8,6,14
262,"F",10.1,5,14,51,2,1,0,0,1,20,23,31,32,8,6,14
262,"F",10.1,5,14,53,2,1,0,1,0,20,23,31,32,8,6,14
262,"F",10.1,5,14,54,2,0,0,0,1,20,23,31,32,8,6,14
262,"F",10.1,5,14,55,2,0,0,0,1,20,23,31,32,8,6,14
262,"F",10.1,5,14,57,2,1,0,0,1,20,23,31,32,8,6,14
262,"F",10.1,5,14,59,2,0,0,0,1,20,23,31,32,8,6,14
263,"M",10.3,5,14,1,1,1,NA,NA,NA,17,26,17,28,6,10,22
263,"M",10.3,5,14,3,1,0,NA,NA,NA,17,26,17,28,6,10,22
263,"M",10.3,5,14,4,1,1,NA,NA,NA,17,26,17,28,6,10,22
263,"M",10.3,5,14,5,1,0,NA,NA,NA,17,26,17,28,6,10,22
263,"M",10.3,5,14,7,1,1,NA,NA,NA,17,26,17,28,6,10,22
263,"M",10.3,5,14,8,1,1,NA,NA,NA,17,26,17,28,6,10,22
263,"M",10.3,5,14,11,1,1,NA,NA,NA,17,26,17,28,6,10,22
263,"M",10.3,5,14,16,1,1,NA,NA,NA,17,26,17,28,6,10,22
263,"M",10.3,5,14,17,1,0,NA,NA,NA,17,26,17,28,6,10,22
263,"M",10.3,5,14,20,1,1,NA,NA,NA,17,26,17,28,6,10,22
263,"M",10.3,5,14,21,1,0,NA,NA,NA,17,26,17,28,6,10,22
263,"M",10.3,5,14,24,1,1,NA,NA,NA,17,26,17,28,6,10,22
263,"M",10.3,5,14,27,1,1,NA,NA,NA,17,26,17,28,6,10,22
263,"M",10.3,5,14,28,1,1,NA,NA,NA,17,26,17,28,6,10,22
263,"M",10.3,5,14,32,1,1,NA,NA,NA,17,26,17,28,6,10,22
263,"M",10.3,5,14,33,1,1,NA,NA,NA,17,26,17,28,6,10,22
263,"M",10.3,5,14,35,1,1,NA,NA,NA,17,26,17,28,6,10,22
263,"M",10.3,5,14,38,1,1,NA,NA,NA,17,26,17,28,6,10,22
263,"M",10.3,5,14,39,1,1,NA,NA,NA,17,26,17,28,6,10,22
263,"M",10.3,5,14,41,1,0,NA,NA,NA,17,26,17,28,6,10,22
263,"M",10.3,5,14,42,1,1,NA,NA,NA,17,26,17,28,6,10,22
263,"M",10.3,5,14,43,1,1,NA,NA,NA,17,26,17,28,6,10,22
263,"M",10.3,5,14,46,1,1,NA,NA,NA,17,26,17,28,6,10,22
263,"M",10.3,5,14,47,1,1,NA,NA,NA,17,26,17,28,6,10,22
263,"M",10.3,5,14,48,1,0,NA,NA,NA,17,26,17,28,6,10,22
263,"M",10.3,5,14,50,1,0,NA,NA,NA,17,26,17,28,6,10,22
263,"M",10.3,5,14,51,1,1,NA,NA,NA,17,26,17,28,6,10,22
263,"M",10.3,5,14,52,1,1,NA,NA,NA,17,26,17,28,6,10,22
263,"M",10.3,5,14,53,1,0,NA,NA,NA,17,26,17,28,6,10,22
263,"M",10.3,5,14,60,1,1,NA,NA,NA,17,26,17,28,6,10,22
263,"M",10.3,5,14,2,2,1,0,0,1,17,26,17,28,6,10,22
263,"M",10.3,5,14,6,2,0,0,0,1,17,26,17,28,6,10,22
263,"M",10.3,5,14,9,2,1,0,1,0,17,26,17,28,6,10,22
263,"M",10.3,5,14,10,2,1,0,0,1,17,26,17,28,6,10,22
263,"M",10.3,5,14,12,2,1,0,0,1,17,26,17,28,6,10,22
263,"M",10.3,5,14,13,2,0,0,0,1,17,26,17,28,6,10,22
263,"M",10.3,5,14,14,2,1,0,0,1,17,26,17,28,6,10,22
263,"M",10.3,5,14,15,2,0,0,0,1,17,26,17,28,6,10,22
263,"M",10.3,5,14,18,2,1,0,0,1,17,26,17,28,6,10,22
263,"M",10.3,5,14,19,2,1,0,0,1,17,26,17,28,6,10,22
263,"M",10.3,5,14,22,2,0,0,0,1,17,26,17,28,6,10,22
263,"M",10.3,5,14,23,2,1,0,0,1,17,26,17,28,6,10,22
263,"M",10.3,5,14,25,2,1,0,0,1,17,26,17,28,6,10,22
263,"M",10.3,5,14,26,2,1,0,1,0,17,26,17,28,6,10,22
263,"M",10.3,5,14,29,2,1,0,0,1,17,26,17,28,6,10,22
263,"M",10.3,5,14,30,2,0,0,1,0,17,26,17,28,6,10,22
263,"M",10.3,5,14,31,2,1,0,0,1,17,26,17,28,6,10,22
263,"M",10.3,5,14,34,2,0,0,0,1,17,26,17,28,6,10,22
263,"M",10.3,5,14,36,2,1,0,1,0,17,26,17,28,6,10,22
263,"M",10.3,5,14,37,2,1,0,0,1,17,26,17,28,6,10,22
263,"M",10.3,5,14,40,2,1,0,0,1,17,26,17,28,6,10,22
263,"M",10.3,5,14,44,2,1,0,0,1,17,26,17,28,6,10,22
263,"M",10.3,5,14,45,2,1,0,1,0,17,26,17,28,6,10,22
263,"M",10.3,5,14,49,2,1,0,1,0,17,26,17,28,6,10,22
263,"M",10.3,5,14,54,2,1,0,0,1,17,26,17,28,6,10,22
263,"M",10.3,5,14,55,2,0,0,0,1,17,26,17,28,6,10,22
263,"M",10.3,5,14,56,2,1,0,0,1,17,26,17,28,6,10,22
263,"M",10.3,5,14,57,2,1,0,1,0,17,26,17,28,6,10,22
263,"M",10.3,5,14,58,2,1,0,0,1,17,26,17,28,6,10,22
263,"M",10.3,5,14,59,2,1,0,0,1,17,26,17,28,6,10,22
264,"F",10.9,5,14,2,1,0,NA,NA,NA,28,16,29,19,9,6,14
264,"F",10.9,5,14,4,1,0,NA,NA,NA,28,16,29,19,9,6,14
264,"F",10.9,5,14,5,1,0,NA,NA,NA,28,16,29,19,9,6,14
264,"F",10.9,5,14,6,1,0,NA,NA,NA,28,16,29,19,9,6,14
264,"F",10.9,5,14,7,1,0,NA,NA,NA,28,16,29,19,9,6,14
264,"F",10.9,5,14,10,1,1,NA,NA,NA,28,16,29,19,9,6,14
264,"F",10.9,5,14,12,1,1,NA,NA,NA,28,16,29,19,9,6,14
264,"F",10.9,5,14,13,1,0,NA,NA,NA,28,16,29,19,9,6,14
264,"F",10.9,5,14,19,1,1,NA,NA,NA,28,16,29,19,9,6,14
264,"F",10.9,5,14,20,1,0,NA,NA,NA,28,16,29,19,9,6,14
264,"F",10.9,5,14,25,1,0,NA,NA,NA,28,16,29,19,9,6,14
264,"F",10.9,5,14,27,1,0,NA,NA,NA,28,16,29,19,9,6,14
264,"F",10.9,5,14,28,1,1,NA,NA,NA,28,16,29,19,9,6,14
264,"F",10.9,5,14,29,1,0,NA,NA,NA,28,16,29,19,9,6,14
264,"F",10.9,5,14,31,1,1,NA,NA,NA,28,16,29,19,9,6,14
264,"F",10.9,5,14,33,1,1,NA,NA,NA,28,16,29,19,9,6,14
264,"F",10.9,5,14,39,1,0,NA,NA,NA,28,16,29,19,9,6,14
264,"F",10.9,5,14,40,1,0,NA,NA,NA,28,16,29,19,9,6,14
264,"F",10.9,5,14,41,1,0,NA,NA,NA,28,16,29,19,9,6,14
264,"F",10.9,5,14,42,1,0,NA,NA,NA,28,16,29,19,9,6,14
264,"F",10.9,5,14,44,1,1,NA,NA,NA,28,16,29,19,9,6,14
264,"F",10.9,5,14,45,1,1,NA,NA,NA,28,16,29,19,9,6,14
264,"F",10.9,5,14,48,1,0,NA,NA,NA,28,16,29,19,9,6,14
264,"F",10.9,5,14,51,1,1,NA,NA,NA,28,16,29,19,9,6,14
264,"F",10.9,5,14,52,1,1,NA,NA,NA,28,16,29,19,9,6,14
264,"F",10.9,5,14,54,1,0,NA,NA,NA,28,16,29,19,9,6,14
264,"F",10.9,5,14,56,1,1,NA,NA,NA,28,16,29,19,9,6,14
264,"F",10.9,5,14,57,1,1,NA,NA,NA,28,16,29,19,9,6,14
264,"F",10.9,5,14,58,1,1,NA,NA,NA,28,16,29,19,9,6,14
264,"F",10.9,5,14,59,1,1,NA,NA,NA,28,16,29,19,9,6,14
264,"F",10.9,5,14,1,2,0,1,0,0,28,16,29,19,9,6,14
264,"F",10.9,5,14,3,2,0,1,0,0,28,16,29,19,9,6,14
264,"F",10.9,5,14,8,2,0,1,0,0,28,16,29,19,9,6,14
264,"F",10.9,5,14,9,2,1,0,1,0,28,16,29,19,9,6,14
264,"F",10.9,5,14,11,2,1,0,0,1,28,16,29,19,9,6,14
264,"F",10.9,5,14,14,2,0,1,0,0,28,16,29,19,9,6,14
264,"F",10.9,5,14,15,2,0,0,1,0,28,16,29,19,9,6,14
264,"F",10.9,5,14,16,2,0,0,1,0,28,16,29,19,9,6,14
264,"F",10.9,5,14,17,2,0,1,0,0,28,16,29,19,9,6,14
264,"F",10.9,5,14,18,2,0,1,0,0,28,16,29,19,9,6,14
264,"F",10.9,5,14,21,2,0,0,0,1,28,16,29,19,9,6,14
264,"F",10.9,5,14,22,2,0,1,0,0,28,16,29,19,9,6,14
264,"F",10.9,5,14,23,2,0,0,0,1,28,16,29,19,9,6,14
264,"F",10.9,5,14,24,2,1,0,1,0,28,16,29,19,9,6,14
264,"F",10.9,5,14,26,2,0,1,0,0,28,16,29,19,9,6,14
264,"F",10.9,5,14,30,2,0,1,0,0,28,16,29,19,9,6,14
264,"F",10.9,5,14,32,2,0,1,0,0,28,16,29,19,9,6,14
264,"F",10.9,5,14,34,2,0,0,0,1,28,16,29,19,9,6,14
264,"F",10.9,5,14,35,2,0,0,0,1,28,16,29,19,9,6,14
264,"F",10.9,5,14,36,2,1,0,0,1,28,16,29,19,9,6,14
264,"F",10.9,5,14,37,2,0,1,0,0,28,16,29,19,9,6,14
264,"F",10.9,5,14,38,2,1,0,0,1,28,16,29,19,9,6,14
264,"F",10.9,5,14,43,2,0,1,0,0,28,16,29,19,9,6,14
264,"F",10.9,5,14,46,2,0,0,0,1,28,16,29,19,9,6,14
264,"F",10.9,5,14,47,2,0,1,0,0,28,16,29,19,9,6,14
264,"F",10.9,5,14,49,2,0,0,1,0,28,16,29,19,9,6,14
264,"F",10.9,5,14,50,2,1,0,0,1,28,16,29,19,9,6,14
264,"F",10.9,5,14,53,2,0,0,0,1,28,16,29,19,9,6,14
264,"F",10.9,5,14,55,2,0,1,0,0,28,16,29,19,9,6,14
264,"F",10.9,5,14,60,2,0,1,0,0,28,16,29,19,9,6,14
265,"F",10.5,5,14,1,1,0,NA,NA,NA,41,17,28,32,11,4,6
265,"F",10.5,5,14,3,1,0,NA,NA,NA,41,17,28,32,11,4,6
265,"F",10.5,5,14,5,1,1,NA,NA,NA,41,17,28,32,11,4,6
265,"F",10.5,5,14,6,1,0,NA,NA,NA,41,17,28,32,11,4,6
265,"F",10.5,5,14,7,1,0,NA,NA,NA,41,17,28,32,11,4,6
265,"F",10.5,5,14,12,1,1,NA,NA,NA,41,17,28,32,11,4,6
265,"F",10.5,5,14,14,1,0,NA,NA,NA,41,17,28,32,11,4,6
265,"F",10.5,5,14,16,1,0,NA,NA,NA,41,17,28,32,11,4,6
265,"F",10.5,5,14,18,1,0,NA,NA,NA,41,17,28,32,11,4,6
265,"F",10.5,5,14,19,1,0,NA,NA,NA,41,17,28,32,11,4,6
265,"F",10.5,5,14,20,1,0,NA,NA,NA,41,17,28,32,11,4,6
265,"F",10.5,5,14,22,1,0,NA,NA,NA,41,17,28,32,11,4,6
265,"F",10.5,5,14,23,1,0,NA,NA,NA,41,17,28,32,11,4,6
265,"F",10.5,5,14,25,1,1,NA,NA,NA,41,17,28,32,11,4,6
265,"F",10.5,5,14,26,1,0,NA,NA,NA,41,17,28,32,11,4,6
265,"F",10.5,5,14,29,1,0,NA,NA,NA,41,17,28,32,11,4,6
265,"F",10.5,5,14,31,1,0,NA,NA,NA,41,17,28,32,11,4,6
265,"F",10.5,5,14,33,1,1,NA,NA,NA,41,17,28,32,11,4,6
265,"F",10.5,5,14,35,1,0,NA,NA,NA,41,17,28,32,11,4,6
265,"F",10.5,5,14,36,1,0,NA,NA,NA,41,17,28,32,11,4,6
265,"F",10.5,5,14,40,1,0,NA,NA,NA,41,17,28,32,11,4,6
265,"F",10.5,5,14,42,1,0,NA,NA,NA,41,17,28,32,11,4,6
265,"F",10.5,5,14,43,1,1,NA,NA,NA,41,17,28,32,11,4,6
265,"F",10.5,5,14,44,1,0,NA,NA,NA,41,17,28,32,11,4,6
265,"F",10.5,5,14,46,1,1,NA,NA,NA,41,17,28,32,11,4,6
265,"F",10.5,5,14,50,1,0,NA,NA,NA,41,17,28,32,11,4,6
265,"F",10.5,5,14,51,1,0,NA,NA,NA,41,17,28,32,11,4,6
265,"F",10.5,5,14,55,1,0,NA,NA,NA,41,17,28,32,11,4,6
265,"F",10.5,5,14,57,1,0,NA,NA,NA,41,17,28,32,11,4,6
265,"F",10.5,5,14,58,1,0,NA,NA,NA,41,17,28,32,11,4,6
265,"F",10.5,5,14,2,2,0,1,0,0,41,17,28,32,11,4,6
265,"F",10.5,5,14,4,2,0,1,0,0,41,17,28,32,11,4,6
265,"F",10.5,5,14,8,2,0,0,1,0,41,17,28,32,11,4,6
265,"F",10.5,5,14,9,2,0,1,0,0,41,17,28,32,11,4,6
265,"F",10.5,5,14,10,2,1,0,1,0,41,17,28,32,11,4,6
265,"F",10.5,5,14,11,2,1,0,0,1,41,17,28,32,11,4,6
265,"F",10.5,5,14,13,2,0,1,0,0,41,17,28,32,11,4,6
265,"F",10.5,5,14,15,2,0,0,1,0,41,17,28,32,11,4,6
265,"F",10.5,5,14,17,2,0,0,1,0,41,17,28,32,11,4,6
265,"F",10.5,5,14,21,2,0,1,0,0,41,17,28,32,11,4,6
265,"F",10.5,5,14,24,2,0,1,0,0,41,17,28,32,11,4,6
265,"F",10.5,5,14,27,2,1,0,0,1,41,17,28,32,11,4,6
265,"F",10.5,5,14,28,2,0,1,0,0,41,17,28,32,11,4,6
265,"F",10.5,5,14,30,2,0,1,0,0,41,17,28,32,11,4,6
265,"F",10.5,5,14,32,2,0,1,0,0,41,17,28,32,11,4,6
265,"F",10.5,5,14,34,2,0,1,0,0,41,17,28,32,11,4,6
265,"F",10.5,5,14,37,2,0,1,0,0,41,17,28,32,11,4,6
265,"F",10.5,5,14,38,2,0,1,0,0,41,17,28,32,11,4,6
265,"F",10.5,5,14,39,2,1,0,1,0,41,17,28,32,11,4,6
265,"F",10.5,5,14,41,2,0,1,0,0,41,17,28,32,11,4,6
265,"F",10.5,5,14,45,2,1,0,1,0,41,17,28,32,11,4,6
265,"F",10.5,5,14,47,2,0,1,0,0,41,17,28,32,11,4,6
265,"F",10.5,5,14,48,2,0,1,0,0,41,17,28,32,11,4,6
265,"F",10.5,5,14,49,2,0,1,0,0,41,17,28,32,11,4,6
265,"F",10.5,5,14,52,2,0,1,0,0,41,17,28,32,11,4,6
265,"F",10.5,5,14,53,2,1,0,1,0,41,17,28,32,11,4,6
265,"F",10.5,5,14,54,2,1,0,1,0,41,17,28,32,11,4,6
265,"F",10.5,5,14,56,2,0,1,0,0,41,17,28,32,11,4,6
265,"F",10.5,5,14,59,2,0,1,0,0,41,17,28,32,11,4,6
265,"F",10.5,5,14,60,2,0,0,0,1,41,17,28,32,11,4,6
266,"F",10.1,5,14,1,1,0,NA,NA,NA,30,10,32,24,9,7,6
266,"F",10.1,5,14,4,1,1,NA,NA,NA,30,10,32,24,9,7,6
266,"F",10.1,5,14,5,1,0,NA,NA,NA,30,10,32,24,9,7,6
266,"F",10.1,5,14,6,1,0,NA,NA,NA,30,10,32,24,9,7,6
266,"F",10.1,5,14,7,1,1,NA,NA,NA,30,10,32,24,9,7,6
266,"F",10.1,5,14,9,1,0,NA,NA,NA,30,10,32,24,9,7,6
266,"F",10.1,5,14,10,1,1,NA,NA,NA,30,10,32,24,9,7,6
266,"F",10.1,5,14,13,1,0,NA,NA,NA,30,10,32,24,9,7,6
266,"F",10.1,5,14,15,1,0,NA,NA,NA,30,10,32,24,9,7,6
266,"F",10.1,5,14,17,1,0,NA,NA,NA,30,10,32,24,9,7,6
266,"F",10.1,5,14,19,1,1,NA,NA,NA,30,10,32,24,9,7,6
266,"F",10.1,5,14,23,1,0,NA,NA,NA,30,10,32,24,9,7,6
266,"F",10.1,5,14,24,1,0,NA,NA,NA,30,10,32,24,9,7,6
266,"F",10.1,5,14,29,1,0,NA,NA,NA,30,10,32,24,9,7,6
266,"F",10.1,5,14,30,1,0,NA,NA,NA,30,10,32,24,9,7,6
266,"F",10.1,5,14,31,1,0,NA,NA,NA,30,10,32,24,9,7,6
266,"F",10.1,5,14,32,1,0,NA,NA,NA,30,10,32,24,9,7,6
266,"F",10.1,5,14,35,1,0,NA,NA,NA,30,10,32,24,9,7,6
266,"F",10.1,5,14,36,1,0,NA,NA,NA,30,10,32,24,9,7,6
266,"F",10.1,5,14,37,1,0,NA,NA,NA,30,10,32,24,9,7,6
266,"F",10.1,5,14,38,1,0,NA,NA,NA,30,10,32,24,9,7,6
266,"F",10.1,5,14,39,1,0,NA,NA,NA,30,10,32,24,9,7,6
266,"F",10.1,5,14,42,1,0,NA,NA,NA,30,10,32,24,9,7,6
266,"F",10.1,5,14,46,1,1,NA,NA,NA,30,10,32,24,9,7,6
266,"F",10.1,5,14,47,1,1,NA,NA,NA,30,10,32,24,9,7,6
266,"F",10.1,5,14,50,1,0,NA,NA,NA,30,10,32,24,9,7,6
266,"F",10.1,5,14,51,1,0,NA,NA,NA,30,10,32,24,9,7,6
266,"F",10.1,5,14,52,1,0,NA,NA,NA,30,10,32,24,9,7,6
266,"F",10.1,5,14,57,1,0,NA,NA,NA,30,10,32,24,9,7,6
266,"F",10.1,5,14,60,1,0,NA,NA,NA,30,10,32,24,9,7,6
266,"F",10.1,5,14,2,2,0,1,0,0,30,10,32,24,9,7,6
266,"F",10.1,5,14,3,2,0,0,0,1,30,10,32,24,9,7,6
266,"F",10.1,5,14,8,2,0,1,0,0,30,10,32,24,9,7,6
266,"F",10.1,5,14,11,2,0,1,0,0,30,10,32,24,9,7,6
266,"F",10.1,5,14,12,2,0,1,0,0,30,10,32,24,9,7,6
266,"F",10.1,5,14,14,2,0,0,1,0,30,10,32,24,9,7,6
266,"F",10.1,5,14,16,2,0,1,0,0,30,10,32,24,9,7,6
266,"F",10.1,5,14,18,2,0,0,0,1,30,10,32,24,9,7,6
266,"F",10.1,5,14,20,2,0,1,0,0,30,10,32,24,9,7,6
266,"F",10.1,5,14,21,2,0,1,0,0,30,10,32,24,9,7,6
266,"F",10.1,5,14,22,2,0,1,0,0,30,10,32,24,9,7,6
266,"F",10.1,5,14,25,2,0,0,0,1,30,10,32,24,9,7,6
266,"F",10.1,5,14,26,2,0,1,0,0,30,10,32,24,9,7,6
266,"F",10.1,5,14,27,2,0,1,0,0,30,10,32,24,9,7,6
266,"F",10.1,5,14,28,2,0,0,0,1,30,10,32,24,9,7,6
266,"F",10.1,5,14,33,2,0,1,0,0,30,10,32,24,9,7,6
266,"F",10.1,5,14,34,2,0,0,1,0,30,10,32,24,9,7,6
266,"F",10.1,5,14,40,2,0,1,0,0,30,10,32,24,9,7,6
266,"F",10.1,5,14,41,2,0,1,0,0,30,10,32,24,9,7,6
266,"F",10.1,5,14,43,2,1,0,1,0,30,10,32,24,9,7,6
266,"F",10.1,5,14,44,2,0,0,0,1,30,10,32,24,9,7,6
266,"F",10.1,5,14,45,2,0,1,0,0,30,10,32,24,9,7,6
266,"F",10.1,5,14,48,2,0,0,0,1,30,10,32,24,9,7,6
266,"F",10.1,5,14,49,2,0,1,0,0,30,10,32,24,9,7,6
266,"F",10.1,5,14,53,2,1,0,1,0,30,10,32,24,9,7,6
266,"F",10.1,5,14,54,2,0,1,0,0,30,10,32,24,9,7,6
266,"F",10.1,5,14,55,2,0,1,0,0,30,10,32,24,9,7,6
266,"F",10.1,5,14,56,2,0,0,1,0,30,10,32,24,9,7,6
266,"F",10.1,5,14,58,2,0,1,0,0,30,10,32,24,9,7,6
266,"F",10.1,5,14,59,2,0,1,0,0,30,10,32,24,9,7,6
267,"F",10.9,5,14,2,1,0,NA,NA,NA,16,21,27,35,9,10,18
267,"F",10.9,5,14,5,1,1,NA,NA,NA,16,21,27,35,9,10,18
267,"F",10.9,5,14,7,1,0,NA,NA,NA,16,21,27,35,9,10,18
267,"F",10.9,5,14,9,1,0,NA,NA,NA,16,21,27,35,9,10,18
267,"F",10.9,5,14,10,1,1,NA,NA,NA,16,21,27,35,9,10,18
267,"F",10.9,5,14,11,1,1,NA,NA,NA,16,21,27,35,9,10,18
267,"F",10.9,5,14,18,1,1,NA,NA,NA,16,21,27,35,9,10,18
267,"F",10.9,5,14,20,1,1,NA,NA,NA,16,21,27,35,9,10,18
267,"F",10.9,5,14,21,1,1,NA,NA,NA,16,21,27,35,9,10,18
267,"F",10.9,5,14,22,1,1,NA,NA,NA,16,21,27,35,9,10,18
267,"F",10.9,5,14,23,1,1,NA,NA,NA,16,21,27,35,9,10,18
267,"F",10.9,5,14,24,1,0,NA,NA,NA,16,21,27,35,9,10,18
267,"F",10.9,5,14,26,1,0,NA,NA,NA,16,21,27,35,9,10,18
267,"F",10.9,5,14,29,1,0,NA,NA,NA,16,21,27,35,9,10,18
267,"F",10.9,5,14,30,1,1,NA,NA,NA,16,21,27,35,9,10,18
267,"F",10.9,5,14,32,1,0,NA,NA,NA,16,21,27,35,9,10,18
267,"F",10.9,5,14,34,1,0,NA,NA,NA,16,21,27,35,9,10,18
267,"F",10.9,5,14,35,1,0,NA,NA,NA,16,21,27,35,9,10,18
267,"F",10.9,5,14,38,1,1,NA,NA,NA,16,21,27,35,9,10,18
267,"F",10.9,5,14,43,1,1,NA,NA,NA,16,21,27,35,9,10,18
267,"F",10.9,5,14,45,1,0,NA,NA,NA,16,21,27,35,9,10,18
267,"F",10.9,5,14,46,1,1,NA,NA,NA,16,21,27,35,9,10,18
267,"F",10.9,5,14,47,1,1,NA,NA,NA,16,21,27,35,9,10,18
267,"F",10.9,5,14,48,1,1,NA,NA,NA,16,21,27,35,9,10,18
267,"F",10.9,5,14,49,1,1,NA,NA,NA,16,21,27,35,9,10,18
267,"F",10.9,5,14,53,1,1,NA,NA,NA,16,21,27,35,9,10,18
267,"F",10.9,5,14,54,1,0,NA,NA,NA,16,21,27,35,9,10,18
267,"F",10.9,5,14,55,1,1,NA,NA,NA,16,21,27,35,9,10,18
267,"F",10.9,5,14,59,1,1,NA,NA,NA,16,21,27,35,9,10,18
267,"F",10.9,5,14,60,1,0,NA,NA,NA,16,21,27,35,9,10,18
267,"F",10.9,5,14,1,2,0,1,0,0,16,21,27,35,9,10,18
267,"F",10.9,5,14,3,2,1,0,0,1,16,21,27,35,9,10,18
267,"F",10.9,5,14,4,2,1,0,0,1,16,21,27,35,9,10,18
267,"F",10.9,5,14,6,2,0,0,0,1,16,21,27,35,9,10,18
267,"F",10.9,5,14,8,2,1,0,0,1,16,21,27,35,9,10,18
267,"F",10.9,5,14,12,2,0,0,0,1,16,21,27,35,9,10,18
267,"F",10.9,5,14,13,2,1,0,0,1,16,21,27,35,9,10,18
267,"F",10.9,5,14,14,2,1,0,0,1,16,21,27,35,9,10,18
267,"F",10.9,5,14,15,2,1,0,0,1,16,21,27,35,9,10,18
267,"F",10.9,5,14,16,2,1,0,0,1,16,21,27,35,9,10,18
267,"F",10.9,5,14,17,2,0,1,0,0,16,21,27,35,9,10,18
267,"F",10.9,5,14,19,2,1,0,0,1,16,21,27,35,9,10,18
267,"F",10.9,5,14,25,2,1,0,0,1,16,21,27,35,9,10,18
267,"F",10.9,5,14,27,2,1,0,0,1,16,21,27,35,9,10,18
267,"F",10.9,5,14,28,2,0,1,0,0,16,21,27,35,9,10,18
267,"F",10.9,5,14,31,2,1,0,0,1,16,21,27,35,9,10,18
267,"F",10.9,5,14,33,2,1,0,0,1,16,21,27,35,9,10,18
267,"F",10.9,5,14,36,2,0,1,0,0,16,21,27,35,9,10,18
267,"F",10.9,5,14,37,2,0,0,1,0,16,21,27,35,9,10,18
267,"F",10.9,5,14,39,2,1,0,0,1,16,21,27,35,9,10,18
267,"F",10.9,5,14,40,2,0,1,0,0,16,21,27,35,9,10,18
267,"F",10.9,5,14,41,2,0,0,0,1,16,21,27,35,9,10,18
267,"F",10.9,5,14,42,2,1,0,0,1,16,21,27,35,9,10,18
267,"F",10.9,5,14,44,2,1,0,0,1,16,21,27,35,9,10,18
267,"F",10.9,5,14,50,2,1,0,1,0,16,21,27,35,9,10,18
267,"F",10.9,5,14,51,2,0,0,0,1,16,21,27,35,9,10,18
267,"F",10.9,5,14,52,2,1,0,0,1,16,21,27,35,9,10,18
267,"F",10.9,5,14,56,2,1,0,1,0,16,21,27,35,9,10,18
267,"F",10.9,5,14,57,2,1,0,0,1,16,21,27,35,9,10,18
267,"F",10.9,5,14,58,2,0,0,0,1,16,21,27,35,9,10,18
268,"F",10.2,5,14,4,1,0,NA,NA,NA,26,22,23,20,5,8,14
268,"F",10.2,5,14,6,1,1,NA,NA,NA,26,22,23,20,5,8,14
268,"F",10.2,5,14,7,1,1,NA,NA,NA,26,22,23,20,5,8,14
268,"F",10.2,5,14,9,1,0,NA,NA,NA,26,22,23,20,5,8,14
268,"F",10.2,5,14,10,1,1,NA,NA,NA,26,22,23,20,5,8,14
268,"F",10.2,5,14,11,1,1,NA,NA,NA,26,22,23,20,5,8,14
268,"F",10.2,5,14,12,1,0,NA,NA,NA,26,22,23,20,5,8,14
268,"F",10.2,5,14,18,1,0,NA,NA,NA,26,22,23,20,5,8,14
268,"F",10.2,5,14,19,1,0,NA,NA,NA,26,22,23,20,5,8,14
268,"F",10.2,5,14,20,1,1,NA,NA,NA,26,22,23,20,5,8,14
268,"F",10.2,5,14,25,1,0,NA,NA,NA,26,22,23,20,5,8,14
268,"F",10.2,5,14,26,1,0,NA,NA,NA,26,22,23,20,5,8,14
268,"F",10.2,5,14,28,1,0,NA,NA,NA,26,22,23,20,5,8,14
268,"F",10.2,5,14,31,1,1,NA,NA,NA,26,22,23,20,5,8,14
268,"F",10.2,5,14,32,1,0,NA,NA,NA,26,22,23,20,5,8,14
268,"F",10.2,5,14,34,1,0,NA,NA,NA,26,22,23,20,5,8,14
268,"F",10.2,5,14,36,1,1,NA,NA,NA,26,22,23,20,5,8,14
268,"F",10.2,5,14,37,1,1,NA,NA,NA,26,22,23,20,5,8,14
268,"F",10.2,5,14,38,1,1,NA,NA,NA,26,22,23,20,5,8,14
268,"F",10.2,5,14,40,1,1,NA,NA,NA,26,22,23,20,5,8,14
268,"F",10.2,5,14,41,1,0,NA,NA,NA,26,22,23,20,5,8,14
268,"F",10.2,5,14,42,1,1,NA,NA,NA,26,22,23,20,5,8,14
268,"F",10.2,5,14,43,1,0,NA,NA,NA,26,22,23,20,5,8,14
268,"F",10.2,5,14,45,1,1,NA,NA,NA,26,22,23,20,5,8,14
268,"F",10.2,5,14,46,1,0,NA,NA,NA,26,22,23,20,5,8,14
268,"F",10.2,5,14,47,1,1,NA,NA,NA,26,22,23,20,5,8,14
268,"F",10.2,5,14,52,1,0,NA,NA,NA,26,22,23,20,5,8,14
268,"F",10.2,5,14,55,1,0,NA,NA,NA,26,22,23,20,5,8,14
268,"F",10.2,5,14,57,1,0,NA,NA,NA,26,22,23,20,5,8,14
268,"F",10.2,5,14,59,1,1,NA,NA,NA,26,22,23,20,5,8,14
268,"F",10.2,5,14,1,2,1,0,1,0,26,22,23,20,5,8,14
268,"F",10.2,5,14,2,2,0,1,0,0,26,22,23,20,5,8,14
268,"F",10.2,5,14,3,2,0,0,1,0,26,22,23,20,5,8,14
268,"F",10.2,5,14,5,2,1,0,0,1,26,22,23,20,5,8,14
268,"F",10.2,5,14,8,2,0,1,0,0,26,22,23,20,5,8,14
268,"F",10.2,5,14,13,2,0,0,0,1,26,22,23,20,5,8,14
268,"F",10.2,5,14,14,2,0,0,0,1,26,22,23,20,5,8,14
268,"F",10.2,5,14,15,2,0,0,0,1,26,22,23,20,5,8,14
268,"F",10.2,5,14,16,2,0,0,0,1,26,22,23,20,5,8,14
268,"F",10.2,5,14,17,2,1,0,0,1,26,22,23,20,5,8,14
268,"F",10.2,5,14,21,2,0,0,0,1,26,22,23,20,5,8,14
268,"F",10.2,5,14,22,2,1,0,0,1,26,22,23,20,5,8,14
268,"F",10.2,5,14,23,2,0,0,1,0,26,22,23,20,5,8,14
268,"F",10.2,5,14,24,2,1,0,0,1,26,22,23,20,5,8,14
268,"F",10.2,5,14,27,2,0,0,1,0,26,22,23,20,5,8,14
268,"F",10.2,5,14,29,2,1,0,0,1,26,22,23,20,5,8,14
268,"F",10.2,5,14,30,2,0,0,1,0,26,22,23,20,5,8,14
268,"F",10.2,5,14,33,2,0,0,0,1,26,22,23,20,5,8,14
268,"F",10.2,5,14,35,2,0,1,0,0,26,22,23,20,5,8,14
268,"F",10.2,5,14,39,2,0,0,0,1,26,22,23,20,5,8,14
268,"F",10.2,5,14,44,2,1,0,1,0,26,22,23,20,5,8,14
268,"F",10.2,5,14,48,2,0,1,0,0,26,22,23,20,5,8,14
268,"F",10.2,5,14,49,2,0,0,0,1,26,22,23,20,5,8,14
268,"F",10.2,5,14,50,2,1,0,1,0,26,22,23,20,5,8,14
268,"F",10.2,5,14,51,2,1,0,1,0,26,22,23,20,5,8,14
268,"F",10.2,5,14,53,2,1,0,0,1,26,22,23,20,5,8,14
268,"F",10.2,5,14,54,2,0,0,1,0,26,22,23,20,5,8,14
268,"F",10.2,5,14,56,2,1,0,1,0,26,22,23,20,5,8,14
268,"F",10.2,5,14,58,2,0,0,0,1,26,22,23,20,5,8,14
268,"F",10.2,5,14,60,2,1,0,0,1,26,22,23,20,5,8,14
269,"M",10.9,5,14,2,1,0,NA,NA,NA,14,19,12,23,5,11,12
269,"M",10.9,5,14,3,1,0,NA,NA,NA,14,19,12,23,5,11,12
269,"M",10.9,5,14,5,1,1,NA,NA,NA,14,19,12,23,5,11,12
269,"M",10.9,5,14,6,1,0,NA,NA,NA,14,19,12,23,5,11,12
269,"M",10.9,5,14,8,1,0,NA,NA,NA,14,19,12,23,5,11,12
269,"M",10.9,5,14,10,1,1,NA,NA,NA,14,19,12,23,5,11,12
269,"M",10.9,5,14,15,1,1,NA,NA,NA,14,19,12,23,5,11,12
269,"M",10.9,5,14,16,1,0,NA,NA,NA,14,19,12,23,5,11,12
269,"M",10.9,5,14,18,1,0,NA,NA,NA,14,19,12,23,5,11,12
269,"M",10.9,5,14,19,1,0,NA,NA,NA,14,19,12,23,5,11,12
269,"M",10.9,5,14,20,1,1,NA,NA,NA,14,19,12,23,5,11,12
269,"M",10.9,5,14,21,1,0,NA,NA,NA,14,19,12,23,5,11,12
269,"M",10.9,5,14,24,1,1,NA,NA,NA,14,19,12,23,5,11,12
269,"M",10.9,5,14,26,1,0,NA,NA,NA,14,19,12,23,5,11,12
269,"M",10.9,5,14,28,1,0,NA,NA,NA,14,19,12,23,5,11,12
269,"M",10.9,5,14,31,1,0,NA,NA,NA,14,19,12,23,5,11,12
269,"M",10.9,5,14,32,1,0,NA,NA,NA,14,19,12,23,5,11,12
269,"M",10.9,5,14,33,1,1,NA,NA,NA,14,19,12,23,5,11,12
269,"M",10.9,5,14,35,1,0,NA,NA,NA,14,19,12,23,5,11,12
269,"M",10.9,5,14,36,1,1,NA,NA,NA,14,19,12,23,5,11,12
269,"M",10.9,5,14,40,1,1,NA,NA,NA,14,19,12,23,5,11,12
269,"M",10.9,5,14,42,1,0,NA,NA,NA,14,19,12,23,5,11,12
269,"M",10.9,5,14,43,1,1,NA,NA,NA,14,19,12,23,5,11,12
269,"M",10.9,5,14,44,1,0,NA,NA,NA,14,19,12,23,5,11,12
269,"M",10.9,5,14,46,1,0,NA,NA,NA,14,19,12,23,5,11,12
269,"M",10.9,5,14,51,1,1,NA,NA,NA,14,19,12,23,5,11,12
269,"M",10.9,5,14,55,1,0,NA,NA,NA,14,19,12,23,5,11,12
269,"M",10.9,5,14,57,1,1,NA,NA,NA,14,19,12,23,5,11,12
269,"M",10.9,5,14,58,1,1,NA,NA,NA,14,19,12,23,5,11,12
269,"M",10.9,5,14,59,1,0,NA,NA,NA,14,19,12,23,5,11,12
269,"M",10.9,5,14,1,2,1,0,0,1,14,19,12,23,5,11,12
269,"M",10.9,5,14,4,2,1,0,0,1,14,19,12,23,5,11,12
269,"M",10.9,5,14,7,2,0,0,1,0,14,19,12,23,5,11,12
269,"M",10.9,5,14,9,2,1,0,0,1,14,19,12,23,5,11,12
269,"M",10.9,5,14,11,2,1,0,0,1,14,19,12,23,5,11,12
269,"M",10.9,5,14,12,2,0,0,0,1,14,19,12,23,5,11,12
269,"M",10.9,5,14,13,2,0,0,0,1,14,19,12,23,5,11,12
269,"M",10.9,5,14,14,2,0,0,1,0,14,19,12,23,5,11,12
269,"M",10.9,5,14,17,2,0,0,1,0,14,19,12,23,5,11,12
269,"M",10.9,5,14,22,2,0,0,0,1,14,19,12,23,5,11,12
269,"M",10.9,5,14,23,2,0,0,0,1,14,19,12,23,5,11,12
269,"M",10.9,5,14,25,2,1,0,0,1,14,19,12,23,5,11,12
269,"M",10.9,5,14,27,2,1,0,0,1,14,19,12,23,5,11,12
269,"M",10.9,5,14,29,2,0,0,1,0,14,19,12,23,5,11,12
269,"M",10.9,5,14,30,2,1,0,0,1,14,19,12,23,5,11,12
269,"M",10.9,5,14,34,2,0,0,1,0,14,19,12,23,5,11,12
269,"M",10.9,5,14,37,2,0,0,0,1,14,19,12,23,5,11,12
269,"M",10.9,5,14,38,2,1,0,0,1,14,19,12,23,5,11,12
269,"M",10.9,5,14,39,2,0,0,1,0,14,19,12,23,5,11,12
269,"M",10.9,5,14,41,2,0,0,1,0,14,19,12,23,5,11,12
269,"M",10.9,5,14,45,2,1,0,0,1,14,19,12,23,5,11,12
269,"M",10.9,5,14,47,2,0,0,1,0,14,19,12,23,5,11,12
269,"M",10.9,5,14,48,2,0,0,0,1,14,19,12,23,5,11,12
269,"M",10.9,5,14,49,2,0,0,0,1,14,19,12,23,5,11,12
269,"M",10.9,5,14,50,2,0,0,0,1,14,19,12,23,5,11,12
269,"M",10.9,5,14,52,2,1,0,0,1,14,19,12,23,5,11,12
269,"M",10.9,5,14,53,2,1,0,0,1,14,19,12,23,5,11,12
269,"M",10.9,5,14,54,2,1,0,0,1,14,19,12,23,5,11,12
269,"M",10.9,5,14,56,2,1,0,0,1,14,19,12,23,5,11,12
269,"M",10.9,5,14,60,2,0,0,0,1,14,19,12,23,5,11,12
270,"M",10.9,5,14,3,1,0,NA,NA,NA,34,13,33,18,8,6,11
270,"M",10.9,5,14,8,1,0,NA,NA,NA,34,13,33,18,8,6,11
270,"M",10.9,5,14,10,1,1,NA,NA,NA,34,13,33,18,8,6,11
270,"M",10.9,5,14,12,1,0,NA,NA,NA,34,13,33,18,8,6,11
270,"M",10.9,5,14,14,1,0,NA,NA,NA,34,13,33,18,8,6,11
270,"M",10.9,5,14,21,1,0,NA,NA,NA,34,13,33,18,8,6,11
270,"M",10.9,5,14,22,1,0,NA,NA,NA,34,13,33,18,8,6,11
270,"M",10.9,5,14,24,1,1,NA,NA,NA,34,13,33,18,8,6,11
270,"M",10.9,5,14,25,1,0,NA,NA,NA,34,13,33,18,8,6,11
270,"M",10.9,5,14,26,1,0,NA,NA,NA,34,13,33,18,8,6,11
270,"M",10.9,5,14,27,1,1,NA,NA,NA,34,13,33,18,8,6,11
270,"M",10.9,5,14,28,1,0,NA,NA,NA,34,13,33,18,8,6,11
270,"M",10.9,5,14,29,1,0,NA,NA,NA,34,13,33,18,8,6,11
270,"M",10.9,5,14,31,1,1,NA,NA,NA,34,13,33,18,8,6,11
270,"M",10.9,5,14,32,1,1,NA,NA,NA,34,13,33,18,8,6,11
270,"M",10.9,5,14,40,1,0,NA,NA,NA,34,13,33,18,8,6,11
270,"M",10.9,5,14,42,1,0,NA,NA,NA,34,13,33,18,8,6,11
270,"M",10.9,5,14,44,1,0,NA,NA,NA,34,13,33,18,8,6,11
270,"M",10.9,5,14,45,1,1,NA,NA,NA,34,13,33,18,8,6,11
270,"M",10.9,5,14,46,1,1,NA,NA,NA,34,13,33,18,8,6,11
270,"M",10.9,5,14,47,1,1,NA,NA,NA,34,13,33,18,8,6,11
270,"M",10.9,5,14,48,1,0,NA,NA,NA,34,13,33,18,8,6,11
270,"M",10.9,5,14,49,1,0,NA,NA,NA,34,13,33,18,8,6,11
270,"M",10.9,5,14,50,1,0,NA,NA,NA,34,13,33,18,8,6,11
270,"M",10.9,5,14,52,1,1,NA,NA,NA,34,13,33,18,8,6,11
270,"M",10.9,5,14,53,1,1,NA,NA,NA,34,13,33,18,8,6,11
270,"M",10.9,5,14,55,1,0,NA,NA,NA,34,13,33,18,8,6,11
270,"M",10.9,5,14,56,1,0,NA,NA,NA,34,13,33,18,8,6,11
270,"M",10.9,5,14,57,1,1,NA,NA,NA,34,13,33,18,8,6,11
270,"M",10.9,5,14,58,1,0,NA,NA,NA,34,13,33,18,8,6,11
270,"M",10.9,5,14,1,2,0,1,0,0,34,13,33,18,8,6,11
270,"M",10.9,5,14,2,2,0,1,0,0,34,13,33,18,8,6,11
270,"M",10.9,5,14,4,2,0,1,0,0,34,13,33,18,8,6,11
270,"M",10.9,5,14,5,2,0,1,0,0,34,13,33,18,8,6,11
270,"M",10.9,5,14,6,2,0,1,0,0,34,13,33,18,8,6,11
270,"M",10.9,5,14,7,2,0,1,0,0,34,13,33,18,8,6,11
270,"M",10.9,5,14,9,2,0,0,0,1,34,13,33,18,8,6,11
270,"M",10.9,5,14,11,2,1,0,0,1,34,13,33,18,8,6,11
270,"M",10.9,5,14,13,2,0,1,0,0,34,13,33,18,8,6,11
270,"M",10.9,5,14,15,2,0,1,0,0,34,13,33,18,8,6,11
270,"M",10.9,5,14,16,2,0,1,0,0,34,13,33,18,8,6,11
270,"M",10.9,5,14,17,2,1,0,1,0,34,13,33,18,8,6,11
270,"M",10.9,5,14,18,2,0,1,0,0,34,13,33,18,8,6,11
270,"M",10.9,5,14,19,2,0,0,0,1,34,13,33,18,8,6,11
270,"M",10.9,5,14,20,2,0,1,0,0,34,13,33,18,8,6,11
270,"M",10.9,5,14,23,2,0,1,0,0,34,13,33,18,8,6,11
270,"M",10.9,5,14,30,2,0,1,0,0,34,13,33,18,8,6,11
270,"M",10.9,5,14,33,2,0,0,1,0,34,13,33,18,8,6,11
270,"M",10.9,5,14,34,2,0,1,0,0,34,13,33,18,8,6,11
270,"M",10.9,5,14,35,2,0,0,1,0,34,13,33,18,8,6,11
270,"M",10.9,5,14,36,2,1,0,1,0,34,13,33,18,8,6,11
270,"M",10.9,5,14,37,2,0,1,0,0,34,13,33,18,8,6,11
270,"M",10.9,5,14,38,2,0,1,0,0,34,13,33,18,8,6,11
270,"M",10.9,5,14,39,2,0,1,0,0,34,13,33,18,8,6,11
270,"M",10.9,5,14,41,2,0,1,0,0,34,13,33,18,8,6,11
270,"M",10.9,5,14,43,2,1,0,0,1,34,13,33,18,8,6,11
270,"M",10.9,5,14,51,2,0,1,0,0,34,13,33,18,8,6,11
270,"M",10.9,5,14,54,2,0,1,0,0,34,13,33,18,8,6,11
270,"M",10.9,5,14,59,2,0,1,0,0,34,13,33,18,8,6,11
270,"M",10.9,5,14,60,2,0,1,0,0,34,13,33,18,8,6,11
271,"M",10.1,5,14,2,1,0,NA,NA,NA,37,9,15,32,8,6,14
271,"M",10.1,5,14,4,1,0,NA,NA,NA,37,9,15,32,8,6,14
271,"M",10.1,5,14,6,1,0,NA,NA,NA,37,9,15,32,8,6,14
271,"M",10.1,5,14,9,1,0,NA,NA,NA,37,9,15,32,8,6,14
271,"M",10.1,5,14,10,1,1,NA,NA,NA,37,9,15,32,8,6,14
271,"M",10.1,5,14,11,1,1,NA,NA,NA,37,9,15,32,8,6,14
271,"M",10.1,5,14,14,1,0,NA,NA,NA,37,9,15,32,8,6,14
271,"M",10.1,5,14,16,1,0,NA,NA,NA,37,9,15,32,8,6,14
271,"M",10.1,5,14,17,1,1,NA,NA,NA,37,9,15,32,8,6,14
271,"M",10.1,5,14,22,1,1,NA,NA,NA,37,9,15,32,8,6,14
271,"M",10.1,5,14,23,1,1,NA,NA,NA,37,9,15,32,8,6,14
271,"M",10.1,5,14,27,1,1,NA,NA,NA,37,9,15,32,8,6,14
271,"M",10.1,5,14,28,1,0,NA,NA,NA,37,9,15,32,8,6,14
271,"M",10.1,5,14,30,1,1,NA,NA,NA,37,9,15,32,8,6,14
271,"M",10.1,5,14,31,1,0,NA,NA,NA,37,9,15,32,8,6,14
271,"M",10.1,5,14,34,1,0,NA,NA,NA,37,9,15,32,8,6,14
271,"M",10.1,5,14,35,1,0,NA,NA,NA,37,9,15,32,8,6,14
271,"M",10.1,5,14,40,1,1,NA,NA,NA,37,9,15,32,8,6,14
271,"M",10.1,5,14,41,1,0,NA,NA,NA,37,9,15,32,8,6,14
271,"M",10.1,5,14,42,1,0,NA,NA,NA,37,9,15,32,8,6,14
271,"M",10.1,5,14,43,1,1,NA,NA,NA,37,9,15,32,8,6,14
271,"M",10.1,5,14,46,1,0,NA,NA,NA,37,9,15,32,8,6,14
271,"M",10.1,5,14,47,1,1,NA,NA,NA,37,9,15,32,8,6,14
271,"M",10.1,5,14,50,1,1,NA,NA,NA,37,9,15,32,8,6,14
271,"M",10.1,5,14,51,1,0,NA,NA,NA,37,9,15,32,8,6,14
271,"M",10.1,5,14,55,1,0,NA,NA,NA,37,9,15,32,8,6,14
271,"M",10.1,5,14,56,1,1,NA,NA,NA,37,9,15,32,8,6,14
271,"M",10.1,5,14,57,1,1,NA,NA,NA,37,9,15,32,8,6,14
271,"M",10.1,5,14,58,1,0,NA,NA,NA,37,9,15,32,8,6,14
271,"M",10.1,5,14,59,1,1,NA,NA,NA,37,9,15,32,8,6,14
271,"M",10.1,5,14,1,2,0,0,1,0,37,9,15,32,8,6,14
271,"M",10.1,5,14,3,2,0,0,1,0,37,9,15,32,8,6,14
271,"M",10.1,5,14,5,2,1,0,1,0,37,9,15,32,8,6,14
271,"M",10.1,5,14,7,2,0,0,1,0,37,9,15,32,8,6,14
271,"M",10.1,5,14,8,2,0,0,0,1,37,9,15,32,8,6,14
271,"M",10.1,5,14,12,2,0,0,0,1,37,9,15,32,8,6,14
271,"M",10.1,5,14,13,2,0,0,1,0,37,9,15,32,8,6,14
271,"M",10.1,5,14,15,2,0,0,1,0,37,9,15,32,8,6,14
271,"M",10.1,5,14,18,2,0,0,1,0,37,9,15,32,8,6,14
271,"M",10.1,5,14,19,2,0,1,0,0,37,9,15,32,8,6,14
271,"M",10.1,5,14,20,2,0,0,1,0,37,9,15,32,8,6,14
271,"M",10.1,5,14,21,2,0,1,0,0,37,9,15,32,8,6,14
271,"M",10.1,5,14,24,2,0,1,0,0,37,9,15,32,8,6,14
271,"M",10.1,5,14,25,2,1,0,1,0,37,9,15,32,8,6,14
271,"M",10.1,5,14,26,2,0,1,0,0,37,9,15,32,8,6,14
271,"M",10.1,5,14,29,2,1,0,1,0,37,9,15,32,8,6,14
271,"M",10.1,5,14,32,2,0,0,1,0,37,9,15,32,8,6,14
271,"M",10.1,5,14,33,2,0,0,1,0,37,9,15,32,8,6,14
271,"M",10.1,5,14,36,2,1,0,1,0,37,9,15,32,8,6,14
271,"M",10.1,5,14,37,2,1,0,1,0,37,9,15,32,8,6,14
271,"M",10.1,5,14,38,2,0,0,1,0,37,9,15,32,8,6,14
271,"M",10.1,5,14,39,2,0,0,1,0,37,9,15,32,8,6,14
271,"M",10.1,5,14,44,2,0,0,1,0,37,9,15,32,8,6,14
271,"M",10.1,5,14,45,2,0,0,1,0,37,9,15,32,8,6,14
271,"M",10.1,5,14,48,2,0,0,1,0,37,9,15,32,8,6,14
271,"M",10.1,5,14,49,2,0,0,1,0,37,9,15,32,8,6,14
271,"M",10.1,5,14,52,2,1,0,1,0,37,9,15,32,8,6,14
271,"M",10.1,5,14,53,2,1,0,1,0,37,9,15,32,8,6,14
271,"M",10.1,5,14,54,2,0,0,1,0,37,9,15,32,8,6,14
271,"M",10.1,5,14,60,2,0,0,1,0,37,9,15,32,8,6,14
272,"F",10.8,5,14,4,1,0,NA,NA,NA,32,10,25,20,9,5,11
272,"F",10.8,5,14,5,1,0,NA,NA,NA,32,10,25,20,9,5,11
272,"F",10.8,5,14,7,1,1,NA,NA,NA,32,10,25,20,9,5,11
272,"F",10.8,5,14,8,1,0,NA,NA,NA,32,10,25,20,9,5,11
272,"F",10.8,5,14,10,1,1,NA,NA,NA,32,10,25,20,9,5,11
272,"F",10.8,5,14,14,1,1,NA,NA,NA,32,10,25,20,9,5,11
272,"F",10.8,5,14,15,1,0,NA,NA,NA,32,10,25,20,9,5,11
272,"F",10.8,5,14,16,1,0,NA,NA,NA,32,10,25,20,9,5,11
272,"F",10.8,5,14,17,1,1,NA,NA,NA,32,10,25,20,9,5,11
272,"F",10.8,5,14,18,1,0,NA,NA,NA,32,10,25,20,9,5,11
272,"F",10.8,5,14,21,1,0,NA,NA,NA,32,10,25,20,9,5,11
272,"F",10.8,5,14,23,1,0,NA,NA,NA,32,10,25,20,9,5,11
272,"F",10.8,5,14,24,1,0,NA,NA,NA,32,10,25,20,9,5,11
272,"F",10.8,5,14,26,1,0,NA,NA,NA,32,10,25,20,9,5,11
272,"F",10.8,5,14,33,1,1,NA,NA,NA,32,10,25,20,9,5,11
272,"F",10.8,5,14,34,1,0,NA,NA,NA,32,10,25,20,9,5,11
272,"F",10.8,5,14,37,1,1,NA,NA,NA,32,10,25,20,9,5,11
272,"F",10.8,5,14,38,1,1,NA,NA,NA,32,10,25,20,9,5,11
272,"F",10.8,5,14,39,1,1,NA,NA,NA,32,10,25,20,9,5,11
272,"F",10.8,5,14,41,1,0,NA,NA,NA,32,10,25,20,9,5,11
272,"F",10.8,5,14,42,1,0,NA,NA,NA,32,10,25,20,9,5,11
272,"F",10.8,5,14,46,1,1,NA,NA,NA,32,10,25,20,9,5,11
272,"F",10.8,5,14,47,1,1,NA,NA,NA,32,10,25,20,9,5,11
272,"F",10.8,5,14,49,1,0,NA,NA,NA,32,10,25,20,9,5,11
272,"F",10.8,5,14,51,1,0,NA,NA,NA,32,10,25,20,9,5,11
272,"F",10.8,5,14,54,1,0,NA,NA,NA,32,10,25,20,9,5,11
272,"F",10.8,5,14,55,1,0,NA,NA,NA,32,10,25,20,9,5,11
272,"F",10.8,5,14,56,1,0,NA,NA,NA,32,10,25,20,9,5,11
272,"F",10.8,5,14,57,1,0,NA,NA,NA,32,10,25,20,9,5,11
272,"F",10.8,5,14,59,1,1,NA,NA,NA,32,10,25,20,9,5,11
272,"F",10.8,5,14,1,2,0,1,0,0,32,10,25,20,9,5,11
272,"F",10.8,5,14,2,2,0,0,1,0,32,10,25,20,9,5,11
272,"F",10.8,5,14,3,2,0,0,1,0,32,10,25,20,9,5,11
272,"F",10.8,5,14,6,2,0,0,0,1,32,10,25,20,9,5,11
272,"F",10.8,5,14,9,2,1,0,1,0,32,10,25,20,9,5,11
272,"F",10.8,5,14,11,2,1,0,0,1,32,10,25,20,9,5,11
272,"F",10.8,5,14,12,2,0,1,0,0,32,10,25,20,9,5,11
272,"F",10.8,5,14,13,2,0,1,0,0,32,10,25,20,9,5,11
272,"F",10.8,5,14,19,2,0,1,0,0,32,10,25,20,9,5,11
272,"F",10.8,5,14,20,2,1,0,1,0,32,10,25,20,9,5,11
272,"F",10.8,5,14,22,2,0,0,1,0,32,10,25,20,9,5,11
272,"F",10.8,5,14,25,2,0,1,0,0,32,10,25,20,9,5,11
272,"F",10.8,5,14,27,2,0,1,0,0,32,10,25,20,9,5,11
272,"F",10.8,5,14,28,2,0,1,0,0,32,10,25,20,9,5,11
272,"F",10.8,5,14,29,2,0,1,0,0,32,10,25,20,9,5,11
272,"F",10.8,5,14,30,2,0,0,1,0,32,10,25,20,9,5,11
272,"F",10.8,5,14,31,2,1,0,1,0,32,10,25,20,9,5,11
272,"F",10.8,5,14,32,2,0,1,0,0,32,10,25,20,9,5,11
272,"F",10.8,5,14,35,2,0,1,0,0,32,10,25,20,9,5,11
272,"F",10.8,5,14,36,2,0,0,0,1,32,10,25,20,9,5,11
272,"F",10.8,5,14,40,2,0,1,0,0,32,10,25,20,9,5,11
272,"F",10.8,5,14,43,2,1,0,1,0,32,10,25,20,9,5,11
272,"F",10.8,5,14,44,2,0,1,0,0,32,10,25,20,9,5,11
272,"F",10.8,5,14,45,2,0,0,0,1,32,10,25,20,9,5,11
272,"F",10.8,5,14,48,2,1,0,1,0,32,10,25,20,9,5,11
272,"F",10.8,5,14,50,2,0,0,1,0,32,10,25,20,9,5,11
272,"F",10.8,5,14,52,2,0,0,1,0,32,10,25,20,9,5,11
272,"F",10.8,5,14,53,2,0,1,0,0,32,10,25,20,9,5,11
272,"F",10.8,5,14,58,2,1,0,1,0,32,10,25,20,9,5,11
272,"F",10.8,5,14,60,2,1,0,1,0,32,10,25,20,9,5,11
273,"M",10.5,5,14,2,1,1,NA,NA,NA,35,8,25,24,5,5,9
273,"M",10.5,5,14,12,1,0,NA,NA,NA,35,8,25,24,5,5,9
273,"M",10.5,5,14,15,1,0,NA,NA,NA,35,8,25,24,5,5,9
273,"M",10.5,5,14,19,1,0,NA,NA,NA,35,8,25,24,5,5,9
273,"M",10.5,5,14,21,1,0,NA,NA,NA,35,8,25,24,5,5,9
273,"M",10.5,5,14,22,1,0,NA,NA,NA,35,8,25,24,5,5,9
273,"M",10.5,5,14,23,1,1,NA,NA,NA,35,8,25,24,5,5,9
273,"M",10.5,5,14,24,1,0,NA,NA,NA,35,8,25,24,5,5,9
273,"M",10.5,5,14,26,1,0,NA,NA,NA,35,8,25,24,5,5,9
273,"M",10.5,5,14,27,1,0,NA,NA,NA,35,8,25,24,5,5,9
273,"M",10.5,5,14,29,1,1,NA,NA,NA,35,8,25,24,5,5,9
273,"M",10.5,5,14,30,1,0,NA,NA,NA,35,8,25,24,5,5,9
273,"M",10.5,5,14,36,1,1,NA,NA,NA,35,8,25,24,5,5,9
273,"M",10.5,5,14,37,1,0,NA,NA,NA,35,8,25,24,5,5,9
273,"M",10.5,5,14,38,1,0,NA,NA,NA,35,8,25,24,5,5,9
273,"M",10.5,5,14,39,1,1,NA,NA,NA,35,8,25,24,5,5,9
273,"M",10.5,5,14,40,1,1,NA,NA,NA,35,8,25,24,5,5,9
273,"M",10.5,5,14,41,1,0,NA,NA,NA,35,8,25,24,5,5,9
273,"M",10.5,5,14,42,1,0,NA,NA,NA,35,8,25,24,5,5,9
273,"M",10.5,5,14,45,1,0,NA,NA,NA,35,8,25,24,5,5,9
273,"M",10.5,5,14,46,1,0,NA,NA,NA,35,8,25,24,5,5,9
273,"M",10.5,5,14,47,1,1,NA,NA,NA,35,8,25,24,5,5,9
273,"M",10.5,5,14,51,1,0,NA,NA,NA,35,8,25,24,5,5,9
273,"M",10.5,5,14,52,1,0,NA,NA,NA,35,8,25,24,5,5,9
273,"M",10.5,5,14,53,1,1,NA,NA,NA,35,8,25,24,5,5,9
273,"M",10.5,5,14,55,1,0,NA,NA,NA,35,8,25,24,5,5,9
273,"M",10.5,5,14,56,1,0,NA,NA,NA,35,8,25,24,5,5,9
273,"M",10.5,5,14,58,1,1,NA,NA,NA,35,8,25,24,5,5,9
273,"M",10.5,5,14,59,1,0,NA,NA,NA,35,8,25,24,5,5,9
273,"M",10.5,5,14,60,1,0,NA,NA,NA,35,8,25,24,5,5,9
273,"M",10.5,5,14,1,2,0,1,0,0,35,8,25,24,5,5,9
273,"M",10.5,5,14,3,2,0,0,0,1,35,8,25,24,5,5,9
273,"M",10.5,5,14,4,2,0,0,1,0,35,8,25,24,5,5,9
273,"M",10.5,5,14,5,2,0,1,0,0,35,8,25,24,5,5,9
273,"M",10.5,5,14,6,2,0,0,0,1,35,8,25,24,5,5,9
273,"M",10.5,5,14,7,2,0,1,0,0,35,8,25,24,5,5,9
273,"M",10.5,5,14,8,2,0,1,0,0,35,8,25,24,5,5,9
273,"M",10.5,5,14,9,2,0,0,0,1,35,8,25,24,5,5,9
273,"M",10.5,5,14,10,2,1,0,1,0,35,8,25,24,5,5,9
273,"M",10.5,5,14,11,2,0,1,0,0,35,8,25,24,5,5,9
273,"M",10.5,5,14,13,2,0,0,0,1,35,8,25,24,5,5,9
273,"M",10.5,5,14,14,2,0,1,0,0,35,8,25,24,5,5,9
273,"M",10.5,5,14,16,2,0,1,0,0,35,8,25,24,5,5,9
273,"M",10.5,5,14,17,2,1,0,1,0,35,8,25,24,5,5,9
273,"M",10.5,5,14,18,2,0,1,0,0,35,8,25,24,5,5,9
273,"M",10.5,5,14,20,2,1,0,1,0,35,8,25,24,5,5,9
273,"M",10.5,5,14,25,2,0,1,0,0,35,8,25,24,5,5,9
273,"M",10.5,5,14,28,2,0,0,1,0,35,8,25,24,5,5,9
273,"M",10.5,5,14,31,2,1,0,1,0,35,8,25,24,5,5,9
273,"M",10.5,5,14,32,2,0,1,0,0,35,8,25,24,5,5,9
273,"M",10.5,5,14,33,2,0,0,1,0,35,8,25,24,5,5,9
273,"M",10.5,5,14,34,2,0,1,0,0,35,8,25,24,5,5,9
273,"M",10.5,5,14,35,2,0,1,0,0,35,8,25,24,5,5,9
273,"M",10.5,5,14,43,2,0,1,0,0,35,8,25,24,5,5,9
273,"M",10.5,5,14,44,2,1,0,0,1,35,8,25,24,5,5,9
273,"M",10.5,5,14,48,2,0,1,0,0,35,8,25,24,5,5,9
273,"M",10.5,5,14,49,2,0,0,1,0,35,8,25,24,5,5,9
273,"M",10.5,5,14,50,2,0,0,1,0,35,8,25,24,5,5,9
273,"M",10.5,5,14,54,2,0,1,0,0,35,8,25,24,5,5,9
273,"M",10.5,5,14,57,2,0,0,1,0,35,8,25,24,5,5,9
274,"M",10.1,5,14,6,1,0,NA,NA,NA,22,21,31,24,4,6,4
274,"M",10.1,5,14,8,1,0,NA,NA,NA,22,21,31,24,4,6,4
274,"M",10.1,5,14,9,1,0,NA,NA,NA,22,21,31,24,4,6,4
274,"M",10.1,5,14,12,1,0,NA,NA,NA,22,21,31,24,4,6,4
274,"M",10.1,5,14,13,1,0,NA,NA,NA,22,21,31,24,4,6,4
274,"M",10.1,5,14,16,1,0,NA,NA,NA,22,21,31,24,4,6,4
274,"M",10.1,5,14,17,1,0,NA,NA,NA,22,21,31,24,4,6,4
274,"M",10.1,5,14,18,1,0,NA,NA,NA,22,21,31,24,4,6,4
274,"M",10.1,5,14,20,1,0,NA,NA,NA,22,21,31,24,4,6,4
274,"M",10.1,5,14,21,1,0,NA,NA,NA,22,21,31,24,4,6,4
274,"M",10.1,5,14,23,1,0,NA,NA,NA,22,21,31,24,4,6,4
274,"M",10.1,5,14,26,1,0,NA,NA,NA,22,21,31,24,4,6,4
274,"M",10.1,5,14,27,1,1,NA,NA,NA,22,21,31,24,4,6,4
274,"M",10.1,5,14,28,1,0,NA,NA,NA,22,21,31,24,4,6,4
274,"M",10.1,5,14,29,1,0,NA,NA,NA,22,21,31,24,4,6,4
274,"M",10.1,5,14,32,1,0,NA,NA,NA,22,21,31,24,4,6,4
274,"M",10.1,5,14,35,1,0,NA,NA,NA,22,21,31,24,4,6,4
274,"M",10.1,5,14,38,1,0,NA,NA,NA,22,21,31,24,4,6,4
274,"M",10.1,5,14,39,1,0,NA,NA,NA,22,21,31,24,4,6,4
274,"M",10.1,5,14,43,1,1,NA,NA,NA,22,21,31,24,4,6,4
274,"M",10.1,5,14,44,1,1,NA,NA,NA,22,21,31,24,4,6,4
274,"M",10.1,5,14,45,1,0,NA,NA,NA,22,21,31,24,4,6,4
274,"M",10.1,5,14,46,1,0,NA,NA,NA,22,21,31,24,4,6,4
274,"M",10.1,5,14,47,1,0,NA,NA,NA,22,21,31,24,4,6,4
274,"M",10.1,5,14,48,1,0,NA,NA,NA,22,21,31,24,4,6,4
274,"M",10.1,5,14,49,1,0,NA,NA,NA,22,21,31,24,4,6,4
274,"M",10.1,5,14,51,1,0,NA,NA,NA,22,21,31,24,4,6,4
274,"M",10.1,5,14,52,1,1,NA,NA,NA,22,21,31,24,4,6,4
274,"M",10.1,5,14,59,1,0,NA,NA,NA,22,21,31,24,4,6,4
274,"M",10.1,5,14,60,1,0,NA,NA,NA,22,21,31,24,4,6,4
274,"M",10.1,5,14,1,2,0,0,1,0,22,21,31,24,4,6,4
274,"M",10.1,5,14,2,2,0,0,0,1,22,21,31,24,4,6,4
274,"M",10.1,5,14,3,2,0,0,1,0,22,21,31,24,4,6,4
274,"M",10.1,5,14,4,2,0,0,0,1,22,21,31,24,4,6,4
274,"M",10.1,5,14,5,2,0,0,1,0,22,21,31,24,4,6,4
274,"M",10.1,5,14,7,2,0,0,0,1,22,21,31,24,4,6,4
274,"M",10.1,5,14,10,2,1,0,1,0,22,21,31,24,4,6,4
274,"M",10.1,5,14,11,2,0,0,0,1,22,21,31,24,4,6,4
274,"M",10.1,5,14,14,2,0,0,0,1,22,21,31,24,4,6,4
274,"M",10.1,5,14,15,2,0,0,0,1,22,21,31,24,4,6,4
274,"M",10.1,5,14,19,2,0,1,0,0,22,21,31,24,4,6,4
274,"M",10.1,5,14,22,2,0,1,0,0,22,21,31,24,4,6,4
274,"M",10.1,5,14,24,2,0,1,0,0,22,21,31,24,4,6,4
274,"M",10.1,5,14,25,2,0,0,0,1,22,21,31,24,4,6,4
274,"M",10.1,5,14,30,2,0,1,0,0,22,21,31,24,4,6,4
274,"M",10.1,5,14,31,2,0,0,1,0,22,21,31,24,4,6,4
274,"M",10.1,5,14,33,2,0,0,1,0,22,21,31,24,4,6,4
274,"M",10.1,5,14,34,2,0,0,0,1,22,21,31,24,4,6,4
274,"M",10.1,5,14,36,2,0,0,0,1,22,21,31,24,4,6,4
274,"M",10.1,5,14,37,2,1,0,0,1,22,21,31,24,4,6,4
274,"M",10.1,5,14,40,2,0,1,0,0,22,21,31,24,4,6,4
274,"M",10.1,5,14,41,2,0,0,0,1,22,21,31,24,4,6,4
274,"M",10.1,5,14,42,2,0,1,0,0,22,21,31,24,4,6,4
274,"M",10.1,5,14,50,2,0,1,0,0,22,21,31,24,4,6,4
274,"M",10.1,5,14,53,2,1,0,0,1,22,21,31,24,4,6,4
274,"M",10.1,5,14,54,2,1,0,0,1,22,21,31,24,4,6,4
274,"M",10.1,5,14,55,2,0,1,0,0,22,21,31,24,4,6,4
274,"M",10.1,5,14,56,2,1,0,1,0,22,21,31,24,4,6,4
274,"M",10.1,5,14,57,2,0,0,0,1,22,21,31,24,4,6,4
274,"M",10.1,5,14,58,2,0,1,0,0,22,21,31,24,4,6,4
275,"F",10.9,5,14,1,1,0,NA,NA,NA,29,12,32,30,5,6,15
275,"F",10.9,5,14,2,1,1,NA,NA,NA,29,12,32,30,5,6,15
275,"F",10.9,5,14,3,1,0,NA,NA,NA,29,12,32,30,5,6,15
275,"F",10.9,5,14,9,1,1,NA,NA,NA,29,12,32,30,5,6,15
275,"F",10.9,5,14,11,1,1,NA,NA,NA,29,12,32,30,5,6,15
275,"F",10.9,5,14,12,1,0,NA,NA,NA,29,12,32,30,5,6,15
275,"F",10.9,5,14,13,1,0,NA,NA,NA,29,12,32,30,5,6,15
275,"F",10.9,5,14,16,1,0,NA,NA,NA,29,12,32,30,5,6,15
275,"F",10.9,5,14,19,1,0,NA,NA,NA,29,12,32,30,5,6,15
275,"F",10.9,5,14,23,1,1,NA,NA,NA,29,12,32,30,5,6,15
275,"F",10.9,5,14,25,1,1,NA,NA,NA,29,12,32,30,5,6,15
275,"F",10.9,5,14,26,1,1,NA,NA,NA,29,12,32,30,5,6,15
275,"F",10.9,5,14,28,1,0,NA,NA,NA,29,12,32,30,5,6,15
275,"F",10.9,5,14,32,1,1,NA,NA,NA,29,12,32,30,5,6,15
275,"F",10.9,5,14,33,1,0,NA,NA,NA,29,12,32,30,5,6,15
275,"F",10.9,5,14,34,1,0,NA,NA,NA,29,12,32,30,5,6,15
275,"F",10.9,5,14,35,1,0,NA,NA,NA,29,12,32,30,5,6,15
275,"F",10.9,5,14,36,1,0,NA,NA,NA,29,12,32,30,5,6,15
275,"F",10.9,5,14,39,1,1,NA,NA,NA,29,12,32,30,5,6,15
275,"F",10.9,5,14,41,1,1,NA,NA,NA,29,12,32,30,5,6,15
275,"F",10.9,5,14,44,1,0,NA,NA,NA,29,12,32,30,5,6,15
275,"F",10.9,5,14,45,1,1,NA,NA,NA,29,12,32,30,5,6,15
275,"F",10.9,5,14,46,1,1,NA,NA,NA,29,12,32,30,5,6,15
275,"F",10.9,5,14,47,1,1,NA,NA,NA,29,12,32,30,5,6,15
275,"F",10.9,5,14,48,1,0,NA,NA,NA,29,12,32,30,5,6,15
275,"F",10.9,5,14,50,1,1,NA,NA,NA,29,12,32,30,5,6,15
275,"F",10.9,5,14,52,1,0,NA,NA,NA,29,12,32,30,5,6,15
275,"F",10.9,5,14,54,1,0,NA,NA,NA,29,12,32,30,5,6,15
275,"F",10.9,5,14,58,1,1,NA,NA,NA,29,12,32,30,5,6,15
275,"F",10.9,5,14,59,1,1,NA,NA,NA,29,12,32,30,5,6,15
275,"F",10.9,5,14,4,2,0,0,1,0,29,12,32,30,5,6,15
275,"F",10.9,5,14,5,2,0,0,0,1,29,12,32,30,5,6,15
275,"F",10.9,5,14,6,2,0,1,0,0,29,12,32,30,5,6,15
275,"F",10.9,5,14,7,2,0,1,0,0,29,12,32,30,5,6,15
275,"F",10.9,5,14,8,2,1,0,0,1,29,12,32,30,5,6,15
275,"F",10.9,5,14,10,2,0,1,0,0,29,12,32,30,5,6,15
275,"F",10.9,5,14,14,2,0,1,0,0,29,12,32,30,5,6,15
275,"F",10.9,5,14,15,2,0,1,0,0,29,12,32,30,5,6,15
275,"F",10.9,5,14,17,2,0,1,0,0,29,12,32,30,5,6,15
275,"F",10.9,5,14,18,2,0,1,0,0,29,12,32,30,5,6,15
275,"F",10.9,5,14,20,2,0,1,0,0,29,12,32,30,5,6,15
275,"F",10.9,5,14,21,2,0,1,0,0,29,12,32,30,5,6,15
275,"F",10.9,5,14,22,2,0,0,1,0,29,12,32,30,5,6,15
275,"F",10.9,5,14,24,2,0,1,0,0,29,12,32,30,5,6,15
275,"F",10.9,5,14,27,2,1,0,0,1,29,12,32,30,5,6,15
275,"F",10.9,5,14,29,2,0,1,0,0,29,12,32,30,5,6,15
275,"F",10.9,5,14,30,2,0,1,0,0,29,12,32,30,5,6,15
275,"F",10.9,5,14,31,2,0,0,1,0,29,12,32,30,5,6,15
275,"F",10.9,5,14,37,2,0,0,1,0,29,12,32,30,5,6,15
275,"F",10.9,5,14,38,2,0,1,0,0,29,12,32,30,5,6,15
275,"F",10.9,5,14,40,2,0,0,0,1,29,12,32,30,5,6,15
275,"F",10.9,5,14,42,2,0,1,0,0,29,12,32,30,5,6,15
275,"F",10.9,5,14,43,2,0,1,0,0,29,12,32,30,5,6,15
275,"F",10.9,5,14,49,2,0,0,0,1,29,12,32,30,5,6,15
275,"F",10.9,5,14,51,2,0,0,1,0,29,12,32,30,5,6,15
275,"F",10.9,5,14,53,2,0,1,0,0,29,12,32,30,5,6,15
275,"F",10.9,5,14,55,2,0,1,0,0,29,12,32,30,5,6,15
275,"F",10.9,5,14,56,2,0,1,0,0,29,12,32,30,5,6,15
275,"F",10.9,5,14,57,2,0,1,0,0,29,12,32,30,5,6,15
275,"F",10.9,5,14,60,2,0,1,0,0,29,12,32,30,5,6,15
276,"F",10.3,5,14,1,1,1,NA,NA,NA,11,26,12,34,7,9,18
276,"F",10.3,5,14,7,1,1,NA,NA,NA,11,26,12,34,7,9,18
276,"F",10.3,5,14,11,1,1,NA,NA,NA,11,26,12,34,7,9,18
276,"F",10.3,5,14,12,1,1,NA,NA,NA,11,26,12,34,7,9,18
276,"F",10.3,5,14,15,1,1,NA,NA,NA,11,26,12,34,7,9,18
276,"F",10.3,5,14,17,1,0,NA,NA,NA,11,26,12,34,7,9,18
276,"F",10.3,5,14,19,1,0,NA,NA,NA,11,26,12,34,7,9,18
276,"F",10.3,5,14,21,1,1,NA,NA,NA,11,26,12,34,7,9,18
276,"F",10.3,5,14,23,1,1,NA,NA,NA,11,26,12,34,7,9,18
276,"F",10.3,5,14,24,1,0,NA,NA,NA,11,26,12,34,7,9,18
276,"F",10.3,5,14,25,1,1,NA,NA,NA,11,26,12,34,7,9,18
276,"F",10.3,5,14,26,1,0,NA,NA,NA,11,26,12,34,7,9,18
276,"F",10.3,5,14,27,1,1,NA,NA,NA,11,26,12,34,7,9,18
276,"F",10.3,5,14,31,1,0,NA,NA,NA,11,26,12,34,7,9,18
276,"F",10.3,5,14,32,1,0,NA,NA,NA,11,26,12,34,7,9,18
276,"F",10.3,5,14,34,1,0,NA,NA,NA,11,26,12,34,7,9,18
276,"F",10.3,5,14,36,1,0,NA,NA,NA,11,26,12,34,7,9,18
276,"F",10.3,5,14,38,1,1,NA,NA,NA,11,26,12,34,7,9,18
276,"F",10.3,5,14,41,1,0,NA,NA,NA,11,26,12,34,7,9,18
276,"F",10.3,5,14,43,1,1,NA,NA,NA,11,26,12,34,7,9,18
276,"F",10.3,5,14,45,1,1,NA,NA,NA,11,26,12,34,7,9,18
276,"F",10.3,5,14,46,1,1,NA,NA,NA,11,26,12,34,7,9,18
276,"F",10.3,5,14,47,1,1,NA,NA,NA,11,26,12,34,7,9,18
276,"F",10.3,5,14,48,1,0,NA,NA,NA,11,26,12,34,7,9,18
276,"F",10.3,5,14,50,1,1,NA,NA,NA,11,26,12,34,7,9,18
276,"F",10.3,5,14,51,1,1,NA,NA,NA,11,26,12,34,7,9,18
276,"F",10.3,5,14,54,1,0,NA,NA,NA,11,26,12,34,7,9,18
276,"F",10.3,5,14,58,1,1,NA,NA,NA,11,26,12,34,7,9,18
276,"F",10.3,5,14,59,1,0,NA,NA,NA,11,26,12,34,7,9,18
276,"F",10.3,5,14,60,1,1,NA,NA,NA,11,26,12,34,7,9,18
276,"F",10.3,5,14,2,2,0,0,0,1,11,26,12,34,7,9,18
276,"F",10.3,5,14,3,2,1,0,0,1,11,26,12,34,7,9,18
276,"F",10.3,5,14,4,2,0,0,0,1,11,26,12,34,7,9,18
276,"F",10.3,5,14,5,2,1,0,0,1,11,26,12,34,7,9,18
276,"F",10.3,5,14,6,2,0,0,1,0,11,26,12,34,7,9,18
276,"F",10.3,5,14,8,2,0,0,0,1,11,26,12,34,7,9,18
276,"F",10.3,5,14,9,2,1,0,0,1,11,26,12,34,7,9,18
276,"F",10.3,5,14,10,2,1,0,0,1,11,26,12,34,7,9,18
276,"F",10.3,5,14,13,2,0,0,0,1,11,26,12,34,7,9,18
276,"F",10.3,5,14,14,2,0,0,0,1,11,26,12,34,7,9,18
276,"F",10.3,5,14,16,2,0,0,0,1,11,26,12,34,7,9,18
276,"F",10.3,5,14,18,2,1,0,0,1,11,26,12,34,7,9,18
276,"F",10.3,5,14,20,2,1,0,0,1,11,26,12,34,7,9,18
276,"F",10.3,5,14,22,2,0,0,0,1,11,26,12,34,7,9,18
276,"F",10.3,5,14,28,2,1,0,0,1,11,26,12,34,7,9,18
276,"F",10.3,5,14,29,2,1,0,0,1,11,26,12,34,7,9,18
276,"F",10.3,5,14,30,2,0,0,0,1,11,26,12,34,7,9,18
276,"F",10.3,5,14,33,2,1,0,0,1,11,26,12,34,7,9,18
276,"F",10.3,5,14,35,2,0,0,0,1,11,26,12,34,7,9,18
276,"F",10.3,5,14,37,2,1,0,0,1,11,26,12,34,7,9,18
276,"F",10.3,5,14,39,2,1,0,0,1,11,26,12,34,7,9,18
276,"F",10.3,5,14,40,2,0,0,1,0,11,26,12,34,7,9,18
276,"F",10.3,5,14,42,2,1,0,1,0,11,26,12,34,7,9,18
276,"F",10.3,5,14,44,2,1,0,0,1,11,26,12,34,7,9,18
276,"F",10.3,5,14,49,2,1,0,0,1,11,26,12,34,7,9,18
276,"F",10.3,5,14,52,2,1,0,0,1,11,26,12,34,7,9,18
276,"F",10.3,5,14,53,2,1,0,0,1,11,26,12,34,7,9,18
276,"F",10.3,5,14,55,2,0,0,0,1,11,26,12,34,7,9,18
276,"F",10.3,5,14,56,2,1,0,0,1,11,26,12,34,7,9,18
276,"F",10.3,5,14,57,2,1,0,0,1,11,26,12,34,7,9,18
277,"F",10.3,5,14,3,1,1,NA,NA,NA,29,13,28,21,7,5,27
277,"F",10.3,5,14,4,1,0,NA,NA,NA,29,13,28,21,7,5,27
277,"F",10.3,5,14,5,1,1,NA,NA,NA,29,13,28,21,7,5,27
277,"F",10.3,5,14,6,1,0,NA,NA,NA,29,13,28,21,7,5,27
277,"F",10.3,5,14,9,1,1,NA,NA,NA,29,13,28,21,7,5,27
277,"F",10.3,5,14,10,1,1,NA,NA,NA,29,13,28,21,7,5,27
277,"F",10.3,5,14,11,1,1,NA,NA,NA,29,13,28,21,7,5,27
277,"F",10.3,5,14,12,1,1,NA,NA,NA,29,13,28,21,7,5,27
277,"F",10.3,5,14,13,1,1,NA,NA,NA,29,13,28,21,7,5,27
277,"F",10.3,5,14,16,1,0,NA,NA,NA,29,13,28,21,7,5,27
277,"F",10.3,5,14,17,1,1,NA,NA,NA,29,13,28,21,7,5,27
277,"F",10.3,5,14,20,1,1,NA,NA,NA,29,13,28,21,7,5,27
277,"F",10.3,5,14,23,1,1,NA,NA,NA,29,13,28,21,7,5,27
277,"F",10.3,5,14,24,1,1,NA,NA,NA,29,13,28,21,7,5,27
277,"F",10.3,5,14,25,1,1,NA,NA,NA,29,13,28,21,7,5,27
277,"F",10.3,5,14,26,1,1,NA,NA,NA,29,13,28,21,7,5,27
277,"F",10.3,5,14,27,1,1,NA,NA,NA,29,13,28,21,7,5,27
277,"F",10.3,5,14,28,1,1,NA,NA,NA,29,13,28,21,7,5,27
277,"F",10.3,5,14,32,1,1,NA,NA,NA,29,13,28,21,7,5,27
277,"F",10.3,5,14,33,1,1,NA,NA,NA,29,13,28,21,7,5,27
277,"F",10.3,5,14,35,1,1,NA,NA,NA,29,13,28,21,7,5,27
277,"F",10.3,5,14,42,1,1,NA,NA,NA,29,13,28,21,7,5,27
277,"F",10.3,5,14,43,1,1,NA,NA,NA,29,13,28,21,7,5,27
277,"F",10.3,5,14,45,1,1,NA,NA,NA,29,13,28,21,7,5,27
277,"F",10.3,5,14,47,1,1,NA,NA,NA,29,13,28,21,7,5,27
277,"F",10.3,5,14,49,1,1,NA,NA,NA,29,13,28,21,7,5,27
277,"F",10.3,5,14,53,1,1,NA,NA,NA,29,13,28,21,7,5,27
277,"F",10.3,5,14,55,1,1,NA,NA,NA,29,13,28,21,7,5,27
277,"F",10.3,5,14,56,1,1,NA,NA,NA,29,13,28,21,7,5,27
277,"F",10.3,5,14,59,1,1,NA,NA,NA,29,13,28,21,7,5,27
277,"F",10.3,5,14,1,2,1,0,1,0,29,13,28,21,7,5,27
277,"F",10.3,5,14,2,2,0,1,0,0,29,13,28,21,7,5,27
277,"F",10.3,5,14,7,2,0,1,0,0,29,13,28,21,7,5,27
277,"F",10.3,5,14,8,2,1,0,1,0,29,13,28,21,7,5,27
277,"F",10.3,5,14,14,2,1,0,0,1,29,13,28,21,7,5,27
277,"F",10.3,5,14,15,2,0,1,0,0,29,13,28,21,7,5,27
277,"F",10.3,5,14,18,2,0,0,1,0,29,13,28,21,7,5,27
277,"F",10.3,5,14,19,2,0,1,0,0,29,13,28,21,7,5,27
277,"F",10.3,5,14,21,2,1,0,0,1,29,13,28,21,7,5,27
277,"F",10.3,5,14,22,2,0,0,0,1,29,13,28,21,7,5,27
277,"F",10.3,5,14,29,2,1,0,0,1,29,13,28,21,7,5,27
277,"F",10.3,5,14,30,2,0,1,0,0,29,13,28,21,7,5,27
277,"F",10.3,5,14,31,2,0,1,0,0,29,13,28,21,7,5,27
277,"F",10.3,5,14,34,2,0,1,0,0,29,13,28,21,7,5,27
277,"F",10.3,5,14,36,2,0,1,0,0,29,13,28,21,7,5,27
277,"F",10.3,5,14,37,2,1,0,0,1,29,13,28,21,7,5,27
277,"F",10.3,5,14,38,2,0,1,0,0,29,13,28,21,7,5,27
277,"F",10.3,5,14,39,2,0,1,0,0,29,13,28,21,7,5,27
277,"F",10.3,5,14,40,2,1,0,1,0,29,13,28,21,7,5,27
277,"F",10.3,5,14,41,2,0,1,0,0,29,13,28,21,7,5,27
277,"F",10.3,5,14,44,2,0,0,0,1,29,13,28,21,7,5,27
277,"F",10.3,5,14,46,2,0,1,0,0,29,13,28,21,7,5,27
277,"F",10.3,5,14,48,2,1,0,0,1,29,13,28,21,7,5,27
277,"F",10.3,5,14,50,2,1,0,0,1,29,13,28,21,7,5,27
277,"F",10.3,5,14,51,2,0,1,0,0,29,13,28,21,7,5,27
277,"F",10.3,5,14,52,2,0,1,0,0,29,13,28,21,7,5,27
277,"F",10.3,5,14,54,2,0,1,0,0,29,13,28,21,7,5,27
277,"F",10.3,5,14,57,2,1,0,0,1,29,13,28,21,7,5,27
277,"F",10.3,5,14,58,2,0,1,0,0,29,13,28,21,7,5,27
277,"F",10.3,5,14,60,2,0,1,0,0,29,13,28,21,7,5,27
278,"M",10.4,5,14,1,1,0,NA,NA,NA,32,10,22,18,10,6,13
278,"M",10.4,5,14,2,1,0,NA,NA,NA,32,10,22,18,10,6,13
278,"M",10.4,5,14,5,1,1,NA,NA,NA,32,10,22,18,10,6,13
278,"M",10.4,5,14,8,1,0,NA,NA,NA,32,10,22,18,10,6,13
278,"M",10.4,5,14,10,1,1,NA,NA,NA,32,10,22,18,10,6,13
278,"M",10.4,5,14,13,1,0,NA,NA,NA,32,10,22,18,10,6,13
278,"M",10.4,5,14,15,1,0,NA,NA,NA,32,10,22,18,10,6,13
278,"M",10.4,5,14,17,1,1,NA,NA,NA,32,10,22,18,10,6,13
278,"M",10.4,5,14,18,1,0,NA,NA,NA,32,10,22,18,10,6,13
278,"M",10.4,5,14,21,1,0,NA,NA,NA,32,10,22,18,10,6,13
278,"M",10.4,5,14,23,1,1,NA,NA,NA,32,10,22,18,10,6,13
278,"M",10.4,5,14,24,1,1,NA,NA,NA,32,10,22,18,10,6,13
278,"M",10.4,5,14,29,1,0,NA,NA,NA,32,10,22,18,10,6,13
278,"M",10.4,5,14,30,1,0,NA,NA,NA,32,10,22,18,10,6,13
278,"M",10.4,5,14,31,1,0,NA,NA,NA,32,10,22,18,10,6,13
278,"M",10.4,5,14,34,1,0,NA,NA,NA,32,10,22,18,10,6,13
278,"M",10.4,5,14,38,1,0,NA,NA,NA,32,10,22,18,10,6,13
278,"M",10.4,5,14,39,1,1,NA,NA,NA,32,10,22,18,10,6,13
278,"M",10.4,5,14,40,1,1,NA,NA,NA,32,10,22,18,10,6,13
278,"M",10.4,5,14,46,1,1,NA,NA,NA,32,10,22,18,10,6,13
278,"M",10.4,5,14,47,1,1,NA,NA,NA,32,10,22,18,10,6,13
278,"M",10.4,5,14,49,1,0,NA,NA,NA,32,10,22,18,10,6,13
278,"M",10.4,5,14,50,1,0,NA,NA,NA,32,10,22,18,10,6,13
278,"M",10.4,5,14,51,1,0,NA,NA,NA,32,10,22,18,10,6,13
278,"M",10.4,5,14,52,1,1,NA,NA,NA,32,10,22,18,10,6,13
278,"M",10.4,5,14,54,1,0,NA,NA,NA,32,10,22,18,10,6,13
278,"M",10.4,5,14,55,1,1,NA,NA,NA,32,10,22,18,10,6,13
278,"M",10.4,5,14,57,1,1,NA,NA,NA,32,10,22,18,10,6,13
278,"M",10.4,5,14,58,1,0,NA,NA,NA,32,10,22,18,10,6,13
278,"M",10.4,5,14,59,1,1,NA,NA,NA,32,10,22,18,10,6,13
278,"M",10.4,5,14,3,2,0,0,1,0,32,10,22,18,10,6,13
278,"M",10.4,5,14,4,2,0,0,1,0,32,10,22,18,10,6,13
278,"M",10.4,5,14,6,2,1,0,1,0,32,10,22,18,10,6,13
278,"M",10.4,5,14,7,2,1,0,1,0,32,10,22,18,10,6,13
278,"M",10.4,5,14,9,2,0,1,0,0,32,10,22,18,10,6,13
278,"M",10.4,5,14,11,2,1,0,1,0,32,10,22,18,10,6,13
278,"M",10.4,5,14,12,2,1,0,1,0,32,10,22,18,10,6,13
278,"M",10.4,5,14,14,2,0,1,0,0,32,10,22,18,10,6,13
278,"M",10.4,5,14,16,2,0,0,1,0,32,10,22,18,10,6,13
278,"M",10.4,5,14,19,2,0,0,0,1,32,10,22,18,10,6,13
278,"M",10.4,5,14,20,2,0,1,0,0,32,10,22,18,10,6,13
278,"M",10.4,5,14,22,2,0,1,0,0,32,10,22,18,10,6,13
278,"M",10.4,5,14,25,2,0,0,0,1,32,10,22,18,10,6,13
278,"M",10.4,5,14,26,2,1,0,1,0,32,10,22,18,10,6,13
278,"M",10.4,5,14,27,2,0,1,0,0,32,10,22,18,10,6,13
278,"M",10.4,5,14,28,2,0,0,0,1,32,10,22,18,10,6,13
278,"M",10.4,5,14,32,2,1,0,1,0,32,10,22,18,10,6,13
278,"M",10.4,5,14,33,2,1,0,1,0,32,10,22,18,10,6,13
278,"M",10.4,5,14,35,2,1,0,1,0,32,10,22,18,10,6,13
278,"M",10.4,5,14,36,2,0,1,0,0,32,10,22,18,10,6,13
278,"M",10.4,5,14,37,2,1,0,1,0,32,10,22,18,10,6,13
278,"M",10.4,5,14,41,2,0,1,0,0,32,10,22,18,10,6,13
278,"M",10.4,5,14,42,2,0,1,0,0,32,10,22,18,10,6,13
278,"M",10.4,5,14,43,2,1,0,1,0,32,10,22,18,10,6,13
278,"M",10.4,5,14,44,2,0,1,0,0,32,10,22,18,10,6,13
278,"M",10.4,5,14,45,2,1,0,1,0,32,10,22,18,10,6,13
278,"M",10.4,5,14,48,2,0,1,0,0,32,10,22,18,10,6,13
278,"M",10.4,5,14,53,2,1,0,0,1,32,10,22,18,10,6,13
278,"M",10.4,5,14,56,2,0,0,1,0,32,10,22,18,10,6,13
278,"M",10.4,5,14,60,2,0,0,0,1,32,10,22,18,10,6,13
279,"F",10.5,5,14,1,1,0,NA,NA,NA,26,27,32,27,6,8,7
279,"F",10.5,5,14,3,1,0,NA,NA,NA,26,27,32,27,6,8,7
279,"F",10.5,5,14,5,1,0,NA,NA,NA,26,27,32,27,6,8,7
279,"F",10.5,5,14,12,1,0,NA,NA,NA,26,27,32,27,6,8,7
279,"F",10.5,5,14,15,1,0,NA,NA,NA,26,27,32,27,6,8,7
279,"F",10.5,5,14,17,1,0,NA,NA,NA,26,27,32,27,6,8,7
279,"F",10.5,5,14,18,1,0,NA,NA,NA,26,27,32,27,6,8,7
279,"F",10.5,5,14,20,1,0,NA,NA,NA,26,27,32,27,6,8,7
279,"F",10.5,5,14,21,1,0,NA,NA,NA,26,27,32,27,6,8,7
279,"F",10.5,5,14,22,1,0,NA,NA,NA,26,27,32,27,6,8,7
279,"F",10.5,5,14,25,1,0,NA,NA,NA,26,27,32,27,6,8,7
279,"F",10.5,5,14,26,1,1,NA,NA,NA,26,27,32,27,6,8,7
279,"F",10.5,5,14,28,1,0,NA,NA,NA,26,27,32,27,6,8,7
279,"F",10.5,5,14,30,1,0,NA,NA,NA,26,27,32,27,6,8,7
279,"F",10.5,5,14,31,1,0,NA,NA,NA,26,27,32,27,6,8,7
279,"F",10.5,5,14,37,1,0,NA,NA,NA,26,27,32,27,6,8,7
279,"F",10.5,5,14,38,1,0,NA,NA,NA,26,27,32,27,6,8,7
279,"F",10.5,5,14,39,1,0,NA,NA,NA,26,27,32,27,6,8,7
279,"F",10.5,5,14,40,1,1,NA,NA,NA,26,27,32,27,6,8,7
279,"F",10.5,5,14,41,1,0,NA,NA,NA,26,27,32,27,6,8,7
279,"F",10.5,5,14,43,1,1,NA,NA,NA,26,27,32,27,6,8,7
279,"F",10.5,5,14,47,1,1,NA,NA,NA,26,27,32,27,6,8,7
279,"F",10.5,5,14,48,1,0,NA,NA,NA,26,27,32,27,6,8,7
279,"F",10.5,5,14,50,1,0,NA,NA,NA,26,27,32,27,6,8,7
279,"F",10.5,5,14,51,1,0,NA,NA,NA,26,27,32,27,6,8,7
279,"F",10.5,5,14,53,1,1,NA,NA,NA,26,27,32,27,6,8,7
279,"F",10.5,5,14,55,1,0,NA,NA,NA,26,27,32,27,6,8,7
279,"F",10.5,5,14,56,1,1,NA,NA,NA,26,27,32,27,6,8,7
279,"F",10.5,5,14,58,1,1,NA,NA,NA,26,27,32,27,6,8,7
279,"F",10.5,5,14,60,1,0,NA,NA,NA,26,27,32,27,6,8,7
279,"F",10.5,5,14,2,2,0,1,0,0,26,27,32,27,6,8,7
279,"F",10.5,5,14,4,2,1,0,1,0,26,27,32,27,6,8,7
279,"F",10.5,5,14,6,2,1,0,0,1,26,27,32,27,6,8,7
279,"F",10.5,5,14,7,2,1,0,1,0,26,27,32,27,6,8,7
279,"F",10.5,5,14,8,2,0,0,0,1,26,27,32,27,6,8,7
279,"F",10.5,5,14,9,2,0,0,0,1,26,27,32,27,6,8,7
279,"F",10.5,5,14,10,2,1,0,1,0,26,27,32,27,6,8,7
279,"F",10.5,5,14,11,2,1,0,0,1,26,27,32,27,6,8,7
279,"F",10.5,5,14,13,2,0,1,0,0,26,27,32,27,6,8,7
279,"F",10.5,5,14,14,2,0,0,0,1,26,27,32,27,6,8,7
279,"F",10.5,5,14,16,2,1,0,1,0,26,27,32,27,6,8,7
279,"F",10.5,5,14,19,2,0,0,0,1,26,27,32,27,6,8,7
279,"F",10.5,5,14,23,2,1,0,0,1,26,27,32,27,6,8,7
279,"F",10.5,5,14,24,2,0,0,0,1,26,27,32,27,6,8,7
279,"F",10.5,5,14,27,2,1,0,0,1,26,27,32,27,6,8,7
279,"F",10.5,5,14,29,2,0,1,0,0,26,27,32,27,6,8,7
279,"F",10.5,5,14,32,2,0,0,0,1,26,27,32,27,6,8,7
279,"F",10.5,5,14,33,2,0,0,1,0,26,27,32,27,6,8,7
279,"F",10.5,5,14,34,2,0,1,0,0,26,27,32,27,6,8,7
279,"F",10.5,5,14,35,2,1,0,0,1,26,27,32,27,6,8,7
279,"F",10.5,5,14,36,2,0,0,1,0,26,27,32,27,6,8,7
279,"F",10.5,5,14,42,2,1,0,1,0,26,27,32,27,6,8,7
279,"F",10.5,5,14,44,2,0,1,0,0,26,27,32,27,6,8,7
279,"F",10.5,5,14,45,2,0,0,0,1,26,27,32,27,6,8,7
279,"F",10.5,5,14,46,2,1,0,1,0,26,27,32,27,6,8,7
279,"F",10.5,5,14,49,2,0,0,0,1,26,27,32,27,6,8,7
279,"F",10.5,5,14,52,2,0,1,0,0,26,27,32,27,6,8,7
279,"F",10.5,5,14,54,2,0,0,0,1,26,27,32,27,6,8,7
279,"F",10.5,5,14,57,2,0,1,0,0,26,27,32,27,6,8,7
279,"F",10.5,5,14,59,2,1,0,0,1,26,27,32,27,6,8,7
280,"M",10.4,5,14,1,1,0,NA,NA,NA,17,27,13,27,5,11,17
280,"M",10.4,5,14,2,1,1,NA,NA,NA,17,27,13,27,5,11,17
280,"M",10.4,5,14,3,1,0,NA,NA,NA,17,27,13,27,5,11,17
280,"M",10.4,5,14,5,1,1,NA,NA,NA,17,27,13,27,5,11,17
280,"M",10.4,5,14,7,1,0,NA,NA,NA,17,27,13,27,5,11,17
280,"M",10.4,5,14,8,1,1,NA,NA,NA,17,27,13,27,5,11,17
280,"M",10.4,5,14,10,1,1,NA,NA,NA,17,27,13,27,5,11,17
280,"M",10.4,5,14,11,1,1,NA,NA,NA,17,27,13,27,5,11,17
280,"M",10.4,5,14,12,1,1,NA,NA,NA,17,27,13,27,5,11,17
280,"M",10.4,5,14,14,1,0,NA,NA,NA,17,27,13,27,5,11,17
280,"M",10.4,5,14,17,1,1,NA,NA,NA,17,27,13,27,5,11,17
280,"M",10.4,5,14,18,1,0,NA,NA,NA,17,27,13,27,5,11,17
280,"M",10.4,5,14,22,1,1,NA,NA,NA,17,27,13,27,5,11,17
280,"M",10.4,5,14,23,1,0,NA,NA,NA,17,27,13,27,5,11,17
280,"M",10.4,5,14,27,1,1,NA,NA,NA,17,27,13,27,5,11,17
280,"M",10.4,5,14,29,1,0,NA,NA,NA,17,27,13,27,5,11,17
280,"M",10.4,5,14,32,1,0,NA,NA,NA,17,27,13,27,5,11,17
280,"M",10.4,5,14,35,1,0,NA,NA,NA,17,27,13,27,5,11,17
280,"M",10.4,5,14,38,1,1,NA,NA,NA,17,27,13,27,5,11,17
280,"M",10.4,5,14,39,1,1,NA,NA,NA,17,27,13,27,5,11,17
280,"M",10.4,5,14,41,1,1,NA,NA,NA,17,27,13,27,5,11,17
280,"M",10.4,5,14,48,1,0,NA,NA,NA,17,27,13,27,5,11,17
280,"M",10.4,5,14,49,1,0,NA,NA,NA,17,27,13,27,5,11,17
280,"M",10.4,5,14,50,1,0,NA,NA,NA,17,27,13,27,5,11,17
280,"M",10.4,5,14,53,1,1,NA,NA,NA,17,27,13,27,5,11,17
280,"M",10.4,5,14,54,1,0,NA,NA,NA,17,27,13,27,5,11,17
280,"M",10.4,5,14,56,1,1,NA,NA,NA,17,27,13,27,5,11,17
280,"M",10.4,5,14,57,1,1,NA,NA,NA,17,27,13,27,5,11,17
280,"M",10.4,5,14,58,1,1,NA,NA,NA,17,27,13,27,5,11,17
280,"M",10.4,5,14,59,1,1,NA,NA,NA,17,27,13,27,5,11,17
280,"M",10.4,5,14,4,2,0,0,0,1,17,27,13,27,5,11,17
280,"M",10.4,5,14,6,2,0,0,0,1,17,27,13,27,5,11,17
280,"M",10.4,5,14,9,2,1,0,0,1,17,27,13,27,5,11,17
280,"M",10.4,5,14,13,2,0,0,0,1,17,27,13,27,5,11,17
280,"M",10.4,5,14,15,2,1,0,0,1,17,27,13,27,5,11,17
280,"M",10.4,5,14,16,2,0,0,0,1,17,27,13,27,5,11,17
280,"M",10.4,5,14,19,2,1,0,1,0,17,27,13,27,5,11,17
280,"M",10.4,5,14,20,2,0,0,0,1,17,27,13,27,5,11,17
280,"M",10.4,5,14,21,2,0,0,1,0,17,27,13,27,5,11,17
280,"M",10.4,5,14,24,2,0,0,0,1,17,27,13,27,5,11,17
280,"M",10.4,5,14,25,2,1,0,0,1,17,27,13,27,5,11,17
280,"M",10.4,5,14,26,2,1,0,0,1,17,27,13,27,5,11,17
280,"M",10.4,5,14,28,2,1,0,0,1,17,27,13,27,5,11,17
280,"M",10.4,5,14,30,2,0,0,0,1,17,27,13,27,5,11,17
280,"M",10.4,5,14,31,2,1,0,1,0,17,27,13,27,5,11,17
280,"M",10.4,5,14,33,2,0,0,0,1,17,27,13,27,5,11,17
280,"M",10.4,5,14,34,2,0,0,0,1,17,27,13,27,5,11,17
280,"M",10.4,5,14,36,2,1,0,0,1,17,27,13,27,5,11,17
280,"M",10.4,5,14,37,2,1,0,0,1,17,27,13,27,5,11,17
280,"M",10.4,5,14,40,2,0,0,0,1,17,27,13,27,5,11,17
280,"M",10.4,5,14,42,2,1,0,0,1,17,27,13,27,5,11,17
280,"M",10.4,5,14,43,2,1,0,1,0,17,27,13,27,5,11,17
280,"M",10.4,5,14,44,2,0,0,0,1,17,27,13,27,5,11,17
280,"M",10.4,5,14,45,2,0,0,0,1,17,27,13,27,5,11,17
280,"M",10.4,5,14,46,2,1,0,0,1,17,27,13,27,5,11,17
280,"M",10.4,5,14,47,2,1,0,1,0,17,27,13,27,5,11,17
280,"M",10.4,5,14,51,2,0,0,0,1,17,27,13,27,5,11,17
280,"M",10.4,5,14,52,2,1,0,0,1,17,27,13,27,5,11,17
280,"M",10.4,5,14,55,2,0,0,0,1,17,27,13,27,5,11,17
280,"M",10.4,5,14,60,2,0,0,0,1,17,27,13,27,5,11,17
281,"M",10.5,5,15,1,1,0,NA,NA,NA,21,19,14,30,4,8,14
281,"M",10.5,5,15,2,1,0,NA,NA,NA,21,19,14,30,4,8,14
281,"M",10.5,5,15,3,1,0,NA,NA,NA,21,19,14,30,4,8,14
281,"M",10.5,5,15,4,1,1,NA,NA,NA,21,19,14,30,4,8,14
281,"M",10.5,5,15,7,1,0,NA,NA,NA,21,19,14,30,4,8,14
281,"M",10.5,5,15,8,1,1,NA,NA,NA,21,19,14,30,4,8,14
281,"M",10.5,5,15,11,1,1,NA,NA,NA,21,19,14,30,4,8,14
281,"M",10.5,5,15,12,1,0,NA,NA,NA,21,19,14,30,4,8,14
281,"M",10.5,5,15,13,1,0,NA,NA,NA,21,19,14,30,4,8,14
281,"M",10.5,5,15,15,1,0,NA,NA,NA,21,19,14,30,4,8,14
281,"M",10.5,5,15,19,1,0,NA,NA,NA,21,19,14,30,4,8,14
281,"M",10.5,5,15,22,1,1,NA,NA,NA,21,19,14,30,4,8,14
281,"M",10.5,5,15,23,1,0,NA,NA,NA,21,19,14,30,4,8,14
281,"M",10.5,5,15,24,1,0,NA,NA,NA,21,19,14,30,4,8,14
281,"M",10.5,5,15,25,1,0,NA,NA,NA,21,19,14,30,4,8,14
281,"M",10.5,5,15,28,1,0,NA,NA,NA,21,19,14,30,4,8,14
281,"M",10.5,5,15,29,1,1,NA,NA,NA,21,19,14,30,4,8,14
281,"M",10.5,5,15,31,1,1,NA,NA,NA,21,19,14,30,4,8,14
281,"M",10.5,5,15,35,1,0,NA,NA,NA,21,19,14,30,4,8,14
281,"M",10.5,5,15,38,1,0,NA,NA,NA,21,19,14,30,4,8,14
281,"M",10.5,5,15,40,1,1,NA,NA,NA,21,19,14,30,4,8,14
281,"M",10.5,5,15,43,1,1,NA,NA,NA,21,19,14,30,4,8,14
281,"M",10.5,5,15,45,1,1,NA,NA,NA,21,19,14,30,4,8,14
281,"M",10.5,5,15,47,1,1,NA,NA,NA,21,19,14,30,4,8,14
281,"M",10.5,5,15,49,1,1,NA,NA,NA,21,19,14,30,4,8,14
281,"M",10.5,5,15,54,1,1,NA,NA,NA,21,19,14,30,4,8,14
281,"M",10.5,5,15,55,1,0,NA,NA,NA,21,19,14,30,4,8,14
281,"M",10.5,5,15,57,1,1,NA,NA,NA,21,19,14,30,4,8,14
281,"M",10.5,5,15,58,1,1,NA,NA,NA,21,19,14,30,4,8,14
281,"M",10.5,5,15,59,1,0,NA,NA,NA,21,19,14,30,4,8,14
281,"M",10.5,5,15,5,2,1,0,1,0,21,19,14,30,4,8,14
281,"M",10.5,5,15,6,2,0,0,0,1,21,19,14,30,4,8,14
281,"M",10.5,5,15,9,2,1,0,0,1,21,19,14,30,4,8,14
281,"M",10.5,5,15,10,2,1,0,0,1,21,19,14,30,4,8,14
281,"M",10.5,5,15,14,2,0,0,0,1,21,19,14,30,4,8,14
281,"M",10.5,5,15,16,2,0,0,0,1,21,19,14,30,4,8,14
281,"M",10.5,5,15,17,2,1,0,0,1,21,19,14,30,4,8,14
281,"M",10.5,5,15,18,2,1,0,0,1,21,19,14,30,4,8,14
281,"M",10.5,5,15,20,2,0,0,1,0,21,19,14,30,4,8,14
281,"M",10.5,5,15,21,2,0,0,0,1,21,19,14,30,4,8,14
281,"M",10.5,5,15,26,2,1,0,0,1,21,19,14,30,4,8,14
281,"M",10.5,5,15,27,2,0,0,0,1,21,19,14,30,4,8,14
281,"M",10.5,5,15,30,2,1,0,1,0,21,19,14,30,4,8,14
281,"M",10.5,5,15,32,2,0,1,0,0,21,19,14,30,4,8,14
281,"M",10.5,5,15,33,2,0,0,0,1,21,19,14,30,4,8,14
281,"M",10.5,5,15,34,2,1,0,0,1,21,19,14,30,4,8,14
281,"M",10.5,5,15,36,2,1,0,0,1,21,19,14,30,4,8,14
281,"M",10.5,5,15,37,2,0,0,0,1,21,19,14,30,4,8,14
281,"M",10.5,5,15,39,2,1,0,0,1,21,19,14,30,4,8,14
281,"M",10.5,5,15,41,2,0,0,0,1,21,19,14,30,4,8,14
281,"M",10.5,5,15,42,2,0,0,0,1,21,19,14,30,4,8,14
281,"M",10.5,5,15,44,2,0,1,0,0,21,19,14,30,4,8,14
281,"M",10.5,5,15,46,2,1,0,0,1,21,19,14,30,4,8,14
281,"M",10.5,5,15,48,2,1,0,0,1,21,19,14,30,4,8,14
281,"M",10.5,5,15,50,2,0,0,0,1,21,19,14,30,4,8,14
281,"M",10.5,5,15,51,2,0,0,0,1,21,19,14,30,4,8,14
281,"M",10.5,5,15,52,2,1,0,0,1,21,19,14,30,4,8,14
281,"M",10.5,5,15,53,2,1,0,1,0,21,19,14,30,4,8,14
281,"M",10.5,5,15,56,2,1,0,0,1,21,19,14,30,4,8,14
281,"M",10.5,5,15,60,2,0,0,1,0,21,19,14,30,4,8,14
282,"F",10,5,15,3,1,1,NA,NA,NA,25,19,16,35,8,10,11
282,"F",10,5,15,5,1,1,NA,NA,NA,25,19,16,35,8,10,11
282,"F",10,5,15,8,1,1,NA,NA,NA,25,19,16,35,8,10,11
282,"F",10,5,15,10,1,1,NA,NA,NA,25,19,16,35,8,10,11
282,"F",10,5,15,13,1,0,NA,NA,NA,25,19,16,35,8,10,11
282,"F",10,5,15,16,1,0,NA,NA,NA,25,19,16,35,8,10,11
282,"F",10,5,15,17,1,0,NA,NA,NA,25,19,16,35,8,10,11
282,"F",10,5,15,19,1,0,NA,NA,NA,25,19,16,35,8,10,11
282,"F",10,5,15,21,1,0,NA,NA,NA,25,19,16,35,8,10,11
282,"F",10,5,15,22,1,0,NA,NA,NA,25,19,16,35,8,10,11
282,"F",10,5,15,24,1,1,NA,NA,NA,25,19,16,35,8,10,11
282,"F",10,5,15,25,1,0,NA,NA,NA,25,19,16,35,8,10,11
282,"F",10,5,15,26,1,0,NA,NA,NA,25,19,16,35,8,10,11
282,"F",10,5,15,27,1,1,NA,NA,NA,25,19,16,35,8,10,11
282,"F",10,5,15,31,1,0,NA,NA,NA,25,19,16,35,8,10,11
282,"F",10,5,15,32,1,0,NA,NA,NA,25,19,16,35,8,10,11
282,"F",10,5,15,33,1,1,NA,NA,NA,25,19,16,35,8,10,11
282,"F",10,5,15,36,1,0,NA,NA,NA,25,19,16,35,8,10,11
282,"F",10,5,15,37,1,1,NA,NA,NA,25,19,16,35,8,10,11
282,"F",10,5,15,38,1,0,NA,NA,NA,25,19,16,35,8,10,11
282,"F",10,5,15,40,1,0,NA,NA,NA,25,19,16,35,8,10,11
282,"F",10,5,15,42,1,0,NA,NA,NA,25,19,16,35,8,10,11
282,"F",10,5,15,43,1,1,NA,NA,NA,25,19,16,35,8,10,11
282,"F",10,5,15,44,1,0,NA,NA,NA,25,19,16,35,8,10,11
282,"F",10,5,15,48,1,1,NA,NA,NA,25,19,16,35,8,10,11
282,"F",10,5,15,49,1,0,NA,NA,NA,25,19,16,35,8,10,11
282,"F",10,5,15,52,1,0,NA,NA,NA,25,19,16,35,8,10,11
282,"F",10,5,15,57,1,0,NA,NA,NA,25,19,16,35,8,10,11
282,"F",10,5,15,58,1,1,NA,NA,NA,25,19,16,35,8,10,11
282,"F",10,5,15,59,1,0,NA,NA,NA,25,19,16,35,8,10,11
282,"F",10,5,15,1,2,1,0,0,1,25,19,16,35,8,10,11
282,"F",10,5,15,2,2,0,0,0,1,25,19,16,35,8,10,11
282,"F",10,5,15,4,2,0,0,1,0,25,19,16,35,8,10,11
282,"F",10,5,15,6,2,0,0,1,0,25,19,16,35,8,10,11
282,"F",10,5,15,7,2,1,0,0,1,25,19,16,35,8,10,11
282,"F",10,5,15,9,2,1,0,1,0,25,19,16,35,8,10,11
282,"F",10,5,15,11,2,1,0,1,0,25,19,16,35,8,10,11
282,"F",10,5,15,12,2,0,0,0,1,25,19,16,35,8,10,11
282,"F",10,5,15,14,2,1,0,1,0,25,19,16,35,8,10,11
282,"F",10,5,15,15,2,0,0,0,1,25,19,16,35,8,10,11
282,"F",10,5,15,18,2,1,0,1,0,25,19,16,35,8,10,11
282,"F",10,5,15,20,2,1,0,0,1,25,19,16,35,8,10,11
282,"F",10,5,15,23,2,0,0,1,0,25,19,16,35,8,10,11
282,"F",10,5,15,28,2,1,0,1,0,25,19,16,35,8,10,11
282,"F",10,5,15,29,2,1,0,0,1,25,19,16,35,8,10,11
282,"F",10,5,15,30,2,1,0,0,1,25,19,16,35,8,10,11
282,"F",10,5,15,34,2,0,0,1,0,25,19,16,35,8,10,11
282,"F",10,5,15,35,2,0,0,1,0,25,19,16,35,8,10,11
282,"F",10,5,15,39,2,1,0,0,1,25,19,16,35,8,10,11
282,"F",10,5,15,41,2,0,0,1,0,25,19,16,35,8,10,11
282,"F",10,5,15,45,2,0,1,0,0,25,19,16,35,8,10,11
282,"F",10,5,15,46,2,1,0,1,0,25,19,16,35,8,10,11
282,"F",10,5,15,47,2,1,0,0,1,25,19,16,35,8,10,11
282,"F",10,5,15,50,2,0,0,1,0,25,19,16,35,8,10,11
282,"F",10,5,15,51,2,0,1,0,0,25,19,16,35,8,10,11
282,"F",10,5,15,53,2,1,0,0,1,25,19,16,35,8,10,11
282,"F",10,5,15,54,2,0,0,0,1,25,19,16,35,8,10,11
282,"F",10,5,15,55,2,0,0,1,0,25,19,16,35,8,10,11
282,"F",10,5,15,56,2,0,1,0,0,25,19,16,35,8,10,11
282,"F",10,5,15,60,2,1,0,1,0,25,19,16,35,8,10,11
283,"M",10.2,5,15,3,1,0,NA,NA,NA,35,7,23,15,9,5,6
283,"M",10.2,5,15,4,1,0,NA,NA,NA,35,7,23,15,9,5,6
283,"M",10.2,5,15,6,1,0,NA,NA,NA,35,7,23,15,9,5,6
283,"M",10.2,5,15,11,1,0,NA,NA,NA,35,7,23,15,9,5,6
283,"M",10.2,5,15,13,1,1,NA,NA,NA,35,7,23,15,9,5,6
283,"M",10.2,5,15,14,1,1,NA,NA,NA,35,7,23,15,9,5,6
283,"M",10.2,5,15,15,1,0,NA,NA,NA,35,7,23,15,9,5,6
283,"M",10.2,5,15,16,1,0,NA,NA,NA,35,7,23,15,9,5,6
283,"M",10.2,5,15,18,1,0,NA,NA,NA,35,7,23,15,9,5,6
283,"M",10.2,5,15,20,1,0,NA,NA,NA,35,7,23,15,9,5,6
283,"M",10.2,5,15,21,1,0,NA,NA,NA,35,7,23,15,9,5,6
283,"M",10.2,5,15,23,1,1,NA,NA,NA,35,7,23,15,9,5,6
283,"M",10.2,5,15,24,1,0,NA,NA,NA,35,7,23,15,9,5,6
283,"M",10.2,5,15,25,1,1,NA,NA,NA,35,7,23,15,9,5,6
283,"M",10.2,5,15,26,1,0,NA,NA,NA,35,7,23,15,9,5,6
283,"M",10.2,5,15,27,1,0,NA,NA,NA,35,7,23,15,9,5,6
283,"M",10.2,5,15,28,1,0,NA,NA,NA,35,7,23,15,9,5,6
283,"M",10.2,5,15,29,1,0,NA,NA,NA,35,7,23,15,9,5,6
283,"M",10.2,5,15,33,1,0,NA,NA,NA,35,7,23,15,9,5,6
283,"M",10.2,5,15,38,1,0,NA,NA,NA,35,7,23,15,9,5,6
283,"M",10.2,5,15,41,1,0,NA,NA,NA,35,7,23,15,9,5,6
283,"M",10.2,5,15,43,1,1,NA,NA,NA,35,7,23,15,9,5,6
283,"M",10.2,5,15,44,1,0,NA,NA,NA,35,7,23,15,9,5,6
283,"M",10.2,5,15,48,1,0,NA,NA,NA,35,7,23,15,9,5,6
283,"M",10.2,5,15,49,1,0,NA,NA,NA,35,7,23,15,9,5,6
283,"M",10.2,5,15,50,1,1,NA,NA,NA,35,7,23,15,9,5,6
283,"M",10.2,5,15,51,1,0,NA,NA,NA,35,7,23,15,9,5,6
283,"M",10.2,5,15,54,1,0,NA,NA,NA,35,7,23,15,9,5,6
283,"M",10.2,5,15,55,1,0,NA,NA,NA,35,7,23,15,9,5,6
283,"M",10.2,5,15,59,1,0,NA,NA,NA,35,7,23,15,9,5,6
283,"M",10.2,5,15,1,2,0,0,0,1,35,7,23,15,9,5,6
283,"M",10.2,5,15,2,2,0,0,1,0,35,7,23,15,9,5,6
283,"M",10.2,5,15,5,2,0,0,0,1,35,7,23,15,9,5,6
283,"M",10.2,5,15,7,2,0,1,0,0,35,7,23,15,9,5,6
283,"M",10.2,5,15,8,2,0,1,0,0,35,7,23,15,9,5,6
283,"M",10.2,5,15,9,2,0,1,0,0,35,7,23,15,9,5,6
283,"M",10.2,5,15,10,2,0,0,0,1,35,7,23,15,9,5,6
283,"M",10.2,5,15,12,2,0,0,1,0,35,7,23,15,9,5,6
283,"M",10.2,5,15,17,2,0,1,0,0,35,7,23,15,9,5,6
283,"M",10.2,5,15,19,2,0,1,0,0,35,7,23,15,9,5,6
283,"M",10.2,5,15,22,2,0,0,1,0,35,7,23,15,9,5,6
283,"M",10.2,5,15,30,2,0,1,0,0,35,7,23,15,9,5,6
283,"M",10.2,5,15,31,2,0,1,0,0,35,7,23,15,9,5,6
283,"M",10.2,5,15,32,2,0,1,0,0,35,7,23,15,9,5,6
283,"M",10.2,5,15,34,2,0,1,0,0,35,7,23,15,9,5,6
283,"M",10.2,5,15,35,2,0,1,0,0,35,7,23,15,9,5,6
283,"M",10.2,5,15,36,2,0,1,0,0,35,7,23,15,9,5,6
283,"M",10.2,5,15,37,2,0,1,0,0,35,7,23,15,9,5,6
283,"M",10.2,5,15,39,2,0,1,0,0,35,7,23,15,9,5,6
283,"M",10.2,5,15,40,2,0,0,0,1,35,7,23,15,9,5,6
283,"M",10.2,5,15,42,2,0,1,0,0,35,7,23,15,9,5,6
283,"M",10.2,5,15,45,2,0,0,1,0,35,7,23,15,9,5,6
283,"M",10.2,5,15,46,2,0,0,1,0,35,7,23,15,9,5,6
283,"M",10.2,5,15,47,2,0,1,0,0,35,7,23,15,9,5,6
283,"M",10.2,5,15,52,2,0,1,0,0,35,7,23,15,9,5,6
283,"M",10.2,5,15,53,2,0,1,0,0,35,7,23,15,9,5,6
283,"M",10.2,5,15,56,2,0,0,1,0,35,7,23,15,9,5,6
283,"M",10.2,5,15,57,2,0,0,0,1,35,7,23,15,9,5,6
283,"M",10.2,5,15,58,2,0,1,0,0,35,7,23,15,9,5,6
283,"M",10.2,5,15,60,2,1,0,1,0,35,7,23,15,9,5,6
284,"M",11,5,15,4,1,0,NA,NA,NA,34,14,16,29,8,7,10
284,"M",11,5,15,5,1,1,NA,NA,NA,34,14,16,29,8,7,10
284,"M",11,5,15,6,1,0,NA,NA,NA,34,14,16,29,8,7,10
284,"M",11,5,15,7,1,1,NA,NA,NA,34,14,16,29,8,7,10
284,"M",11,5,15,9,1,0,NA,NA,NA,34,14,16,29,8,7,10
284,"M",11,5,15,10,1,0,NA,NA,NA,34,14,16,29,8,7,10
284,"M",11,5,15,11,1,1,NA,NA,NA,34,14,16,29,8,7,10
284,"M",11,5,15,13,1,0,NA,NA,NA,34,14,16,29,8,7,10
284,"M",11,5,15,16,1,0,NA,NA,NA,34,14,16,29,8,7,10
284,"M",11,5,15,21,1,0,NA,NA,NA,34,14,16,29,8,7,10
284,"M",11,5,15,24,1,0,NA,NA,NA,34,14,16,29,8,7,10
284,"M",11,5,15,26,1,0,NA,NA,NA,34,14,16,29,8,7,10
284,"M",11,5,15,27,1,0,NA,NA,NA,34,14,16,29,8,7,10
284,"M",11,5,15,29,1,1,NA,NA,NA,34,14,16,29,8,7,10
284,"M",11,5,15,32,1,0,NA,NA,NA,34,14,16,29,8,7,10
284,"M",11,5,15,34,1,1,NA,NA,NA,34,14,16,29,8,7,10
284,"M",11,5,15,36,1,1,NA,NA,NA,34,14,16,29,8,7,10
284,"M",11,5,15,39,1,0,NA,NA,NA,34,14,16,29,8,7,10
284,"M",11,5,15,40,1,1,NA,NA,NA,34,14,16,29,8,7,10
284,"M",11,5,15,44,1,1,NA,NA,NA,34,14,16,29,8,7,10
284,"M",11,5,15,45,1,1,NA,NA,NA,34,14,16,29,8,7,10
284,"M",11,5,15,47,1,0,NA,NA,NA,34,14,16,29,8,7,10
284,"M",11,5,15,48,1,0,NA,NA,NA,34,14,16,29,8,7,10
284,"M",11,5,15,51,1,0,NA,NA,NA,34,14,16,29,8,7,10
284,"M",11,5,15,52,1,0,NA,NA,NA,34,14,16,29,8,7,10
284,"M",11,5,15,55,1,0,NA,NA,NA,34,14,16,29,8,7,10
284,"M",11,5,15,57,1,1,NA,NA,NA,34,14,16,29,8,7,10
284,"M",11,5,15,58,1,0,NA,NA,NA,34,14,16,29,8,7,10
284,"M",11,5,15,59,1,0,NA,NA,NA,34,14,16,29,8,7,10
284,"M",11,5,15,60,1,0,NA,NA,NA,34,14,16,29,8,7,10
284,"M",11,5,15,1,2,1,0,0,1,34,14,16,29,8,7,10
284,"M",11,5,15,2,2,0,0,1,0,34,14,16,29,8,7,10
284,"M",11,5,15,3,2,0,0,1,0,34,14,16,29,8,7,10
284,"M",11,5,15,8,2,0,0,1,0,34,14,16,29,8,7,10
284,"M",11,5,15,12,2,0,0,0,1,34,14,16,29,8,7,10
284,"M",11,5,15,14,2,1,0,0,1,34,14,16,29,8,7,10
284,"M",11,5,15,15,2,0,0,1,0,34,14,16,29,8,7,10
284,"M",11,5,15,17,2,0,0,1,0,34,14,16,29,8,7,10
284,"M",11,5,15,18,2,0,0,1,0,34,14,16,29,8,7,10
284,"M",11,5,15,19,2,0,0,0,1,34,14,16,29,8,7,10
284,"M",11,5,15,20,2,0,0,1,0,34,14,16,29,8,7,10
284,"M",11,5,15,22,2,0,0,0,1,34,14,16,29,8,7,10
284,"M",11,5,15,23,2,0,0,1,0,34,14,16,29,8,7,10
284,"M",11,5,15,25,2,0,0,1,0,34,14,16,29,8,7,10
284,"M",11,5,15,28,2,1,0,1,0,34,14,16,29,8,7,10
284,"M",11,5,15,30,2,0,0,1,0,34,14,16,29,8,7,10
284,"M",11,5,15,31,2,1,0,1,0,34,14,16,29,8,7,10
284,"M",11,5,15,33,2,1,0,1,0,34,14,16,29,8,7,10
284,"M",11,5,15,35,2,0,0,1,0,34,14,16,29,8,7,10
284,"M",11,5,15,37,2,0,0,1,0,34,14,16,29,8,7,10
284,"M",11,5,15,38,2,0,0,1,0,34,14,16,29,8,7,10
284,"M",11,5,15,41,2,0,1,0,0,34,14,16,29,8,7,10
284,"M",11,5,15,42,2,0,0,1,0,34,14,16,29,8,7,10
284,"M",11,5,15,43,2,1,0,0,1,34,14,16,29,8,7,10
284,"M",11,5,15,46,2,0,1,0,0,34,14,16,29,8,7,10
284,"M",11,5,15,49,2,0,0,1,0,34,14,16,29,8,7,10
284,"M",11,5,15,50,2,0,0,1,0,34,14,16,29,8,7,10
284,"M",11,5,15,53,2,0,0,0,1,34,14,16,29,8,7,10
284,"M",11,5,15,54,2,0,0,0,1,34,14,16,29,8,7,10
284,"M",11,5,15,56,2,0,1,0,0,34,14,16,29,8,7,10
285,"M",10.3,5,15,1,1,1,NA,NA,NA,23,24,25,34,7,11,19
285,"M",10.3,5,15,2,1,1,NA,NA,NA,23,24,25,34,7,11,19
285,"M",10.3,5,15,3,1,1,NA,NA,NA,23,24,25,34,7,11,19
285,"M",10.3,5,15,9,1,1,NA,NA,NA,23,24,25,34,7,11,19
285,"M",10.3,5,15,12,1,1,NA,NA,NA,23,24,25,34,7,11,19
285,"M",10.3,5,15,13,1,0,NA,NA,NA,23,24,25,34,7,11,19
285,"M",10.3,5,15,17,1,1,NA,NA,NA,23,24,25,34,7,11,19
285,"M",10.3,5,15,21,1,1,NA,NA,NA,23,24,25,34,7,11,19
285,"M",10.3,5,15,22,1,1,NA,NA,NA,23,24,25,34,7,11,19
285,"M",10.3,5,15,25,1,1,NA,NA,NA,23,24,25,34,7,11,19
285,"M",10.3,5,15,27,1,1,NA,NA,NA,23,24,25,34,7,11,19
285,"M",10.3,5,15,28,1,0,NA,NA,NA,23,24,25,34,7,11,19
285,"M",10.3,5,15,29,1,0,NA,NA,NA,23,24,25,34,7,11,19
285,"M",10.3,5,15,31,1,0,NA,NA,NA,23,24,25,34,7,11,19
285,"M",10.3,5,15,33,1,1,NA,NA,NA,23,24,25,34,7,11,19
285,"M",10.3,5,15,36,1,1,NA,NA,NA,23,24,25,34,7,11,19
285,"M",10.3,5,15,38,1,0,NA,NA,NA,23,24,25,34,7,11,19
285,"M",10.3,5,15,39,1,1,NA,NA,NA,23,24,25,34,7,11,19
285,"M",10.3,5,15,41,1,0,NA,NA,NA,23,24,25,34,7,11,19
285,"M",10.3,5,15,44,1,0,NA,NA,NA,23,24,25,34,7,11,19
285,"M",10.3,5,15,46,1,1,NA,NA,NA,23,24,25,34,7,11,19
285,"M",10.3,5,15,48,1,0,NA,NA,NA,23,24,25,34,7,11,19
285,"M",10.3,5,15,50,1,0,NA,NA,NA,23,24,25,34,7,11,19
285,"M",10.3,5,15,51,1,1,NA,NA,NA,23,24,25,34,7,11,19
285,"M",10.3,5,15,54,1,1,NA,NA,NA,23,24,25,34,7,11,19
285,"M",10.3,5,15,56,1,1,NA,NA,NA,23,24,25,34,7,11,19
285,"M",10.3,5,15,57,1,1,NA,NA,NA,23,24,25,34,7,11,19
285,"M",10.3,5,15,58,1,0,NA,NA,NA,23,24,25,34,7,11,19
285,"M",10.3,5,15,59,1,1,NA,NA,NA,23,24,25,34,7,11,19
285,"M",10.3,5,15,60,1,0,NA,NA,NA,23,24,25,34,7,11,19
285,"M",10.3,5,15,4,2,1,0,0,1,23,24,25,34,7,11,19
285,"M",10.3,5,15,5,2,1,0,0,1,23,24,25,34,7,11,19
285,"M",10.3,5,15,6,2,0,0,1,0,23,24,25,34,7,11,19
285,"M",10.3,5,15,7,2,1,0,0,1,23,24,25,34,7,11,19
285,"M",10.3,5,15,8,2,0,0,0,1,23,24,25,34,7,11,19
285,"M",10.3,5,15,10,2,1,0,0,1,23,24,25,34,7,11,19
285,"M",10.3,5,15,11,2,1,0,0,1,23,24,25,34,7,11,19
285,"M",10.3,5,15,14,2,0,0,1,0,23,24,25,34,7,11,19
285,"M",10.3,5,15,15,2,1,0,1,0,23,24,25,34,7,11,19
285,"M",10.3,5,15,16,2,0,0,0,1,23,24,25,34,7,11,19
285,"M",10.3,5,15,18,2,1,0,1,0,23,24,25,34,7,11,19
285,"M",10.3,5,15,19,2,1,0,0,1,23,24,25,34,7,11,19
285,"M",10.3,5,15,20,2,0,1,0,0,23,24,25,34,7,11,19
285,"M",10.3,5,15,23,2,1,0,0,1,23,24,25,34,7,11,19
285,"M",10.3,5,15,24,2,1,0,0,1,23,24,25,34,7,11,19
285,"M",10.3,5,15,26,2,0,0,1,0,23,24,25,34,7,11,19
285,"M",10.3,5,15,30,2,0,0,0,1,23,24,25,34,7,11,19
285,"M",10.3,5,15,32,2,0,0,0,1,23,24,25,34,7,11,19
285,"M",10.3,5,15,34,2,0,0,0,1,23,24,25,34,7,11,19
285,"M",10.3,5,15,35,2,0,1,0,0,23,24,25,34,7,11,19
285,"M",10.3,5,15,37,2,1,0,0,1,23,24,25,34,7,11,19
285,"M",10.3,5,15,40,2,1,0,1,0,23,24,25,34,7,11,19
285,"M",10.3,5,15,42,2,1,0,0,1,23,24,25,34,7,11,19
285,"M",10.3,5,15,43,2,1,0,0,1,23,24,25,34,7,11,19
285,"M",10.3,5,15,45,2,0,0,1,0,23,24,25,34,7,11,19
285,"M",10.3,5,15,47,2,1,0,0,1,23,24,25,34,7,11,19
285,"M",10.3,5,15,49,2,1,0,1,0,23,24,25,34,7,11,19
285,"M",10.3,5,15,52,2,0,0,0,1,23,24,25,34,7,11,19
285,"M",10.3,5,15,53,2,1,0,0,1,23,24,25,34,7,11,19
285,"M",10.3,5,15,55,2,1,0,0,1,23,24,25,34,7,11,19
286,"F",10.2,5,15,2,1,1,NA,NA,NA,27,19,30,17,7,7,7
286,"F",10.2,5,15,10,1,1,NA,NA,NA,27,19,30,17,7,7,7
286,"F",10.2,5,15,13,1,0,NA,NA,NA,27,19,30,17,7,7,7
286,"F",10.2,5,15,14,1,0,NA,NA,NA,27,19,30,17,7,7,7
286,"F",10.2,5,15,18,1,0,NA,NA,NA,27,19,30,17,7,7,7
286,"F",10.2,5,15,21,1,0,NA,NA,NA,27,19,30,17,7,7,7
286,"F",10.2,5,15,24,1,0,NA,NA,NA,27,19,30,17,7,7,7
286,"F",10.2,5,15,25,1,0,NA,NA,NA,27,19,30,17,7,7,7
286,"F",10.2,5,15,29,1,0,NA,NA,NA,27,19,30,17,7,7,7
286,"F",10.2,5,15,31,1,0,NA,NA,NA,27,19,30,17,7,7,7
286,"F",10.2,5,15,32,1,0,NA,NA,NA,27,19,30,17,7,7,7
286,"F",10.2,5,15,33,1,0,NA,NA,NA,27,19,30,17,7,7,7
286,"F",10.2,5,15,37,1,1,NA,NA,NA,27,19,30,17,7,7,7
286,"F",10.2,5,15,38,1,0,NA,NA,NA,27,19,30,17,7,7,7
286,"F",10.2,5,15,39,1,1,NA,NA,NA,27,19,30,17,7,7,7
286,"F",10.2,5,15,40,1,0,NA,NA,NA,27,19,30,17,7,7,7
286,"F",10.2,5,15,42,1,0,NA,NA,NA,27,19,30,17,7,7,7
286,"F",10.2,5,15,43,1,0,NA,NA,NA,27,19,30,17,7,7,7
286,"F",10.2,5,15,46,1,1,NA,NA,NA,27,19,30,17,7,7,7
286,"F",10.2,5,15,47,1,1,NA,NA,NA,27,19,30,17,7,7,7
286,"F",10.2,5,15,48,1,0,NA,NA,NA,27,19,30,17,7,7,7
286,"F",10.2,5,15,49,1,0,NA,NA,NA,27,19,30,17,7,7,7
286,"F",10.2,5,15,52,1,0,NA,NA,NA,27,19,30,17,7,7,7
286,"F",10.2,5,15,53,1,0,NA,NA,NA,27,19,30,17,7,7,7
286,"F",10.2,5,15,54,1,0,NA,NA,NA,27,19,30,17,7,7,7
286,"F",10.2,5,15,55,1,0,NA,NA,NA,27,19,30,17,7,7,7
286,"F",10.2,5,15,56,1,0,NA,NA,NA,27,19,30,17,7,7,7
286,"F",10.2,5,15,57,1,0,NA,NA,NA,27,19,30,17,7,7,7
286,"F",10.2,5,15,58,1,1,NA,NA,NA,27,19,30,17,7,7,7
286,"F",10.2,5,15,60,1,0,NA,NA,NA,27,19,30,17,7,7,7
286,"F",10.2,5,15,1,2,0,0,1,0,27,19,30,17,7,7,7
286,"F",10.2,5,15,3,2,0,1,0,0,27,19,30,17,7,7,7
286,"F",10.2,5,15,4,2,0,0,0,1,27,19,30,17,7,7,7
286,"F",10.2,5,15,5,2,1,0,0,1,27,19,30,17,7,7,7
286,"F",10.2,5,15,6,2,0,0,1,0,27,19,30,17,7,7,7
286,"F",10.2,5,15,7,2,1,0,0,1,27,19,30,17,7,7,7
286,"F",10.2,5,15,8,2,0,0,1,0,27,19,30,17,7,7,7
286,"F",10.2,5,15,9,2,0,1,0,0,27,19,30,17,7,7,7
286,"F",10.2,5,15,11,2,1,0,0,1,27,19,30,17,7,7,7
286,"F",10.2,5,15,12,2,1,0,0,1,27,19,30,17,7,7,7
286,"F",10.2,5,15,15,2,0,0,0,1,27,19,30,17,7,7,7
286,"F",10.2,5,15,16,2,0,0,0,1,27,19,30,17,7,7,7
286,"F",10.2,5,15,17,2,0,1,0,0,27,19,30,17,7,7,7
286,"F",10.2,5,15,19,2,0,1,0,0,27,19,30,17,7,7,7
286,"F",10.2,5,15,20,2,0,0,1,0,27,19,30,17,7,7,7
286,"F",10.2,5,15,22,2,0,1,0,0,27,19,30,17,7,7,7
286,"F",10.2,5,15,23,2,0,1,0,0,27,19,30,17,7,7,7
286,"F",10.2,5,15,26,2,0,0,0,1,27,19,30,17,7,7,7
286,"F",10.2,5,15,27,2,0,0,0,1,27,19,30,17,7,7,7
286,"F",10.2,5,15,28,2,0,1,0,0,27,19,30,17,7,7,7
286,"F",10.2,5,15,30,2,0,0,1,0,27,19,30,17,7,7,7
286,"F",10.2,5,15,34,2,0,1,0,0,27,19,30,17,7,7,7
286,"F",10.2,5,15,35,2,0,0,1,0,27,19,30,17,7,7,7
286,"F",10.2,5,15,36,2,0,0,0,1,27,19,30,17,7,7,7
286,"F",10.2,5,15,41,2,0,0,1,0,27,19,30,17,7,7,7
286,"F",10.2,5,15,44,2,0,1,0,0,27,19,30,17,7,7,7
286,"F",10.2,5,15,45,2,0,0,0,1,27,19,30,17,7,7,7
286,"F",10.2,5,15,50,2,0,1,0,0,27,19,30,17,7,7,7
286,"F",10.2,5,15,51,2,0,1,0,0,27,19,30,17,7,7,7
286,"F",10.2,5,15,59,2,0,1,0,0,27,19,30,17,7,7,7
287,"M",10.5,5,15,2,1,0,NA,NA,NA,20,23,17,30,3,10,16
287,"M",10.5,5,15,3,1,0,NA,NA,NA,20,23,17,30,3,10,16
287,"M",10.5,5,15,6,1,0,NA,NA,NA,20,23,17,30,3,10,16
287,"M",10.5,5,15,7,1,1,NA,NA,NA,20,23,17,30,3,10,16
287,"M",10.5,5,15,8,1,0,NA,NA,NA,20,23,17,30,3,10,16
287,"M",10.5,5,15,9,1,1,NA,NA,NA,20,23,17,30,3,10,16
287,"M",10.5,5,15,10,1,1,NA,NA,NA,20,23,17,30,3,10,16
287,"M",10.5,5,15,13,1,1,NA,NA,NA,20,23,17,30,3,10,16
287,"M",10.5,5,15,16,1,0,NA,NA,NA,20,23,17,30,3,10,16
287,"M",10.5,5,15,18,1,1,NA,NA,NA,20,23,17,30,3,10,16
287,"M",10.5,5,15,21,1,0,NA,NA,NA,20,23,17,30,3,10,16
287,"M",10.5,5,15,25,1,1,NA,NA,NA,20,23,17,30,3,10,16
287,"M",10.5,5,15,26,1,1,NA,NA,NA,20,23,17,30,3,10,16
287,"M",10.5,5,15,27,1,1,NA,NA,NA,20,23,17,30,3,10,16
287,"M",10.5,5,15,28,1,0,NA,NA,NA,20,23,17,30,3,10,16
287,"M",10.5,5,15,30,1,1,NA,NA,NA,20,23,17,30,3,10,16
287,"M",10.5,5,15,31,1,0,NA,NA,NA,20,23,17,30,3,10,16
287,"M",10.5,5,15,32,1,0,NA,NA,NA,20,23,17,30,3,10,16
287,"M",10.5,5,15,33,1,0,NA,NA,NA,20,23,17,30,3,10,16
287,"M",10.5,5,15,34,1,0,NA,NA,NA,20,23,17,30,3,10,16
287,"M",10.5,5,15,36,1,1,NA,NA,NA,20,23,17,30,3,10,16
287,"M",10.5,5,15,37,1,1,NA,NA,NA,20,23,17,30,3,10,16
287,"M",10.5,5,15,41,1,0,NA,NA,NA,20,23,17,30,3,10,16
287,"M",10.5,5,15,42,1,1,NA,NA,NA,20,23,17,30,3,10,16
287,"M",10.5,5,15,44,1,0,NA,NA,NA,20,23,17,30,3,10,16
287,"M",10.5,5,15,53,1,1,NA,NA,NA,20,23,17,30,3,10,16
287,"M",10.5,5,15,54,1,0,NA,NA,NA,20,23,17,30,3,10,16
287,"M",10.5,5,15,56,1,1,NA,NA,NA,20,23,17,30,3,10,16
287,"M",10.5,5,15,58,1,1,NA,NA,NA,20,23,17,30,3,10,16
287,"M",10.5,5,15,59,1,1,NA,NA,NA,20,23,17,30,3,10,16
287,"M",10.5,5,15,1,2,1,0,0,1,20,23,17,30,3,10,16
287,"M",10.5,5,15,4,2,0,0,0,1,20,23,17,30,3,10,16
287,"M",10.5,5,15,5,2,0,0,0,1,20,23,17,30,3,10,16
287,"M",10.5,5,15,11,2,1,0,0,1,20,23,17,30,3,10,16
287,"M",10.5,5,15,12,2,0,0,0,1,20,23,17,30,3,10,16
287,"M",10.5,5,15,14,2,1,0,0,1,20,23,17,30,3,10,16
287,"M",10.5,5,15,15,2,0,0,0,1,20,23,17,30,3,10,16
287,"M",10.5,5,15,17,2,1,0,0,1,20,23,17,30,3,10,16
287,"M",10.5,5,15,19,2,1,0,0,1,20,23,17,30,3,10,16
287,"M",10.5,5,15,20,2,1,0,0,1,20,23,17,30,3,10,16
287,"M",10.5,5,15,22,2,1,0,0,1,20,23,17,30,3,10,16
287,"M",10.5,5,15,23,2,1,0,1,0,20,23,17,30,3,10,16
287,"M",10.5,5,15,24,2,1,0,0,1,20,23,17,30,3,10,16
287,"M",10.5,5,15,29,2,1,0,0,1,20,23,17,30,3,10,16
287,"M",10.5,5,15,35,2,1,0,0,1,20,23,17,30,3,10,16
287,"M",10.5,5,15,38,2,0,0,0,1,20,23,17,30,3,10,16
287,"M",10.5,5,15,39,2,1,0,0,1,20,23,17,30,3,10,16
287,"M",10.5,5,15,40,2,1,0,1,0,20,23,17,30,3,10,16
287,"M",10.5,5,15,43,2,1,0,0,1,20,23,17,30,3,10,16
287,"M",10.5,5,15,45,2,1,0,0,1,20,23,17,30,3,10,16
287,"M",10.5,5,15,46,2,1,0,1,0,20,23,17,30,3,10,16
287,"M",10.5,5,15,47,2,1,0,0,1,20,23,17,30,3,10,16
287,"M",10.5,5,15,48,2,1,0,0,1,20,23,17,30,3,10,16
287,"M",10.5,5,15,49,2,1,0,1,0,20,23,17,30,3,10,16
287,"M",10.5,5,15,50,2,1,0,0,1,20,23,17,30,3,10,16
287,"M",10.5,5,15,51,2,0,0,0,1,20,23,17,30,3,10,16
287,"M",10.5,5,15,52,2,1,0,1,0,20,23,17,30,3,10,16
287,"M",10.5,5,15,55,2,0,0,1,0,20,23,17,30,3,10,16
287,"M",10.5,5,15,57,2,1,0,1,0,20,23,17,30,3,10,16
287,"M",10.5,5,15,60,2,1,0,0,1,20,23,17,30,3,10,16
288,"F",10,5,15,3,1,0,NA,NA,NA,16,24,26,19,7,7,10
288,"F",10,5,15,5,1,0,NA,NA,NA,16,24,26,19,7,7,10
288,"F",10,5,15,6,1,1,NA,NA,NA,16,24,26,19,7,7,10
288,"F",10,5,15,7,1,1,NA,NA,NA,16,24,26,19,7,7,10
288,"F",10,5,15,9,1,0,NA,NA,NA,16,24,26,19,7,7,10
288,"F",10,5,15,13,1,0,NA,NA,NA,16,24,26,19,7,7,10
288,"F",10,5,15,15,1,0,NA,NA,NA,16,24,26,19,7,7,10
288,"F",10,5,15,16,1,0,NA,NA,NA,16,24,26,19,7,7,10
288,"F",10,5,15,17,1,1,NA,NA,NA,16,24,26,19,7,7,10
288,"F",10,5,15,19,1,0,NA,NA,NA,16,24,26,19,7,7,10
288,"F",10,5,15,23,1,0,NA,NA,NA,16,24,26,19,7,7,10
288,"F",10,5,15,27,1,1,NA,NA,NA,16,24,26,19,7,7,10
288,"F",10,5,15,33,1,0,NA,NA,NA,16,24,26,19,7,7,10
288,"F",10,5,15,34,1,0,NA,NA,NA,16,24,26,19,7,7,10
288,"F",10,5,15,37,1,1,NA,NA,NA,16,24,26,19,7,7,10
288,"F",10,5,15,38,1,0,NA,NA,NA,16,24,26,19,7,7,10
288,"F",10,5,15,39,1,0,NA,NA,NA,16,24,26,19,7,7,10
288,"F",10,5,15,40,1,0,NA,NA,NA,16,24,26,19,7,7,10
288,"F",10,5,15,41,1,0,NA,NA,NA,16,24,26,19,7,7,10
288,"F",10,5,15,43,1,0,NA,NA,NA,16,24,26,19,7,7,10
288,"F",10,5,15,46,1,0,NA,NA,NA,16,24,26,19,7,7,10
288,"F",10,5,15,47,1,1,NA,NA,NA,16,24,26,19,7,7,10
288,"F",10,5,15,48,1,1,NA,NA,NA,16,24,26,19,7,7,10
288,"F",10,5,15,49,1,1,NA,NA,NA,16,24,26,19,7,7,10
288,"F",10,5,15,51,1,0,NA,NA,NA,16,24,26,19,7,7,10
288,"F",10,5,15,53,1,1,NA,NA,NA,16,24,26,19,7,7,10
288,"F",10,5,15,54,1,1,NA,NA,NA,16,24,26,19,7,7,10
288,"F",10,5,15,55,1,0,NA,NA,NA,16,24,26,19,7,7,10
288,"F",10,5,15,57,1,0,NA,NA,NA,16,24,26,19,7,7,10
288,"F",10,5,15,58,1,0,NA,NA,NA,16,24,26,19,7,7,10
288,"F",10,5,15,1,2,0,0,0,1,16,24,26,19,7,7,10
288,"F",10,5,15,2,2,0,0,0,1,16,24,26,19,7,7,10
288,"F",10,5,15,4,2,0,0,0,1,16,24,26,19,7,7,10
288,"F",10,5,15,8,2,0,0,0,1,16,24,26,19,7,7,10
288,"F",10,5,15,10,2,0,0,0,1,16,24,26,19,7,7,10
288,"F",10,5,15,11,2,1,0,0,1,16,24,26,19,7,7,10
288,"F",10,5,15,12,2,0,0,1,0,16,24,26,19,7,7,10
288,"F",10,5,15,14,2,0,0,0,1,16,24,26,19,7,7,10
288,"F",10,5,15,18,2,0,0,0,1,16,24,26,19,7,7,10
288,"F",10,5,15,20,2,0,0,0,1,16,24,26,19,7,7,10
288,"F",10,5,15,21,2,0,0,0,1,16,24,26,19,7,7,10
288,"F",10,5,15,22,2,0,0,0,1,16,24,26,19,7,7,10
288,"F",10,5,15,24,2,0,0,0,1,16,24,26,19,7,7,10
288,"F",10,5,15,25,2,0,0,0,1,16,24,26,19,7,7,10
288,"F",10,5,15,26,2,0,0,0,1,16,24,26,19,7,7,10
288,"F",10,5,15,28,2,0,0,0,1,16,24,26,19,7,7,10
288,"F",10,5,15,29,2,0,0,0,1,16,24,26,19,7,7,10
288,"F",10,5,15,30,2,0,0,0,1,16,24,26,19,7,7,10
288,"F",10,5,15,31,2,0,0,1,0,16,24,26,19,7,7,10
288,"F",10,5,15,32,2,0,0,0,1,16,24,26,19,7,7,10
288,"F",10,5,15,35,2,0,0,0,1,16,24,26,19,7,7,10
288,"F",10,5,15,36,2,0,0,1,0,16,24,26,19,7,7,10
288,"F",10,5,15,42,2,0,0,0,1,16,24,26,19,7,7,10
288,"F",10,5,15,44,2,0,0,0,1,16,24,26,19,7,7,10
288,"F",10,5,15,45,2,0,0,0,1,16,24,26,19,7,7,10
288,"F",10,5,15,50,2,0,0,0,1,16,24,26,19,7,7,10
288,"F",10,5,15,52,2,0,0,0,1,16,24,26,19,7,7,10
288,"F",10,5,15,56,2,1,0,0,1,16,24,26,19,7,7,10
288,"F",10,5,15,59,2,1,0,0,1,16,24,26,19,7,7,10
288,"F",10,5,15,60,2,0,0,0,1,16,24,26,19,7,7,10
289,"F",10.3,5,15,4,1,0,NA,NA,NA,31,8,30,13,9,8,9
289,"F",10.3,5,15,6,1,0,NA,NA,NA,31,8,30,13,9,8,9
289,"F",10.3,5,15,10,1,1,NA,NA,NA,31,8,30,13,9,8,9
289,"F",10.3,5,15,13,1,0,NA,NA,NA,31,8,30,13,9,8,9
289,"F",10.3,5,15,15,1,1,NA,NA,NA,31,8,30,13,9,8,9
289,"F",10.3,5,15,16,1,1,NA,NA,NA,31,8,30,13,9,8,9
289,"F",10.3,5,15,17,1,0,NA,NA,NA,31,8,30,13,9,8,9
289,"F",10.3,5,15,19,1,0,NA,NA,NA,31,8,30,13,9,8,9
289,"F",10.3,5,15,20,1,1,NA,NA,NA,31,8,30,13,9,8,9
289,"F",10.3,5,15,21,1,0,NA,NA,NA,31,8,30,13,9,8,9
289,"F",10.3,5,15,23,1,1,NA,NA,NA,31,8,30,13,9,8,9
289,"F",10.3,5,15,24,1,0,NA,NA,NA,31,8,30,13,9,8,9
289,"F",10.3,5,15,26,1,0,NA,NA,NA,31,8,30,13,9,8,9
289,"F",10.3,5,15,28,1,0,NA,NA,NA,31,8,30,13,9,8,9
289,"F",10.3,5,15,32,1,0,NA,NA,NA,31,8,30,13,9,8,9
289,"F",10.3,5,15,35,1,1,NA,NA,NA,31,8,30,13,9,8,9
289,"F",10.3,5,15,36,1,0,NA,NA,NA,31,8,30,13,9,8,9
289,"F",10.3,5,15,37,1,0,NA,NA,NA,31,8,30,13,9,8,9
289,"F",10.3,5,15,41,1,0,NA,NA,NA,31,8,30,13,9,8,9
289,"F",10.3,5,15,42,1,0,NA,NA,NA,31,8,30,13,9,8,9
289,"F",10.3,5,15,43,1,0,NA,NA,NA,31,8,30,13,9,8,9
289,"F",10.3,5,15,44,1,1,NA,NA,NA,31,8,30,13,9,8,9
289,"F",10.3,5,15,45,1,1,NA,NA,NA,31,8,30,13,9,8,9
289,"F",10.3,5,15,47,1,0,NA,NA,NA,31,8,30,13,9,8,9
289,"F",10.3,5,15,48,1,0,NA,NA,NA,31,8,30,13,9,8,9
289,"F",10.3,5,15,51,1,0,NA,NA,NA,31,8,30,13,9,8,9
289,"F",10.3,5,15,52,1,1,NA,NA,NA,31,8,30,13,9,8,9
289,"F",10.3,5,15,54,1,0,NA,NA,NA,31,8,30,13,9,8,9
289,"F",10.3,5,15,59,1,0,NA,NA,NA,31,8,30,13,9,8,9
289,"F",10.3,5,15,60,1,0,NA,NA,NA,31,8,30,13,9,8,9
289,"F",10.3,5,15,1,2,0,1,0,0,31,8,30,13,9,8,9
289,"F",10.3,5,15,2,2,0,0,1,0,31,8,30,13,9,8,9
289,"F",10.3,5,15,3,2,0,0,0,1,31,8,30,13,9,8,9
289,"F",10.3,5,15,5,2,0,1,0,0,31,8,30,13,9,8,9
289,"F",10.3,5,15,7,2,0,1,0,0,31,8,30,13,9,8,9
289,"F",10.3,5,15,8,2,1,0,1,0,31,8,30,13,9,8,9
289,"F",10.3,5,15,9,2,0,1,0,0,31,8,30,13,9,8,9
289,"F",10.3,5,15,11,2,0,0,0,1,31,8,30,13,9,8,9
289,"F",10.3,5,15,12,2,0,0,0,1,31,8,30,13,9,8,9
289,"F",10.3,5,15,14,2,0,1,0,0,31,8,30,13,9,8,9
289,"F",10.3,5,15,18,2,0,0,1,0,31,8,30,13,9,8,9
289,"F",10.3,5,15,22,2,0,1,0,0,31,8,30,13,9,8,9
289,"F",10.3,5,15,25,2,0,0,1,0,31,8,30,13,9,8,9
289,"F",10.3,5,15,27,2,1,0,1,0,31,8,30,13,9,8,9
289,"F",10.3,5,15,29,2,0,1,0,0,31,8,30,13,9,8,9
289,"F",10.3,5,15,30,2,0,0,1,0,31,8,30,13,9,8,9
289,"F",10.3,5,15,31,2,1,0,1,0,31,8,30,13,9,8,9
289,"F",10.3,5,15,33,2,0,1,0,0,31,8,30,13,9,8,9
289,"F",10.3,5,15,34,2,1,0,1,0,31,8,30,13,9,8,9
289,"F",10.3,5,15,38,2,0,1,0,0,31,8,30,13,9,8,9
289,"F",10.3,5,15,39,2,0,1,0,0,31,8,30,13,9,8,9
289,"F",10.3,5,15,40,2,0,1,0,0,31,8,30,13,9,8,9
289,"F",10.3,5,15,46,2,1,0,0,1,31,8,30,13,9,8,9
289,"F",10.3,5,15,49,2,0,1,0,0,31,8,30,13,9,8,9
289,"F",10.3,5,15,50,2,0,1,0,0,31,8,30,13,9,8,9
289,"F",10.3,5,15,53,2,0,1,0,0,31,8,30,13,9,8,9
289,"F",10.3,5,15,55,2,0,1,0,0,31,8,30,13,9,8,9
289,"F",10.3,5,15,56,2,0,1,0,0,31,8,30,13,9,8,9
289,"F",10.3,5,15,57,2,0,0,0,1,31,8,30,13,9,8,9
289,"F",10.3,5,15,58,2,0,0,1,0,31,8,30,13,9,8,9
290,"M",10,5,15,2,1,0,NA,NA,NA,23,21,13,16,7,10,15
290,"M",10,5,15,5,1,0,NA,NA,NA,23,21,13,16,7,10,15
290,"M",10,5,15,9,1,1,NA,NA,NA,23,21,13,16,7,10,15
290,"M",10,5,15,11,1,1,NA,NA,NA,23,21,13,16,7,10,15
290,"M",10,5,15,12,1,1,NA,NA,NA,23,21,13,16,7,10,15
290,"M",10,5,15,14,1,0,NA,NA,NA,23,21,13,16,7,10,15
290,"M",10,5,15,15,1,0,NA,NA,NA,23,21,13,16,7,10,15
290,"M",10,5,15,16,1,0,NA,NA,NA,23,21,13,16,7,10,15
290,"M",10,5,15,18,1,0,NA,NA,NA,23,21,13,16,7,10,15
290,"M",10,5,15,19,1,1,NA,NA,NA,23,21,13,16,7,10,15
290,"M",10,5,15,20,1,1,NA,NA,NA,23,21,13,16,7,10,15
290,"M",10,5,15,21,1,0,NA,NA,NA,23,21,13,16,7,10,15
290,"M",10,5,15,22,1,1,NA,NA,NA,23,21,13,16,7,10,15
290,"M",10,5,15,23,1,1,NA,NA,NA,23,21,13,16,7,10,15
290,"M",10,5,15,25,1,1,NA,NA,NA,23,21,13,16,7,10,15
290,"M",10,5,15,26,1,1,NA,NA,NA,23,21,13,16,7,10,15
290,"M",10,5,15,29,1,1,NA,NA,NA,23,21,13,16,7,10,15
290,"M",10,5,15,31,1,0,NA,NA,NA,23,21,13,16,7,10,15
290,"M",10,5,15,35,1,0,NA,NA,NA,23,21,13,16,7,10,15
290,"M",10,5,15,36,1,1,NA,NA,NA,23,21,13,16,7,10,15
290,"M",10,5,15,41,1,0,NA,NA,NA,23,21,13,16,7,10,15
290,"M",10,5,15,42,1,0,NA,NA,NA,23,21,13,16,7,10,15
290,"M",10,5,15,43,1,1,NA,NA,NA,23,21,13,16,7,10,15
290,"M",10,5,15,45,1,0,NA,NA,NA,23,21,13,16,7,10,15
290,"M",10,5,15,46,1,1,NA,NA,NA,23,21,13,16,7,10,15
290,"M",10,5,15,48,1,0,NA,NA,NA,23,21,13,16,7,10,15
290,"M",10,5,15,54,1,0,NA,NA,NA,23,21,13,16,7,10,15
290,"M",10,5,15,55,1,0,NA,NA,NA,23,21,13,16,7,10,15
290,"M",10,5,15,56,1,1,NA,NA,NA,23,21,13,16,7,10,15
290,"M",10,5,15,58,1,1,NA,NA,NA,23,21,13,16,7,10,15
290,"M",10,5,15,1,2,1,0,0,1,23,21,13,16,7,10,15
290,"M",10,5,15,3,2,0,0,1,0,23,21,13,16,7,10,15
290,"M",10,5,15,4,2,0,0,0,1,23,21,13,16,7,10,15
290,"M",10,5,15,6,2,0,0,0,1,23,21,13,16,7,10,15
290,"M",10,5,15,7,2,1,0,1,0,23,21,13,16,7,10,15
290,"M",10,5,15,8,2,0,0,0,1,23,21,13,16,7,10,15
290,"M",10,5,15,10,2,0,0,1,0,23,21,13,16,7,10,15
290,"M",10,5,15,13,2,0,0,0,1,23,21,13,16,7,10,15
290,"M",10,5,15,17,2,0,0,0,1,23,21,13,16,7,10,15
290,"M",10,5,15,24,2,1,0,0,1,23,21,13,16,7,10,15
290,"M",10,5,15,27,2,0,0,0,1,23,21,13,16,7,10,15
290,"M",10,5,15,28,2,1,0,0,1,23,21,13,16,7,10,15
290,"M",10,5,15,30,2,1,0,1,0,23,21,13,16,7,10,15
290,"M",10,5,15,32,2,0,0,0,1,23,21,13,16,7,10,15
290,"M",10,5,15,33,2,1,0,1,0,23,21,13,16,7,10,15
290,"M",10,5,15,34,2,0,0,1,0,23,21,13,16,7,10,15
290,"M",10,5,15,37,2,1,0,1,0,23,21,13,16,7,10,15
290,"M",10,5,15,38,2,1,0,1,0,23,21,13,16,7,10,15
290,"M",10,5,15,39,2,1,0,1,0,23,21,13,16,7,10,15
290,"M",10,5,15,40,2,1,0,0,1,23,21,13,16,7,10,15
290,"M",10,5,15,44,2,0,0,0,1,23,21,13,16,7,10,15
290,"M",10,5,15,47,2,1,0,0,1,23,21,13,16,7,10,15
290,"M",10,5,15,49,2,1,0,1,0,23,21,13,16,7,10,15
290,"M",10,5,15,50,2,0,0,1,0,23,21,13,16,7,10,15
290,"M",10,5,15,51,2,0,0,1,0,23,21,13,16,7,10,15
290,"M",10,5,15,52,2,1,0,0,1,23,21,13,16,7,10,15
290,"M",10,5,15,53,2,1,0,0,1,23,21,13,16,7,10,15
290,"M",10,5,15,57,2,0,0,1,0,23,21,13,16,7,10,15
290,"M",10,5,15,59,2,1,0,0,1,23,21,13,16,7,10,15
290,"M",10,5,15,60,2,1,0,1,0,23,21,13,16,7,10,15
291,"M",10.9,5,15,1,1,0,NA,NA,NA,38,14,37,18,11,8,14
291,"M",10.9,5,15,3,1,0,NA,NA,NA,38,14,37,18,11,8,14
291,"M",10.9,5,15,5,1,0,NA,NA,NA,38,14,37,18,11,8,14
291,"M",10.9,5,15,6,1,0,NA,NA,NA,38,14,37,18,11,8,14
291,"M",10.9,5,15,7,1,0,NA,NA,NA,38,14,37,18,11,8,14
291,"M",10.9,5,15,12,1,1,NA,NA,NA,38,14,37,18,11,8,14
291,"M",10.9,5,15,14,1,1,NA,NA,NA,38,14,37,18,11,8,14
291,"M",10.9,5,15,15,1,0,NA,NA,NA,38,14,37,18,11,8,14
291,"M",10.9,5,15,18,1,0,NA,NA,NA,38,14,37,18,11,8,14
291,"M",10.9,5,15,20,1,1,NA,NA,NA,38,14,37,18,11,8,14
291,"M",10.9,5,15,21,1,1,NA,NA,NA,38,14,37,18,11,8,14
291,"M",10.9,5,15,23,1,1,NA,NA,NA,38,14,37,18,11,8,14
291,"M",10.9,5,15,26,1,1,NA,NA,NA,38,14,37,18,11,8,14
291,"M",10.9,5,15,29,1,0,NA,NA,NA,38,14,37,18,11,8,14
291,"M",10.9,5,15,31,1,0,NA,NA,NA,38,14,37,18,11,8,14
291,"M",10.9,5,15,32,1,0,NA,NA,NA,38,14,37,18,11,8,14
291,"M",10.9,5,15,33,1,1,NA,NA,NA,38,14,37,18,11,8,14
291,"M",10.9,5,15,35,1,0,NA,NA,NA,38,14,37,18,11,8,14
291,"M",10.9,5,15,39,1,1,NA,NA,NA,38,14,37,18,11,8,14
291,"M",10.9,5,15,40,1,1,NA,NA,NA,38,14,37,18,11,8,14
291,"M",10.9,5,15,41,1,1,NA,NA,NA,38,14,37,18,11,8,14
291,"M",10.9,5,15,45,1,1,NA,NA,NA,38,14,37,18,11,8,14
291,"M",10.9,5,15,46,1,0,NA,NA,NA,38,14,37,18,11,8,14
291,"M",10.9,5,15,47,1,1,NA,NA,NA,38,14,37,18,11,8,14
291,"M",10.9,5,15,48,1,0,NA,NA,NA,38,14,37,18,11,8,14
291,"M",10.9,5,15,49,1,0,NA,NA,NA,38,14,37,18,11,8,14
291,"M",10.9,5,15,50,1,0,NA,NA,NA,38,14,37,18,11,8,14
291,"M",10.9,5,15,52,1,0,NA,NA,NA,38,14,37,18,11,8,14
291,"M",10.9,5,15,53,1,1,NA,NA,NA,38,14,37,18,11,8,14
291,"M",10.9,5,15,54,1,1,NA,NA,NA,38,14,37,18,11,8,14
291,"M",10.9,5,15,2,2,1,0,0,1,38,14,37,18,11,8,14
291,"M",10.9,5,15,4,2,0,1,0,0,38,14,37,18,11,8,14
291,"M",10.9,5,15,8,2,0,1,0,0,38,14,37,18,11,8,14
291,"M",10.9,5,15,9,2,0,1,0,0,38,14,37,18,11,8,14
291,"M",10.9,5,15,10,2,1,0,0,1,38,14,37,18,11,8,14
291,"M",10.9,5,15,11,2,0,1,0,0,38,14,37,18,11,8,14
291,"M",10.9,5,15,13,2,0,1,0,0,38,14,37,18,11,8,14
291,"M",10.9,5,15,16,2,1,0,1,0,38,14,37,18,11,8,14
291,"M",10.9,5,15,17,2,0,1,0,0,38,14,37,18,11,8,14
291,"M",10.9,5,15,19,2,0,1,0,0,38,14,37,18,11,8,14
291,"M",10.9,5,15,22,2,0,1,0,0,38,14,37,18,11,8,14
291,"M",10.9,5,15,24,2,0,1,0,0,38,14,37,18,11,8,14
291,"M",10.9,5,15,25,2,0,1,0,0,38,14,37,18,11,8,14
291,"M",10.9,5,15,27,2,0,1,0,0,38,14,37,18,11,8,14
291,"M",10.9,5,15,28,2,0,1,0,0,38,14,37,18,11,8,14
291,"M",10.9,5,15,30,2,0,1,0,0,38,14,37,18,11,8,14
291,"M",10.9,5,15,34,2,0,1,0,0,38,14,37,18,11,8,14
291,"M",10.9,5,15,36,2,0,1,0,0,38,14,37,18,11,8,14
291,"M",10.9,5,15,37,2,0,0,1,0,38,14,37,18,11,8,14
291,"M",10.9,5,15,38,2,0,1,0,0,38,14,37,18,11,8,14
291,"M",10.9,5,15,42,2,0,1,0,0,38,14,37,18,11,8,14
291,"M",10.9,5,15,43,2,0,1,0,0,38,14,37,18,11,8,14
291,"M",10.9,5,15,44,2,0,1,0,0,38,14,37,18,11,8,14
291,"M",10.9,5,15,51,2,0,1,0,0,38,14,37,18,11,8,14
291,"M",10.9,5,15,55,2,0,1,0,0,38,14,37,18,11,8,14
291,"M",10.9,5,15,56,2,0,1,0,0,38,14,37,18,11,8,14
291,"M",10.9,5,15,57,2,0,1,0,0,38,14,37,18,11,8,14
291,"M",10.9,5,15,58,2,0,1,0,0,38,14,37,18,11,8,14
291,"M",10.9,5,15,59,2,0,1,0,0,38,14,37,18,11,8,14
291,"M",10.9,5,15,60,2,0,0,1,0,38,14,37,18,11,8,14
292,"M",10.7,5,15,3,1,0,NA,NA,NA,42,8,33,25,9,4,15
292,"M",10.7,5,15,6,1,0,NA,NA,NA,42,8,33,25,9,4,15
292,"M",10.7,5,15,10,1,1,NA,NA,NA,42,8,33,25,9,4,15
292,"M",10.7,5,15,11,1,1,NA,NA,NA,42,8,33,25,9,4,15
292,"M",10.7,5,15,15,1,0,NA,NA,NA,42,8,33,25,9,4,15
292,"M",10.7,5,15,16,1,0,NA,NA,NA,42,8,33,25,9,4,15
292,"M",10.7,5,15,19,1,1,NA,NA,NA,42,8,33,25,9,4,15
292,"M",10.7,5,15,21,1,0,NA,NA,NA,42,8,33,25,9,4,15
292,"M",10.7,5,15,22,1,1,NA,NA,NA,42,8,33,25,9,4,15
292,"M",10.7,5,15,23,1,0,NA,NA,NA,42,8,33,25,9,4,15
292,"M",10.7,5,15,24,1,1,NA,NA,NA,42,8,33,25,9,4,15
292,"M",10.7,5,15,27,1,1,NA,NA,NA,42,8,33,25,9,4,15
292,"M",10.7,5,15,28,1,0,NA,NA,NA,42,8,33,25,9,4,15
292,"M",10.7,5,15,31,1,0,NA,NA,NA,42,8,33,25,9,4,15
292,"M",10.7,5,15,34,1,0,NA,NA,NA,42,8,33,25,9,4,15
292,"M",10.7,5,15,35,1,0,NA,NA,NA,42,8,33,25,9,4,15
292,"M",10.7,5,15,37,1,1,NA,NA,NA,42,8,33,25,9,4,15
292,"M",10.7,5,15,38,1,1,NA,NA,NA,42,8,33,25,9,4,15
292,"M",10.7,5,15,42,1,1,NA,NA,NA,42,8,33,25,9,4,15
292,"M",10.7,5,15,43,1,1,NA,NA,NA,42,8,33,25,9,4,15
292,"M",10.7,5,15,44,1,1,NA,NA,NA,42,8,33,25,9,4,15
292,"M",10.7,5,15,45,1,1,NA,NA,NA,42,8,33,25,9,4,15
292,"M",10.7,5,15,46,1,1,NA,NA,NA,42,8,33,25,9,4,15
292,"M",10.7,5,15,48,1,0,NA,NA,NA,42,8,33,25,9,4,15
292,"M",10.7,5,15,49,1,0,NA,NA,NA,42,8,33,25,9,4,15
292,"M",10.7,5,15,50,1,0,NA,NA,NA,42,8,33,25,9,4,15
292,"M",10.7,5,15,53,1,1,NA,NA,NA,42,8,33,25,9,4,15
292,"M",10.7,5,15,54,1,0,NA,NA,NA,42,8,33,25,9,4,15
292,"M",10.7,5,15,58,1,1,NA,NA,NA,42,8,33,25,9,4,15
292,"M",10.7,5,15,59,1,0,NA,NA,NA,42,8,33,25,9,4,15
292,"M",10.7,5,15,1,2,0,1,0,0,42,8,33,25,9,4,15
292,"M",10.7,5,15,2,2,0,1,0,0,42,8,33,25,9,4,15
292,"M",10.7,5,15,4,2,0,1,0,0,42,8,33,25,9,4,15
292,"M",10.7,5,15,5,2,0,1,0,0,42,8,33,25,9,4,15
292,"M",10.7,5,15,7,2,0,1,0,0,42,8,33,25,9,4,15
292,"M",10.7,5,15,8,2,0,1,0,0,42,8,33,25,9,4,15
292,"M",10.7,5,15,9,2,0,1,0,0,42,8,33,25,9,4,15
292,"M",10.7,5,15,12,2,0,1,0,0,42,8,33,25,9,4,15
292,"M",10.7,5,15,13,2,0,1,0,0,42,8,33,25,9,4,15
292,"M",10.7,5,15,14,2,0,1,0,0,42,8,33,25,9,4,15
292,"M",10.7,5,15,17,2,0,1,0,0,42,8,33,25,9,4,15
292,"M",10.7,5,15,18,2,0,1,0,0,42,8,33,25,9,4,15
292,"M",10.7,5,15,20,2,0,1,0,0,42,8,33,25,9,4,15
292,"M",10.7,5,15,25,2,0,1,0,0,42,8,33,25,9,4,15
292,"M",10.7,5,15,26,2,0,1,0,0,42,8,33,25,9,4,15
292,"M",10.7,5,15,29,2,1,0,1,0,42,8,33,25,9,4,15
292,"M",10.7,5,15,30,2,0,1,0,0,42,8,33,25,9,4,15
292,"M",10.7,5,15,32,2,0,1,0,0,42,8,33,25,9,4,15
292,"M",10.7,5,15,33,2,0,1,0,0,42,8,33,25,9,4,15
292,"M",10.7,5,15,36,2,0,1,0,0,42,8,33,25,9,4,15
292,"M",10.7,5,15,39,2,0,1,0,0,42,8,33,25,9,4,15
292,"M",10.7,5,15,40,2,0,1,0,0,42,8,33,25,9,4,15
292,"M",10.7,5,15,41,2,0,1,0,0,42,8,33,25,9,4,15
292,"M",10.7,5,15,47,2,0,1,0,0,42,8,33,25,9,4,15
292,"M",10.7,5,15,51,2,0,1,0,0,42,8,33,25,9,4,15
292,"M",10.7,5,15,52,2,0,1,0,0,42,8,33,25,9,4,15
292,"M",10.7,5,15,55,2,0,1,0,0,42,8,33,25,9,4,15
292,"M",10.7,5,15,56,2,0,1,0,0,42,8,33,25,9,4,15
292,"M",10.7,5,15,57,2,0,1,0,0,42,8,33,25,9,4,15
292,"M",10.7,5,15,60,2,0,1,0,0,42,8,33,25,9,4,15
293,"F",10.3,5,15,1,1,1,NA,NA,NA,21,19,16,31,6,6,19
293,"F",10.3,5,15,2,1,1,NA,NA,NA,21,19,16,31,6,6,19
293,"F",10.3,5,15,6,1,1,NA,NA,NA,21,19,16,31,6,6,19
293,"F",10.3,5,15,7,1,1,NA,NA,NA,21,19,16,31,6,6,19
293,"F",10.3,5,15,10,1,0,NA,NA,NA,21,19,16,31,6,6,19
293,"F",10.3,5,15,11,1,1,NA,NA,NA,21,19,16,31,6,6,19
293,"F",10.3,5,15,13,1,1,NA,NA,NA,21,19,16,31,6,6,19
293,"F",10.3,5,15,14,1,1,NA,NA,NA,21,19,16,31,6,6,19
293,"F",10.3,5,15,16,1,1,NA,NA,NA,21,19,16,31,6,6,19
293,"F",10.3,5,15,18,1,0,NA,NA,NA,21,19,16,31,6,6,19
293,"F",10.3,5,15,19,1,1,NA,NA,NA,21,19,16,31,6,6,19
293,"F",10.3,5,15,22,1,0,NA,NA,NA,21,19,16,31,6,6,19
293,"F",10.3,5,15,23,1,1,NA,NA,NA,21,19,16,31,6,6,19
293,"F",10.3,5,15,24,1,1,NA,NA,NA,21,19,16,31,6,6,19
293,"F",10.3,5,15,25,1,1,NA,NA,NA,21,19,16,31,6,6,19
293,"F",10.3,5,15,27,1,1,NA,NA,NA,21,19,16,31,6,6,19
293,"F",10.3,5,15,28,1,1,NA,NA,NA,21,19,16,31,6,6,19
293,"F",10.3,5,15,29,1,0,NA,NA,NA,21,19,16,31,6,6,19
293,"F",10.3,5,15,32,1,0,NA,NA,NA,21,19,16,31,6,6,19
293,"F",10.3,5,15,34,1,0,NA,NA,NA,21,19,16,31,6,6,19
293,"F",10.3,5,15,37,1,1,NA,NA,NA,21,19,16,31,6,6,19
293,"F",10.3,5,15,39,1,0,NA,NA,NA,21,19,16,31,6,6,19
293,"F",10.3,5,15,41,1,0,NA,NA,NA,21,19,16,31,6,6,19
293,"F",10.3,5,15,44,1,0,NA,NA,NA,21,19,16,31,6,6,19
293,"F",10.3,5,15,45,1,1,NA,NA,NA,21,19,16,31,6,6,19
293,"F",10.3,5,15,48,1,0,NA,NA,NA,21,19,16,31,6,6,19
293,"F",10.3,5,15,49,1,1,NA,NA,NA,21,19,16,31,6,6,19
293,"F",10.3,5,15,52,1,1,NA,NA,NA,21,19,16,31,6,6,19
293,"F",10.3,5,15,54,1,0,NA,NA,NA,21,19,16,31,6,6,19
293,"F",10.3,5,15,56,1,1,NA,NA,NA,21,19,16,31,6,6,19
293,"F",10.3,5,15,3,2,0,0,0,1,21,19,16,31,6,6,19
293,"F",10.3,5,15,4,2,1,0,1,0,21,19,16,31,6,6,19
293,"F",10.3,5,15,5,2,1,0,1,0,21,19,16,31,6,6,19
293,"F",10.3,5,15,8,2,0,0,0,1,21,19,16,31,6,6,19
293,"F",10.3,5,15,9,2,0,0,1,0,21,19,16,31,6,6,19
293,"F",10.3,5,15,12,2,1,0,0,1,21,19,16,31,6,6,19
293,"F",10.3,5,15,15,2,1,0,0,1,21,19,16,31,6,6,19
293,"F",10.3,5,15,17,2,1,0,0,1,21,19,16,31,6,6,19
293,"F",10.3,5,15,20,2,0,0,1,0,21,19,16,31,6,6,19
293,"F",10.3,5,15,21,2,1,0,0,1,21,19,16,31,6,6,19
293,"F",10.3,5,15,26,2,1,0,0,1,21,19,16,31,6,6,19
293,"F",10.3,5,15,30,2,1,0,0,1,21,19,16,31,6,6,19
293,"F",10.3,5,15,31,2,0,0,0,1,21,19,16,31,6,6,19
293,"F",10.3,5,15,33,2,1,0,0,1,21,19,16,31,6,6,19
293,"F",10.3,5,15,35,2,0,1,0,0,21,19,16,31,6,6,19
293,"F",10.3,5,15,36,2,0,1,0,0,21,19,16,31,6,6,19
293,"F",10.3,5,15,38,2,1,0,0,1,21,19,16,31,6,6,19
293,"F",10.3,5,15,40,2,1,0,0,1,21,19,16,31,6,6,19
293,"F",10.3,5,15,42,2,1,0,0,1,21,19,16,31,6,6,19
293,"F",10.3,5,15,43,2,1,0,0,1,21,19,16,31,6,6,19
293,"F",10.3,5,15,46,2,1,0,0,1,21,19,16,31,6,6,19
293,"F",10.3,5,15,47,2,1,0,0,1,21,19,16,31,6,6,19
293,"F",10.3,5,15,50,2,1,0,1,0,21,19,16,31,6,6,19
293,"F",10.3,5,15,51,2,1,0,1,0,21,19,16,31,6,6,19
293,"F",10.3,5,15,53,2,0,0,0,1,21,19,16,31,6,6,19
293,"F",10.3,5,15,55,2,0,1,0,0,21,19,16,31,6,6,19
293,"F",10.3,5,15,57,2,0,0,1,0,21,19,16,31,6,6,19
293,"F",10.3,5,15,58,2,1,0,0,1,21,19,16,31,6,6,19
293,"F",10.3,5,15,59,2,0,0,0,1,21,19,16,31,6,6,19
293,"F",10.3,5,15,60,2,0,0,0,1,21,19,16,31,6,6,19
294,"F",10.4,5,15,2,1,1,NA,NA,NA,28,20,20,22,6,11,14
294,"F",10.4,5,15,4,1,0,NA,NA,NA,28,20,20,22,6,11,14
294,"F",10.4,5,15,5,1,1,NA,NA,NA,28,20,20,22,6,11,14
294,"F",10.4,5,15,12,1,0,NA,NA,NA,28,20,20,22,6,11,14
294,"F",10.4,5,15,14,1,0,NA,NA,NA,28,20,20,22,6,11,14
294,"F",10.4,5,15,16,1,0,NA,NA,NA,28,20,20,22,6,11,14
294,"F",10.4,5,15,17,1,0,NA,NA,NA,28,20,20,22,6,11,14
294,"F",10.4,5,15,18,1,0,NA,NA,NA,28,20,20,22,6,11,14
294,"F",10.4,5,15,21,1,0,NA,NA,NA,28,20,20,22,6,11,14
294,"F",10.4,5,15,23,1,1,NA,NA,NA,28,20,20,22,6,11,14
294,"F",10.4,5,15,24,1,1,NA,NA,NA,28,20,20,22,6,11,14
294,"F",10.4,5,15,25,1,1,NA,NA,NA,28,20,20,22,6,11,14
294,"F",10.4,5,15,29,1,0,NA,NA,NA,28,20,20,22,6,11,14
294,"F",10.4,5,15,30,1,1,NA,NA,NA,28,20,20,22,6,11,14
294,"F",10.4,5,15,32,1,0,NA,NA,NA,28,20,20,22,6,11,14
294,"F",10.4,5,15,33,1,1,NA,NA,NA,28,20,20,22,6,11,14
294,"F",10.4,5,15,34,1,0,NA,NA,NA,28,20,20,22,6,11,14
294,"F",10.4,5,15,37,1,1,NA,NA,NA,28,20,20,22,6,11,14
294,"F",10.4,5,15,39,1,1,NA,NA,NA,28,20,20,22,6,11,14
294,"F",10.4,5,15,42,1,0,NA,NA,NA,28,20,20,22,6,11,14
294,"F",10.4,5,15,43,1,0,NA,NA,NA,28,20,20,22,6,11,14
294,"F",10.4,5,15,47,1,1,NA,NA,NA,28,20,20,22,6,11,14
294,"F",10.4,5,15,50,1,0,NA,NA,NA,28,20,20,22,6,11,14
294,"F",10.4,5,15,51,1,1,NA,NA,NA,28,20,20,22,6,11,14
294,"F",10.4,5,15,53,1,1,NA,NA,NA,28,20,20,22,6,11,14
294,"F",10.4,5,15,56,1,0,NA,NA,NA,28,20,20,22,6,11,14
294,"F",10.4,5,15,57,1,0,NA,NA,NA,28,20,20,22,6,11,14
294,"F",10.4,5,15,58,1,1,NA,NA,NA,28,20,20,22,6,11,14
294,"F",10.4,5,15,59,1,1,NA,NA,NA,28,20,20,22,6,11,14
294,"F",10.4,5,15,60,1,0,NA,NA,NA,28,20,20,22,6,11,14
294,"F",10.4,5,15,1,2,1,0,1,0,28,20,20,22,6,11,14
294,"F",10.4,5,15,3,2,0,0,1,0,28,20,20,22,6,11,14
294,"F",10.4,5,15,6,2,0,0,1,0,28,20,20,22,6,11,14
294,"F",10.4,5,15,7,2,1,0,1,0,28,20,20,22,6,11,14
294,"F",10.4,5,15,8,2,1,0,0,1,28,20,20,22,6,11,14
294,"F",10.4,5,15,9,2,0,0,1,0,28,20,20,22,6,11,14
294,"F",10.4,5,15,10,2,0,0,0,1,28,20,20,22,6,11,14
294,"F",10.4,5,15,11,2,1,0,1,0,28,20,20,22,6,11,14
294,"F",10.4,5,15,13,2,0,1,0,0,28,20,20,22,6,11,14
294,"F",10.4,5,15,15,2,0,0,1,0,28,20,20,22,6,11,14
294,"F",10.4,5,15,19,2,0,0,1,0,28,20,20,22,6,11,14
294,"F",10.4,5,15,20,2,0,0,0,1,28,20,20,22,6,11,14
294,"F",10.4,5,15,22,2,0,0,1,0,28,20,20,22,6,11,14
294,"F",10.4,5,15,26,2,0,0,1,0,28,20,20,22,6,11,14
294,"F",10.4,5,15,27,2,1,0,1,0,28,20,20,22,6,11,14
294,"F",10.4,5,15,28,2,0,0,1,0,28,20,20,22,6,11,14
294,"F",10.4,5,15,31,2,0,0,1,0,28,20,20,22,6,11,14
294,"F",10.4,5,15,35,2,1,0,0,1,28,20,20,22,6,11,14
294,"F",10.4,5,15,36,2,0,0,0,1,28,20,20,22,6,11,14
294,"F",10.4,5,15,38,2,1,0,0,1,28,20,20,22,6,11,14
294,"F",10.4,5,15,40,2,1,0,0,1,28,20,20,22,6,11,14
294,"F",10.4,5,15,41,2,1,0,1,0,28,20,20,22,6,11,14
294,"F",10.4,5,15,44,2,1,0,1,0,28,20,20,22,6,11,14
294,"F",10.4,5,15,45,2,1,0,0,1,28,20,20,22,6,11,14
294,"F",10.4,5,15,46,2,1,0,1,0,28,20,20,22,6,11,14
294,"F",10.4,5,15,48,2,0,0,1,0,28,20,20,22,6,11,14
294,"F",10.4,5,15,49,2,0,0,0,1,28,20,20,22,6,11,14
294,"F",10.4,5,15,52,2,1,0,0,1,28,20,20,22,6,11,14
294,"F",10.4,5,15,54,2,0,0,0,1,28,20,20,22,6,11,14
294,"F",10.4,5,15,55,2,0,0,1,0,28,20,20,22,6,11,14
295,"F",10.3,5,15,1,1,0,NA,NA,NA,32,18,16,29,6,11,11
295,"F",10.3,5,15,4,1,1,NA,NA,NA,32,18,16,29,6,11,11
295,"F",10.3,5,15,5,1,1,NA,NA,NA,32,18,16,29,6,11,11
295,"F",10.3,5,15,6,1,0,NA,NA,NA,32,18,16,29,6,11,11
295,"F",10.3,5,15,7,1,0,NA,NA,NA,32,18,16,29,6,11,11
295,"F",10.3,5,15,9,1,0,NA,NA,NA,32,18,16,29,6,11,11
295,"F",10.3,5,15,10,1,1,NA,NA,NA,32,18,16,29,6,11,11
295,"F",10.3,5,15,12,1,0,NA,NA,NA,32,18,16,29,6,11,11
295,"F",10.3,5,15,14,1,1,NA,NA,NA,32,18,16,29,6,11,11
295,"F",10.3,5,15,16,1,0,NA,NA,NA,32,18,16,29,6,11,11
295,"F",10.3,5,15,19,1,0,NA,NA,NA,32,18,16,29,6,11,11
295,"F",10.3,5,15,25,1,1,NA,NA,NA,32,18,16,29,6,11,11
295,"F",10.3,5,15,27,1,1,NA,NA,NA,32,18,16,29,6,11,11
295,"F",10.3,5,15,28,1,0,NA,NA,NA,32,18,16,29,6,11,11
295,"F",10.3,5,15,30,1,1,NA,NA,NA,32,18,16,29,6,11,11
295,"F",10.3,5,15,32,1,0,NA,NA,NA,32,18,16,29,6,11,11
295,"F",10.3,5,15,34,1,0,NA,NA,NA,32,18,16,29,6,11,11
295,"F",10.3,5,15,35,1,0,NA,NA,NA,32,18,16,29,6,11,11
295,"F",10.3,5,15,36,1,1,NA,NA,NA,32,18,16,29,6,11,11
295,"F",10.3,5,15,37,1,0,NA,NA,NA,32,18,16,29,6,11,11
295,"F",10.3,5,15,39,1,1,NA,NA,NA,32,18,16,29,6,11,11
295,"F",10.3,5,15,40,1,0,NA,NA,NA,32,18,16,29,6,11,11
295,"F",10.3,5,15,45,1,1,NA,NA,NA,32,18,16,29,6,11,11
295,"F",10.3,5,15,47,1,1,NA,NA,NA,32,18,16,29,6,11,11
295,"F",10.3,5,15,48,1,0,NA,NA,NA,32,18,16,29,6,11,11
295,"F",10.3,5,15,50,1,0,NA,NA,NA,32,18,16,29,6,11,11
295,"F",10.3,5,15,52,1,0,NA,NA,NA,32,18,16,29,6,11,11
295,"F",10.3,5,15,53,1,0,NA,NA,NA,32,18,16,29,6,11,11
295,"F",10.3,5,15,54,1,0,NA,NA,NA,32,18,16,29,6,11,11
295,"F",10.3,5,15,59,1,0,NA,NA,NA,32,18,16,29,6,11,11
295,"F",10.3,5,15,2,2,0,0,0,1,32,18,16,29,6,11,11
295,"F",10.3,5,15,3,2,1,0,1,0,32,18,16,29,6,11,11
295,"F",10.3,5,15,8,2,1,0,1,0,32,18,16,29,6,11,11
295,"F",10.3,5,15,11,2,1,0,1,0,32,18,16,29,6,11,11
295,"F",10.3,5,15,13,2,0,0,1,0,32,18,16,29,6,11,11
295,"F",10.3,5,15,15,2,0,1,0,0,32,18,16,29,6,11,11
295,"F",10.3,5,15,17,2,0,0,0,1,32,18,16,29,6,11,11
295,"F",10.3,5,15,18,2,1,0,1,0,32,18,16,29,6,11,11
295,"F",10.3,5,15,20,2,1,0,0,1,32,18,16,29,6,11,11
295,"F",10.3,5,15,21,2,0,0,1,0,32,18,16,29,6,11,11
295,"F",10.3,5,15,22,2,0,0,1,0,32,18,16,29,6,11,11
295,"F",10.3,5,15,23,2,1,0,1,0,32,18,16,29,6,11,11
295,"F",10.3,5,15,24,2,0,0,1,0,32,18,16,29,6,11,11
295,"F",10.3,5,15,26,2,1,0,1,0,32,18,16,29,6,11,11
295,"F",10.3,5,15,29,2,1,0,0,1,32,18,16,29,6,11,11
295,"F",10.3,5,15,31,2,1,0,0,1,32,18,16,29,6,11,11
295,"F",10.3,5,15,33,2,0,0,1,0,32,18,16,29,6,11,11
295,"F",10.3,5,15,38,2,0,0,0,1,32,18,16,29,6,11,11
295,"F",10.3,5,15,41,2,0,0,0,1,32,18,16,29,6,11,11
295,"F",10.3,5,15,42,2,1,0,0,1,32,18,16,29,6,11,11
295,"F",10.3,5,15,43,2,1,0,1,0,32,18,16,29,6,11,11
295,"F",10.3,5,15,44,2,1,0,0,1,32,18,16,29,6,11,11
295,"F",10.3,5,15,46,2,1,0,0,1,32,18,16,29,6,11,11
295,"F",10.3,5,15,49,2,1,0,1,0,32,18,16,29,6,11,11
295,"F",10.3,5,15,51,2,0,0,1,0,32,18,16,29,6,11,11
295,"F",10.3,5,15,55,2,0,0,1,0,32,18,16,29,6,11,11
295,"F",10.3,5,15,56,2,1,0,0,1,32,18,16,29,6,11,11
295,"F",10.3,5,15,57,2,1,0,1,0,32,18,16,29,6,11,11
295,"F",10.3,5,15,58,2,0,0,1,0,32,18,16,29,6,11,11
295,"F",10.3,5,15,60,2,0,0,1,0,32,18,16,29,6,11,11
296,"M",10.1,5,15,3,1,0,NA,NA,NA,37,19,23,21,7,6,18
296,"M",10.1,5,15,4,1,0,NA,NA,NA,37,19,23,21,7,6,18
296,"M",10.1,5,15,5,1,1,NA,NA,NA,37,19,23,21,7,6,18
296,"M",10.1,5,15,6,1,0,NA,NA,NA,37,19,23,21,7,6,18
296,"M",10.1,5,15,9,1,1,NA,NA,NA,37,19,23,21,7,6,18
296,"M",10.1,5,15,10,1,1,NA,NA,NA,37,19,23,21,7,6,18
296,"M",10.1,5,15,12,1,1,NA,NA,NA,37,19,23,21,7,6,18
296,"M",10.1,5,15,15,1,0,NA,NA,NA,37,19,23,21,7,6,18
296,"M",10.1,5,15,17,1,1,NA,NA,NA,37,19,23,21,7,6,18
296,"M",10.1,5,15,19,1,0,NA,NA,NA,37,19,23,21,7,6,18
296,"M",10.1,5,15,21,1,0,NA,NA,NA,37,19,23,21,7,6,18
296,"M",10.1,5,15,23,1,1,NA,NA,NA,37,19,23,21,7,6,18
296,"M",10.1,5,15,26,1,0,NA,NA,NA,37,19,23,21,7,6,18
296,"M",10.1,5,15,29,1,1,NA,NA,NA,37,19,23,21,7,6,18
296,"M",10.1,5,15,31,1,0,NA,NA,NA,37,19,23,21,7,6,18
296,"M",10.1,5,15,32,1,1,NA,NA,NA,37,19,23,21,7,6,18
296,"M",10.1,5,15,34,1,0,NA,NA,NA,37,19,23,21,7,6,18
296,"M",10.1,5,15,35,1,0,NA,NA,NA,37,19,23,21,7,6,18
296,"M",10.1,5,15,36,1,1,NA,NA,NA,37,19,23,21,7,6,18
296,"M",10.1,5,15,40,1,1,NA,NA,NA,37,19,23,21,7,6,18
296,"M",10.1,5,15,41,1,1,NA,NA,NA,37,19,23,21,7,6,18
296,"M",10.1,5,15,43,1,1,NA,NA,NA,37,19,23,21,7,6,18
296,"M",10.1,5,15,45,1,1,NA,NA,NA,37,19,23,21,7,6,18
296,"M",10.1,5,15,46,1,0,NA,NA,NA,37,19,23,21,7,6,18
296,"M",10.1,5,15,47,1,1,NA,NA,NA,37,19,23,21,7,6,18
296,"M",10.1,5,15,50,1,1,NA,NA,NA,37,19,23,21,7,6,18
296,"M",10.1,5,15,52,1,1,NA,NA,NA,37,19,23,21,7,6,18
296,"M",10.1,5,15,57,1,1,NA,NA,NA,37,19,23,21,7,6,18
296,"M",10.1,5,15,59,1,1,NA,NA,NA,37,19,23,21,7,6,18
296,"M",10.1,5,15,60,1,0,NA,NA,NA,37,19,23,21,7,6,18
296,"M",10.1,5,15,1,2,0,1,0,0,37,19,23,21,7,6,18
296,"M",10.1,5,15,2,2,0,0,1,0,37,19,23,21,7,6,18
296,"M",10.1,5,15,7,2,0,0,1,0,37,19,23,21,7,6,18
296,"M",10.1,5,15,8,2,0,1,0,0,37,19,23,21,7,6,18
296,"M",10.1,5,15,11,2,1,0,1,0,37,19,23,21,7,6,18
296,"M",10.1,5,15,13,2,0,0,1,0,37,19,23,21,7,6,18
296,"M",10.1,5,15,14,2,0,1,0,0,37,19,23,21,7,6,18
296,"M",10.1,5,15,16,2,0,0,0,1,37,19,23,21,7,6,18
296,"M",10.1,5,15,18,2,0,0,1,0,37,19,23,21,7,6,18
296,"M",10.1,5,15,20,2,0,0,1,0,37,19,23,21,7,6,18
296,"M",10.1,5,15,22,2,0,0,0,1,37,19,23,21,7,6,18
296,"M",10.1,5,15,24,2,0,1,0,0,37,19,23,21,7,6,18
296,"M",10.1,5,15,25,2,1,0,1,0,37,19,23,21,7,6,18
296,"M",10.1,5,15,27,2,0,0,1,0,37,19,23,21,7,6,18
296,"M",10.1,5,15,28,2,0,0,1,0,37,19,23,21,7,6,18
296,"M",10.1,5,15,30,2,0,0,1,0,37,19,23,21,7,6,18
296,"M",10.1,5,15,33,2,1,0,1,0,37,19,23,21,7,6,18
296,"M",10.1,5,15,37,2,1,0,1,0,37,19,23,21,7,6,18
296,"M",10.1,5,15,38,2,0,0,1,0,37,19,23,21,7,6,18
296,"M",10.1,5,15,39,2,0,0,1,0,37,19,23,21,7,6,18
296,"M",10.1,5,15,42,2,0,0,0,1,37,19,23,21,7,6,18
296,"M",10.1,5,15,44,2,0,0,1,0,37,19,23,21,7,6,18
296,"M",10.1,5,15,48,2,1,0,1,0,37,19,23,21,7,6,18
296,"M",10.1,5,15,49,2,1,0,0,1,37,19,23,21,7,6,18
296,"M",10.1,5,15,51,2,0,0,0,1,37,19,23,21,7,6,18
296,"M",10.1,5,15,53,2,1,0,1,0,37,19,23,21,7,6,18
296,"M",10.1,5,15,54,2,0,0,1,0,37,19,23,21,7,6,18
296,"M",10.1,5,15,55,2,0,0,0,1,37,19,23,21,7,6,18
296,"M",10.1,5,15,56,2,0,1,0,0,37,19,23,21,7,6,18
296,"M",10.1,5,15,58,2,1,0,1,0,37,19,23,21,7,6,18
297,"M",10.8,5,15,4,1,1,NA,NA,NA,25,21,36,16,10,4,16
297,"M",10.8,5,15,5,1,1,NA,NA,NA,25,21,36,16,10,4,16
297,"M",10.8,5,15,6,1,1,NA,NA,NA,25,21,36,16,10,4,16
297,"M",10.8,5,15,7,1,1,NA,NA,NA,25,21,36,16,10,4,16
297,"M",10.8,5,15,8,1,1,NA,NA,NA,25,21,36,16,10,4,16
297,"M",10.8,5,15,9,1,0,NA,NA,NA,25,21,36,16,10,4,16
297,"M",10.8,5,15,10,1,0,NA,NA,NA,25,21,36,16,10,4,16
297,"M",10.8,5,15,13,1,0,NA,NA,NA,25,21,36,16,10,4,16
297,"M",10.8,5,15,14,1,0,NA,NA,NA,25,21,36,16,10,4,16
297,"M",10.8,5,15,15,1,1,NA,NA,NA,25,21,36,16,10,4,16
297,"M",10.8,5,15,17,1,1,NA,NA,NA,25,21,36,16,10,4,16
297,"M",10.8,5,15,22,1,0,NA,NA,NA,25,21,36,16,10,4,16
297,"M",10.8,5,15,23,1,0,NA,NA,NA,25,21,36,16,10,4,16
297,"M",10.8,5,15,25,1,1,NA,NA,NA,25,21,36,16,10,4,16
297,"M",10.8,5,15,28,1,1,NA,NA,NA,25,21,36,16,10,4,16
297,"M",10.8,5,15,29,1,0,NA,NA,NA,25,21,36,16,10,4,16
297,"M",10.8,5,15,30,1,1,NA,NA,NA,25,21,36,16,10,4,16
297,"M",10.8,5,15,34,1,1,NA,NA,NA,25,21,36,16,10,4,16
297,"M",10.8,5,15,35,1,0,NA,NA,NA,25,21,36,16,10,4,16
297,"M",10.8,5,15,37,1,0,NA,NA,NA,25,21,36,16,10,4,16
297,"M",10.8,5,15,38,1,1,NA,NA,NA,25,21,36,16,10,4,16
297,"M",10.8,5,15,40,1,1,NA,NA,NA,25,21,36,16,10,4,16
297,"M",10.8,5,15,42,1,0,NA,NA,NA,25,21,36,16,10,4,16
297,"M",10.8,5,15,43,1,1,NA,NA,NA,25,21,36,16,10,4,16
297,"M",10.8,5,15,44,1,0,NA,NA,NA,25,21,36,16,10,4,16
297,"M",10.8,5,15,46,1,1,NA,NA,NA,25,21,36,16,10,4,16
297,"M",10.8,5,15,51,1,0,NA,NA,NA,25,21,36,16,10,4,16
297,"M",10.8,5,15,52,1,0,NA,NA,NA,25,21,36,16,10,4,16
297,"M",10.8,5,15,53,1,0,NA,NA,NA,25,21,36,16,10,4,16
297,"M",10.8,5,15,56,1,1,NA,NA,NA,25,21,36,16,10,4,16
297,"M",10.8,5,15,1,2,0,0,0,1,25,21,36,16,10,4,16
297,"M",10.8,5,15,2,2,0,1,0,0,25,21,36,16,10,4,16
297,"M",10.8,5,15,3,2,0,0,0,1,25,21,36,16,10,4,16
297,"M",10.8,5,15,11,2,0,1,0,0,25,21,36,16,10,4,16
297,"M",10.8,5,15,12,2,0,1,0,0,25,21,36,16,10,4,16
297,"M",10.8,5,15,16,2,0,1,0,0,25,21,36,16,10,4,16
297,"M",10.8,5,15,18,2,0,1,0,0,25,21,36,16,10,4,16
297,"M",10.8,5,15,19,2,0,0,0,1,25,21,36,16,10,4,16
297,"M",10.8,5,15,20,2,0,1,0,0,25,21,36,16,10,4,16
297,"M",10.8,5,15,21,2,1,0,0,1,25,21,36,16,10,4,16
297,"M",10.8,5,15,24,2,1,0,0,1,25,21,36,16,10,4,16
297,"M",10.8,5,15,26,2,0,1,0,0,25,21,36,16,10,4,16
297,"M",10.8,5,15,27,2,0,0,0,1,25,21,36,16,10,4,16
297,"M",10.8,5,15,31,2,0,0,0,1,25,21,36,16,10,4,16
297,"M",10.8,5,15,32,2,0,1,0,0,25,21,36,16,10,4,16
297,"M",10.8,5,15,33,2,0,1,0,0,25,21,36,16,10,4,16
297,"M",10.8,5,15,36,2,0,0,0,1,25,21,36,16,10,4,16
297,"M",10.8,5,15,39,2,0,0,0,1,25,21,36,16,10,4,16
297,"M",10.8,5,15,41,2,0,1,0,0,25,21,36,16,10,4,16
297,"M",10.8,5,15,45,2,0,1,0,0,25,21,36,16,10,4,16
297,"M",10.8,5,15,47,2,1,0,0,1,25,21,36,16,10,4,16
297,"M",10.8,5,15,48,2,0,0,0,1,25,21,36,16,10,4,16
297,"M",10.8,5,15,49,2,0,1,0,0,25,21,36,16,10,4,16
297,"M",10.8,5,15,50,2,0,1,0,0,25,21,36,16,10,4,16
297,"M",10.8,5,15,54,2,0,1,0,0,25,21,36,16,10,4,16
297,"M",10.8,5,15,55,2,0,0,0,1,25,21,36,16,10,4,16
297,"M",10.8,5,15,57,2,0,1,0,0,25,21,36,16,10,4,16
297,"M",10.8,5,15,58,2,0,0,1,0,25,21,36,16,10,4,16
297,"M",10.8,5,15,59,2,0,1,0,0,25,21,36,16,10,4,16
297,"M",10.8,5,15,60,2,0,1,0,0,25,21,36,16,10,4,16
298,"M",10.6,5,15,2,1,1,NA,NA,NA,37,6,34,32,7,5,24
298,"M",10.6,5,15,3,1,0,NA,NA,NA,37,6,34,32,7,5,24
298,"M",10.6,5,15,5,1,1,NA,NA,NA,37,6,34,32,7,5,24
298,"M",10.6,5,15,8,1,1,NA,NA,NA,37,6,34,32,7,5,24
298,"M",10.6,5,15,11,1,1,NA,NA,NA,37,6,34,32,7,5,24
298,"M",10.6,5,15,12,1,0,NA,NA,NA,37,6,34,32,7,5,24
298,"M",10.6,5,15,14,1,1,NA,NA,NA,37,6,34,32,7,5,24
298,"M",10.6,5,15,15,1,1,NA,NA,NA,37,6,34,32,7,5,24
298,"M",10.6,5,15,18,1,1,NA,NA,NA,37,6,34,32,7,5,24
298,"M",10.6,5,15,20,1,0,NA,NA,NA,37,6,34,32,7,5,24
298,"M",10.6,5,15,21,1,1,NA,NA,NA,37,6,34,32,7,5,24
298,"M",10.6,5,15,23,1,1,NA,NA,NA,37,6,34,32,7,5,24
298,"M",10.6,5,15,25,1,1,NA,NA,NA,37,6,34,32,7,5,24
298,"M",10.6,5,15,29,1,0,NA,NA,NA,37,6,34,32,7,5,24
298,"M",10.6,5,15,30,1,1,NA,NA,NA,37,6,34,32,7,5,24
298,"M",10.6,5,15,32,1,1,NA,NA,NA,37,6,34,32,7,5,24
298,"M",10.6,5,15,34,1,1,NA,NA,NA,37,6,34,32,7,5,24
298,"M",10.6,5,15,35,1,1,NA,NA,NA,37,6,34,32,7,5,24
298,"M",10.6,5,15,36,1,1,NA,NA,NA,37,6,34,32,7,5,24
298,"M",10.6,5,15,37,1,1,NA,NA,NA,37,6,34,32,7,5,24
298,"M",10.6,5,15,38,1,0,NA,NA,NA,37,6,34,32,7,5,24
298,"M",10.6,5,15,39,1,1,NA,NA,NA,37,6,34,32,7,5,24
298,"M",10.6,5,15,42,1,1,NA,NA,NA,37,6,34,32,7,5,24
298,"M",10.6,5,15,44,1,1,NA,NA,NA,37,6,34,32,7,5,24
298,"M",10.6,5,15,47,1,1,NA,NA,NA,37,6,34,32,7,5,24
298,"M",10.6,5,15,49,1,0,NA,NA,NA,37,6,34,32,7,5,24
298,"M",10.6,5,15,51,1,1,NA,NA,NA,37,6,34,32,7,5,24
298,"M",10.6,5,15,55,1,1,NA,NA,NA,37,6,34,32,7,5,24
298,"M",10.6,5,15,56,1,1,NA,NA,NA,37,6,34,32,7,5,24
298,"M",10.6,5,15,59,1,1,NA,NA,NA,37,6,34,32,7,5,24
298,"M",10.6,5,15,1,2,0,1,0,0,37,6,34,32,7,5,24
298,"M",10.6,5,15,4,2,0,1,0,0,37,6,34,32,7,5,24
298,"M",10.6,5,15,6,2,0,1,0,0,37,6,34,32,7,5,24
298,"M",10.6,5,15,7,2,0,1,0,0,37,6,34,32,7,5,24
298,"M",10.6,5,15,9,2,0,1,0,0,37,6,34,32,7,5,24
298,"M",10.6,5,15,10,2,0,1,0,0,37,6,34,32,7,5,24
298,"M",10.6,5,15,13,2,0,1,0,0,37,6,34,32,7,5,24
298,"M",10.6,5,15,16,2,0,1,0,0,37,6,34,32,7,5,24
298,"M",10.6,5,15,17,2,0,1,0,0,37,6,34,32,7,5,24
298,"M",10.6,5,15,19,2,0,1,0,0,37,6,34,32,7,5,24
298,"M",10.6,5,15,22,2,1,0,1,0,37,6,34,32,7,5,24
298,"M",10.6,5,15,24,2,0,1,0,0,37,6,34,32,7,5,24
298,"M",10.6,5,15,26,2,0,1,0,0,37,6,34,32,7,5,24
298,"M",10.6,5,15,27,2,0,1,0,0,37,6,34,32,7,5,24
298,"M",10.6,5,15,28,2,0,1,0,0,37,6,34,32,7,5,24
298,"M",10.6,5,15,31,2,0,1,0,0,37,6,34,32,7,5,24
298,"M",10.6,5,15,33,2,0,1,0,0,37,6,34,32,7,5,24
298,"M",10.6,5,15,40,2,0,1,0,0,37,6,34,32,7,5,24
298,"M",10.6,5,15,41,2,0,1,0,0,37,6,34,32,7,5,24
298,"M",10.6,5,15,43,2,0,1,0,0,37,6,34,32,7,5,24
298,"M",10.6,5,15,45,2,0,1,0,0,37,6,34,32,7,5,24
298,"M",10.6,5,15,46,2,0,1,0,0,37,6,34,32,7,5,24
298,"M",10.6,5,15,48,2,0,1,0,0,37,6,34,32,7,5,24
298,"M",10.6,5,15,50,2,0,1,0,0,37,6,34,32,7,5,24
298,"M",10.6,5,15,52,2,0,1,0,0,37,6,34,32,7,5,24
298,"M",10.6,5,15,53,2,0,1,0,0,37,6,34,32,7,5,24
298,"M",10.6,5,15,54,2,0,1,0,0,37,6,34,32,7,5,24
298,"M",10.6,5,15,57,2,0,1,0,0,37,6,34,32,7,5,24
298,"M",10.6,5,15,58,2,0,1,0,0,37,6,34,32,7,5,24
298,"M",10.6,5,15,60,2,0,1,0,0,37,6,34,32,7,5,24
299,"M",10.1,5,15,1,1,0,NA,NA,NA,38,7,37,18,8,9,5
299,"M",10.1,5,15,2,1,0,NA,NA,NA,38,7,37,18,8,9,5
299,"M",10.1,5,15,4,1,0,NA,NA,NA,38,7,37,18,8,9,5
299,"M",10.1,5,15,6,1,0,NA,NA,NA,38,7,37,18,8,9,5
299,"M",10.1,5,15,7,1,1,NA,NA,NA,38,7,37,18,8,9,5
299,"M",10.1,5,15,9,1,0,NA,NA,NA,38,7,37,18,8,9,5
299,"M",10.1,5,15,10,1,0,NA,NA,NA,38,7,37,18,8,9,5
299,"M",10.1,5,15,11,1,1,NA,NA,NA,38,7,37,18,8,9,5
299,"M",10.1,5,15,13,1,0,NA,NA,NA,38,7,37,18,8,9,5
299,"M",10.1,5,15,15,1,0,NA,NA,NA,38,7,37,18,8,9,5
299,"M",10.1,5,15,20,1,0,NA,NA,NA,38,7,37,18,8,9,5
299,"M",10.1,5,15,22,1,0,NA,NA,NA,38,7,37,18,8,9,5
299,"M",10.1,5,15,25,1,0,NA,NA,NA,38,7,37,18,8,9,5
299,"M",10.1,5,15,29,1,0,NA,NA,NA,38,7,37,18,8,9,5
299,"M",10.1,5,15,30,1,0,NA,NA,NA,38,7,37,18,8,9,5
299,"M",10.1,5,15,35,1,0,NA,NA,NA,38,7,37,18,8,9,5
299,"M",10.1,5,15,36,1,0,NA,NA,NA,38,7,37,18,8,9,5
299,"M",10.1,5,15,37,1,1,NA,NA,NA,38,7,37,18,8,9,5
299,"M",10.1,5,15,38,1,0,NA,NA,NA,38,7,37,18,8,9,5
299,"M",10.1,5,15,39,1,0,NA,NA,NA,38,7,37,18,8,9,5
299,"M",10.1,5,15,40,1,0,NA,NA,NA,38,7,37,18,8,9,5
299,"M",10.1,5,15,43,1,0,NA,NA,NA,38,7,37,18,8,9,5
299,"M",10.1,5,15,45,1,1,NA,NA,NA,38,7,37,18,8,9,5
299,"M",10.1,5,15,46,1,0,NA,NA,NA,38,7,37,18,8,9,5
299,"M",10.1,5,15,48,1,0,NA,NA,NA,38,7,37,18,8,9,5
299,"M",10.1,5,15,49,1,0,NA,NA,NA,38,7,37,18,8,9,5
299,"M",10.1,5,15,51,1,0,NA,NA,NA,38,7,37,18,8,9,5
299,"M",10.1,5,15,55,1,1,NA,NA,NA,38,7,37,18,8,9,5
299,"M",10.1,5,15,56,1,0,NA,NA,NA,38,7,37,18,8,9,5
299,"M",10.1,5,15,58,1,0,NA,NA,NA,38,7,37,18,8,9,5
299,"M",10.1,5,15,3,2,0,1,0,0,38,7,37,18,8,9,5
299,"M",10.1,5,15,5,2,0,1,0,0,38,7,37,18,8,9,5
299,"M",10.1,5,15,8,2,0,1,0,0,38,7,37,18,8,9,5
299,"M",10.1,5,15,12,2,0,1,0,0,38,7,37,18,8,9,5
299,"M",10.1,5,15,14,2,0,1,0,0,38,7,37,18,8,9,5
299,"M",10.1,5,15,16,2,0,1,0,0,38,7,37,18,8,9,5
299,"M",10.1,5,15,17,2,0,1,0,0,38,7,37,18,8,9,5
299,"M",10.1,5,15,18,2,0,1,0,0,38,7,37,18,8,9,5
299,"M",10.1,5,15,19,2,0,1,0,0,38,7,37,18,8,9,5
299,"M",10.1,5,15,21,2,0,1,0,0,38,7,37,18,8,9,5
299,"M",10.1,5,15,23,2,0,1,0,0,38,7,37,18,8,9,5
299,"M",10.1,5,15,24,2,0,1,0,0,38,7,37,18,8,9,5
299,"M",10.1,5,15,26,2,0,1,0,0,38,7,37,18,8,9,5
299,"M",10.1,5,15,27,2,0,1,0,0,38,7,37,18,8,9,5
299,"M",10.1,5,15,28,2,0,0,0,1,38,7,37,18,8,9,5
299,"M",10.1,5,15,31,2,0,1,0,0,38,7,37,18,8,9,5
299,"M",10.1,5,15,32,2,0,0,0,1,38,7,37,18,8,9,5
299,"M",10.1,5,15,33,2,0,1,0,0,38,7,37,18,8,9,5
299,"M",10.1,5,15,34,2,0,1,0,0,38,7,37,18,8,9,5
299,"M",10.1,5,15,41,2,0,1,0,0,38,7,37,18,8,9,5
299,"M",10.1,5,15,42,2,0,1,0,0,38,7,37,18,8,9,5
299,"M",10.1,5,15,44,2,0,1,0,0,38,7,37,18,8,9,5
299,"M",10.1,5,15,47,2,0,1,0,0,38,7,37,18,8,9,5
299,"M",10.1,5,15,50,2,1,0,0,1,38,7,37,18,8,9,5
299,"M",10.1,5,15,52,2,0,1,0,0,38,7,37,18,8,9,5
299,"M",10.1,5,15,53,2,0,1,0,0,38,7,37,18,8,9,5
299,"M",10.1,5,15,54,2,0,1,0,0,38,7,37,18,8,9,5
299,"M",10.1,5,15,57,2,0,1,0,0,38,7,37,18,8,9,5
299,"M",10.1,5,15,59,2,0,1,0,0,38,7,37,18,8,9,5
299,"M",10.1,5,15,60,2,0,0,0,1,38,7,37,18,8,9,5
300,"M",10,5,15,1,1,1,NA,NA,NA,25,14,39,18,10,8,23
300,"M",10,5,15,3,1,0,NA,NA,NA,25,14,39,18,10,8,23
300,"M",10,5,15,5,1,1,NA,NA,NA,25,14,39,18,10,8,23
300,"M",10,5,15,6,1,0,NA,NA,NA,25,14,39,18,10,8,23
300,"M",10,5,15,8,1,1,NA,NA,NA,25,14,39,18,10,8,23
300,"M",10,5,15,9,1,1,NA,NA,NA,25,14,39,18,10,8,23
300,"M",10,5,15,11,1,1,NA,NA,NA,25,14,39,18,10,8,23
300,"M",10,5,15,12,1,1,NA,NA,NA,25,14,39,18,10,8,23
300,"M",10,5,15,14,1,1,NA,NA,NA,25,14,39,18,10,8,23
300,"M",10,5,15,16,1,0,NA,NA,NA,25,14,39,18,10,8,23
300,"M",10,5,15,20,1,1,NA,NA,NA,25,14,39,18,10,8,23
300,"M",10,5,15,25,1,1,NA,NA,NA,25,14,39,18,10,8,23
300,"M",10,5,15,26,1,1,NA,NA,NA,25,14,39,18,10,8,23
300,"M",10,5,15,29,1,1,NA,NA,NA,25,14,39,18,10,8,23
300,"M",10,5,15,30,1,0,NA,NA,NA,25,14,39,18,10,8,23
300,"M",10,5,15,32,1,1,NA,NA,NA,25,14,39,18,10,8,23
300,"M",10,5,15,34,1,0,NA,NA,NA,25,14,39,18,10,8,23
300,"M",10,5,15,36,1,0,NA,NA,NA,25,14,39,18,10,8,23
300,"M",10,5,15,38,1,1,NA,NA,NA,25,14,39,18,10,8,23
300,"M",10,5,15,40,1,1,NA,NA,NA,25,14,39,18,10,8,23
300,"M",10,5,15,41,1,1,NA,NA,NA,25,14,39,18,10,8,23
300,"M",10,5,15,46,1,1,NA,NA,NA,25,14,39,18,10,8,23
300,"M",10,5,15,47,1,1,NA,NA,NA,25,14,39,18,10,8,23
300,"M",10,5,15,51,1,0,NA,NA,NA,25,14,39,18,10,8,23
300,"M",10,5,15,52,1,1,NA,NA,NA,25,14,39,18,10,8,23
300,"M",10,5,15,55,1,1,NA,NA,NA,25,14,39,18,10,8,23
300,"M",10,5,15,56,1,1,NA,NA,NA,25,14,39,18,10,8,23
300,"M",10,5,15,57,1,1,NA,NA,NA,25,14,39,18,10,8,23
300,"M",10,5,15,58,1,1,NA,NA,NA,25,14,39,18,10,8,23
300,"M",10,5,15,59,1,1,NA,NA,NA,25,14,39,18,10,8,23
300,"M",10,5,15,2,2,0,1,0,0,25,14,39,18,10,8,23
300,"M",10,5,15,4,2,0,1,0,0,25,14,39,18,10,8,23
300,"M",10,5,15,7,2,1,0,1,0,25,14,39,18,10,8,23
300,"M",10,5,15,10,2,0,1,0,0,25,14,39,18,10,8,23
300,"M",10,5,15,13,2,0,1,0,0,25,14,39,18,10,8,23
300,"M",10,5,15,15,2,0,1,0,0,25,14,39,18,10,8,23
300,"M",10,5,15,17,2,0,1,0,0,25,14,39,18,10,8,23
300,"M",10,5,15,18,2,0,1,0,0,25,14,39,18,10,8,23
300,"M",10,5,15,19,2,1,0,0,1,25,14,39,18,10,8,23
300,"M",10,5,15,21,2,0,1,0,0,25,14,39,18,10,8,23
300,"M",10,5,15,22,2,0,1,0,0,25,14,39,18,10,8,23
300,"M",10,5,15,23,2,0,1,0,0,25,14,39,18,10,8,23
300,"M",10,5,15,24,2,0,1,0,0,25,14,39,18,10,8,23
300,"M",10,5,15,27,2,0,1,0,0,25,14,39,18,10,8,23
300,"M",10,5,15,28,2,0,1,0,0,25,14,39,18,10,8,23
300,"M",10,5,15,31,2,0,1,0,0,25,14,39,18,10,8,23
300,"M",10,5,15,33,2,0,1,0,0,25,14,39,18,10,8,23
300,"M",10,5,15,35,2,0,0,1,0,25,14,39,18,10,8,23
300,"M",10,5,15,37,2,0,1,0,0,25,14,39,18,10,8,23
300,"M",10,5,15,39,2,0,1,0,0,25,14,39,18,10,8,23
300,"M",10,5,15,42,2,0,1,0,0,25,14,39,18,10,8,23
300,"M",10,5,15,43,2,1,0,0,1,25,14,39,18,10,8,23
300,"M",10,5,15,44,2,0,0,0,1,25,14,39,18,10,8,23
300,"M",10,5,15,45,2,0,1,0,0,25,14,39,18,10,8,23
300,"M",10,5,15,48,2,0,1,0,0,25,14,39,18,10,8,23
300,"M",10,5,15,49,2,1,0,0,1,25,14,39,18,10,8,23
300,"M",10,5,15,50,2,0,1,0,0,25,14,39,18,10,8,23
300,"M",10,5,15,53,2,0,1,0,0,25,14,39,18,10,8,23
300,"M",10,5,15,54,2,1,0,0,1,25,14,39,18,10,8,23
300,"M",10,5,15,60,2,0,1,0,0,25,14,39,18,10,8,23
